#source_audio	start	end	text	speaker	src_json
data\raw_audio\2ytfp_TYGmo.wav	0.28	6.319	Nhìn có vẻ rất là trang nghiêm. Đây quả thật là một cái ngôi lăng mổ hết sức là	@HUE	data\processed_transcripts\2ytfp_TYGmo.json
data\raw_audio\2ytfp_TYGmo.wav	6.319	10.32	độc đáo. Khi bước vào thì Huyết Review dù là trời nóng nhưng mà cảm thấy rất là	@HUE	data\processed_transcripts\2ytfp_TYGmo.json
data\raw_audio\2ytfp_TYGmo.wav	10.32	16.039	lạnh người bởi vì những cái nắm mồ nó có vẻ là rất là chua xót. Kính chào quý vị	@HUE	data\processed_transcripts\2ytfp_TYGmo.json
data\raw_audio\2ytfp_TYGmo.wav	16.039	19.8	đã quay trở lại với Huế Review. Quý vị và các bạn thân mến, hiện tại thì Huế	@HUE	data\processed_transcripts\2ytfp_TYGmo.json
data\raw_audio\2ytfp_TYGmo.wav	19.8	24.48	Review đang có mặt tại chùa Từ Hiếu, một cái ngôi chùa rất đặc biệt. Tuy nhiên	@HUE	data\processed_transcripts\2ytfp_TYGmo.json
data\raw_audio\2ytfp_TYGmo.wav	24.48	27.92	thì do cái tình hình dịch bệnh chính vì vậy mà chùa hiện tại là đang đóng cửa.	@HUE	data\processed_transcripts\2ytfp_TYGmo.json
data\raw_audio\2ytfp_TYGmo.wav	27.92	33.04	Tuy nhiên thì hôm nay Huế Review chỉ là muốn đến đây để dẫn quý vị đến thăm một	@HUE	data\processed_transcripts\2ytfp_TYGmo.json
data\raw_audio\2ytfp_TYGmo.wav	33.04	38.32	cái ngôi lăng mổ rất là đặc biệt có thể gọi là độc đáo nhất Việt Nam hiện nay mà	@HUE	data\processed_transcripts\2ytfp_TYGmo.json
data\raw_audio\2ytfp_TYGmo.wav	38.32	42.2	cũng ít người biết đến. Đó chính là một cái khu mộ liên quan tới những cái vị	@HUE	data\processed_transcripts\2ytfp_TYGmo.json
data\raw_audio\2ytfp_TYGmo.wav	42.2	46.239	quang thái giám của triều Nguyễn. Thì nếu như mà muốn đến cái khu mộ đó thì	@HUE	data\processed_transcripts\2ytfp_TYGmo.json
data\raw_audio\2ytfp_TYGmo.wav	46.239	50.6	chúng ta phải đi qua cái khu vực của chùa Tử Hiếu. Chính vì vậy mà Huế Review	@HUE	data\processed_transcripts\2ytfp_TYGmo.json
data\raw_audio\2ytfp_TYGmo.wav	50.6	55.199	cũng đã xin phép để đi vào cái khu vực này luôn. Thì cũng không để quý vị chờ	@HUE	data\processed_transcripts\2ytfp_TYGmo.json
data\raw_audio\2ytfp_TYGmo.wav	55.199	59.239	lâu. À mời quý vị cùng theo chân Huy Review chúng ta cùng khám phá cái ngôi	@HUE	data\processed_transcripts\2ytfp_TYGmo.json
data\raw_audio\2ytfp_TYGmo.wav	59.239	62.719	lăng mộ của các cái vị quan thái giám trề Nguyễn một cái ngôi lăng mộ được xem	@HUE	data\processed_transcripts\2ytfp_TYGmo.json
data\raw_audio\2ytfp_TYGmo.wav	62.719	66.4	là độc nhất vô nhĩ để khám phá xem có những cái điều ly kỳ, những cái bí ẩn gì	@HUE	data\processed_transcripts\2ytfp_TYGmo.json
data\raw_audio\2ytfp_TYGmo.wav	66.4	71.4	ở bên trong hay không. Xin mời quý vị. Vâng kính thưa quý vị, đây chính là cái	@HUE	data\processed_transcripts\2ytfp_TYGmo.json
data\raw_audio\2ytfp_TYGmo.wav	71.4	76.32	cổng Tam Quang của chùa Từ Hiếu. Thì chùa Từ Hiếu cũng là một cái ngôi chùa	@HUE	data\processed_transcripts\2ytfp_TYGmo.json
data\raw_audio\2ytfp_TYGmo.wav	76.32	80.52	rất là nổi tiếng ở Huế. Tuy nhiên thì bây giờ chúng ta sẽ đi theo cái con	@HUE	data\processed_transcripts\2ytfp_TYGmo.json
data\raw_audio\2ytfp_TYGmo.wav	80.52	84.52	đường phía ngoài này để đi đến cái ngôi lăng mộ mà Huế Review muốn giới thiệu	@HUE	data\processed_transcripts\2ytfp_TYGmo.json
data\raw_audio\2ytfp_TYGmo.wav	84.52	88.479	cho quý vị. Đồng thời thì Huế Review cũng sẽ chia sẻ những cái câu chuyện	@HUE	data\processed_transcripts\2ytfp_TYGmo.json
data\raw_audio\2ytfp_TYGmo.wav	88.479	93.28	liên quan tới ngôi chùa này. Và nếu như quý vị có dịp thì quý vị cũng có thể đến	@HUE	data\processed_transcripts\2ytfp_TYGmo.json
data\raw_audio\2ytfp_TYGmo.wav	93.28	98.04	thăm ngôi chùa Từ Hiếu này luôn. Ở đây là những cái khung cảnh ở bên ngoài	@HUE	data\processed_transcripts\2ytfp_TYGmo.json
data\raw_audio\2ytfp_TYGmo.wav	98.04	101.92	khuôn viên của chùa. Thì ở đây quý vị thấy là chúng ta sẽ có một cái hồ Bá	@HUE	data\processed_transcripts\2ytfp_TYGmo.json
data\raw_audio\2ytfp_TYGmo.wav	101.92	107.119	Nguyệt. Và đây chính là một cái cửa tam quang nhìn rất là đẹp. Đấy, một cái cửa	@HUE	data\processed_transcripts\2ytfp_TYGmo.json
data\raw_audio\2ytfp_TYGmo.wav	107.119	112.36	tam quang rất là cổ kính. Bên này là có một cái hồ sen. Đây quý vị. Thì quan	@HUE	data\processed_transcripts\2ytfp_TYGmo.json
data\raw_audio\2ytfp_TYGmo.wav	112.36	117.079	cảnh bên trong chùa nếu như quý vị nào muốn Huế Review quay thì Huế Review sẽ	@HUE	data\processed_transcripts\2ytfp_TYGmo.json
data\raw_audio\2ytfp_TYGmo.wav	117.079	121.52	quay lại cái ngôi chùa này để quay chi tiết cho quý vị xem. Còn hôm nay thì Huế	@HUE	data\processed_transcripts\2ytfp_TYGmo.json
data\raw_audio\2ytfp_TYGmo.wav	121.52	125.52	Review chỉ muốn giới thiệu cho quý vị một cái ngôi lăng mộ rất là đặc biệt	@HUE	data\processed_transcripts\2ytfp_TYGmo.json
data\raw_audio\2ytfp_TYGmo.wav	125.52	129.8	liên quan tới những cái vị thái giám của Triều Nguyễn. Đồng thời thì cũng chia sẻ	@HUE	data\processed_transcripts\2ytfp_TYGmo.json
data\raw_audio\2ytfp_TYGmo.wav	129.8	134.319	những cái câu chuyện hết sức là ly kỳ liên quan đến những cái vị thái giám đó.	@HUE	data\processed_transcripts\2ytfp_TYGmo.json
data\raw_audio\2ytfp_TYGmo.wav	134.319	139.44	Để đi đến cái ngôi lăng mộ này thì quý vị thấy bên này chính là cái khu vực	@HUE	data\processed_transcripts\2ytfp_TYGmo.json
data\raw_audio\2ytfp_TYGmo.wav	139.44	145.519	chùa Từ Hiếu. Đấy, hiện tại thì khu vực chùa cũng đang đóng cửa rồi quý vị. Đó,	@HUE	data\processed_transcripts\2ytfp_TYGmo.json
data\raw_audio\2ytfp_TYGmo.wav	145.519	149.56	ở đây quý vị thấy cái tiểu cảnh hồ sen và một cái cầu đi ra nhìn rất là đẹp.	@HUE	data\processed_transcripts\2ytfp_TYGmo.json
data\raw_audio\2ytfp_TYGmo.wav	149.56	153.28	Đây, ở đây là có một cái con đường đi lên	@HUE	data\processed_transcripts\2ytfp_TYGmo.json
data\raw_audio\2ytfp_TYGmo.wav	153.28	159.28	thôi quý vị. Bây giờ chúng ta sẽ men theo cái con đường này để đi vào	@HUE	data\processed_transcripts\2ytfp_TYGmo.json
data\raw_audio\2ytfp_TYGmo.wav	159.28	166.4	khám phá cái ngôi lăng mộ của các vị quan thái giám ngày xưa.	@HUE	data\processed_transcripts\2ytfp_TYGmo.json
data\raw_audio\2ytfp_TYGmo.wav	166.4	171.56	Đây. Ở đây quý vị thấy là cái ngôi chùa bây giờ rất là thanh tịnh đấy. Và hiện	@HUE	data\processed_transcripts\2ytfp_TYGmo.json
data\raw_audio\2ytfp_TYGmo.wav	171.56	178.72	tại thì Huế Review cũng có là nghe những cái tiếng tụng kinh niệm Phật. Và ngôi	@HUE	data\processed_transcripts\2ytfp_TYGmo.json
data\raw_audio\2ytfp_TYGmo.wav	178.72	184.799	chùa này cũng gắn liền với một cái giai thoại cũng rất là ly kỳ. thời dưới thời	@HUE	data\processed_transcripts\2ytfp_TYGmo.json
data\raw_audio\2ytfp_TYGmo.wav	184.799	190.04	vua Tử Đức và lát thì Huế Review cũng sẽ chia sẻ cho quý vị nghe.	@HUE	data\processed_transcripts\2ytfp_TYGmo.json
data\raw_audio\2ytfp_TYGmo.wav	190.04	194.159	Thực sự thì đến cái ngôi chùa này thì bây giờ hiện tại Huy Ru cảm thấy tâm rất	@HUE	data\processed_transcripts\2ytfp_TYGmo.json
data\raw_audio\2ytfp_TYGmo.wav	194.159	199.64	là thanh tịnh thôi quý vị. Và xung quanh đây là những cái ngôi lăng mộ của những	@HUE	data\processed_transcripts\2ytfp_TYGmo.json
data\raw_audio\2ytfp_TYGmo.wav	199.64	206.64	cái vị trụ trì đấy. Những cái vị sư ngày xưa mà đã từng tu ở đây. Bên này là	@HUE	data\processed_transcripts\2ytfp_TYGmo.json
data\raw_audio\2ytfp_TYGmo.wav	206.64	211.68	chúng ta sẽ thấy một cái chiếc chuông đồng rất là lớn. Đó.	@HUE	data\processed_transcripts\2ytfp_TYGmo.json
data\raw_audio\2ytfp_TYGmo.wav	211.68	216.56	Và đây chính là cái con đường mà dẫn chúng ta đi lên cái ngôi lăng mộ của các	@HUE	data\processed_transcripts\2ytfp_TYGmo.json
data\raw_audio\2ytfp_TYGmo.wav	216.56	222.2	cái vị quan thái giám. Chắc có lẽ thì cũng có một số quý vị	@HUE	data\processed_transcripts\2ytfp_TYGmo.json
data\raw_audio\2ytfp_TYGmo.wav	222.2	226.599	trên kênh Huế Review đã từng nghe đến cái ngôi lăng mộ này và cũng đã từng đến	@HUE	data\processed_transcripts\2ytfp_TYGmo.json
data\raw_audio\2ytfp_TYGmo.wav	226.599	231.76	đây. Nhưng mà đa phần thì cũng rất ít người biết đến cái ngôi lăng mộ của các	@HUE	data\processed_transcripts\2ytfp_TYGmo.json
data\raw_audio\2ytfp_TYGmo.wav	231.76	235.64	cái vị quan thái giám giữa triều Nguyễn. Bởi vì những cái phần đời của họ hết sức	@HUE	data\processed_transcripts\2ytfp_TYGmo.json
data\raw_audio\2ytfp_TYGmo.wav	235.64	242.319	là Chúa xót và những cái vị quan thái giám ngày xưa thì cũng rất ít khi được	@HUE	data\processed_transcripts\2ytfp_TYGmo.json
data\raw_audio\2ytfp_TYGmo.wav	242.319	247.079	coi trọng. Chính vì vậy mà cũng rất ít người biết đến. Thường thường thì họ chỉ	@HUE	data\processed_transcripts\2ytfp_TYGmo.json
data\raw_audio\2ytfp_TYGmo.wav	247.079	252.12	biết đến những cái vua chúa, những cái bà hoàng, công chúa và hoàng tử mà thôi.	@HUE	data\processed_transcripts\2ytfp_TYGmo.json
data\raw_audio\2ytfp_TYGmo.wav	252.12	256.799	Đây là khu vực lăng mộ chôn các cái vị thái giảm đây quý vị. Nhìn nó rất là cổ	@HUE	data\processed_transcripts\2ytfp_TYGmo.json
data\raw_audio\2ytfp_TYGmo.wav	256.799	260.84	kính đó. Và như quý vị thấy thì trước mặt đó chính là một cái bức bình phong	@HUE	data\processed_transcripts\2ytfp_TYGmo.json
data\raw_audio\2ytfp_TYGmo.wav	260.84	267.759	tiền và cái bờ thanành ngoài nhìn cũng có ba lỗi đi nhưng mà cái lỗi giữa là	@HUE	data\processed_transcripts\2ytfp_TYGmo.json
data\raw_audio\2ytfp_TYGmo.wav	267.759	273.759	bức bên phong và hai lỗi hai bên nhìn có vẻ rất là trang nghiêm. Đây quả thật là	@HUE	data\processed_transcripts\2ytfp_TYGmo.json
data\raw_audio\2ytfp_TYGmo.wav	273.759	279.28	một cái ngôi lăng mộ hết sức là độc đáo mà Huế Review trước giờ muốn đã phát	@HUE	data\processed_transcripts\2ytfp_TYGmo.json
data\raw_audio\2ytfp_TYGmo.wav	279.28	283.88	hiện và muốn quay cho quý vị xem. Quý vị thấy là cái khu lă mộ này hiện	@HUE	data\processed_transcripts\2ytfp_TYGmo.json
data\raw_audio\2ytfp_TYGmo.wav	283.88	286.88	tại là đang xuống cấp rất là nghiêm trọng đây.	@HUE	data\processed_transcripts\2ytfp_TYGmo.json
data\raw_audio\2ytfp_TYGmo.wav	286.88	293.039	Rất là rất là nghiêm trọng luôn. Bởi vì ở đây là các cái gạch đá rồi các cái vôi	@HUE	data\processed_transcripts\2ytfp_TYGmo.json
data\raw_audio\2ytfp_TYGmo.wav	293.039	299.24	vựa như quý vị thấy này. Cái chất liệu dính kết đấy. Chất liệu dính kết này là	@HUE	data\processed_transcripts\2ytfp_TYGmo.json
data\raw_audio\2ytfp_TYGmo.wav	299.24	303.96	rất đặc trưng cho cái các cái khu lăng mộ của Triều Nguyện. Ở đây là có cái bũ	@HUE	data\processed_transcripts\2ytfp_TYGmo.json
data\raw_audio\2ytfp_TYGmo.wav	303.96	308.28	thành ngoài đấy. Sau cái bức tường thành này thì sẽ	@HUE	data\processed_transcripts\2ytfp_TYGmo.json
data\raw_audio\2ytfp_TYGmo.wav	308.28	311.8	có một cái bũ thành và có cái cổng tam quang.	@HUE	data\processed_transcripts\2ytfp_TYGmo.json
data\raw_audio\2ytfp_TYGmo.wav	311.8	315.039	Nhìn các cái hòa tiết trên cổng Tam Quang thì quý vị cũng có thể thấy mức độ	@HUE	data\processed_transcripts\2ytfp_TYGmo.json
data\raw_audio\2ytfp_TYGmo.wav	315.039	320.36	cổ kính của cái ngôi lăng mộ này nó như thế nào rồi. Đó, hầu hết các cái hỏa	@HUE	data\processed_transcripts\2ytfp_TYGmo.json
data\raw_audio\2ytfp_TYGmo.wav	320.36	325.479	tiết đều bị bong tróc và rớt ra rớt xuống rồi quý vị. Nhìn rất là đau sót	@HUE	data\processed_transcripts\2ytfp_TYGmo.json
data\raw_audio\2ytfp_TYGmo.wav	325.479	331.56	luôn. Đây những cái chữ Hán được à	@HUE	data\processed_transcripts\2ytfp_TYGmo.json
data\raw_audio\2ytfp_TYGmo.wav	331.56	337.56	điêu khắc bằng à các cái mẻ sanh, mẻ sứ đọc vẫn vẫn nói chung là nếu như quý vị	@HUE	data\processed_transcripts\2ytfp_TYGmo.json
data\raw_audio\2ytfp_TYGmo.wav	337.56	342.199	nào biết thì có thể đọc ra hay không. Nhưng mà ở đây là Huế Review cũng không	@HUE	data\processed_transcripts\2ytfp_TYGmo.json
data\raw_audio\2ytfp_TYGmo.wav	342.199	346.56	có có hiểu được chữ Hán do đó là cũng không có đọc được cái nghĩa nhưng mà	@HUE	data\processed_transcripts\2ytfp_TYGmo.json
data\raw_audio\2ytfp_TYGmo.wav	346.56	353.56	nhìn thì có vẻ là vẫn còn khá là rõ. Đây riêu phong r bám rất là nhiều. Đây là	@HUE	data\processed_transcripts\2ytfp_TYGmo.json
data\raw_audio\2ytfp_TYGmo.wav	353.56	360.36	các cái bức tường phía ngoài thì được xây bằng đá. Đây phía bên này thì à quý	@HUE	data\processed_transcripts\2ytfp_TYGmo.json
data\raw_audio\2ytfp_TYGmo.wav	360.36	366.039	vị thấy là cũng có một cái bia à và một cái nhà bia ngay cái à cái cổng chính	@HUE	data\processed_transcripts\2ytfp_TYGmo.json
data\raw_audio\2ytfp_TYGmo.wav	366.039	370.759	của Tam Quang. Và cái cổng này thì chúng ta không có đi vào được thưa quý vị. Đó	@HUE	data\processed_transcripts\2ytfp_TYGmo.json
data\raw_audio\2ytfp_TYGmo.wav	370.759	374.84	và ở đây là dựng một cái tấm bia. Thì theo như Huế Rêu tìm hiểu thì cái tấm	@HUE	data\processed_transcripts\2ytfp_TYGmo.json
data\raw_audio\2ytfp_TYGmo.wav	374.84	381.96	bia này là cũng được à khắc những cái công lao của các cái vị thái giám à đã	@HUE	data\processed_transcripts\2ytfp_TYGmo.json
data\raw_audio\2ytfp_TYGmo.wav	381.96	388.24	từng ủng hộ để xây dựng nên cái ngôi l mũ này. Đấy, một cái nhà bia rất là rộng	@HUE	data\processed_transcripts\2ytfp_TYGmo.json
data\raw_audio\2ytfp_TYGmo.wav	388.24	392.68	và rất là rất là đẹp. Các cái họa tiết trên bia thì như quý vị thấy là cũng có	@HUE	data\processed_transcripts\2ytfp_TYGmo.json
data\raw_audio\2ytfp_TYGmo.wav	392.68	397.199	rồng đây. Không hiểu vì sao là làm những cái tấm bia mà có rồng như thế này bởi	@HUE	data\processed_transcripts\2ytfp_TYGmo.json
data\raw_audio\2ytfp_TYGmo.wav	397.199	404.0	vì nó cũng khá là vô lý là bởi vì việc mà xây dựng các cái quan thể giám ngày	@HUE	data\processed_transcripts\2ytfp_TYGmo.json
data\raw_audio\2ytfp_TYGmo.wav	404.0	409.52	xưa thì cũng không có được à coi trọng lắm. Nhưng mà ở đây Huế review như phát	@HUE	data\processed_transcripts\2ytfp_TYGmo.json
data\raw_audio\2ytfp_TYGmo.wav	409.52	414.639	hiện cái đầu rồng thì không biết quý vị có có nhìn nhìn rõ hay không.	@HUE	data\processed_transcripts\2ytfp_TYGmo.json
data\raw_audio\2ytfp_TYGmo.wav	414.639	419.319	Đây trâu mặt trâu cái ấm dương bạc quái đây	@HUE	data\processed_transcripts\2ytfp_TYGmo.json
data\raw_audio\2ytfp_TYGmo.wav	419.319	424.56	quý vị này. Đấy đây một con rồng này bên đây một con	@HUE	data\processed_transcripts\2ytfp_TYGmo.json
data\raw_audio\2ytfp_TYGmo.wav	424.56	430.039	rồng này. Nhà bia thì đó ở đây là có một cái án	@HUE	data\processed_transcripts\2ytfp_TYGmo.json
data\raw_audio\2ytfp_TYGmo.wav	430.039	438.52	hương đây. Nhìn cái họa tiết trang trí thì rất là cổ đấy. Kiểu là dạng giống	@HUE	data\processed_transcripts\2ytfp_TYGmo.json
data\raw_audio\2ytfp_TYGmo.wav	438.52	443.479	như cái đời à nhà tần của Trung Quốc vậy quý vị.	@HUE	data\processed_transcripts\2ytfp_TYGmo.json
data\raw_audio\2ytfp_TYGmo.wav	443.479	448.08	Và và theo như Huế Review tìm hiểu thì thái giám nó cũng xuất phát từ một cái	@HUE	data\processed_transcripts\2ytfp_TYGmo.json
data\raw_audio\2ytfp_TYGmo.wav	448.08	454.84	triều đại của Trung Quốc. Từ đó thì mới có Thái Giám để à đưa vào cung. Đây trên	@HUE	data\processed_transcripts\2ytfp_TYGmo.json
data\raw_audio\2ytfp_TYGmo.wav	454.84	458.599	kia thì quý vị thấy cái cổng tam quang là coi như là nó bị bể nức hết các cái	@HUE	data\processed_transcripts\2ytfp_TYGmo.json
data\raw_audio\2ytfp_TYGmo.wav	458.599	464.08	hòa tiết và nó rơi xuống rồi. Nhìn rất là chuôi xót. Đây những cái hình hài bên	@HUE	data\processed_transcripts\2ytfp_TYGmo.json
data\raw_audio\2ytfp_TYGmo.wav	464.08	469.68	này nó cũng không có rõ ràng nữa. Nhìn như là con kỳ lưng đấy.	@HUE	data\processed_transcripts\2ytfp_TYGmo.json
data\raw_audio\2ytfp_TYGmo.wav	469.68	474.8	Đó bên này là một cái cẩm. Và để trước khi chúng ta vào khám phá	@HUE	data\processed_transcripts\2ytfp_TYGmo.json
data\raw_audio\2ytfp_TYGmo.wav	474.8	478.4	cái ngôi lăng mộ của các cái vị thái giám, một cái ngôi lăng mộ rất là độc lạ	@HUE	data\processed_transcripts\2ytfp_TYGmo.json
data\raw_audio\2ytfp_TYGmo.wav	478.4	482.96	và rất là tuyệt vời thì Huế Review sẽ thấp một cái đánh nhang ngay cả tại cái	@HUE	data\processed_transcripts\2ytfp_TYGmo.json
data\raw_audio\2ytfp_TYGmo.wav	482.96	487.08	bia để xin phép đi vào. Vâng luôn tiền thì Huế Review cũng sẽ	@HUE	data\processed_transcripts\2ytfp_TYGmo.json
data\raw_audio\2ytfp_TYGmo.wav	498.72	502.36	thấp nhang cho tất cả các cái nắm mua ở đây luôn quý vị. Sau đó thì chúng ta sẽ	@HUE	data\processed_transcripts\2ytfp_TYGmo.json
data\raw_audio\2ytfp_TYGmo.wav	502.36	507.36	khám phá sau nha quý vị. Đây.	@HUE	data\processed_transcripts\2ytfp_TYGmo.json
data\raw_audio\2ytfp_TYGmo.wav	515.48	518.779	[âm nhạc] [âm nhạc]	@HUE	data\processed_transcripts\2ytfp_TYGmo.json
data\raw_audio\2ytfp_TYGmo.wav	533.92	537.68	Kính thưa quý vị, sau khi mà Huế review thập nhang cho các cái nấm mổ thì bây	@HUE	data\processed_transcripts\2ytfp_TYGmo.json
data\raw_audio\2ytfp_TYGmo.wav	537.68	543.2	giờ là chúng ta sẽ khám phá đấy phía bên trong cái khu mộ này xem có cái điều gì	@HUE	data\processed_transcripts\2ytfp_TYGmo.json
data\raw_audio\2ytfp_TYGmo.wav	543.2	548.92	đặc biệt và ly kỳ hay không, có cái điều gì bí ẩn hay không. Và đập vào mắt Huế	@HUE	data\processed_transcripts\2ytfp_TYGmo.json
data\raw_audio\2ytfp_TYGmo.wav	548.92	552.8	Review thì rõ ràng Huế Review nhận thấy nó có một cái sự đặc biệt ở đây đó chính	@HUE	data\processed_transcripts\2ytfp_TYGmo.json
data\raw_audio\2ytfp_TYGmo.wav	552.8	558.2	là cái khu lăng mộ này được xem như là một cái khu lăng mộ tập thể đây quý vị.	@HUE	data\processed_transcripts\2ytfp_TYGmo.json
data\raw_audio\2ytfp_TYGmo.wav	558.2	562.56	Và khu răng bộ cái khuôn viên của nó cũng khá là rộng và theo như Huế Ru tìm	@HUE	data\processed_transcripts\2ytfp_TYGmo.json
data\raw_audio\2ytfp_TYGmo.wav	562.56	567.32	hiểu thì nó tới 1000 m²ông. Và khi bước vào thì Huế Review dù là trời nóng nhưng	@HUE	data\processed_transcripts\2ytfp_TYGmo.json
data\raw_audio\2ytfp_TYGmo.wav	567.32	572.76	mà cảm thấy rất là lạnh người bởi vì những cái nấm mồ nó có vẻ là rất là chua	@HUE	data\processed_transcripts\2ytfp_TYGmo.json
data\raw_audio\2ytfp_TYGmo.wav	572.76	577.36	sót mà nhìn có vẻ là tuy là trúng chôn chung với nhau rất là nhiều như thế này	@HUE	data\processed_transcripts\2ytfp_TYGmo.json
data\raw_audio\2ytfp_TYGmo.wav	577.36	581.839	nhưng mà có một cái điều gì đó nó nó cảm thấy trong Huế Review cảm thấy rất là	@HUE	data\processed_transcripts\2ytfp_TYGmo.json
data\raw_audio\2ytfp_TYGmo.wav	581.839	588.64	lạnh người và cộng thêm những cái hình ảnh về các cái sự xuống cấp của các cái	@HUE	data\processed_transcripts\2ytfp_TYGmo.json
data\raw_audio\2ytfp_TYGmo.wav	588.64	593.64	cổng Tam Quang và các cái bức hành nhìn rong rêu nó bám cảm giác là nó rất là	@HUE	data\processed_transcripts\2ytfp_TYGmo.json
data\raw_audio\2ytfp_TYGmo.wav	593.64	599.079	lạnh ngược người đấy. Và như quý vị thấy thì các cái cổng tam	@HUE	data\processed_transcripts\2ytfp_TYGmo.json
data\raw_audio\2ytfp_TYGmo.wav	599.079	604.0	quan dù trước hay sau đó thì các cái họa tiết bây giờ nó cũng đã phai mờ, phai	@HUE	data\processed_transcripts\2ytfp_TYGmo.json
data\raw_audio\2ytfp_TYGmo.wav	604.0	608.64	nhạt dừng và nó bị xuống cấp rồi. À bên này quý vị thấy là có hình một con rùa	@HUE	data\processed_transcripts\2ytfp_TYGmo.json
data\raw_audio\2ytfp_TYGmo.wav	608.64	613.839	này. Đấy nhìn kỹ chúng ta thấy sẽ có một cái con rùa nằm trên. Đây. Còn bên này	@HUE	data\processed_transcripts\2ytfp_TYGmo.json
data\raw_audio\2ytfp_TYGmo.wav	613.839	618.839	thì không biết là cái con gì đây. Đó còn lại cái cổng chính thì rõ ràng nó sẽ	@HUE	data\processed_transcripts\2ytfp_TYGmo.json
data\raw_audio\2ytfp_TYGmo.wav	618.839	624.72	được trang trí bởi những cái hoa văng, những cái hóa tiết. cũng có các cái chữ	@HUE	data\processed_transcripts\2ytfp_TYGmo.json
data\raw_audio\2ytfp_TYGmo.wav	624.72	629.519	nhưng mà bây giờ nó đã bị mờ rồi quý vị. Đây là một cái máy giả như thế này và	@HUE	data\processed_transcripts\2ytfp_TYGmo.json
data\raw_audio\2ytfp_TYGmo.wav	629.519	634.8	hai bên là cũng có hai cái chữ như thế này. Còn bên này là hình như như là hai	@HUE	data\processed_transcripts\2ytfp_TYGmo.json
data\raw_audio\2ytfp_TYGmo.wav	634.8	642.88	con rùa. Hai con rùa và nó trầu hai bên thì phải. Đấy. Hai con rùa ghép lại với	@HUE	data\processed_transcripts\2ytfp_TYGmo.json
data\raw_audio\2ytfp_TYGmo.wav	642.88	647.2	nhau. Bên này một đầu và bên này một đầu. Cái hòa tiết này thì cũng rất ít	@HUE	data\processed_transcripts\2ytfp_TYGmo.json
data\raw_audio\2ytfp_TYGmo.wav	647.2	652.36	quý vị để ý nhưng mà xung quanh đâu đây thì cũng có những cái họa tiết long lưng	@HUE	data\processed_transcripts\2ytfp_TYGmo.json
data\raw_audio\2ytfp_TYGmo.wav	652.36	657.72	quy phượng. quy đủ tử linh ở trong này. Theo như Huế Ruhi tìm hiểu thì cái khu	@HUE	data\processed_transcripts\2ytfp_TYGmo.json
data\raw_audio\2ytfp_TYGmo.wav	657.72	661.959	lăng mộ này gồm có 25 ngôi mộ, trong đó thì có hai cái ngôi mộ gió và hai cái	@HUE	data\processed_transcripts\2ytfp_TYGmo.json
data\raw_audio\2ytfp_TYGmo.wav	661.959	667.76	môi ngôi m gió thì được đặt ở đây một, ở bên kia là một. Thì trong này có một cái	@HUE	data\processed_transcripts\2ytfp_TYGmo.json
data\raw_audio\2ytfp_TYGmo.wav	667.76	674.24	ngôi mộ lớn nhất đó chính là cái ngôi mộ của Thái Giám Châu Phước Nam là cái	@HUE	data\processed_transcripts\2ytfp_TYGmo.json
data\raw_audio\2ytfp_TYGmo.wav	674.24	678.56	người mà đã có ý tưởng để tạo nên cái khu lăng mộ cho những cái vị thái giám	@HUE	data\processed_transcripts\2ytfp_TYGmo.json
data\raw_audio\2ytfp_TYGmo.wav	678.56	685.32	này. Đấy à sau này thì như quý vị thấy là nó có nó có ba tầng đây. Một tầng,	@HUE	data\processed_transcripts\2ytfp_TYGmo.json
data\raw_audio\2ytfp_TYGmo.wav	685.32	689.16	hai tầng và ba tầng. Thật ra là Huy Rêu cũng không biết là cái nấm mồ của Thái	@HUE	data\processed_transcripts\2ytfp_TYGmo.json
data\raw_audio\2ytfp_TYGmo.wav	689.16	693.519	Giám Châo Phước Nam nó nằm ở đâu. Chỉ biết rằng theo cái thông tin đó là cái	@HUE	data\processed_transcripts\2ytfp_TYGmo.json
data\raw_audio\2ytfp_TYGmo.wav	693.519	699.959	nấm mồ mà gọi là lớn nhất và to nhất à và nó nằm ở cái tầng đầu tiên. Thì	@HUE	data\processed_transcripts\2ytfp_TYGmo.json
data\raw_audio\2ytfp_TYGmo.wav	699.959	703.839	không biết là theo cái phân phân cấp thì cái tầng nào là cái tầng đầu tiên. Nhưng	@HUE	data\processed_transcripts\2ytfp_TYGmo.json
data\raw_audio\2ytfp_TYGmo.wav	703.839	708.0	mà Huế Review nhận thấy ở đây có một cái ngôi mộ rất là lớn gọi là to nhất và	@HUE	data\processed_transcripts\2ytfp_TYGmo.json
data\raw_audio\2ytfp_TYGmo.wav	708.0	711.2	cũng được trang trí là đẹp nhất. Đây thì không biết là cái ngôi lăng mộ này có	@HUE	data\processed_transcripts\2ytfp_TYGmo.json
data\raw_audio\2ytfp_TYGmo.wav	711.2	714.959	phải là của Thái giám trong Phước Nam hay không. Đó thì không biết là quý vị	@HUE	data\processed_transcripts\2ytfp_TYGmo.json
data\raw_audio\2ytfp_TYGmo.wav	714.959	718.8	có nhận ra được cái cái cái ngôi lăng mộ của thái giám trong phượng năng. Ai biết	@HUE	data\processed_transcripts\2ytfp_TYGmo.json
data\raw_audio\2ytfp_TYGmo.wav	718.8	723.24	thì cũng có thể để bình luận ở phía dưới video của Huy Review nha quý vị. Và nhìn	@HUE	data\processed_transcripts\2ytfp_TYGmo.json
data\raw_audio\2ytfp_TYGmo.wav	723.24	728.639	ở phía sau tổng thể thì chúng ta thấy cổng Tam Quang rất là đẹp đấy. Và nó các	@HUE	data\processed_transcripts\2ytfp_TYGmo.json
data\raw_audio\2ytfp_TYGmo.wav	728.639	733.76	cái ngôi lăng mộ phương tầng nó rất là chỉnh chu. Đây nhìn cũng rất là đàn	@HUE	data\processed_transcripts\2ytfp_TYGmo.json
data\raw_audio\2ytfp_TYGmo.wav	733.76	740.519	hoàng nghiêm túc. Rồi ở đây là phía cái sau là có một cái bức bình phong hậu.	@HUE	data\processed_transcripts\2ytfp_TYGmo.json
data\raw_audio\2ytfp_TYGmo.wav	740.519	746.24	Đấy bức bình phong hậu này rất là lớn đấy. Nhưng mà theo như Huế Rview thấy	@HUE	data\processed_transcripts\2ytfp_TYGmo.json
data\raw_audio\2ytfp_TYGmo.wav	746.24	750.639	thì cũng không có cái các cái họa tiết trang trí ở bức bình phong. Và còn lại	@HUE	data\processed_transcripts\2ytfp_TYGmo.json
data\raw_audio\2ytfp_TYGmo.wav	750.639	757.12	cái bức bổ thành thì nhìn cũng rất là cao. Đấy cũng khá là cao và cũng khá là	@HUE	data\processed_transcripts\2ytfp_TYGmo.json
data\raw_audio\2ytfp_TYGmo.wav	757.12	761.92	dày. Nhưng mà nằm trơ trọi giữa cái rừng thông hoang vu như thế này thì nó bây	@HUE	data\processed_transcripts\2ytfp_TYGmo.json
data\raw_audio\2ytfp_TYGmo.wav	761.92	765.0	giờ nó cũng đã xuống cấp rất là nghiêm trọng rồi.	@HUE	data\processed_transcripts\2ytfp_TYGmo.json
data\raw_audio\2ytfp_TYGmo.wav	765.0	770.8	này thực sự mà chúng ta bước vào đây thì phải nói thật sự là phải có cái sự đồng	@HUE	data\processed_transcripts\2ytfp_TYGmo.json
data\raw_audio\2ytfp_TYGmo.wav	770.8	774.72	cảm rất là lớn khi mà nhìn vào những cái ngôi mộ như thế này chôn những một cái	@HUE	data\processed_transcripts\2ytfp_TYGmo.json
data\raw_audio\2ytfp_TYGmo.wav	774.72	779.92	tầng lớp mà ngày xưa không được coi trọng chỉ là người hầu kẻ hạ cho cùng	@HUE	data\processed_transcripts\2ytfp_TYGmo.json
data\raw_audio\2ytfp_TYGmo.wav	779.92	785.24	cho triều đình nhưng mà cũng mang cũng được xem như là một cái chức quang mà	@HUE	data\processed_transcripts\2ytfp_TYGmo.json
data\raw_audio\2ytfp_TYGmo.wav	785.24	790.44	người ta hay gọi là quang thái giám hay là gọi là hoàng quang đây mời quý vị	@HUE	data\processed_transcripts\2ytfp_TYGmo.json
data\raw_audio\2ytfp_TYGmo.wav	790.44	797.279	chiêm ngưỡng lại. kiến trúc của các cái ngôi mổ thì nó cũng à khá là đơn giản.	@HUE	data\processed_transcripts\2ytfp_TYGmo.json
data\raw_audio\2ytfp_TYGmo.wav	797.279	802.04	Đấy, một ngôi mộ thì có ngôi mộ là một tầng, có ngôi m là hai tầng và thậm chí	@HUE	data\processed_transcripts\2ytfp_TYGmo.json
data\raw_audio\2ytfp_TYGmo.wav	802.04	805.92	là có những cái ngôi m gió và trước mỗi ngôi mộ là đều có những cái tấm bia. Thì	@HUE	data\processed_transcripts\2ytfp_TYGmo.json
data\raw_audio\2ytfp_TYGmo.wav	805.92	810.279	những cái tấm bia này có lẽ là cũng được làm mới lại thôi quý vị. Nhưng mà những	@HUE	data\processed_transcripts\2ytfp_TYGmo.json
data\raw_audio\2ytfp_TYGmo.wav	810.279	815.199	cái ngôi mộ thì có lẽ là có vẻ là những cái ngôi mộ mà ngày xưa nó giữ nguyên	@HUE	data\processed_transcripts\2ytfp_TYGmo.json
data\raw_audio\2ytfp_TYGmo.wav	815.199	819.04	bản kiến trúc của những cái ngôi mổ. Đây được xem là một cái ngôi lăng mộ gọi là	@HUE	data\processed_transcripts\2ytfp_TYGmo.json
data\raw_audio\2ytfp_TYGmo.wav	819.04	824.68	độc nhất vô nhị ở Việt Nam mà chốn cất những cái vị thái giám của triều Nguyễn.	@HUE	data\processed_transcripts\2ytfp_TYGmo.json
data\raw_audio\2ytfp_TYGmo.wav	824.68	830.24	Vậy thì như thế nào được gọi là thái giám và thái giám ngày xưa thì nó tại	@HUE	data\processed_transcripts\2ytfp_TYGmo.json
data\raw_audio\2ytfp_TYGmo.wav	830.24	833.56	sao được xem là một cái tầng lớp mà luôn luôn làm người hầu kẻ hạ và nó có những	@HUE	data\processed_transcripts\2ytfp_TYGmo.json
data\raw_audio\2ytfp_TYGmo.wav	833.56	838.079	cái bí ẩn gì trong cái ngôi l bộ này thì bây giờ Huế Review sẽ tiếp tục chia sẻ	@HUE	data\processed_transcripts\2ytfp_TYGmo.json
data\raw_audio\2ytfp_TYGmo.wav	838.079	844.04	cho quý vị bằng những cái hình ảnh trên cao cũng như là nghe Huy Review tâm sự	@HUE	data\processed_transcripts\2ytfp_TYGmo.json
data\raw_audio\2ytfp_TYGmo.wav	844.04	848.68	chia sẻ cái câu chuyện liên quan tới thái giám. Xin mời quý vị.	@HUE	data\processed_transcripts\2ytfp_TYGmo.json
data\raw_audio\2ytfp_TYGmo.wav	848.72	852.92	Kính thưa quý vị, bây giờ là 11:00 trưa, trời cũng khá là nắng nôi nhưng mà Huế	@HUE	data\processed_transcripts\2ytfp_TYGmo.json
data\raw_audio\2ytfp_TYGmo.wav	852.92	857.68	Review cũng cố gắng để đi quay cho quý vị xem. Bởi vì nếu như quay buổi chiều	@HUE	data\processed_transcripts\2ytfp_TYGmo.json
data\raw_audio\2ytfp_TYGmo.wav	857.68	861.48	thì có lẽ là thời gian này có thể là xảy ra những cái cơn mưa những cái m cơ mưa	@HUE	data\processed_transcripts\2ytfp_TYGmo.json
data\raw_audio\2ytfp_TYGmo.wav	861.48	867.48	bất chợt ở xứ Huế. Đó do đó là quay buổi trưa thì nó sẽ an toàn hơn. Và tiếp theo	@HUE	data\processed_transcripts\2ytfp_TYGmo.json
data\raw_audio\2ytfp_TYGmo.wav	867.48	871.68	là Huy Review cũng sẽ chia sẻ là đó là tại vì sao người ta gọi là Thái giam hay	@HUE	data\processed_transcripts\2ytfp_TYGmo.json
data\raw_audio\2ytfp_TYGmo.wav	871.68	877.12	là Hòa Quang. Bởi vì đối với các cái triều đại vua chúa và trong đó thì có	@HUE	data\processed_transcripts\2ytfp_TYGmo.json
data\raw_audio\2ytfp_TYGmo.wav	877.12	882.36	triều đại nhà Nguyễn thì ngày xưa cái thái giám này nó xuất phát từ một cái	@HUE	data\processed_transcripts\2ytfp_TYGmo.json
data\raw_audio\2ytfp_TYGmo.wav	882.36	886.199	triều đại của Trung Quốc. À ngày xưa thì có hai cái nguồn mà được coi được coi	@HUE	data\processed_transcripts\2ytfp_TYGmo.json
data\raw_audio\2ytfp_TYGmo.wav	886.199	890.04	gọi là thái giám. Đó thứ nhất là những cái người mà gọi là ái nam ái nữ ngay từ	@HUE	data\processed_transcripts\2ytfp_TYGmo.json
data\raw_audio\2ytfp_TYGmo.wav	890.04	895.079	nhỏ từ khi sinh ra đã bị ái nam ái nữ rồi thì được gọi là giám sinh cũng có	@HUE	data\processed_transcripts\2ytfp_TYGmo.json
data\raw_audio\2ytfp_TYGmo.wav	895.079	899.079	thể là đưa được thì cũng có thể đưa vào cùng để có thể là làm những cái chức	@HUE	data\processed_transcripts\2ytfp_TYGmo.json
data\raw_audio\2ytfp_TYGmo.wav	899.079	903.6	quan trong triều đình hoặc là có thể là làm à thải giám. Dưới thời Triều Nguyễn	@HUE	data\processed_transcripts\2ytfp_TYGmo.json
data\raw_audio\2ytfp_TYGmo.wav	903.6	908.079	thì cũng có một cái vị ái nam ái nữ cũng rất là nổi tiếng đó chính là cái võ	@HUE	data\processed_transcripts\2ytfp_TYGmo.json
data\raw_audio\2ytfp_TYGmo.wav	908.079	913.44	tướng Lê Văn Duyệt một cái khai quốc công thần đó của triều Nguyễn à được xem	@HUE	data\processed_transcripts\2ytfp_TYGmo.json
data\raw_audio\2ytfp_TYGmo.wav	913.44	918.279	là một trong ngũ hộ tướng của vua Gia Long và ông Lê Văn Duyệt cũng là người	@HUE	data\processed_transcripts\2ytfp_TYGmo.json
data\raw_audio\2ytfp_TYGmo.wav	918.279	923.759	ái nam ái nữ và quê ở miền Tây thôi quý vị ngày xưa mà nếu như mà nhà nào mà có	@HUE	data\processed_transcripts\2ytfp_TYGmo.json
data\raw_audio\2ytfp_TYGmo.wav	923.759	927.959	cái người ái nam ái nữ thì cái nhà đó cũng xem như là có phúc tuy nhiên thì	@HUE	data\processed_transcripts\2ytfp_TYGmo.json
data\raw_audio\2ytfp_TYGmo.wav	927.959	932.399	nếu như mà biết nhà mình có ái nam ái nữ nhưng mà không có báo thì cũng phạm vào	@HUE	data\processed_transcripts\2ytfp_TYGmo.json
data\raw_audio\2ytfp_TYGmo.wav	932.399	935.48	tối chết thưa quý vị. Nguồn thứ hai đó chính là lấy nguồn từ bên ngoài. Tức là	@HUE	data\processed_transcripts\2ytfp_TYGmo.json
data\raw_audio\2ytfp_TYGmo.wav	935.48	939.68	những cái gia đình nghèo khổ mà không có miếng ăn nói nhưung là không không đủ	@HUE	data\processed_transcripts\2ytfp_TYGmo.json
data\raw_audio\2ytfp_TYGmo.wav	939.68	943.839	miếng ăn cho gia đình cuối cùng phải bán con vào triều đình. Thì những cái người	@HUE	data\processed_transcripts\2ytfp_TYGmo.json
data\raw_audio\2ytfp_TYGmo.wav	943.839	949.68	đó trước khi vào hầu hạ vua chúa thì cũng phải là cắt đi cái phần sinh thật	@HUE	data\processed_transcripts\2ytfp_TYGmo.json
data\raw_audio\2ytfp_TYGmo.wav	949.68	954.48	khí của mình à để mà không có thể nào mà vào trong cùng để có thể là làm những	@HUE	data\processed_transcripts\2ytfp_TYGmo.json
data\raw_audio\2ytfp_TYGmo.wav	954.48	959.8	cái điều mà à nó có lỗi với vua tức là à toàn t với cung tần rồi cũng như là	@HUE	data\processed_transcripts\2ytfp_TYGmo.json
data\raw_audio\2ytfp_TYGmo.wav	959.8	963.8	người hàu hạ. Và sau khi cắt đi cái phần sinh thật khí của mình thì các cái thái	@HUE	data\processed_transcripts\2ytfp_TYGmo.json
data\raw_audio\2ytfp_TYGmo.wav	963.8	968.8	giám đó, các cái hoàn quan đó cũng phải giữ lại để mà sau này khi có thăng chức	@HUE	data\processed_transcripts\2ytfp_TYGmo.json
data\raw_audio\2ytfp_TYGmo.wav	968.8	973.519	thì trình lên để kiểm tra và nếu như không có thì sẽ phạm tới chết. À nguyên	@HUE	data\processed_transcripts\2ytfp_TYGmo.json
data\raw_audio\2ytfp_TYGmo.wav	973.519	977.48	nhân tại vì sao lại có cái ngôi mộ thải giám này, một cái ngôi mộ độc nhất, vô	@HUE	data\processed_transcripts\2ytfp_TYGmo.json
data\raw_audio\2ytfp_TYGmo.wav	977.48	983.0	nhị và độc đáo này ở cái khu vực chùa Từ Hiếu. Bởi vì chùa Từ Hiếu trước kia theo	@HUE	data\processed_transcripts\2ytfp_TYGmo.json
data\raw_audio\2ytfp_TYGmo.wav	983.0	986.759	như Huế Review tìm hiểu thì nó chỉ là một cái thảo am nhỏ do thiền sư nhất	@HUE	data\processed_transcripts\2ytfp_TYGmo.json
data\raw_audio\2ytfp_TYGmo.wav	986.759	992.959	định lập nên và những cái thả giám mà sau khi về già thường sẽ à cho về ngộ ở	@HUE	data\processed_transcripts\2ytfp_TYGmo.json
data\raw_audio\2ytfp_TYGmo.wav	992.959	997.319	cái cung giám tử cho tới chết và không có được chết trong cùng. à biết được cái	@HUE	data\processed_transcripts\2ytfp_TYGmo.json
data\raw_audio\2ytfp_TYGmo.wav	997.319	1000.639	số phận hỏng hiếu và chua sót của mình thì cuối cùng thái giám trong trau phước	@HUE	data\processed_transcripts\2ytfp_TYGmo.json
data\raw_audio\2ytfp_TYGmo.wav	1000.639	1007.88	năng cũng đã tìm cách để mà liên lạc với thiền sư nhất định và cũng bàn chuyện và	@HUE	data\processed_transcripts\2ytfp_TYGmo.json
data\raw_audio\2ytfp_TYGmo.wav	1007.88	1012.16	cuối cùng nói rằng là cũng muốn có một cái nơi an nghỉ cuối cùng để cho nó đà	@HUE	data\processed_transcripts\2ytfp_TYGmo.json
data\raw_audio\2ytfp_TYGmo.wav	1012.16	1017.279	hoạc thì cuối cùng là thiền sư nhất định chấp thuẫn và từ đó thì ông Châu Phước	@HUE	data\processed_transcripts\2ytfp_TYGmo.json
data\raw_audio\2ytfp_TYGmo.wav	1017.279	1024.16	Năng đã dùng tiền và của cải của mình để mà cúng dường cho chùa và xây cất cái	@HUE	data\processed_transcripts\2ytfp_TYGmo.json
data\raw_audio\2ytfp_TYGmo.wav	1024.16	1029.28	chùa nó càng ngày càng to lên. Sau đó thì cũng à xin phép được à có một cái	@HUE	data\processed_transcripts\2ytfp_TYGmo.json
data\raw_audio\2ytfp_TYGmo.wav	1029.28	1033.799	miếng đất ở phía tây của chùa. Vua Tử Đức cũng à biết được câu chuyện và cũng	@HUE	data\processed_transcripts\2ytfp_TYGmo.json
data\raw_audio\2ytfp_TYGmo.wav	1033.799	1037.4	đã chấp thuận cũng như Thái Hậu Từ Dụ cũng đã chấp thuận cho cái việc mà xây	@HUE	data\processed_transcripts\2ytfp_TYGmo.json
data\raw_audio\2ytfp_TYGmo.wav	1037.4	1041.28	dựng một cái môi mộ của Thái Giám như thế này. Điều này nó an ủi được phần	@HUE	data\processed_transcripts\2ytfp_TYGmo.json
data\raw_audio\2ytfp_TYGmo.wav	1041.28	1045.12	nào? Những cái số phận hẩm hươu của các cái vị quan thái giám ngày xưa, các cái	@HUE	data\processed_transcripts\2ytfp_TYGmo.json
data\raw_audio\2ytfp_TYGmo.wav	1045.12	1050.08	triều đại nhà Nguyễn á thì mỗi triều vua à thì cần phải có khoảng 200 thái giám	@HUE	data\processed_transcripts\2ytfp_TYGmo.json
data\raw_audio\2ytfp_TYGmo.wav	1050.08	1055.64	để hầu hạ. Do đó là nếu như 13 triệu thì có thể là đến 3600 thái giám. Nhưng mà ở	@HUE	data\processed_transcripts\2ytfp_TYGmo.json
data\raw_audio\2ytfp_TYGmo.wav	1055.64	1059.64	đây chỉ có 25 nắm mộ thì chứng tỏ những cái vị thải giám này cũng gọi là có chức	@HUE	data\processed_transcripts\2ytfp_TYGmo.json
data\raw_audio\2ytfp_TYGmo.wav	1059.64	1063.84	có quyền ở trong trong triều đình và cũng dành dụm được một cái số tiền lớn	@HUE	data\processed_transcripts\2ytfp_TYGmo.json
data\raw_audio\2ytfp_TYGmo.wav	1063.84	1069.96	thì mà được phép được chôn ở cái khu vực này. Và cái điều mà Huế Review cũng muốn	@HUE	data\processed_transcripts\2ytfp_TYGmo.json
data\raw_audio\2ytfp_TYGmo.wav	1069.96	1074.28	cảm ở đây chính là cái sự chua xót, sự đắng cay của những cái phần đời tầng	@HUE	data\processed_transcripts\2ytfp_TYGmo.json
data\raw_audio\2ytfp_TYGmo.wav	1074.28	1079.0	giữa lớp dưới của xã hội. Những cái phần đời mà nghèo khổ rồi cuối cùng là bán đi	@HUE	data\processed_transcripts\2ytfp_TYGmo.json
data\raw_audio\2ytfp_TYGmo.wav	1079.0	1082.919	cái của quý của mình để cuối cùng lại trở vào công hầu hạ và kiếm tiền để nuôi	@HUE	data\processed_transcripts\2ytfp_TYGmo.json
data\raw_audio\2ytfp_TYGmo.wav	1082.919	1087.0	gia đình. Đấy. Chính vì vậy mà nó cũng là một cái câu chuyện hết sức là thương	@HUE	data\processed_transcripts\2ytfp_TYGmo.json
data\raw_audio\2ytfp_TYGmo.wav	1087.0	1090.679	tâm. Thực sự mà nói là cuộc sống trong cung cấm nó không đơn giản như một cái	@HUE	data\processed_transcripts\2ytfp_TYGmo.json
data\raw_audio\2ytfp_TYGmo.wav	1090.679	1095.2	cuộc sống bình thường ở ngoài. Thà giống như là một người nông dân làm thì nó à	@HUE	data\processed_transcripts\2ytfp_TYGmo.json
data\raw_audio\2ytfp_TYGmo.wav	1095.2	1099.72	có thể là sống đến cuối đời nhưng mà vì nghèo khó quá cuối cùng phải vào cung và	@HUE	data\processed_transcripts\2ytfp_TYGmo.json
data\raw_audio\2ytfp_TYGmo.wav	1099.72	1103.84	trở thành một người hầu kẻ hạ. Thì như quý vị xem qua những bộ một số bộ phim	@HUE	data\processed_transcripts\2ytfp_TYGmo.json
data\raw_audio\2ytfp_TYGmo.wav	1103.84	1107.36	cổ trang thì quý vị cũng thể thấy phần đời thái giám nó không có thẳng tắp như	@HUE	data\processed_transcripts\2ytfp_TYGmo.json
data\raw_audio\2ytfp_TYGmo.wav	1107.36	1111.08	một cái con đường bình thường mà nó phải trải qua rất là nhiều cái biến cố. Thậm	@HUE	data\processed_transcripts\2ytfp_TYGmo.json
data\raw_audio\2ytfp_TYGmo.wav	1111.08	1117.12	chí là có người chết oan là bởi vì đôi lúc vua vui thì vua cho sống mà vua buồn	@HUE	data\processed_transcripts\2ytfp_TYGmo.json
data\raw_audio\2ytfp_TYGmo.wav	1117.12	1120.64	thì vua cho chết là chuyện bình thường. Chúng ta đến đây chúng ta tưởng niệm và	@HUE	data\processed_transcripts\2ytfp_TYGmo.json
data\raw_audio\2ytfp_TYGmo.wav	1120.64	1124.799	chúng ta cảm là chúng ta có một cái tình cảm đặc biệt dành cho những cái vị thải	@HUE	data\processed_transcripts\2ytfp_TYGmo.json
data\raw_audio\2ytfp_TYGmo.wav	1124.799	1127.84	giám này. Đương nhiên thì ngoài kia nó cũng có những cái vong linh của những	@HUE	data\processed_transcripts\2ytfp_TYGmo.json
data\raw_audio\2ytfp_TYGmo.wav	1127.84	1132.44	cái thải giám khác. không có được phước để mà chôn cất ở đây. Nhưng mà đây cũng	@HUE	data\processed_transcripts\2ytfp_TYGmo.json
data\raw_audio\2ytfp_TYGmo.wav	1132.44	1137.919	chính là một cái a à đặc thù, đây cũng chính là một cái niềm hạnh phúc rồi cho	@HUE	data\processed_transcripts\2ytfp_TYGmo.json
data\raw_audio\2ytfp_TYGmo.wav	1137.919	1141.72	những cái vị thái giám và chúng ta biết được về một cái triều đại mà có rất	@HUE	data\processed_transcripts\2ytfp_TYGmo.json
data\raw_audio\2ytfp_TYGmo.wav	1141.72	1146.36	nhiều những cái điều ly kỳ, những cái điều bí ẩn mà chúng ta sẽ khám phá và	@HUE	data\processed_transcripts\2ytfp_TYGmo.json
data\raw_audio\2ytfp_TYGmo.wav	1146.36	1152.159	Huế Review cũng à mong muốn có thể là mang một cái à sự mệnh nho nhỏ như vậy	@HUE	data\processed_transcripts\2ytfp_TYGmo.json
data\raw_audio\2ytfp_TYGmo.wav	1152.159	1156.559	để chia sẻ cho quý vị xem, chia sẻ cho quý vị lắng nghe những cái câu chuyện ly	@HUE	data\processed_transcripts\2ytfp_TYGmo.json
data\raw_audio\2ytfp_TYGmo.wav	1156.559	1161.919	kỳ bí ẩn. Chia sẻ đến đây có lẽ thì quý vị cũng đã hiểu được phần nào là làm sao	@HUE	data\processed_transcripts\2ytfp_TYGmo.json
data\raw_audio\2ytfp_TYGmo.wav	1161.919	1167.36	mà lại có cái khu lăng mộ này ở trong một cái ngôi chùa. Quý vị có đồng cảm và	@HUE	data\processed_transcripts\2ytfp_TYGmo.json
data\raw_audio\2ytfp_TYGmo.wav	1167.36	1171.12	có cùng suy nghĩ và Huế Review hay không? Thì mong quý vị chúng ta bình	@HUE	data\processed_transcripts\2ytfp_TYGmo.json
data\raw_audio\2ytfp_TYGmo.wav	1171.12	1175.4	luận ở phía phía dưới video để chúng ta biết được nhiều hơn. Và nếu như quý vị	@HUE	data\processed_transcripts\2ytfp_TYGmo.json
data\raw_audio\2ytfp_TYGmo.wav	1175.4	1179.0	nào biết được nhiều hơn về cái ngôi lăng mộ này thì cũng có thể chia sẻ để cho	@HUE	data\processed_transcripts\2ytfp_TYGmo.json
data\raw_audio\2ytfp_TYGmo.wav	1179.0	1182.28	tất cả các cái khán giả trên kênh Huế Review chúng ta biết nhiều hơn. Thưa quý	@HUE	data\processed_transcripts\2ytfp_TYGmo.json
data\raw_audio\2ytfp_TYGmo.wav	1182.28	1186.64	vị, bây giờ cũng đã rất là trưa rồi, do đó là Huế Review cũng mạng phép. xin kết	@HUE	data\processed_transcripts\2ytfp_TYGmo.json
data\raw_audio\2ytfp_TYGmo.wav	1186.64	1190.96	thúc video ở đây. À kính chúc quý vị luôn xem video thật là vui vẻ. À quý vị	@HUE	data\processed_transcripts\2ytfp_TYGmo.json
data\raw_audio\2ytfp_TYGmo.wav	1190.96	1194.559	thấy video hay và ý nghĩa thì cũng mong là quý vị chúng ta like, chia sẻ cũng	@HUE	data\processed_transcripts\2ytfp_TYGmo.json
data\raw_audio\2ytfp_TYGmo.wav	1194.559	1199.12	như là đăng ký kênh để nhận những cái video mới nhất về các cái lăng tẩm di	@HUE	data\processed_transcripts\2ytfp_TYGmo.json
data\raw_audio\2ytfp_TYGmo.wav	1199.12	1203.48	tích cũng như là những cái câu chuyện tâm linh về Huế và các cái video về cuộc	@HUE	data\processed_transcripts\2ytfp_TYGmo.json
data\raw_audio\2ytfp_TYGmo.wav	1203.48	1208.72	sống Huế. Xin chào và hẹn gặp lại quý vị ở những video tiếp theo.	@HUE	data\processed_transcripts\2ytfp_TYGmo.json
data\raw_audio\4_fIYx-m0zQ.wav	1.4	6.48	Vâng, mến chào quý vị đã quay trở lại với Huế hôm nay. Quý vị và các bạn thân	@HUE	data\processed_transcripts\4_fIYx-m0zQ.json
data\raw_audio\4_fIYx-m0zQ.wav	6.48	12.48	mến thì hôm nay là ngày 23 tháng 12 năm 2025.	@HUE	data\processed_transcripts\4_fIYx-m0zQ.json
data\raw_audio\4_fIYx-m0zQ.wav	12.48	19.119	Như vậy thì chỉ còn hai ngày nữa là chúng ta sẽ đến Noel và còn khoảng	@HUE	data\processed_transcripts\4_fIYx-m0zQ.json
data\raw_audio\4_fIYx-m0zQ.wav	19.119	27.88	hơn một tuần nữa là chúng ta sẽ kết thúc năm 2025 để bước qua năm 2026.	@HUE	data\processed_transcripts\4_fIYx-m0zQ.json
data\raw_audio\4_fIYx-m0zQ.wav	27.88	34.0	Vậy thì cái những cái hình ảnh mới nhất về các cái nhà thờ trang trí dịp Giáng	@HUE	data\processed_transcripts\4_fIYx-m0zQ.json
data\raw_audio\4_fIYx-m0zQ.wav	34.0	43.0	sinh năm nay là như thế nào và cái buổi tiệc khao đao đếm ngược đến năm mới 2026	@HUE	data\processed_transcripts\4_fIYx-m0zQ.json
data\raw_audio\4_fIYx-m0zQ.wav	43.0	48.719	thì sẽ diễn ra ở đâu? Thì trong cái khuôn khổ video hôm nay em xin gửi đến	@HUE	data\processed_transcripts\4_fIYx-m0zQ.json
data\raw_audio\4_fIYx-m0zQ.wav	48.719	56.84	cho quý vị những cái hình ảnh về các cái chủ đề đó.	@HUE	data\processed_transcripts\4_fIYx-m0zQ.json
data\raw_audio\4_fIYx-m0zQ.wav	56.84	62.64	Đây chính là cái khu vực nhà hát văn hóa thể thanh phố. Thì	@HUE	data\processed_transcripts\4_fIYx-m0zQ.json
data\raw_audio\4_fIYx-m0zQ.wav	62.64	69.72	cái khu vực này à thường tổ chức các cái bụi xem công cộng màn hình LED cỡ lớn	@HUE	data\processed_transcripts\4_fIYx-m0zQ.json
data\raw_audio\4_fIYx-m0zQ.wav	69.72	77.56	trong các cái trận bóng đá của à đội tuyển Việt Nam U22, U23 vân vân.	@HUE	data\processed_transcripts\4_fIYx-m0zQ.json
data\raw_audio\4_fIYx-m0zQ.wav	77.56	81.56	Thì như vừa rồi quý vị cũng đã biết rằng là U22 chúng ta đã lội ngược dòng thành	@HUE	data\processed_transcripts\4_fIYx-m0zQ.json
data\raw_audio\4_fIYx-m0zQ.wav	81.56	87.92	công để chiến thắng trước Thái Lan và vô địch SEA Game 33	@HUE	data\processed_transcripts\4_fIYx-m0zQ.json
data\raw_audio\4_fIYx-m0zQ.wav	87.92	92.159	thì bà con cũng đi bảo trên khắp cả nước rất là đông.	@HUE	data\processed_transcripts\4_fIYx-m0zQ.json
data\raw_audio\4_fIYx-m0zQ.wav	92.159	98.159	Tuy nhiên thì bây giờ đây là những cái hình ảnh về dịp Noel thì ngay cái khu	@HUE	data\processed_transcripts\4_fIYx-m0zQ.json
data\raw_audio\4_fIYx-m0zQ.wav	98.159	104.799	vực Vincom Plaza đây quý vị này. Đấy thì cây thông Noel đang được trang trí rất	@HUE	data\processed_transcripts\4_fIYx-m0zQ.json
data\raw_audio\4_fIYx-m0zQ.wav	104.799	108.399	là đẹp rồi. Thường thì sẽ lung linh vào ban đêm mà	@HUE	data\processed_transcripts\4_fIYx-m0zQ.json
data\raw_audio\4_fIYx-m0zQ.wav	108.399	112.68	quý vị thấy là ban ngày thì cái thông này này cũng rất là tuyệt vời. này những	@HUE	data\processed_transcripts\4_fIYx-m0zQ.json
data\raw_audio\4_fIYx-m0zQ.wav	112.68	118.399	hình ảnh rất là đẹp cho một cái mùa Noel mới	@HUE	data\processed_transcripts\4_fIYx-m0zQ.json
data\raw_audio\4_fIYx-m0zQ.wav	118.399	124.399	và có một cái điều đặc biệt là thời tiết ở Huế bây giờ trong cái dịp Noel thì lại	@HUE	data\processed_transcripts\4_fIYx-m0zQ.json
data\raw_audio\4_fIYx-m0zQ.wav	124.399	131.44	đang nắng mưa thất thường. Lúc sáng sớm thì em thấy là trời có mưa	@HUE	data\processed_transcripts\4_fIYx-m0zQ.json
data\raw_audio\4_fIYx-m0zQ.wav	131.44	136.56	nhưng mà bây giờ thì cái lúc em đang quay thì trời nắng.	@HUE	data\processed_transcripts\4_fIYx-m0zQ.json
data\raw_audio\4_fIYx-m0zQ.wav	136.56	143.239	Và trước mặt quý vị chính là cái tòa nhà Huế Heretic đang được xây dựng	@HUE	data\processed_transcripts\4_fIYx-m0zQ.json
data\raw_audio\4_fIYx-m0zQ.wav	143.239	151.319	đấy. Một cái tòa nhà mang tính tầm cỡ và rất là sang trọng. Khi mà hoàn thành nó	@HUE	data\processed_transcripts\4_fIYx-m0zQ.json
data\raw_audio\4_fIYx-m0zQ.wav	151.319	157.76	sẽ là một cái bộ mặt mới của thành phố Huế, thành phố thực thuộc trung ương.	@HUE	data\processed_transcripts\4_fIYx-m0zQ.json
data\raw_audio\4_fIYx-m0zQ.wav	157.76	161.68	Chúng ta sẽ di chuyển qua cái khu vực đường Lê Hồng Phong.	@HUE	data\processed_transcripts\4_fIYx-m0zQ.json
data\raw_audio\4_fIYx-m0zQ.wav	161.68	165.92	Đấy, dự án này thì hiện tại vẫn đang được triển khai và đơn vị thi công thì	@HUE	data\processed_transcripts\4_fIYx-m0zQ.json
data\raw_audio\4_fIYx-m0zQ.wav	165.92	172.92	đang trong quá trình làm móng đấy, đào móng vân vân thì à	@HUE	data\processed_transcripts\4_fIYx-m0zQ.json
data\raw_audio\4_fIYx-m0zQ.wav	172.92	178.48	em sẽ thường xuyên cập nhật cái dự án Huế Hertic này trong tương lai để cho	@HUE	data\processed_transcripts\4_fIYx-m0zQ.json
data\raw_audio\4_fIYx-m0zQ.wav	178.48	185.08	quý vị có thể biết thì hy vọng rằng là công trình cũng sẽ sớm hoàn thành để à	@HUE	data\processed_transcripts\4_fIYx-m0zQ.json
data\raw_audio\4_fIYx-m0zQ.wav	185.08	193.519	cái khu vực này trở thành một cái vùng đất à đẹp à mới và đầy à quý phái trong	@HUE	data\processed_transcripts\4_fIYx-m0zQ.json
data\raw_audio\4_fIYx-m0zQ.wav	193.519	197.68	tương lai. Bởi vì trước đó thì cái khu vực này là	@HUE	data\processed_transcripts\4_fIYx-m0zQ.json
data\raw_audio\4_fIYx-m0zQ.wav	197.68	203.4	cái chung cư đng đa đấy. Sau khi đã giải tỏa thì để tiến hành xây dựng cái Huế	@HUE	data\processed_transcripts\4_fIYx-m0zQ.json
data\raw_audio\4_fIYx-m0zQ.wav	203.4	207.959	Harat này. Đường Lê Hồng Phong trong một buổi sáng	@HUE	data\processed_transcripts\4_fIYx-m0zQ.json
data\raw_audio\4_fIYx-m0zQ.wav	207.959	216.799	ngày 23 tháng 12 trời đẹp và quý vị thấy là cái khu vực ở đây thì cũng rất là yên	@HUE	data\processed_transcripts\4_fIYx-m0zQ.json
data\raw_audio\4_fIYx-m0zQ.wav	216.799	223.159	bình. Theo như những cái kỳ dự báo mới nhất là	@HUE	data\processed_transcripts\4_fIYx-m0zQ.json
data\raw_audio\4_fIYx-m0zQ.wav	223.159	228.799	trong những ngày qua thì dự báo sẽ có mưa trong ngày hôm qua và	@HUE	data\processed_transcripts\4_fIYx-m0zQ.json
data\raw_audio\4_fIYx-m0zQ.wav	228.799	235.439	hôm nay và ngày mai. Tuy nhiên thì mưa nó theo kiểu ngắc quảng chứ không phải	@HUE	data\processed_transcripts\4_fIYx-m0zQ.json
data\raw_audio\4_fIYx-m0zQ.wav	235.439	239.239	là dầm dề. Và thời tiết thì cũng có nắng thôi quý	@HUE	data\processed_transcripts\4_fIYx-m0zQ.json
data\raw_audio\4_fIYx-m0zQ.wav	239.239	246.68	vị. Đấy thì cái điều này là cũng là một cái điều mà chúng ta sẽ phải quen thuộc	@HUE	data\processed_transcripts\4_fIYx-m0zQ.json
data\raw_audio\4_fIYx-m0zQ.wav	246.68	252.92	trong những năm tới bởi vì thời tiết bây giờ nó đã thay đổi.	@HUE	data\processed_transcripts\4_fIYx-m0zQ.json
data\raw_audio\4_fIYx-m0zQ.wav	252.92	259.56	Quý vị thấy vừa rồi thì ở Huế mình á đó là mùa hè thì lại có luộc và bây giờ mùa	@HUE	data\processed_transcripts\4_fIYx-m0zQ.json
data\raw_audio\4_fIYx-m0zQ.wav	259.56	265.28	đông thì lại nắng không là lạnh yếu	@HUE	data\processed_transcripts\4_fIYx-m0zQ.json
data\raw_audio\4_fIYx-m0zQ.wav	265.28	270.08	đấy. Thì thì trong những cái năm trước á thì trong cái thời điểm này thường là sẽ	@HUE	data\processed_transcripts\4_fIYx-m0zQ.json
data\raw_audio\4_fIYx-m0zQ.wav	270.08	275.44	lạnh và mưa nhưng mà quý vị thấy là đến gần Noel rồi nhưng mà thời tiết là khá	@HUE	data\processed_transcripts\4_fIYx-m0zQ.json
data\raw_audio\4_fIYx-m0zQ.wav	275.44	279.4	đẹp và theo như dự báo thì ngày hôm nay có	@HUE	data\processed_transcripts\4_fIYx-m0zQ.json
data\raw_audio\4_fIYx-m0zQ.wav	279.4	285.8	thể là mưa lạnh nhưng mà quý vị thấy là một buổi sáng tại Huế vào ngày 23.	@HUE	data\processed_transcripts\4_fIYx-m0zQ.json
data\raw_audio\4_fIYx-m0zQ.wav	285.8	291.32	Đấy, đây là nhà thờ dòng chỗa cụ thế quý vị thấy là cũng đã trang trí rất là đẹp	@HUE	data\processed_transcripts\4_fIYx-m0zQ.json
data\raw_audio\4_fIYx-m0zQ.wav	291.32	298.84	rồi để chuẩn bị cho cái ngày Noel	@HUE	data\processed_transcripts\4_fIYx-m0zQ.json
data\raw_audio\4_fIYx-m0zQ.wav	298.84	304.08	và sau mùa Noel sẽ là một cái ngày kết thúc	@HUE	data\processed_transcripts\4_fIYx-m0zQ.json
data\raw_audio\4_fIYx-m0zQ.wav	304.08	311.479	năm cũ và chuyển giao sang năm mới 2026. Nhà thờ dòng chỗ cụ thể là một trong	@HUE	data\processed_transcripts\4_fIYx-m0zQ.json
data\raw_audio\4_fIYx-m0zQ.wav	311.479	316.919	những cái nhà thờ lớn và trong những cái dịp Noel thì thường là	@HUE	data\processed_transcripts\4_fIYx-m0zQ.json
data\raw_audio\4_fIYx-m0zQ.wav	316.919	321.919	bà con sẽ đến đây rất là đông. Bà con theo đạo lẫn ngoại đạo cũng thế.	@HUE	data\processed_transcripts\4_fIYx-m0zQ.json
data\raw_audio\4_fIYx-m0zQ.wav	325.08	332.56	Bởi vì quý vị biết rằng là Noel là một cái dịp để cho các cái bạn trẻ cũng như	@HUE	data\processed_transcripts\4_fIYx-m0zQ.json
data\raw_audio\4_fIYx-m0zQ.wav	332.56	338.4	là những người trung niên, những người lớn tuổi người ta đi chơi để	@HUE	data\processed_transcripts\4_fIYx-m0zQ.json
data\raw_audio\4_fIYx-m0zQ.wav	338.4	345.319	mừng gọi là nhớ đến ngày Chúa Giáng sinh.	@HUE	data\processed_transcripts\4_fIYx-m0zQ.json
data\raw_audio\4_fIYx-m0zQ.wav	345.319	350.56	Chúa Giáng Thế đây quý vị. Đấy và ở đây có một cái xóm em nghĩ là cũng là xóm	@HUE	data\processed_transcripts\4_fIYx-m0zQ.json
data\raw_audio\4_fIYx-m0zQ.wav	350.56	358.56	đạo đây bởi vì cũng trang trí trước cái cổng xóm một cái hình ảnh về à	@HUE	data\processed_transcripts\4_fIYx-m0zQ.json
data\raw_audio\4_fIYx-m0zQ.wav	358.56	366.24	Chúa đấy. Thì à trong cái đợt tháng Mám vừa rồi	@HUE	data\processed_transcripts\4_fIYx-m0zQ.json
data\raw_audio\4_fIYx-m0zQ.wav	366.24	371.639	thì em cũng đã quay cho quý vị xem về cái lễ hội	@HUE	data\processed_transcripts\4_fIYx-m0zQ.json
data\raw_audio\4_fIYx-m0zQ.wav	371.639	377.319	mẹ La Vang. thì có thể nói rằng là bà con theo Thiên	@HUE	data\processed_transcripts\4_fIYx-m0zQ.json
data\raw_audio\4_fIYx-m0zQ.wav	377.319	383.919	Chủ giáo ở Việt Nam mình cũng rất là đông đấy và có nhiều bà con là cũng ở	@HUE	data\processed_transcripts\4_fIYx-m0zQ.json
data\raw_audio\4_fIYx-m0zQ.wav	383.919	389.319	những cái nơi rất xa và họ tìm về khu vực La Vang để	@HUE	data\processed_transcripts\4_fIYx-m0zQ.json
data\raw_audio\4_fIYx-m0zQ.wav	389.319	394.319	viếng mẹ cũng như là rước kiệu mẹ La Vang.	@HUE	data\processed_transcripts\4_fIYx-m0zQ.json
data\raw_audio\4_fIYx-m0zQ.wav	394.319	397.88	Thì quý vị cũng đã thấy rằng là trong cái nhà thờ dòng chúa cụ thể cũng đã	@HUE	data\processed_transcripts\4_fIYx-m0zQ.json
data\raw_audio\4_fIYx-m0zQ.wav	397.88	404.12	trang trí đầy đủ đấy những hình ảnh về ngày chúa Giáng sinh.	@HUE	data\processed_transcripts\4_fIYx-m0zQ.json
data\raw_audio\4_fIYx-m0zQ.wav	404.12	409.72	thì chúng ta sẽ còn một hai ngày nữa thôi là sẽ đến cái ngày lễ hội. Chính vì	@HUE	data\processed_transcripts\4_fIYx-m0zQ.json
data\raw_audio\4_fIYx-m0zQ.wav	409.72	416.319	thế mà bà con cũng đã tụ tập về đây. Thường là sẽ ban đêm sẽ rất là đông. Thì	@HUE	data\processed_transcripts\4_fIYx-m0zQ.json
data\raw_audio\4_fIYx-m0zQ.wav	416.319	423.639	em cũng sẽ cố gắng để có những cái video về ban đêm ở nhà thờ dòng chú C	@HUE	data\processed_transcripts\4_fIYx-m0zQ.json
data\raw_audio\4_fIYx-m0zQ.wav	423.639	430.24	nhà thờ à phụ cam để cho quý vị được biết như là một số cái nhà thờ ở khu vực	@HUE	data\processed_transcripts\4_fIYx-m0zQ.json
data\raw_audio\4_fIYx-m0zQ.wav	430.24	435.479	Huế mình. Còn đây chính là khu vực đường Bà Triệu.	@HUE	data\processed_transcripts\4_fIYx-m0zQ.json
data\raw_audio\4_fIYx-m0zQ.wav	435.479	440.44	Đấy, đường Bà Triệu thì bây giờ hiện tại quý vị thấy là đang trong quá trình mở	@HUE	data\processed_transcripts\4_fIYx-m0zQ.json
data\raw_audio\4_fIYx-m0zQ.wav	440.44	444.599	rộng. Thì à	@HUE	data\processed_transcripts\4_fIYx-m0zQ.json
data\raw_audio\4_fIYx-m0zQ.wav	444.599	448.8	em cũng cập nhật nhiều cho quý vị về những hình ảnh về cái đường bà triệu này	@HUE	data\processed_transcripts\4_fIYx-m0zQ.json
data\raw_audio\4_fIYx-m0zQ.wav	448.8	454.759	rồi thì hiện tại em thấy là các cái cơ sở người ta cũng đã xây dựng	@HUE	data\processed_transcripts\4_fIYx-m0zQ.json
data\raw_audio\4_fIYx-m0zQ.wav	454.759	459.639	lên và thuộc vào phỉ bên trong nhiều thì cũng chủng em nghĩ là chắc cũng sẽ chuẩn	@HUE	data\processed_transcripts\4_fIYx-m0zQ.json
data\raw_audio\4_fIYx-m0zQ.wav	459.639	465.08	bị để làm à mở rộng cái tuyến đường này mà thôi.	@HUE	data\processed_transcripts\4_fIYx-m0zQ.json
data\raw_audio\4_fIYx-m0zQ.wav	465.08	470.759	Hy vọng rằng là trong năm 2026 sẽ hoàn thành để có thể nối dài về khu vực đường	@HUE	data\processed_transcripts\4_fIYx-m0zQ.json
data\raw_audio\4_fIYx-m0zQ.wav	470.759	475.28	Phạm Văn Đồng. Đấy như vậy thì năm 2026 có lẽ là một	@HUE	data\processed_transcripts\4_fIYx-m0zQ.json
data\raw_audio\4_fIYx-m0zQ.wav	475.28	482.96	cái năm bùng nộp của Huế. Đấy năm 2025 thì Huế	@HUE	data\processed_transcripts\4_fIYx-m0zQ.json
data\raw_audio\4_fIYx-m0zQ.wav	482.96	489.879	là đăng ký à năm du lịch quốc gia vừa rồi cũng đã bế mạc tại Quảng Trường Hòa	@HUE	data\processed_transcripts\4_fIYx-m0zQ.json
data\raw_audio\4_fIYx-m0zQ.wav	489.879	496.919	Môn. Thì với những cái việc mà du lịch đã làm	@HUE	data\processed_transcripts\4_fIYx-m0zQ.json
data\raw_audio\4_fIYx-m0zQ.wav	496.919	503.879	được trong năm 2025 thì năm 2026 có lẽ là cái năm mà bùng nổ các cái dự án	@HUE	data\processed_transcripts\4_fIYx-m0zQ.json
data\raw_audio\4_fIYx-m0zQ.wav	503.879	511.08	trọng điểm để minh chứng cho cái sự phát triển	@HUE	data\processed_transcripts\4_fIYx-m0zQ.json
data\raw_audio\4_fIYx-m0zQ.wav	511.08	515.399	vượt bậc của Huế trong tương lai. Tức là thời gian ngắn đây quý vị trong	@HUE	data\processed_transcripts\4_fIYx-m0zQ.json
data\raw_audio\4_fIYx-m0zQ.wav	515.399	520.599	tương lai ngắn thôi thì em nghĩ là những cái tuyến đường, những cái cầu, những	@HUE	data\processed_transcripts\4_fIYx-m0zQ.json
data\raw_audio\4_fIYx-m0zQ.wav	520.599	528.56	cái dự án về chung cư, những cái dự án về nhà ở, xã hội vân vân sẽ phát triển	@HUE	data\processed_transcripts\4_fIYx-m0zQ.json
data\raw_audio\4_fIYx-m0zQ.wav	528.56	536.399	trong năm 2026. Đấy và tổng kết năm 2025 ở Huế thì sẽ cũng đã có rất nhiều những	@HUE	data\processed_transcripts\4_fIYx-m0zQ.json
data\raw_audio\4_fIYx-m0zQ.wav	536.399	544.6	cái sự kiện trọng đại và đặc biệt là cái hình ảnh về lũ luộc ở Huế trong năm 2025	@HUE	data\processed_transcripts\4_fIYx-m0zQ.json
data\raw_audio\4_fIYx-m0zQ.wav	544.6	551.519	có lẽ là sẽ một năm đáng nhớ khi mà có những cái trận lục rất là khủng khiếp	@HUE	data\processed_transcripts\4_fIYx-m0zQ.json
data\raw_audio\4_fIYx-m0zQ.wav	551.519	556.32	ở đất cổ đồ đấy. Tuy nhiên thì mọi thứ bây	@HUE	data\processed_transcripts\4_fIYx-m0zQ.json
data\raw_audio\4_fIYx-m0zQ.wav	556.32	562.519	giờ cũng đã qua và chúng ta đang hướng về những ngày cuối cùng của năm 2025	@HUE	data\processed_transcripts\4_fIYx-m0zQ.json
data\raw_audio\4_fIYx-m0zQ.wav	562.519	570.44	à để bắt đầu sang năm 2026 à tốt đẹp hơn, phát triển hơn và giàu mạnh hơn.	@HUE	data\processed_transcripts\4_fIYx-m0zQ.json
data\raw_audio\4_fIYx-m0zQ.wav	570.44	575.32	Thì đây chính là cái khu vực quảng trường 200 tỷ ở Huế.	@HUE	data\processed_transcripts\4_fIYx-m0zQ.json
data\raw_audio\4_fIYx-m0zQ.wav	575.32	580.48	Đây em thường nói là quảng trường 200 tỷ nhưng mà đúng tên của nó là quảng trường	@HUE	data\processed_transcripts\4_fIYx-m0zQ.json
data\raw_audio\4_fIYx-m0zQ.wav	580.48	584.32	văn hóa thể thao thành phố Huế. Hiện tại thì quý vị thấy là cái tòa nhà	@HUE	data\processed_transcripts\4_fIYx-m0zQ.json
data\raw_audio\4_fIYx-m0zQ.wav	584.32	592.839	trung tâm, tòa nhà ở giữa cũng đã dăng lưới và đủ em thấy là có đủ cúp pha.	@HUE	data\processed_transcripts\4_fIYx-m0zQ.json
data\raw_audio\4_fIYx-m0zQ.wav	592.839	598.36	Thì như vậy là khả năng là vào tháng năm 2026 thì cái tòa nhà trung tâm ở giữa sẽ	@HUE	data\processed_transcripts\4_fIYx-m0zQ.json
data\raw_audio\4_fIYx-m0zQ.wav	598.36	604.48	hoàn thành, sẽ tạo nên một cái điểm nhấn mới cho khu vực trung tâm thành phố. Bởi	@HUE	data\processed_transcripts\4_fIYx-m0zQ.json
data\raw_audio\4_fIYx-m0zQ.wav	604.48	609.36	đây chính là cái nơi sinh hoạt cộng đồng của bà con và cũng là một cái	@HUE	data\processed_transcripts\4_fIYx-m0zQ.json
data\raw_audio\4_fIYx-m0zQ.wav	609.36	614.88	không gian rất là mới à một không gian công cộng phục vụ các cái sự kiện văn	@HUE	data\processed_transcripts\4_fIYx-m0zQ.json
data\raw_audio\4_fIYx-m0zQ.wav	614.88	620.32	hóa thể thao lớn của thành phố. Thì công trình này nó khởi công từ tháng	@HUE	data\processed_transcripts\4_fIYx-m0zQ.json
data\raw_audio\4_fIYx-m0zQ.wav	620.32	625.959	7 năm 2024. Ban đầu là dự án là quảng trường văn hóa	@HUE	data\processed_transcripts\4_fIYx-m0zQ.json
data\raw_audio\4_fIYx-m0zQ.wav	625.959	632.519	thể thao là dự kiến là hoàn thành vào tháng năm 2025. Đấy tuy nhiên thì đó quý	@HUE	data\processed_transcripts\4_fIYx-m0zQ.json
data\raw_audio\4_fIYx-m0zQ.wav	632.519	638.44	vị thấy là vướng mặt bằng rồi thời tiết đó là kéo dài tới cuối năm 2025 và theo	@HUE	data\processed_transcripts\4_fIYx-m0zQ.json
data\raw_audio\4_fIYx-m0zQ.wav	638.44	643.8	như dự kiến là sẽ qua tháng 3 năm 2026 sẽ hoàn thành tất cả.	@HUE	data\processed_transcripts\4_fIYx-m0zQ.json
data\raw_audio\4_fIYx-m0zQ.wav	643.8	649.079	Thì với những cái sự cố gắng của đơn vị thi công thì mong rằng với cái số tiền	@HUE	data\processed_transcripts\4_fIYx-m0zQ.json
data\raw_audio\4_fIYx-m0zQ.wav	649.079	655.24	đầu tư gần 200 tỷ đồng thì nhà thi đấu cũng như là các cái hạ tầng kỹ thuật ở	@HUE	data\processed_transcripts\4_fIYx-m0zQ.json
data\raw_audio\4_fIYx-m0zQ.wav	655.24	659.8	phía bên ngoài sẽ được à hoàn thiện.	@HUE	data\processed_transcripts\4_fIYx-m0zQ.json
data\raw_audio\4_fIYx-m0zQ.wav	662.36	665.399	Ở cái khu vực quảng trường phía bên ngoài thì cũng đã được khánh thành vào	@HUE	data\processed_transcripts\4_fIYx-m0zQ.json
data\raw_audio\4_fIYx-m0zQ.wav	665.399	671.12	dịp mùng 0 tháng. Còn đây quý vị thấy là cái nhà trung tâm vàò nhà trung tâm sẽ	@HUE	data\processed_transcripts\4_fIYx-m0zQ.json
data\raw_audio\4_fIYx-m0zQ.wav	671.12	677.24	cố gắng để hoàn thiện vào tháng năm 2026. Nếu như thời tiết nó đẹp thì hy	@HUE	data\processed_transcripts\4_fIYx-m0zQ.json
data\raw_audio\4_fIYx-m0zQ.wav	677.24	683.48	vọng là mọi thứ sẽ đúng như dự kiến. Và cái quảng trường phía bên ngoài thì quý	@HUE	data\processed_transcripts\4_fIYx-m0zQ.json
data\raw_audio\4_fIYx-m0zQ.wav	683.48	690.0	vị thấy rất là rộng và đẹp. Đấy, một cái màu xanh nằm giữa lòng thành phố.	@HUE	data\processed_transcripts\4_fIYx-m0zQ.json
data\raw_audio\4_fIYx-m0zQ.wav	690.0	698.959	Và đây cũng chính là cái nơi tổ chức à khao đao Huế năm 2025.	@HUE	data\processed_transcripts\4_fIYx-m0zQ.json
data\raw_audio\4_fIYx-m0zQ.wav	698.959	705.519	Tức là cái chương trình đếm ngược à kết thúc năm cũ 2025 và chuyển giao sang năm	@HUE	data\processed_transcripts\4_fIYx-m0zQ.json
data\raw_audio\4_fIYx-m0zQ.wav	705.519	712.0	mới 2026. Và quý vị thấy nhìn xa kia thì cũng đã	@HUE	data\processed_transcripts\4_fIYx-m0zQ.json
data\raw_audio\4_fIYx-m0zQ.wav	712.0	718.839	dựng cái bộ khung của cái sân khấu Khao Đào. Thì Khao Đo năm nay cũng sẽ có sự	@HUE	data\processed_transcripts\4_fIYx-m0zQ.json
data\raw_audio\4_fIYx-m0zQ.wav	718.839	726.12	tham dự của rất nhiều những cái ca sĩ nghệ sĩ nổi tiếng cũng như là cái môi	@HUE	data\processed_transcripts\4_fIYx-m0zQ.json
data\raw_audio\4_fIYx-m0zQ.wav	726.12	732.68	trường cái không gian mới để chúng ta tới tham gia cái bữa tiệc khu rào. Thì ở	@HUE	data\processed_transcripts\4_fIYx-m0zQ.json
data\raw_audio\4_fIYx-m0zQ.wav	732.68	737.76	đây em thấy là cái mặt bằng rất là rộng đấy. Và cái sân khấu làm ở đây thì quá	@HUE	data\processed_transcripts\4_fIYx-m0zQ.json
data\raw_audio\4_fIYx-m0zQ.wav	737.76	742.199	hợp lý rồi. Và nhìn cái bộ không thì chúng ta thấy là cái mức độ hoành tráng	@HUE	data\processed_transcripts\4_fIYx-m0zQ.json
data\raw_audio\4_fIYx-m0zQ.wav	742.199	747.44	của năm này ấy và khả năng và sau khi mà cái tòa nhà	@HUE	data\processed_transcripts\4_fIYx-m0zQ.json
data\raw_audio\4_fIYx-m0zQ.wav	747.44	753.44	trung tâm tòa nhà thi đấu hoàn thành thì cái chương trình cao đao mọi năm sẽ	@HUE	data\processed_transcripts\4_fIYx-m0zQ.json
data\raw_audio\4_fIYx-m0zQ.wav	753.44	757.12	tổ chức ở ngay cái chỗ quảng trường văn hóa thể	@HUE	data\processed_transcripts\4_fIYx-m0zQ.json
data\raw_audio\4_fIYx-m0zQ.wav	757.12	762.24	thao thành phố này. Đấy quý vị thấy là đơn vị thi công các cái	@HUE	data\processed_transcripts\4_fIYx-m0zQ.json
data\raw_audio\4_fIYx-m0zQ.wav	762.24	769.04	công nhân tiến hành lấp rạp dàng sân khấu khảo đào và hứa hẹn sẽ rất là hoành	@HUE	data\processed_transcripts\4_fIYx-m0zQ.json
data\raw_audio\4_fIYx-m0zQ.wav	769.04	777.279	tráng và bùng nổ. Và cái khu vực à cũng sẽ có nhạc nước	@HUE	data\processed_transcripts\4_fIYx-m0zQ.json
data\raw_audio\4_fIYx-m0zQ.wav	777.279	783.639	vào cái đêm khao đào thì sự kết hợp hai hoa này sẽ rất là đẹp và đẹp hơn nữa sau	@HUE	data\processed_transcripts\4_fIYx-m0zQ.json
data\raw_audio\4_fIYx-m0zQ.wav	783.639	787.92	khi mà cái tòa nhà thi đấu ở giữa hoàn thành.	@HUE	data\processed_transcripts\4_fIYx-m0zQ.json
data\raw_audio\4_fIYx-m0zQ.wav	787.92	792.92	Thì vừa rồi em cũng đã cố gắng cập nhật cho quý vị xem những hình ảnh mới nhất	@HUE	data\processed_transcripts\4_fIYx-m0zQ.json
data\raw_audio\4_fIYx-m0zQ.wav	792.92	799.6	về cái không khí Giáng sinh năm 2025. Noel 2025 cũng như là cái sân khấu Khao	@HUE	data\processed_transcripts\4_fIYx-m0zQ.json
data\raw_audio\4_fIYx-m0zQ.wav	799.6	803.72	Đào sẽ tổ chức tại quảng trường văn hóa thể thao thành phố Huế quảng trường 200	@HUE	data\processed_transcripts\4_fIYx-m0zQ.json
data\raw_audio\4_fIYx-m0zQ.wav	803.72	807.839	tỷ. Thì quý vị nghĩ sao về cái video này và	@HUE	data\processed_transcripts\4_fIYx-m0zQ.json
data\raw_audio\4_fIYx-m0zQ.wav	807.839	815.399	nghĩ sao về cái à không khí Noel năm nay cũng như là cái dịp khao đao năm 2025	@HUE	data\processed_transcripts\4_fIYx-m0zQ.json
data\raw_audio\4_fIYx-m0zQ.wav	815.399	820.44	thì mong quý vị chúng ta like, chia sẻ và đăng ký kênh Huế hôm nay. Cảm ơn quý	@HUE	data\processed_transcripts\4_fIYx-m0zQ.json
data\raw_audio\4_fIYx-m0zQ.wav	820.44	823.8	vị. Xin chào và hẹn gặp lại.	@HUE	data\processed_transcripts\4_fIYx-m0zQ.json
data\raw_audio\99Tanm9dhvc.wav	2.52	5.96	Vâng, mến chào quý vị đã quay lại với Huế Review.	@HUE	data\processed_transcripts\99Tanm9dhvc.json
data\raw_audio\99Tanm9dhvc.wav	5.96	10.719	À quý vị và các bạn thân mến, à hiện tại thì Huế Review đang di chuyển trên đường	@HUE	data\processed_transcripts\99Tanm9dhvc.json
data\raw_audio\99Tanm9dhvc.wav	10.719	16.08	Nguyễn Sinh Cung và chắc có lẽ thì con đường này nó rất là thân thuộc đối với	@HUE	data\processed_transcripts\99Tanm9dhvc.json
data\raw_audio\99Tanm9dhvc.wav	16.08	20.6	quý vị khán giả trên kênh Huế Review nói riêng và quý vị khán giả yêu Hiến nói	@HUE	data\processed_transcripts\99Tanm9dhvc.json
data\raw_audio\99Tanm9dhvc.wav	20.6	24.64	chung rồi quý vị. Tuy nhiên thì hôm nay Huy Review không	@HUE	data\processed_transcripts\99Tanm9dhvc.json
data\raw_audio\99Tanm9dhvc.wav	24.64	29.359	phải giới thiệu cái con đường Nguyễn Sinh Cung này nữa cho quý vị xem mà đây	@HUE	data\processed_transcripts\99Tanm9dhvc.json
data\raw_audio\99Tanm9dhvc.wav	29.359	35.079	chính là cái con đường dẫn quý vị đến một trong những cái ngôi làng quê bình	@HUE	data\processed_transcripts\99Tanm9dhvc.json
data\raw_audio\99Tanm9dhvc.wav	35.079	40.399	yên nhất của sự Huế Mộng Mơ. Vậy thì đó là những cái làng quê nào thì	@HUE	data\processed_transcripts\99Tanm9dhvc.json
data\raw_audio\99Tanm9dhvc.wav	40.399	46.399	mời quý vị và các bạn cùng đồng hành với Huế Review. Chúng ta sẽ quẹo phải qua	@HUE	data\processed_transcripts\99Tanm9dhvc.json
data\raw_audio\99Tanm9dhvc.wav	46.399	52.359	đường à Tùng Thiện Vương. Thì không biết khán giả kinh Huế Review	@HUE	data\processed_transcripts\99Tanm9dhvc.json
data\raw_audio\99Tanm9dhvc.wav	52.359	55.92	có nhận ra cái con đường Tùng Thiện Vương này và có ai ở cái con đường Tùng	@HUE	data\processed_transcripts\99Tanm9dhvc.json
data\raw_audio\99Tanm9dhvc.wav	55.92	60.12	Thiện Vương này hay không? Con đường Tùng Thiện Vương này thì nó dẫn đến một	@HUE	data\processed_transcripts\99Tanm9dhvc.json
data\raw_audio\99Tanm9dhvc.wav	60.12	64.96	cái quán chè gọi là chè ông lạc. Một cái quán chè gắn liền với tuổi thơ của Huế	@HUE	data\processed_transcripts\99Tanm9dhvc.json
data\raw_audio\99Tanm9dhvc.wav	64.96	71.439	Review. Thưa quý vị ngày xưa mà khi Huế Review còn đi học thì mỗi lần anh em là	@HUE	data\processed_transcripts\99Tanm9dhvc.json
data\raw_audio\99Tanm9dhvc.wav	71.439	76.56	thường ghé về cái quán trè đây. Nằm ngay cái ngã tư đây quý vị.	@HUE	data\processed_transcripts\99Tanm9dhvc.json
data\raw_audio\99Tanm9dhvc.wav	76.56	80.4	Cái quảng tre nằm ngay cái ngã tư bên này đó nhìn bên tay phải. Còn bây giờ	@HUE	data\processed_transcripts\99Tanm9dhvc.json
data\raw_audio\99Tanm9dhvc.wav	80.4	86.079	chúng ta sẽ rẹo đường Thanh Tịnh để đi đến một cái	@HUE	data\processed_transcripts\99Tanm9dhvc.json
data\raw_audio\99Tanm9dhvc.wav	86.079	92.36	thôn đầu tiên của xã Phù Thượng đó là cái thôn Lại Thế.	@HUE	data\processed_transcripts\99Tanm9dhvc.json
data\raw_audio\99Tanm9dhvc.wav	92.36	96.799	Cái con đường Thanh Tịnh này cũng có rất nhiều các cái quán chay ăn rất là ngon	@HUE	data\processed_transcripts\99Tanm9dhvc.json
data\raw_audio\99Tanm9dhvc.wav	96.799	101.36	thôi quý vị. Và đối với người Huế thì những cái món	@HUE	data\processed_transcripts\99Tanm9dhvc.json
data\raw_audio\99Tanm9dhvc.wav	101.36	108.119	chay nó là những cái món ăn rất là gần gũi trong những ngày rầm hoặc là ngày	@HUE	data\processed_transcripts\99Tanm9dhvc.json
data\raw_audio\99Tanm9dhvc.wav	108.119	114.399	mùng 30 mùng đầu tháng. Con đường Thanh Tĩnh này thì chắc có lẽ	@HUE	data\processed_transcripts\99Tanm9dhvc.json
data\raw_audio\99Tanm9dhvc.wav	114.399	119.039	là cũng ít người biết bởi vì nó nằm trong cái khu vực này thì chỉ có là ba	@HUE	data\processed_transcripts\99Tanm9dhvc.json
data\raw_audio\99Tanm9dhvc.wav	119.039	124.56	con ở cái quanh khu vực lân cận này có thể biết thôi. Tuy nhiên thì đây cũng là	@HUE	data\processed_transcripts\99Tanm9dhvc.json
data\raw_audio\99Tanm9dhvc.wav	124.56	127.96	một trong những cái con đường mà có rất nhiều các cái quản ăn, các cái hàng xá	@HUE	data\processed_transcripts\99Tanm9dhvc.json
data\raw_audio\99Tanm9dhvc.wav	127.96	133.72	rất là ngon và đặc biệt là có những cái hình ảnh nó rất là gắn liền với à thôn	@HUE	data\processed_transcripts\99Tanm9dhvc.json
data\raw_audio\99Tanm9dhvc.wav	133.72	139.64	Vĩ Dạ. Thưa quý vị, những cái hàng câu xanh mước à	@HUE	data\processed_transcripts\99Tanm9dhvc.json
data\raw_audio\99Tanm9dhvc.wav	139.64	146.16	trước ngõ của những cái ngôi nhà nó là những cái điểm đặc trưng mà giống với	@HUE	data\processed_transcripts\99Tanm9dhvc.json
data\raw_audio\99Tanm9dhvc.wav	146.16	152.0	các cái a hình ảnh của thôn Mỹ Dạ.	@HUE	data\processed_transcripts\99Tanm9dhvc.json
data\raw_audio\99Tanm9dhvc.wav	152.0	156.8	Và ở đây chúng ta có cái câu ong thượng. Thì trước kia cũng có một [âm nhạc] số	@HUE	data\processed_transcripts\99Tanm9dhvc.json
data\raw_audio\99Tanm9dhvc.wav	156.8	162.64	vị khán giả của kênh Huế Review là ở cái khu vực thôn Lại Thế thì thôn Lại Thế	@HUE	data\processed_transcripts\99Tanm9dhvc.json
data\raw_audio\99Tanm9dhvc.wav	162.64	167.2	cũng được công nhận là một cái thôn văn hóa và có một cái đình làng Lại Thế là	@HUE	data\processed_transcripts\99Tanm9dhvc.json
data\raw_audio\99Tanm9dhvc.wav	167.2	173.68	một cái đình làng được thành lập cũng rất là lâu từ thập niên 70 1000 từ thập	@HUE	data\processed_transcripts\99Tanm9dhvc.json
data\raw_audio\99Tanm9dhvc.wav	173.68	184.239	niên a à từ thế kỷ thứ 10 tính ra là cũng từ thế kỷ thứ 108 rồi quý vị	@HUE	data\processed_transcripts\99Tanm9dhvc.json
data\raw_audio\99Tanm9dhvc.wav	184.239	190.4	Và cái di tích đình làng lại thế cũng được công nhận là di tích lịch sử cấp	@HUE	data\processed_transcripts\99Tanm9dhvc.json
data\raw_audio\99Tanm9dhvc.wav	190.4	198.64	quốc gia, một cái niềm tự hào của bà con a trong à thôn Lại Thế.	@HUE	data\processed_transcripts\99Tanm9dhvc.json
data\raw_audio\99Tanm9dhvc.wav	198.64	204.2	Ở đây thì có cái hồ lệ thế rồi cái con đường này bây giờ	@HUE	data\processed_transcripts\99Tanm9dhvc.json
data\raw_audio\99Tanm9dhvc.wav	204.2	211.239	thì cũng đã được à xây dựng bê tông hóa nhìn rất là đẹp và	@HUE	data\processed_transcripts\99Tanm9dhvc.json
data\raw_audio\99Tanm9dhvc.wav	211.239	216.36	cũng có rất nhiều các cái ngôi nhà sang sát những cái ngôi nhà cao tầng cũng đã	@HUE	data\processed_transcripts\99Tanm9dhvc.json
data\raw_audio\99Tanm9dhvc.wav	216.36	220.239	được mọc lên. Trước kia thì con đường này là những cái	@HUE	data\processed_transcripts\99Tanm9dhvc.json
data\raw_audio\99Tanm9dhvc.wav	220.239	224.959	con đường đất đỏ và những cái ngôi nhà như thế này là những cái ngôi nhà cổ đây	@HUE	data\processed_transcripts\99Tanm9dhvc.json
data\raw_audio\99Tanm9dhvc.wav	224.959	228.959	quý vị. Và mỗi tr mỗi ngôi nhà đều có những cái	@HUE	data\processed_transcripts\99Tanm9dhvc.json
data\raw_audio\99Tanm9dhvc.wav	228.959	235.959	hàng câu. Ở đây thì cũng có một cái ngôi nhà rường	@HUE	data\processed_transcripts\99Tanm9dhvc.json
data\raw_audio\99Tanm9dhvc.wav	235.959	242.84	đấy. Và ở đây là chắc là có lẽ là một cái đình à một cái ngôi đình hay là một	@HUE	data\processed_transcripts\99Tanm9dhvc.json
data\raw_audio\99Tanm9dhvc.wav	242.84	247.879	cái ngôi chùa hay là một cái nhà thờ họ gì đó thì Huế Review vẫn chưa tìm hiểu	@HUE	data\processed_transcripts\99Tanm9dhvc.json
data\raw_audio\99Tanm9dhvc.wav	247.879	255.72	kỹ cái khu vực này. Hôm nay là chỉ muốn à đi lướt qua để cho quý vị à xem cái	@HUE	data\processed_transcripts\99Tanm9dhvc.json
data\raw_audio\99Tanm9dhvc.wav	255.72	261.199	khu vực thôn Lại Thế à những cái khu vực làng quê khá là bình yên nằm ở xã Phù	@HUE	data\processed_transcripts\99Tanm9dhvc.json
data\raw_audio\99Tanm9dhvc.wav	261.199	267.0	Thượng cũng như là những cái khu vực làng quê bình yên à bên cạnh cái dòng	@HUE	data\processed_transcripts\99Tanm9dhvc.json
data\raw_audio\99Tanm9dhvc.wav	267.0	271.039	sông Như Ý. Ở đây thì quý vị cũng có thể thấy là	@HUE	data\processed_transcripts\99Tanm9dhvc.json
data\raw_audio\99Tanm9dhvc.wav	271.039	277.36	những cái di tích lịch sử, những cái ngôi nhà cổ nó vẫn à còn tồn tại rất là	@HUE	data\processed_transcripts\99Tanm9dhvc.json
data\raw_audio\99Tanm9dhvc.wav	277.36	281.28	nhiều. Và cái hình ảnh những cái trụ biểu này	@HUE	data\processed_transcripts\99Tanm9dhvc.json
data\raw_audio\99Tanm9dhvc.wav	281.28	286.68	thì có lẽ là nó lại gắn liền với những cái hình ảnh là quê.	@HUE	data\processed_transcripts\99Tanm9dhvc.json
data\raw_audio\99Tanm9dhvc.wav	286.68	291.52	Đấy, ở đây có một cái phủ thờ	@HUE	data\processed_transcripts\99Tanm9dhvc.json
data\raw_audio\99Tanm9dhvc.wav	291.52	298.32	các cái nhân vật của Triều Nguyễn đây quý vị. Và bên trong thì là một cái mảnh	@HUE	data\processed_transcripts\99Tanm9dhvc.json
data\raw_audio\99Tanm9dhvc.wav	298.32	301.72	đất rất là rộng. Rất là nhiều các cái	@HUE	data\processed_transcripts\99Tanm9dhvc.json
data\raw_audio\99Tanm9dhvc.wav	305.4	309.68	chậu hoa được trồng. Có lẽ đó là những cái hình ảnh ảnh rất	@HUE	data\processed_transcripts\99Tanm9dhvc.json
data\raw_audio\99Tanm9dhvc.wav	309.68	315.24	là đẹp và gần gũi với khung cảnh làng quê.	@HUE	data\processed_transcripts\99Tanm9dhvc.json
data\raw_audio\99Tanm9dhvc.wav	315.24	321.6	Sau khi qua hết thôn lợi thế thì chúng ta đến đường Phạm Văn Đồng đây quý vị.	@HUE	data\processed_transcripts\99Tanm9dhvc.json
data\raw_audio\99Tanm9dhvc.wav	321.6	326.44	Và trước mặt quý vị đó chính là cổng của một ngôi làng cũng rất là đẹp và đúng	@HUE	data\processed_transcripts\99Tanm9dhvc.json
data\raw_audio\99Tanm9dhvc.wav	326.44	331.68	được công nhận là làng Phá Hóa đó chính là làng Ngọc Anh.	@HUE	data\processed_transcripts\99Tanm9dhvc.json
data\raw_audio\99Tanm9dhvc.wav	331.68	337.199	Như những video trước Huế Review cũng có nói là cái làng Ngọc Anh này nó gắn liền	@HUE	data\processed_transcripts\99Tanm9dhvc.json
data\raw_audio\99Tanm9dhvc.wav	337.199	343.199	với những cái câu thơ trong bài thơ Đây thôn Vĩ Dạ của nhà thơ Hà Mạc Tử.	@HUE	data\processed_transcripts\99Tanm9dhvc.json
data\raw_audio\99Tanm9dhvc.wav	343.199	352.16	Bởi vì những hàng câu à và những cái ngôi nhà hết sức là đẹp nằm ở trong cái	@HUE	data\processed_transcripts\99Tanm9dhvc.json
data\raw_audio\99Tanm9dhvc.wav	352.16	359.919	khu vực này đã làm cho thi sĩ Hà Mạc Tử đó sáng tác	@HUE	data\processed_transcripts\99Tanm9dhvc.json
data\raw_audio\99Tanm9dhvc.wav	359.919	367.479	ra một cái tuyệt phẩm đối với làng quê sứ Huế đây thôn Vĩ Dạ.	@HUE	data\processed_transcripts\99Tanm9dhvc.json
data\raw_audio\99Tanm9dhvc.wav	367.479	374.599	Ở làng Ngọc Anh thì như quý vị cũng đã thấy thì nhà cửa của bà con thì cũng khá	@HUE	data\processed_transcripts\99Tanm9dhvc.json
data\raw_audio\99Tanm9dhvc.wav	374.599	381.039	là khang trang. Nó không còn những cái ngôi nhà lụp sụp, những cái ngôi nhà quê	@HUE	data\processed_transcripts\99Tanm9dhvc.json
data\raw_audio\99Tanm9dhvc.wav	381.039	387.12	à trước kia nữa. Và bây giờ thì theo cái sự quy hoạch của à thời đại mới thì	@HUE	data\processed_transcripts\99Tanm9dhvc.json
data\raw_audio\99Tanm9dhvc.wav	387.12	392.4	những cái ngôi nhà hiện đại được mọc lên. Tuy nhiên thì song song với nó thì	@HUE	data\processed_transcripts\99Tanm9dhvc.json
data\raw_audio\99Tanm9dhvc.wav	392.4	397.199	vẫn tồn tại những cái đinh làng, những cái nhà thờ họ và	@HUE	data\processed_transcripts\99Tanm9dhvc.json
data\raw_audio\99Tanm9dhvc.wav	397.199	402.8	được trong những cái hàng câu trước mặt nó vẫn còn giữ lại một nét truyền thống	@HUE	data\processed_transcripts\99Tanm9dhvc.json
data\raw_audio\99Tanm9dhvc.wav	402.8	412.44	văn hóa của ngày xưa. Và ở đây thì bà con cũng à thường có những cái kỳ thu	@HUE	data\processed_transcripts\99Tanm9dhvc.json
data\raw_audio\99Tanm9dhvc.wav	412.44	418.759	tế, những cái kỳ tế lệ khi mà đình làng hội họp.	@HUE	data\processed_transcripts\99Tanm9dhvc.json
data\raw_audio\99Tanm9dhvc.wav	419.319	424.08	Thực sự mà Huế Review rất là tâm đắc với cái việc mà quay những cái ngôi làng,	@HUE	data\processed_transcripts\99Tanm9dhvc.json
data\raw_audio\99Tanm9dhvc.wav	424.08	430.8	những cái đình làng, những cái nhà thờ họ cho à để giới thiệu đến quý vị cũng	@HUE	data\processed_transcripts\99Tanm9dhvc.json
data\raw_audio\99Tanm9dhvc.wav	430.8	437.16	như là giới thiệu đến du khách để cho quý vị có thể à tưởng nhớ về cái cội	@HUE	data\processed_transcripts\99Tanm9dhvc.json
data\raw_audio\99Tanm9dhvc.wav	437.16	441.8	nguồn của mình. Bởi vì Huế Trhi biết rằng là có rất nhiều quý vị khán giả xa	@HUE	data\processed_transcripts\99Tanm9dhvc.json
data\raw_audio\99Tanm9dhvc.wav	441.8	446.039	quê cũng đã mấy chục năm trời. Cũng có vị khán giả thì cũng xa quê mới đây	@HUE	data\processed_transcripts\99Tanm9dhvc.json
data\raw_audio\99Tanm9dhvc.wav	446.039	449.879	thôi. Nhưng mà những cái hình ảnh về quê hương, những cái hận ảnh về cội nguồn	@HUE	data\processed_transcripts\99Tanm9dhvc.json
data\raw_audio\99Tanm9dhvc.wav	449.879	456.84	thì luôn luôn là à tồn tại trong suy nghĩ và tâm thức của quý vị.	@HUE	data\processed_transcripts\99Tanm9dhvc.json
data\raw_audio\99Tanm9dhvc.wav	456.84	461.479	Chắc chắc hẳn thì quý vị cũng nhận ra cái con sông này rồi đúng hả quý vị? Cái	@HUE	data\processed_transcripts\99Tanm9dhvc.json
data\raw_audio\99Tanm9dhvc.wav	461.479	467.199	con sông này thì à vừa rồi Huế Review cũng đã có quay cho quý vị xem. Tuy	@HUE	data\processed_transcripts\99Tanm9dhvc.json
data\raw_audio\99Tanm9dhvc.wav	467.199	471.96	nhiên thì ừ	@HUE	data\processed_transcripts\99Tanm9dhvc.json
data\raw_audio\99Tanm9dhvc.wav	471.96	476.639	Huế Review chỉ quay một cái bên bờ sông thôi. Còn đây chính là cái bờ sông đối	@HUE	data\processed_transcripts\99Tanm9dhvc.json
data\raw_audio\99Tanm9dhvc.wav	476.639	482.68	diện. Bên kia chính là cái	@HUE	data\processed_transcripts\99Tanm9dhvc.json
data\raw_audio\99Tanm9dhvc.wav	482.68	488.08	khu vực thuộc Thủy Vân. Còn bên này thì là thôn Chiếc Bi.	@HUE	data\processed_transcripts\99Tanm9dhvc.json
data\raw_audio\99Tanm9dhvc.wav	488.08	492.84	Ở đây thì nó vẫn còn trong cái phạm vi của làng Ngọc Anh thôi quý vị. Và sau	@HUE	data\processed_transcripts\99Tanm9dhvc.json
data\raw_audio\99Tanm9dhvc.wav	492.84	500.639	tiếp theo là Ngọc Anh đó chính là cái thôn thôn Chiết Bi thuộc xã Phú Thượng.	@HUE	data\processed_transcripts\99Tanm9dhvc.json
data\raw_audio\99Tanm9dhvc.wav	500.639	507.039	Ở đây thì quý vị cũng có thể thấy những cái nhà thờ họ nhìn rất là đẹp và được	@HUE	data\processed_transcripts\99Tanm9dhvc.json
data\raw_audio\99Tanm9dhvc.wav	507.039	515.159	à trang trí tô quét rất là đậm màu sắc. Con đường này thì rõ ràng là những lụy	@HUE	data\processed_transcripts\99Tanm9dhvc.json
data\raw_audio\99Tanm9dhvc.wav	515.159	524.279	tre làng nằm sát bên luôn làm cho chúng ta là cảm thấy là khung cảnh	@HUE	data\processed_transcripts\99Tanm9dhvc.json
data\raw_audio\99Tanm9dhvc.wav	524.279	531.279	làng quê luôn tồn tại trong mắt của mỗi người. Chính vì những cái điều này mà	@HUE	data\processed_transcripts\99Tanm9dhvc.json
data\raw_audio\99Tanm9dhvc.wav	531.279	535.88	Huế Review muốn luôn muốn mang đến những cái hình ảnh về làng quê cho quý vị xem.	@HUE	data\processed_transcripts\99Tanm9dhvc.json
data\raw_audio\99Tanm9dhvc.wav	535.88	542.56	Bởi vì đi trên những con đường này, đi trong cái khung cảnh này luôn làm cho ta	@HUE	data\processed_transcripts\99Tanm9dhvc.json
data\raw_audio\99Tanm9dhvc.wav	542.56	548.079	một cái cảm giác rất là yên bình và rất là thanh tịnh. Thưa quý vị,	@HUE	data\processed_transcripts\99Tanm9dhvc.json
data\raw_audio\99Tanm9dhvc.wav	548.079	552.72	điều mà mỗi con người chúng ta đều phấn đấu, đều muốn đạt đến đó là có một cái	@HUE	data\processed_transcripts\99Tanm9dhvc.json
data\raw_audio\99Tanm9dhvc.wav	552.72	557.839	sự thanh tịnh trong con tim. Và việc mà chúng ta đi về những cái làng quê, những	@HUE	data\processed_transcripts\99Tanm9dhvc.json
data\raw_audio\99Tanm9dhvc.wav	557.839	562.12	cái nơi êm đệm, những cái nơi yên bình như thế này thì thực sự mà nói là làm	@HUE	data\processed_transcripts\99Tanm9dhvc.json
data\raw_audio\99Tanm9dhvc.wav	562.12	568.76	cho tâm thức của chúng ta càng ngày càng trở nên à thanh tịnh.	@HUE	data\processed_transcripts\99Tanm9dhvc.json
data\raw_audio\99Tanm9dhvc.wav	568.76	573.36	Ở đây thì dòng sông mà Huế Review muốn nói đó chính là cái dòng sông Như Ý. Đây	@HUE	data\processed_transcripts\99Tanm9dhvc.json
data\raw_audio\99Tanm9dhvc.wav	573.36	578.959	quý vị ác hẳn thì quý vị cũng đã nhận ra nếu như quý vị nào chưa coi cái video	@HUE	data\processed_transcripts\99Tanm9dhvc.json
data\raw_audio\99Tanm9dhvc.wav	578.959	586.88	trước à mà Huế Review đã quay về cái a xui dòng như ý đến cái làng quê đẹp nhất	@HUE	data\processed_transcripts\99Tanm9dhvc.json
data\raw_audio\99Tanm9dhvc.wav	586.88	592.88	của kinh thành Huế Xưa thì mời quý vị xem lại video đó để biết hên biết hơn	@HUE	data\processed_transcripts\99Tanm9dhvc.json
data\raw_audio\99Tanm9dhvc.wav	592.88	599.44	nữa về cái con sông Như Ý. Tuy nhiên thì hôm nay Huy Review lại tiếp tục xui dòng	@HUE	data\processed_transcripts\99Tanm9dhvc.json
data\raw_audio\99Tanm9dhvc.wav	599.44	606.519	như ý và đi vào những cái ngôi làng mà trước kia Huế Review chưa quay trực tiếp	@HUE	data\processed_transcripts\99Tanm9dhvc.json
data\raw_audio\99Tanm9dhvc.wav	606.519	611.92	cho quý vị xem. Thì à	@HUE	data\processed_transcripts\99Tanm9dhvc.json
data\raw_audio\99Tanm9dhvc.wav	611.92	617.279	thật ra mà nói những cái ngôi làng bên cạnh những cái	@HUE	data\processed_transcripts\99Tanm9dhvc.json
data\raw_audio\99Tanm9dhvc.wav	617.279	622.64	dòng sông như thế này nó là cái biểu tượng đặc trưng cho những cái kinh thành	@HUE	data\processed_transcripts\99Tanm9dhvc.json
data\raw_audio\99Tanm9dhvc.wav	622.64	626.6	Huế xưa. Và những cái ngôi làng này nó có nó gắn liền.	@HUE	data\processed_transcripts\99Tanm9dhvc.json
data\raw_audio\99Tanm9dhvc.wav	626.6	631.64	với à kinh thành Huế Xưa. Thưa quý vị,	@HUE	data\processed_transcripts\99Tanm9dhvc.json
data\raw_audio\99Tanm9dhvc.wav	631.64	635.44	như quý vị đã thấy thì chúng ta đã đi vào cái địa phận của thôn Văn Hóa Chiếc	@HUE	data\processed_transcripts\99Tanm9dhvc.json
data\raw_audio\99Tanm9dhvc.wav	635.44	640.32	Bi. Và lúc trước thì Huế Review cũng hay nói vui với quý vị là tại sao đặt tên là	@HUE	data\processed_transcripts\99Tanm9dhvc.json
data\raw_audio\99Tanm9dhvc.wav	640.32	648.04	Chiếc Bi là bởi vì là ở đây thì bà con chi cũng biết nên gọi là chiếc bi.	@HUE	data\processed_transcripts\99Tanm9dhvc.json
data\raw_audio\99Tanm9dhvc.wav	648.04	652.56	Thì ắc hẳn thì những cái vị khán giả trung niên hay là những cái vị khán giả	@HUE	data\processed_transcripts\99Tanm9dhvc.json
data\raw_audio\99Tanm9dhvc.wav	652.56	660.079	mà lớn tuổi sống trong cái khu vực làng chết bi này thì cũng có thể	@HUE	data\processed_transcripts\99Tanm9dhvc.json
data\raw_audio\99Tanm9dhvc.wav	660.079	664.959	hiểu được cái cách nói vui đó. Bởi vì bà con ở đây thường thường hay nói như vậy.	@HUE	data\processed_transcripts\99Tanm9dhvc.json
data\raw_audio\99Tanm9dhvc.wav	664.959	668.6	Và quý vị có thể thấy là đình làng chiếc bi là nhìn rất là đẹp. Đây quý vị. Những	@HUE	data\processed_transcripts\99Tanm9dhvc.json
data\raw_audio\99Tanm9dhvc.wav	668.6	674.36	cái trụ biểu thì chúng ta nhìn thấy rất là cổ và những cái kiến trúc đình làng	@HUE	data\processed_transcripts\99Tanm9dhvc.json
data\raw_audio\99Tanm9dhvc.wav	674.36	682.279	đặc trưng của Huế nó vẫn tồn tại song song. Và như từ lúc nãy tới giờ thì	@HUE	data\processed_transcripts\99Tanm9dhvc.json
data\raw_audio\99Tanm9dhvc.wav	682.279	688.36	chúng ta đều thấy rằng à đi tới mỗi cái thôn, mỗi cái làng	@HUE	data\processed_transcripts\99Tanm9dhvc.json
data\raw_audio\99Tanm9dhvc.wav	688.36	694.079	chúng ta đều thấy có đỉnh làng, những cái ngôi nhà thờ họ. Đấy và	@HUE	data\processed_transcripts\99Tanm9dhvc.json
data\raw_audio\99Tanm9dhvc.wav	694.079	699.16	chính cái điều đó nó là cái nét đặc trưng làng quê của sự Huế.	@HUE	data\processed_transcripts\99Tanm9dhvc.json
data\raw_audio\99Tanm9dhvc.wav	699.16	703.44	Và thực sự mà nói thì nãy giờ thì chúng ta không có thể không	@HUE	data\processed_transcripts\99Tanm9dhvc.json
data\raw_audio\99Tanm9dhvc.wav	703.44	709.16	thấy ít ít thấy người qua lại là bởi vì đây là những cái vùng quê thực sự mà nói	@HUE	data\processed_transcripts\99Tanm9dhvc.json
data\raw_audio\99Tanm9dhvc.wav	709.16	715.72	là bà con thì chủ yếu sinh sống bằng nghề nông và mỗi ngày là bà con đều phải	@HUE	data\processed_transcripts\99Tanm9dhvc.json
data\raw_audio\99Tanm9dhvc.wav	715.72	720.839	ra đồng làm ruộng. Chính vì vậy mà những cái khung cảnh yên bình như thế này nó	@HUE	data\processed_transcripts\99Tanm9dhvc.json
data\raw_audio\99Tanm9dhvc.wav	720.839	724.24	luôn tồn tồn tại mãi ở cái khu vực làng quê.	@HUE	data\processed_transcripts\99Tanm9dhvc.json
data\raw_audio\99Tanm9dhvc.wav	724.24	729.44	Bởi vì nếu như không có à	@HUE	data\processed_transcripts\99Tanm9dhvc.json
data\raw_audio\99Tanm9dhvc.wav	729.44	735.199	việc đi làm đồng án thì những cái khung cảnh này nó sẽ không bao	@HUE	data\processed_transcripts\99Tanm9dhvc.json
data\raw_audio\99Tanm9dhvc.wav	735.199	741.16	giờ xuất hiện. Những à	@HUE	data\processed_transcripts\99Tanm9dhvc.json
data\raw_audio\99Tanm9dhvc.wav	741.16	745.519	những điều mà Huế Review luôn cảm thấy rất là ấn tượng ở những cái khu vực làng	@HUE	data\processed_transcripts\99Tanm9dhvc.json
data\raw_audio\99Tanm9dhvc.wav	745.519	751.68	quê như thế này đó chính là những ngôi nhà cổ, những vườn câu trước	@HUE	data\processed_transcripts\99Tanm9dhvc.json
data\raw_audio\99Tanm9dhvc.wav	751.68	760.079	ngõ những rằng gia tàu và trước mặt là những hiện ảnh là con những cái con sông	@HUE	data\processed_transcripts\99Tanm9dhvc.json
data\raw_audio\99Tanm9dhvc.wav	768.519	774.079	Vâng và có thể nói thì à à thôn Chế Bi cũng là một trong những	@HUE	data\processed_transcripts\99Tanm9dhvc.json
data\raw_audio\99Tanm9dhvc.wav	774.079	781.24	cái thôn văn hóa rất là đẹp đây quý vị. Và đây là chính là cái khúc cuối của	@HUE	data\processed_transcripts\99Tanm9dhvc.json
data\raw_audio\99Tanm9dhvc.wav	781.24	785.48	thôn Chiếc Bi. Và trước mặt quý vị chính là một cái cổng làng của một cái ngôi	@HUE	data\processed_transcripts\99Tanm9dhvc.json
data\raw_audio\99Tanm9dhvc.wav	785.48	790.519	làng mà video trước Huế Viw cũng đã từng quay cho quý vị xem một cái ngôi chợ	@HUE	data\processed_transcripts\99Tanm9dhvc.json
data\raw_audio\99Tanm9dhvc.wav	790.519	795.839	trong cái làng này chính là làng Dưỡng Mông Thượng. Và đây chính là chùa của	@HUE	data\processed_transcripts\99Tanm9dhvc.json
data\raw_audio\99Tanm9dhvc.wav	795.839	801.639	Dưng Mông. Thì cái ngôi chùa này á nó cũng đã được à xây dựng rất là lâu đời.	@HUE	data\processed_transcripts\99Tanm9dhvc.json
data\raw_audio\99Tanm9dhvc.wav	801.639	806.16	Tuy nhiên thì bây giờ mới được trùng tu. Do đó nhìn cũng khá là mới mẻ.	@HUE	data\processed_transcripts\99Tanm9dhvc.json
data\raw_audio\99Tanm9dhvc.wav	806.16	810.76	Nhưng mà thật ra cái tuổi thọ của nó là cũng rất là lâu rồi quý vị.	@HUE	data\processed_transcripts\99Tanm9dhvc.json
data\raw_audio\99Tanm9dhvc.wav	810.76	818.279	Ở đây cũng có những cái nhà thờ họ rồi cũng à có những cái rằng tre làng bên	@HUE	data\processed_transcripts\99Tanm9dhvc.json
data\raw_audio\99Tanm9dhvc.wav	818.279	823.72	cái dòng sông Như Ý. Đấy và bà con ở đây thì quý vị cũng đã thấy là bà con là chủ	@HUE	data\processed_transcripts\99Tanm9dhvc.json
data\raw_audio\99Tanm9dhvc.wav	823.72	831.079	yếu là sinh sống bằng nghề nông trong các cái loại rau màu và đặc biệt là	@HUE	data\processed_transcripts\99Tanm9dhvc.json
data\raw_audio\99Tanm9dhvc.wav	831.079	837.959	trồng lũa. Đây quý vị đi bên phía này của dòng sông Như Ý thì	@HUE	data\processed_transcripts\99Tanm9dhvc.json
data\raw_audio\99Tanm9dhvc.wav	837.959	843.56	chúng ta thấy một cái không gian bao lao bán ngác của đồng ruộng của làng quê.	@HUE	data\processed_transcripts\99Tanm9dhvc.json
data\raw_audio\99Tanm9dhvc.wav	843.56	848.12	Chính vì vậy mà cái cảm xúc của Huế Review là cũng	@HUE	data\processed_transcripts\99Tanm9dhvc.json
data\raw_audio\99Tanm9dhvc.wav	848.12	854.44	rất dạt giào về cái tình cảm quê hương. Đây quý vị, bầu trời thì nó rộng lớn và	@HUE	data\processed_transcripts\99Tanm9dhvc.json
data\raw_audio\99Tanm9dhvc.wav	854.44	859.6	chính những cái a cảnh đồng ruộng lúa rồi những cái ruộng hoa màu như thế này	@HUE	data\processed_transcripts\99Tanm9dhvc.json
data\raw_audio\99Tanm9dhvc.wav	859.6	866.32	là bao la bản ngác làm cho ta nhớ về một cái tuổi thơ ngày xưa. một cái tuổi thơ	@HUE	data\processed_transcripts\99Tanm9dhvc.json
data\raw_audio\99Tanm9dhvc.wav	866.32	871.399	nô đùa, vui vẻ trên những cái cảnh đồng và cùng với những cái lũ bạn vui chơi	@HUE	data\processed_transcripts\99Tanm9dhvc.json
data\raw_audio\99Tanm9dhvc.wav	871.399	877.759	với nhau thì thực sự mà nói thì không có cái cảm xúc nào mà có thể gợi về những	@HUE	data\processed_transcripts\99Tanm9dhvc.json
data\raw_audio\99Tanm9dhvc.wav	877.759	880.759	cái kỷ niệm tuổi thơ đó bằng cái việc mà chúng ta đi trên những cái con đường	@HUE	data\processed_transcripts\99Tanm9dhvc.json
data\raw_audio\99Tanm9dhvc.wav	880.759	887.519	làng như thế này rồi nhìn những bà con nông dân tưới tiêu rồi chăm sóc những	@HUE	data\processed_transcripts\99Tanm9dhvc.json
data\raw_audio\99Tanm9dhvc.wav	887.519	895.24	cái đồng ruộng những cái cây hoa màu của mình càng ngày càng tươi tốt.	@HUE	data\processed_transcripts\99Tanm9dhvc.json
data\raw_audio\99Tanm9dhvc.wav	895.24	901.32	Đây chính là cái khu vực bến bến nước đấy. Một cái bến nước rất là lâu đời và	@HUE	data\processed_transcripts\99Tanm9dhvc.json
data\raw_audio\99Tanm9dhvc.wav	901.32	905.88	bây giờ nó vẫn có tồn tại. Cái bến nước này thì nó lại nằm cạnh một cái ngôi	@HUE	data\processed_transcripts\99Tanm9dhvc.json
data\raw_audio\99Tanm9dhvc.wav	905.88	912.759	đình của đình dưỡng mông thượng. Đây quý vị. Và vừa rồi thì Huế Review cũng đã có	@HUE	data\processed_transcripts\99Tanm9dhvc.json
data\raw_audio\99Tanm9dhvc.wav	912.759	916.68	quay những hạn trên cao về [âm nhạc] cái đình làng dưỡng mông này cho quý vị xem	@HUE	data\processed_transcripts\99Tanm9dhvc.json
data\raw_audio\99Tanm9dhvc.wav	916.68	923.079	ở trong cái video khám phá chợ dưỡng mông. Đấy và thực sự mà nói thì cái đình	@HUE	data\processed_transcripts\99Tanm9dhvc.json
data\raw_audio\99Tanm9dhvc.wav	923.079	928.079	làng dưỡng mông nó có kiến trúc hết sức là tuyệt vời, hết sức là đẹp luôn. Những	@HUE	data\processed_transcripts\99Tanm9dhvc.json
data\raw_audio\99Tanm9dhvc.wav	928.079	932.519	cái trụ biểu rồi những cái bức bình phong, những cái kết cấu những cái kiến	@HUE	data\processed_transcripts\99Tanm9dhvc.json
data\raw_audio\99Tanm9dhvc.wav	932.519	937.519	trúc công trình trong ngôi làng trong cái ngôi đình này thì thực sự nó rất là	@HUE	data\processed_transcripts\99Tanm9dhvc.json
data\raw_audio\99Tanm9dhvc.wav	937.519	944.959	gần gũi và đặc trưng của kiến trúc đình làng, kiến trúc	@HUE	data\processed_transcripts\99Tanm9dhvc.json
data\raw_audio\99Tanm9dhvc.wav	944.959	950.199	ngày xưa của kinh thành Huế. Đây như quý vị cũng thể thấy là thấy lại	@HUE	data\processed_transcripts\99Tanm9dhvc.json
data\raw_audio\99Tanm9dhvc.wav	953.04	959.36	cái hình ảnh của cái cây cổ thù rất là lâu năm, rất là lâu đời tồn tại	@HUE	data\processed_transcripts\99Tanm9dhvc.json
data\raw_audio\99Tanm9dhvc.wav	959.36	964.0	và có thể nói cái dòng sông như ý đó là một cái dòng sông gắn liền với tuổi thơ	@HUE	data\processed_transcripts\99Tanm9dhvc.json
data\raw_audio\99Tanm9dhvc.wav	964.0	968.199	của rất nhiều khán giả của kênh Huế Review. Theo như những cái khán giả chia	@HUE	data\processed_transcripts\99Tanm9dhvc.json
data\raw_audio\99Tanm9dhvc.wav	968.199	977.519	sẻ thì cái dòng sông Như Ý này đã từng à được các quý vị đó tắm à và coi như là	@HUE	data\processed_transcripts\99Tanm9dhvc.json
data\raw_audio\99Tanm9dhvc.wav	977.519	983.88	từng chơi đùa vui vẻ rồi cùng có những quý vị khán giả cũng đã chăn trâu rồi	@HUE	data\processed_transcripts\99Tanm9dhvc.json
data\raw_audio\99Tanm9dhvc.wav	983.88	987.839	giác trâu xuống biến tấm vân vân vân vân thì rất nhiều những cái kỷ niệm được	@HUE	data\processed_transcripts\99Tanm9dhvc.json
data\raw_audio\99Tanm9dhvc.wav	987.839	993.199	chia sẻ trong bên cạnh cái dòng sông như ý này.	@HUE	data\processed_transcripts\99Tanm9dhvc.json
data\raw_audio\99Tanm9dhvc.wav	993.199	998.959	Và như quý vị có thể thấy là bên bên sau cái cánh đồng ruộng này đó chính	@HUE	data\processed_transcripts\99Tanm9dhvc.json
data\raw_audio\99Tanm9dhvc.wav	998.959	1008.04	là những cái ngôi nhà thờ họ của quý vị của những cái bà con ở trong cái khu vực	@HUE	data\processed_transcripts\99Tanm9dhvc.json
data\raw_audio\99Tanm9dhvc.wav	1008.04	1014.24	làng giỡng mọc thượng đấy. Và nhìn cái khung cảnh bầu trời trong	@HUE	data\processed_transcripts\99Tanm9dhvc.json
data\raw_audio\99Tanm9dhvc.wav	1014.24	1021.0	xanh cũng như là dòng nước hiền hòa và những cảnh đồng ruộng bao la bát ngác.	@HUE	data\processed_transcripts\99Tanm9dhvc.json
data\raw_audio\99Tanm9dhvc.wav	1021.0	1028.039	những cái bến nước, những cái à những cây đa thì thực sự mà nói là không có	@HUE	data\processed_transcripts\99Tanm9dhvc.json
data\raw_audio\99Tanm9dhvc.wav	1028.039	1032.88	cái cảm xúc nào mà bằng cái cảm xúc mà được đi trên cái không khí yên bình như	@HUE	data\processed_transcripts\99Tanm9dhvc.json
data\raw_audio\99Tanm9dhvc.wav	1032.88	1039.079	thế này. Thưa quý vị, đôi lúc à bên cạnh những cái cuộc sống	@HUE	data\processed_transcripts\99Tanm9dhvc.json
data\raw_audio\99Tanm9dhvc.wav	1039.079	1042.839	bồ, những cái cuộc sống ồn ào của thành phố, của thành thị thì việc mà chúng ta	@HUE	data\processed_transcripts\99Tanm9dhvc.json
data\raw_audio\99Tanm9dhvc.wav	1042.839	1049.4	tìm đến những cái làng quê yên tĩnh, hiền hòa và đầy chất thơ như thế này thì	@HUE	data\processed_transcripts\99Tanm9dhvc.json
data\raw_audio\99Tanm9dhvc.wav	1049.4	1055.36	nó lại có một cái gì đó làm cho con người chúng ta trở nên à	@HUE	data\processed_transcripts\99Tanm9dhvc.json
data\raw_audio\99Tanm9dhvc.wav	1055.36	1061.44	đầm tĩnh hơn. đó làm cho cái tính tình của chúng ta trở nên nhẹ nhõm hơn khi mà	@HUE	data\processed_transcripts\99Tanm9dhvc.json
data\raw_audio\99Tanm9dhvc.wav	1061.44	1065.28	chúng ta đối diện với những cái áp lực trong cuộc sống, đặc biệt là những cái	@HUE	data\processed_transcripts\99Tanm9dhvc.json
data\raw_audio\99Tanm9dhvc.wav	1065.28	1070.919	áp lực về kinh tế rồi những cái áp lực về công việc. Đó là những cái điều mà	@HUE	data\processed_transcripts\99Tanm9dhvc.json
data\raw_audio\99Tanm9dhvc.wav	1070.919	1076.48	chúng ta cảm thấy rất là bị stress và việc mà chúng ta đôi lúc chúng ta về một	@HUE	data\processed_transcripts\99Tanm9dhvc.json
data\raw_audio\99Tanm9dhvc.wav	1076.48	1083.4	cái ngôi làng yên bình và đẹp như những cái ngôi làng Ngọc Anh rồi làng chiếc bi	@HUE	data\processed_transcripts\99Tanm9dhvc.json
data\raw_audio\99Tanm9dhvc.wav	1083.4	1088.72	rồi làng lại thế hay là một cái ngôi làng mà Huy Review cũng muốn bonus thêm	@HUE	data\processed_transcripts\99Tanm9dhvc.json
data\raw_audio\99Tanm9dhvc.wav	1088.72	1093.52	cho quý vị đây khi chúng ta di chuyển qua cái cầu Công Lương ở khu vực Đức	@HUE	data\processed_transcripts\99Tanm9dhvc.json
data\raw_audio\99Tanm9dhvc.wav	1093.52	1100.88	Quốc lộ 49 này đây thì cái khu vực này thì chắc quý vị cũng đã rất là quen	@HUE	data\processed_transcripts\99Tanm9dhvc.json
data\raw_audio\99Tanm9dhvc.wav	1100.88	1105.2	thuộc. Nếu như chúng ta đi thẳng lên phía trên thì chúng ta sẽ di chuyển đến	@HUE	data\processed_transcripts\99Tanm9dhvc.json
data\raw_audio\99Tanm9dhvc.wav	1105.2	1108.44	cầu Vược Thủy Dương. Còn nếu như chúng ta đi theo hướng ngược lại thì chúng ta	@HUE	data\processed_transcripts\99Tanm9dhvc.json
data\raw_audio\99Tanm9dhvc.wav	1108.44	1115.0	sẽ về tỉnh lộ 10 và đi về th làng An Truyền. Làng An Truyền cũng	@HUE	data\processed_transcripts\99Tanm9dhvc.json
data\raw_audio\99Tanm9dhvc.wav	1115.0	1121.039	là một cái ngôi làng là giáo xưa tất cũ gắn liền rất là lâu đời với sự hình	@HUE	data\processed_transcripts\99Tanm9dhvc.json
data\raw_audio\99Tanm9dhvc.wav	1121.039	1125.159	thành của đất Thừa Thiên này thưa quý vị.	@HUE	data\processed_transcripts\99Tanm9dhvc.json
data\raw_audio\99Tanm9dhvc.wav	1125.159	1131.36	Và cái khu vực quốc lộ 49 này thì xe cố nhất là những cái xe tải đi rất là	@HUE	data\processed_transcripts\99Tanm9dhvc.json
data\raw_audio\99Tanm9dhvc.wav	1131.36	1141.679	nhiều. Đây là cái con đường huyết mặt để di chuyển từ phía Hương Thủy về Phú Vang	@HUE	data\processed_transcripts\99Tanm9dhvc.json
data\raw_audio\99Tanm9dhvc.wav	1141.679	1146.159	đó. Và quý vị cũng có thể thấy là hai bên	@HUE	data\processed_transcripts\99Tanm9dhvc.json
data\raw_audio\99Tanm9dhvc.wav	1146.159	1151.039	đường đất trống còn rất là nhiều. Đặc biệt thì những cái làng đường ở giữa	@HUE	data\processed_transcripts\99Tanm9dhvc.json
data\raw_audio\99Tanm9dhvc.wav	1151.039	1157.0	được trồng ở những cái cây câu như thế này thì sau này nó sẽ trở thành một cái	@HUE	data\processed_transcripts\99Tanm9dhvc.json
data\raw_audio\99Tanm9dhvc.wav	1157.0	1163.48	bóng mát để che chở cho cái khu vực đường quốc lộ 49 này thưa quý vị.	@HUE	data\processed_transcripts\99Tanm9dhvc.json
data\raw_audio\99Tanm9dhvc.wav	1163.48	1167.559	Và cái ngôi làng mà Huế review ngón [âm nhạc] bon thêm cho quý vị tiếp theo	@HUE	data\processed_transcripts\99Tanm9dhvc.json
data\raw_audio\99Tanm9dhvc.wav	1167.559	1173.919	đó chính là cái làng giả ly chánh. Đấy một cái ngôi làng nó gắn liền với rất	@HUE	data\processed_transcripts\99Tanm9dhvc.json
data\raw_audio\99Tanm9dhvc.wav	1173.919	1180.32	nhiều cái giáo sư tích cũ. những cái câu chuyện về làng quê và đặc biệt thì cái	@HUE	data\processed_transcripts\99Tanm9dhvc.json
data\raw_audio\99Tanm9dhvc.wav	1180.32	1185.919	cổng làng không cũng cho ta một cái cảm giác rất là cổ kính và nhìn rất là đẹp.	@HUE	data\processed_transcripts\99Tanm9dhvc.json
data\raw_audio\99Tanm9dhvc.wav	1185.919	1191.52	Thưa quý vị, thực sự mà Huế Review a	@HUE	data\processed_transcripts\99Tanm9dhvc.json
data\raw_audio\99Tanm9dhvc.wav	1191.52	1195.36	đi qua đi lại cái con đường này rất là nhiều lần rồi, nhưng mà khi nhìn thấy	@HUE	data\processed_transcripts\99Tanm9dhvc.json
data\raw_audio\99Tanm9dhvc.wav	1195.36	1203.96	cái cổng làng này vẫn cảm thấy có cái gì đó rất là mê mẩn bởi à cái	@HUE	data\processed_transcripts\99Tanm9dhvc.json
data\raw_audio\99Tanm9dhvc.wav	1203.96	1209.6	bên ngoài của cái khu vực làng Già Lê Chất này. Thưa quý vị, ở đây thì những	@HUE	data\processed_transcripts\99Tanm9dhvc.json
data\raw_audio\99Tanm9dhvc.wav	1209.6	1215.039	cái con đường làng bây giờ nó cũng được à nâng cấp và được rải bê tông nhựa rồi.	@HUE	data\processed_transcripts\99Tanm9dhvc.json
data\raw_audio\99Tanm9dhvc.wav	1215.039	1218.76	nó không còn là những cái con đường đất đỏ hay những con cái đường đất mà ngày	@HUE	data\processed_transcripts\99Tanm9dhvc.json
data\raw_audio\99Tanm9dhvc.wav	1218.76	1227.0	xưa những cái quý vị mà sống à lâu năm à có thể nhìn thấy.	@HUE	data\processed_transcripts\99Tanm9dhvc.json
data\raw_audio\99Tanm9dhvc.wav	1227.0	1231.32	Và đặc biệt thì Huệ Review cảm nhận ở đây có một cái nét gì đó phong thủy rất	@HUE	data\processed_transcripts\99Tanm9dhvc.json
data\raw_audio\99Tanm9dhvc.wav	1231.32	1236.52	giống với kiến trúc của triều đình nhà Nguyễn. Đó chính là	@HUE	data\processed_transcripts\99Tanm9dhvc.json
data\raw_audio\99Tanm9dhvc.wav	1236.52	1241.84	các yếu tố thủy tụ những cái bức bình phong dù là chùa hay là nhà thờ họ hay	@HUE	data\processed_transcripts\99Tanm9dhvc.json
data\raw_audio\99Tanm9dhvc.wav	1241.84	1250.799	là Đình Lạc đều có đầy đủ ba yếu tố à thủy tụ bình phong và những cái kiến	@HUE	data\processed_transcripts\99Tanm9dhvc.json
data\raw_audio\99Tanm9dhvc.wav	1250.799	1256.84	trúc về kiến trúc à làng cổ. Và đặc biệt thì quý vị cũng có thể thấy	@HUE	data\processed_transcripts\99Tanm9dhvc.json
data\raw_audio\99Tanm9dhvc.wav	1256.84	1262.96	ở đây có một cái hồ hồ cái hồ hoa sen. Một cái hồ hoa sen hiện tại thì cũng	@HUE	data\processed_transcripts\99Tanm9dhvc.json
data\raw_audio\99Tanm9dhvc.wav	1262.96	1269.679	đang được à trồng rất là nhiều và [âm nhạc] cũng	@HUE	data\processed_transcripts\99Tanm9dhvc.json
data\raw_audio\99Tanm9dhvc.wav	1269.679	1274.64	sắp đến cái ngày để nở rộ rồi quý vị. Và nếu như mà cái hồi sen này nở rộ thì	@HUE	data\processed_transcripts\99Tanm9dhvc.json
data\raw_audio\99Tanm9dhvc.wav	1274.64	1279.6	chắc hẳn là sẽ có rất [âm nhạc] nhiều người đến đây để chụp hình cũng như là	@HUE	data\processed_transcripts\99Tanm9dhvc.json
data\raw_audio\99Tanm9dhvc.wav	1279.6	1284.72	để tham quan. Bởi vì [âm nhạc] một cái hồi sen này nó có cái đường đi ra đây	@HUE	data\processed_transcripts\99Tanm9dhvc.json
data\raw_audio\99Tanm9dhvc.wav	1284.72	1288.72	quý vị nhìn rất là đẹp. Ở đây thì cũng [âm nhạc] có những nhà	@HUE	data\processed_transcripts\99Tanm9dhvc.json
data\raw_audio\99Tanm9dhvc.wav	1288.72	1294.0	thờ họ và cái hành lang bên ngoài á nhìn nó rất là thấp và nhìn nó rất là đơn sơ	@HUE	data\processed_transcripts\99Tanm9dhvc.json
data\raw_audio\99Tanm9dhvc.wav	1294.0	1297.48	giản dị. Nó không [âm nhạc] có cầu kỳ thôi quý vị. Và đúng cái chất làng quê	@HUE	data\processed_transcripts\99Tanm9dhvc.json
data\raw_audio\99Tanm9dhvc.wav	1297.48	1300.799	luôn. Đấy, những cái con kinh, những cái con	@HUE	data\processed_transcripts\99Tanm9dhvc.json
data\raw_audio\99Tanm9dhvc.wav	1300.799	1306.919	hói như thế này, những cái hói nước như thế này thì nó vẫn tồn tại xung quanh à	@HUE	data\processed_transcripts\99Tanm9dhvc.json
data\raw_audio\99Tanm9dhvc.wav	1306.919	1314.159	à các cái đỉnh [âm nhạc] cổng làng là cổng nhà thờ. Đấy, nhìn rất là đẹp. Và	@HUE	data\processed_transcripts\99Tanm9dhvc.json
data\raw_audio\99Tanm9dhvc.wav	1314.159	1318.279	thực sự mà nói là khi đến những cái khung cảnh như thế này Huế Review cảm	@HUE	data\processed_transcripts\99Tanm9dhvc.json
data\raw_audio\99Tanm9dhvc.wav	1318.279	1323.039	thấy rất là tuyệt vời. Và không biết thì khán giả của kênh Huế Review có quý vị	@HUE	data\processed_transcripts\99Tanm9dhvc.json
data\raw_audio\99Tanm9dhvc.wav	1323.039	1326.39	nào là ở cái khu vực thôn Giả Lê Chánh này hay không, làng giả Lê Chánh	@HUE	data\processed_transcripts\99Tanm9dhvc.json
data\raw_audio\99Tanm9dhvc.wav	1326.39	1330.84	[âm nhạc] này hay không? Và xin chúc mừng quý vị là bởi vì thực sự mà quý vị	@HUE	data\processed_transcripts\99Tanm9dhvc.json
data\raw_audio\99Tanm9dhvc.wav	1330.84	1338.039	ở đúng một cái nơi mà thật sự là nói là thiên thời, địa lợi và nhân hòa luôn.	@HUE	data\processed_transcripts\99Tanm9dhvc.json
data\raw_audio\99Tanm9dhvc.wav	1338.039	1340.24	Bởi vì cái khung cảnh quá là hữu tình. [âm nhạc]	@HUE	data\processed_transcripts\99Tanm9dhvc.json
data\raw_audio\99Tanm9dhvc.wav	1340.24	1345.72	Đây quý vị cũng có thể thấy là cái hồ Bá Nguyệt là cái yếu tố thủy tù đấy. Phong	@HUE	data\processed_transcripts\99Tanm9dhvc.json
data\raw_audio\99Tanm9dhvc.wav	1345.72	1350.64	thủy nó vẫn thể hiện rõ rõ nét ở cái khu vực làng quê này.	@HUE	data\processed_transcripts\99Tanm9dhvc.json
data\raw_audio\99Tanm9dhvc.wav	1350.64	1353.96	Và chắc có lẽ thì cũng đến ngang đây thôi.	@HUE	data\processed_transcripts\99Tanm9dhvc.json
data\raw_audio\99Tanm9dhvc.wav	1353.96	1359.14	Huế Review cũng sẽ kết thúc video để sau này thì Huế Review sẽ tìm hiểu kỹ hơn	@HUE	data\processed_transcripts\99Tanm9dhvc.json
data\raw_audio\99Tanm9dhvc.wav	1359.14	1363.0	[âm nhạc] và có thể đi sau sâu hơn vào cái làng già lê chắn này để quay cho quý	@HUE	data\processed_transcripts\99Tanm9dhvc.json
data\raw_audio\99Tanm9dhvc.wav	1363.0	1368.36	vị nếu như [âm nhạc] quý vị có nhu cầu. Và ai có nhu cầu thì mong quý vị comment	@HUE	data\processed_transcripts\99Tanm9dhvc.json
data\raw_audio\99Tanm9dhvc.wav	1368.36	1371.32	phía dưới video, like, chia sẻ cũng như đăng ký kênh Huế [âm nhạc] Review nha	@HUE	data\processed_transcripts\99Tanm9dhvc.json
data\raw_audio\99Tanm9dhvc.wav	1371.32	1376.279	quý vị. Xin chào và hẹn gặp lại quý vị ở những video tiếp theo.	@HUE	data\processed_transcripts\99Tanm9dhvc.json
data\raw_audio\_8QDxBlHZAs.wav	0.12	5.52	Trong lúc mà cụ đang ngồi ăn cơm với vợ và con thì bị hai người thiếu tướng của	@HUE	data\processed_transcripts\_8QDxBlHZAs.json
data\raw_audio\_8QDxBlHZAs.wav	5.52	11.2	bên mặt Trần Việt Minh ở Huế vào bắt giữ. Và thời gian không lâu sau đó thì	@HUE	data\processed_transcripts\_8QDxBlHZAs.json
data\raw_audio\_8QDxBlHZAs.wav	11.2	15.759	cụ bị sử tử. Chúng ta không thể phủ nhận đến công lao của cụ đó chính là người	@HUE	data\processed_transcripts\_8QDxBlHZAs.json
data\raw_audio\_8QDxBlHZAs.wav	15.759	19.24	tiên phong trong cái việc phổ biến tiếng Việt dùng để lý luận trên lĩnh vực văn	@HUE	data\processed_transcripts\_8QDxBlHZAs.json
data\raw_audio\_8QDxBlHZAs.wav	19.24	23.8	hóa. Đây quý vị khi quý vị đến đường địa biên	@HUE	data\processed_transcripts\_8QDxBlHZAs.json
data\raw_audio\_8QDxBlHZAs.wav	23.8	29.64	phủ thì có một cái kiệt rẽ vào đây và tới đây là có một cái quán bún bò ấy rất	@HUE	data\processed_transcripts\_8QDxBlHZAs.json
data\raw_audio\_8QDxBlHZAs.wav	29.64	34.68	là ngon ở đây. Và sau đó thì sẽ có một cái cổng thôi quý vị ghi là sắc tử vàng	@HUE	data\processed_transcripts\_8QDxBlHZAs.json
data\raw_audio\_8QDxBlHZAs.wav	34.68	41.76	tử tự đấy. có một cái đường để chỉ vào và bên sau cái cọc này thì chính là một	@HUE	data\processed_transcripts\_8QDxBlHZAs.json
data\raw_audio\_8QDxBlHZAs.wav	41.76	48.399	ngôi lăng mộ của cụ Phạm Quỳnh. Thì cũng có rất nhiều quý vị thắc mắc là cụ Phạm	@HUE	data\processed_transcripts\_8QDxBlHZAs.json
data\raw_audio\_8QDxBlHZAs.wav	48.399	51.879	Quỳnh là ai và cuộc đời của cụ là như thế nào liên quan tới triều đình nhà	@HUE	data\processed_transcripts\_8QDxBlHZAs.json
data\raw_audio\_8QDxBlHZAs.wav	51.879	57.079	Nguyễn. Tôi cũng đã tìm đến đây và quay giới thiệu quý vị xem. Ngôi lăng mộ của	@HUE	data\processed_transcripts\_8QDxBlHZAs.json
data\raw_audio\_8QDxBlHZAs.wav	57.079	62.16	cụ thì nằm trong một cái khuôn viên khá là nhỏ và phía trước là có một cái cổng	@HUE	data\processed_transcripts\_8QDxBlHZAs.json
data\raw_audio\_8QDxBlHZAs.wav	62.16	66.56	vào cũng làm bằng sắc như thế này. À tuy nhiên thì cổng này không khóa và chúng	@HUE	data\processed_transcripts\_8QDxBlHZAs.json
data\raw_audio\_8QDxBlHZAs.wav	66.56	72.799	ta có thể vào để tham quan cũng như là viến cụ. Ở đây trước cổng thì cũng có	@HUE	data\processed_transcripts\_8QDxBlHZAs.json
data\raw_audio\_8QDxBlHZAs.wav	72.799	78.28	hai câu đối hai bên thôi quý vị. Đấy cổng làm kiểu kiến trúc mới cũng có	@HUE	data\processed_transcripts\_8QDxBlHZAs.json
data\raw_audio\_8QDxBlHZAs.wav	78.28	86.32	những cái đó hoa sen ở trên đầu trụ. Đấy hai câu đối thì được viết bằng chữ Hán.	@HUE	data\processed_transcripts\_8QDxBlHZAs.json
data\raw_audio\_8QDxBlHZAs.wav	86.32	91.96	Đấy thì mong anh Quý Lao Văn trên kênh có thể giúp dịch hai câu đối này để cho	@HUE	data\processed_transcripts\_8QDxBlHZAs.json
data\raw_audio\_8QDxBlHZAs.wav	91.96	97.32	quý vị cùng được rõ. Chúng ta sẽ bước vào bên trong khuôn viên lăng mộ. Nhìn	@HUE	data\processed_transcripts\_8QDxBlHZAs.json
data\raw_audio\_8QDxBlHZAs.wav	97.32	102.32	kiểu kiến trúc thì rất là mới rồi quý vị. Bởi vì đây là một ngôi lăng mộ được	@HUE	data\processed_transcripts\_8QDxBlHZAs.json
data\raw_audio\_8QDxBlHZAs.wav	102.32	107.799	cải tán. Đầu tiên sau khi bước vào cổng thì chúng ta sẽ thấy à một và hai cái	@HUE	data\processed_transcripts\_8QDxBlHZAs.json
data\raw_audio\_8QDxBlHZAs.wav	107.799	112.719	ngôi mộ cạnh ngôi lăng mũ cũ. Hai ngôi mộ này thì đã tồn tại rất là lâu đời rồi	@HUE	data\processed_transcripts\_8QDxBlHZAs.json
data\raw_audio\_8QDxBlHZAs.wav	112.719	118.56	và ngày xưa thì cũng có ý định là di dời. Tuy nhiên thì con cháu cũng muốn	@HUE	data\processed_transcripts\_8QDxBlHZAs.json
data\raw_audio\_8QDxBlHZAs.wav	118.56	123.479	hai người này bầu bạn với cụ Phạm Quỳnh. Chính vì vậy mà đã để lại hai ngôi mộ	@HUE	data\processed_transcripts\_8QDxBlHZAs.json
data\raw_audio\_8QDxBlHZAs.wav	123.479	128.44	này trong công viên lăng mộ cụ luôn. Đấy thì giới thiệu qua với quý vị cụ Phạm	@HUE	data\processed_transcripts\_8QDxBlHZAs.json
data\raw_audio\_8QDxBlHZAs.wav	128.44	135.08	Quỳnh là sinh năm 1892 và mức năm 1945 thôi quý vị. Quê cũ ở phủ Bình Giang,	@HUE	data\processed_transcripts\_8QDxBlHZAs.json
data\raw_audio\_8QDxBlHZAs.wav	135.08	141.68	tỉnh Hải Dương là một ngôi làng nổi tiếng là khoa bản và hiểu học. 9 tháng	@HUE	data\processed_transcripts\_8QDxBlHZAs.json
data\raw_audio\_8QDxBlHZAs.wav	141.68	146.64	tuổi cụ đã mùa côi mẹ. À lúc lên 9 tuổi thì cụ mùa côi cha và được bà nội chăm	@HUE	data\processed_transcripts\_8QDxBlHZAs.json
data\raw_audio\_8QDxBlHZAs.wav	146.64	151.959	sóc. Từ nhỏ thì cụ Phạm Quỳnh là một người rất là thông minh, hiếu học và	@HUE	data\processed_transcripts\_8QDxBlHZAs.json
data\raw_audio\_8QDxBlHZAs.wav	151.959	156.16	cuối cùng là thi được đổ hạng nhất vào trường Bưởi. Cái trường mà ngày xưa gọi	@HUE	data\processed_transcripts\_8QDxBlHZAs.json
data\raw_audio\_8QDxBlHZAs.wav	156.16	160.44	là trường thông ngôn đây quý vị. một cái ngôi trường mà yêu cầu phải biết được	@HUE	data\processed_transcripts\_8QDxBlHZAs.json
data\raw_audio\_8QDxBlHZAs.wav	160.44	168.879	pháp văn cũng như là Hán ngữ thì cụ làm đổ vào trường đó. À từ năm 1917 đến năm	@HUE	data\processed_transcripts\_8QDxBlHZAs.json
data\raw_audio\_8QDxBlHZAs.wav	168.879	176.36	1932 thì cụ là chủ bút của Nam Phong Tạp Chí, một cái tạp chí rất là nổi tiếng đó	@HUE	data\processed_transcripts\_8QDxBlHZAs.json
data\raw_audio\_8QDxBlHZAs.wav	176.36	179.84	chính là một cái tạp chí văn hóa đầu tiên của nước ta. Ở đây thì chúng ta có	@HUE	data\processed_transcripts\_8QDxBlHZAs.json
data\raw_audio\_8QDxBlHZAs.wav	179.84	186.72	thể thấy là một cái chân dùng à một cái bức tượng bản thân của cụ à mô tả đúng	@HUE	data\processed_transcripts\_8QDxBlHZAs.json
data\raw_audio\_8QDxBlHZAs.wav	186.72	192.0	cái hình thái của cụ Phạm Quỳnh. Đấy quý vị thấy ở trên là có một cái khăn đóng,	@HUE	data\processed_transcripts\_8QDxBlHZAs.json
data\raw_audio\_8QDxBlHZAs.wav	192.0	197.08	trên đầu là có một khăn đóng và ở dưới thì khuôn mặt của cụ là cũng khá là tuấn	@HUE	data\processed_transcripts\_8QDxBlHZAs.json
data\raw_audio\_8QDxBlHZAs.wav	197.08	202.599	tú. Đây quý vị cái hình bản thân này là được mô tả ở cái thời mà cụ đang làm chủ	@HUE	data\processed_transcripts\_8QDxBlHZAs.json
data\raw_audio\_8QDxBlHZAs.wav	202.599	208.0	bút cho Nam Phong Tạp Chí. Ở dưới thì cũng có một cái trụ đấy. Một	@HUE	data\processed_transcripts\_8QDxBlHZAs.json
data\raw_audio\_8QDxBlHZAs.wav	208.0	213.76	cái trụ này thì cũng khoảng cỡ hơn 1 m. Có ghi là nhà văn hóa Phạm Quỳnh đấy.	@HUE	data\processed_transcripts\_8QDxBlHZAs.json
data\raw_audio\_8QDxBlHZAs.wav	213.76	219.28	1893 đến 1945. Như vậy thì theo một số tài liệu lịch sử á thì ghi là 1892 đến	@HUE	data\processed_transcripts\_8QDxBlHZAs.json
data\raw_audio\_8QDxBlHZAs.wav	219.28	226.12	1945. Nhưng mà à bây giờ thì ở đây tôi đọc là 1893 đến 1945. Thì như vậy không	@HUE	data\processed_transcripts\_8QDxBlHZAs.json
data\raw_audio\_8QDxBlHZAs.wav	226.12	230.799	biết nó có một cái nguyên do gì không? Tại sao lại có một cái sự sai lịch như	@HUE	data\processed_transcripts\_8QDxBlHZAs.json
data\raw_audio\_8QDxBlHZAs.wav	230.799	236.92	thế này? sau cái bức tường bản thân đó chính là ngôi lăng mộ của cụ Phạm Quỳnh.	@HUE	data\processed_transcripts\_8QDxBlHZAs.json
data\raw_audio\_8QDxBlHZAs.wav	236.92	241.4	Bây giờ tôi sẽ vào thấp hương trước sau đó thì cũng sẽ tiến hành vào quay bên	@HUE	data\processed_transcripts\_8QDxBlHZAs.json
data\raw_audio\_8QDxBlHZAs.wav	241.4	245.319	trong cho quý vị xem. À chiêm ngưỡng cận cảnh ngồi lăng mộ cũ. Xin kính mời quý	@HUE	data\processed_transcripts\_8QDxBlHZAs.json
data\raw_audio\_8QDxBlHZAs.wav	245.319	248.319	vị. Vâng, kính thưa quý vị thì à đến năm	@HUE	data\processed_transcripts\_8QDxBlHZAs.json
data\raw_audio\_8QDxBlHZAs.wav	254.159	260.479	1932 sau khi mà vua bỏ đại từ Pháp trở về và lên ngôi hoàng đế thì cụ Phạm	@HUE	data\processed_transcripts\_8QDxBlHZAs.json
data\raw_audio\_8QDxBlHZAs.wav	260.479	266.44	Quỳnh được điều từ ngoài Hà Nội vào triều đình Huế để làm quan và ông đã	@HUE	data\processed_transcripts\_8QDxBlHZAs.json
data\raw_audio\_8QDxBlHZAs.wav	266.44	271.32	từng kinh qua các cái chức là thượng thư bộ học rồi thượng thư bộ lại. Đến ngày	@HUE	data\processed_transcripts\_8QDxBlHZAs.json
data\raw_audio\_8QDxBlHZAs.wav	271.32	277.44	mùng 9 tháng năm 1945 thì sau khi mà Nhật đảo chính pháp cụ à lui về sóng ẩn	@HUE	data\processed_transcripts\_8QDxBlHZAs.json
data\raw_audio\_8QDxBlHZAs.wav	277.44	283.84	dật ở một cái ngôi biệt thự gọi là Hoa Đường ở bên bờ sông Phú Cam. Đấy đến	@HUE	data\processed_transcripts\_8QDxBlHZAs.json
data\raw_audio\_8QDxBlHZAs.wav	283.84	290.52	ngày 28 tháng năm 1945 tr lúc mà cụ đang ngồi ăn cơm với vợ và con thì bị hai	@HUE	data\processed_transcripts\_8QDxBlHZAs.json
data\raw_audio\_8QDxBlHZAs.wav	290.52	296.72	người à thiếu tướng của bên mặt Trần Việt Minh ở Huế vào bắt giữ. À và thời	@HUE	data\processed_transcripts\_8QDxBlHZAs.json
data\raw_audio\_8QDxBlHZAs.wav	296.72	302.96	gian không lâu sau đó thì cụ bị sử tử. Đến năm 1956 thì sau khi con cháu đã	@HUE	data\processed_transcripts\_8QDxBlHZAs.json
data\raw_audio\_8QDxBlHZAs.wav	302.96	309.96	liên hệ trong đó có nhạc sĩ Phạm Tuyên đấy thì liên hệ với một số các cái người	@HUE	data\processed_transcripts\_8QDxBlHZAs.json
data\raw_audio\_8QDxBlHZAs.wav	309.96	316.96	liên quan tới cái cuộc bắt giữ năm 1945 đã tìm thấy di hài của cụ ở trong một	@HUE	data\processed_transcripts\_8QDxBlHZAs.json
data\raw_audio\_8QDxBlHZAs.wav	316.96	322.199	cái khu rừng gọi là rừng hắc thú và đã cải tán về cái khu vực hiện tại mà tôi	@HUE	data\processed_transcripts\_8QDxBlHZAs.json
data\raw_audio\_8QDxBlHZAs.wav	322.199	327.6	đang quay cho quý vị xem. Và đây chính là phía trước ngôi mộ của	@HUE	data\processed_transcripts\_8QDxBlHZAs.json
data\raw_audio\_8QDxBlHZAs.wav	327.6	331.4	cụ là có một cái bức bình phong hình cuốn thư rất là đặc trưng rồi quý vị	@HUE	data\processed_transcripts\_8QDxBlHZAs.json
data\raw_audio\_8QDxBlHZAs.wav	331.4	337.44	này. Đấy à phía ngoài thì cũng có bảo vệ một cái vòng la thành à một cái vòng	@HUE	data\processed_transcripts\_8QDxBlHZAs.json
data\raw_audio\_8QDxBlHZAs.wav	337.44	343.4	thành bên ngoài à được là làm theo kiểu là xây dựng bê tông xi măng đó và cũng	@HUE	data\processed_transcripts\_8QDxBlHZAs.json
data\raw_audio\_8QDxBlHZAs.wav	343.4	348.08	có những cái trụ à với những cái hình hoa sen rất là đẹp.	@HUE	data\processed_transcripts\_8QDxBlHZAs.json
data\raw_audio\_8QDxBlHZAs.wav	348.08	353.16	Đặc biệt thì ở đây cũng có những cái tán cây rất là mát gồm có cây sứ rồi khế vân	@HUE	data\processed_transcripts\_8QDxBlHZAs.json
data\raw_audio\_8QDxBlHZAs.wav	353.16	358.44	vân. À một trong những cái loại cây mà rất hay thông dụng trồng ở những cái	@HUE	data\processed_transcripts\_8QDxBlHZAs.json
data\raw_audio\_8QDxBlHZAs.wav	358.44	364.68	ngôi lăng mổ. Và trên mặt trước của bức bình phong thì chúng ta sẽ thấy có hai	@HUE	data\processed_transcripts\_8QDxBlHZAs.json
data\raw_audio\_8QDxBlHZAs.wav	364.68	370.039	câu thơ là bằng chữ nôm sau đó thì được dịch lại bằng tiếng Việt. Thưa quý vị ở	@HUE	data\processed_transcripts\_8QDxBlHZAs.json
data\raw_audio\_8QDxBlHZAs.wav	370.039	375.96	đây dịch ra là truyền kiều còn tiếng ta còn tiếng ta còn thì nước ta còn. Đây là	@HUE	data\processed_transcripts\_8QDxBlHZAs.json
data\raw_audio\_8QDxBlHZAs.wav	375.96	380.24	hai câu thơ rất là nổi tiếng liên quan tới cụ Phạm Quỳnh mà tôi sẽ chia sẻ ở	@HUE	data\processed_transcripts\_8QDxBlHZAs.json
data\raw_audio\_8QDxBlHZAs.wav	380.24	386.88	phần cuối video về vấn đề là cụ có yêu nước hay là không yêu nước. Đấy, còn sau	@HUE	data\processed_transcripts\_8QDxBlHZAs.json
data\raw_audio\_8QDxBlHZAs.wav	386.88	391.96	cái bức bên phong này thì chúng ta sẽ thấy một cái ngôi mộ hình móng ngựa đây	@HUE	data\processed_transcripts\_8QDxBlHZAs.json
data\raw_audio\_8QDxBlHZAs.wav	391.96	398.199	quý vị. Đấy. À được cách điệu như thế này. Và hai cái trụ đi vào thì cũng có	@HUE	data\processed_transcripts\_8QDxBlHZAs.json
data\raw_audio\_8QDxBlHZAs.wav	398.199	405.16	những cái hình xoắn ốc và kiểu dạng mây khói. À phía trên thì cũng được à làm	@HUE	data\processed_transcripts\_8QDxBlHZAs.json
data\raw_audio\_8QDxBlHZAs.wav	405.16	411.639	một cách nhám nhịt như thế này. Kiểu rất là độc lạ. Đ nhìn rất là đẹp thô quý vị.	@HUE	data\processed_transcripts\_8QDxBlHZAs.json
data\raw_audio\_8QDxBlHZAs.wav	411.639	417.16	Và sau cái cổng đi vào thì chúng ta sẽ thấy một cái bia mổ à một cái bia rất là	@HUE	data\processed_transcripts\_8QDxBlHZAs.json
data\raw_audio\_8QDxBlHZAs.wav	417.16	422.36	lớn thưa quý vị. Được làm bằng bê tông xi măng. Tuy nhiên thì cũng được trang	@HUE	data\processed_transcripts\_8QDxBlHZAs.json
data\raw_audio\_8QDxBlHZAs.wav	422.36	426.72	trí những cái họa tiết rất là đặc trưng của Quang lại Triều Nguyện ngày xưa đó	@HUE	data\processed_transcripts\_8QDxBlHZAs.json
data\raw_audio\_8QDxBlHZAs.wav	426.72	432.44	chính là sông Long Châu Lưỡng Nghi. Đấy quý vị thấy hình vẽ của hai con rồng rất	@HUE	data\processed_transcripts\_8QDxBlHZAs.json
data\raw_audio\_8QDxBlHZAs.wav	432.44	438.0	là rõ và cái lưỡng nghi ở giữa à có hình âm dương và tỉa tỉa như thế này. Hình	@HUE	data\processed_transcripts\_8QDxBlHZAs.json
data\raw_audio\_8QDxBlHZAs.wav	438.0	444.919	mặt trời. Phía dưới thì cũng à có một cái cuốn thư đó à hoa lá cuốn thư kiểu	@HUE	data\processed_transcripts\_8QDxBlHZAs.json
data\raw_audio\_8QDxBlHZAs.wav	444.919	450.639	vì cụ là một cái nhà văn hóa là một người chuyên về văn học. Chính vì vậy mà	@HUE	data\processed_transcripts\_8QDxBlHZAs.json
data\raw_audio\_8QDxBlHZAs.wav	450.639	455.919	những cái họa tiết trang trí nó cũng khá liên quan tới sách vỡ đấy. Và trên bia	@HUE	data\processed_transcripts\_8QDxBlHZAs.json
data\raw_audio\_8QDxBlHZAs.wav	455.919	463.0	làm bằng đá này thì được à khắc những cái chữ hán. Đấy thì cũng mong anh Quỷ	@HUE	data\processed_transcripts\_8QDxBlHZAs.json
data\raw_audio\_8QDxBlHZAs.wav	463.0	469.56	La Văn dịch giúp cho Huế Rêu và quý vị trên kênh được à hiểu về những cái từ	@HUE	data\processed_transcripts\_8QDxBlHZAs.json
data\raw_audio\_8QDxBlHZAs.wav	469.56	473.159	trên bia mố này. Và phía trước là có một cái đỉnh để	@HUE	data\processed_transcripts\_8QDxBlHZAs.json
data\raw_audio\_8QDxBlHZAs.wav	477.08	482.759	chúng ta thắp hương. Đấy, sau cái bia thì chính là cái khu vực tẩm mộ của cụ	@HUE	data\processed_transcripts\_8QDxBlHZAs.json
data\raw_audio\_8QDxBlHZAs.wav	482.759	490.159	Phạm Quỳnh. À tẩm mộ thì cũng rất là nhỏ, hình ô van và cũng có rải đá ở phía	@HUE	data\processed_transcripts\_8QDxBlHZAs.json
data\raw_audio\_8QDxBlHZAs.wav	490.159	495.08	trên mặt như thế này. Một cái kiểu kiến trúc rất là đặc trưng cho lăng những cái	@HUE	data\processed_transcripts\_8QDxBlHZAs.json
data\raw_audio\_8QDxBlHZAs.wav	495.08	500.36	ngôi mộ của thời hiện đại rồi. Và bây giờ thì như quý vị cũng đã biết, ngôi mộ	@HUE	data\processed_transcripts\_8QDxBlHZAs.json
data\raw_audio\_8QDxBlHZAs.wav	500.36	506.199	này được cải tán. Chính vì vậy mà cụ Phạm Tuyên là con của cụ Phạm Quỳnh đấy,	@HUE	data\processed_transcripts\_8QDxBlHZAs.json
data\raw_audio\_8QDxBlHZAs.wav	506.199	511.639	một cái nhạc sĩ rất là nổi tiếng đã liên lạc với các cái họ Phàm ở Việt Nam và	@HUE	data\processed_transcripts\_8QDxBlHZAs.json
data\raw_audio\_8QDxBlHZAs.wav	511.639	515.919	cuối cùng thì đã trải bán về đây xây một ngôi mộ cho cụ như thế này. Cái kiểu	@HUE	data\processed_transcripts\_8QDxBlHZAs.json
data\raw_audio\_8QDxBlHZAs.wav	515.919	520.64	kiến trúc ngôi mộ này thì cũng khá giống với những cái kiến trúc của các cái vị	@HUE	data\processed_transcripts\_8QDxBlHZAs.json
data\raw_audio\_8QDxBlHZAs.wav	520.64	525.279	phi tần triều Nguyễn mà trước kia review cũng đã từng quay cho quý vị về lăng mộ	@HUE	data\processed_transcripts\_8QDxBlHZAs.json
data\raw_audio\_8QDxBlHZAs.wav	525.279	529.04	của bà à Hiên Phi Ngô Thị Chính chẳng hạn.	@HUE	data\processed_transcripts\_8QDxBlHZAs.json
data\raw_audio\_8QDxBlHZAs.wav	529.04	532.959	À ở sau thì cũng sẽ có một cái bia liên quan tới thân phận của người nằm trong	@HUE	data\processed_transcripts\_8QDxBlHZAs.json
data\raw_audio\_8QDxBlHZAs.wav	532.959	538.36	tấm mộ. Tuy nhiên thì đối với ngôi mộ của cụ Phàm Quỳnh thì ở sau đ sẽ khắc	@HUE	data\processed_transcripts\_8QDxBlHZAs.json
data\raw_audio\_8QDxBlHZAs.wav	538.36	544.44	một cái câu nói rất là nổi tiếng của cụ. Tiếng là nước, có tiếng mới có nước và	@HUE	data\processed_transcripts\_8QDxBlHZAs.json
data\raw_audio\_8QDxBlHZAs.wav	544.44	549.279	có quốc văn thì mới có quốc gia. Đấy, một cái câu khẳng định rất là khẳng khái	@HUE	data\processed_transcripts\_8QDxBlHZAs.json
data\raw_audio\_8QDxBlHZAs.wav	549.279	557.12	của cụ Phạm Quỳnh thể hiện được cái sự yêu nước của cụ liên quan tới vấn đề văn	@HUE	data\processed_transcripts\_8QDxBlHZAs.json
data\raw_audio\_8QDxBlHZAs.wav	557.12	561.399	hóa thưa quý vị. Đó. Và đó là chính vì sao mà tôi lại nói	@HUE	data\processed_transcripts\_8QDxBlHZAs.json
data\raw_audio\_8QDxBlHZAs.wav	561.399	565.72	là muốn giải thích cho quý vị là cái câu truyền kiều còn tiếng ta còn tiếng ta	@HUE	data\processed_transcripts\_8QDxBlHZAs.json
data\raw_audio\_8QDxBlHZAs.wav	565.72	571.32	còn nước ta còn này nó liên quan tới cái cụ Phạm Quỳnh là có phải là người yêu	@HUE	data\processed_transcripts\_8QDxBlHZAs.json
data\raw_audio\_8QDxBlHZAs.wav	571.32	576.959	nước hay không. Bây giờ thì mời quý vị lắng nghe tôi chia sẻ một số quan điểm	@HUE	data\processed_transcripts\_8QDxBlHZAs.json
data\raw_audio\_8QDxBlHZAs.wav	576.959	581.8	cũng như là đưa ra những cái vấn đề chúng ta thảo luận về cái tinh thần yêu	@HUE	data\processed_transcripts\_8QDxBlHZAs.json
data\raw_audio\_8QDxBlHZAs.wav	581.8	587.839	nước của cụ Phạm Quỳnh. Rồi cuộc sống của cụ. À tại vì sao tôi lại nói cụ là	@HUE	data\processed_transcripts\_8QDxBlHZAs.json
data\raw_audio\_8QDxBlHZAs.wav	587.839	592.88	vị thường thư bồ lại cuối cùng của lịch sử Việt Nam? Rồi xin kính mời quý vị.	@HUE	data\processed_transcripts\_8QDxBlHZAs.json
data\raw_audio\_8QDxBlHZAs.wav	592.88	596.68	Vâng kính thưa quý vị thì như phần đầu video tôi đã chia sẻ thì từ khoảng thời	@HUE	data\processed_transcripts\_8QDxBlHZAs.json
data\raw_audio\_8QDxBlHZAs.wav	596.68	602.72	gian năm 1917 đến năm 1932 thì cụ Phạm Quỳnh chính là chủ bút của năm phong tạp	@HUE	data\processed_transcripts\_8QDxBlHZAs.json
data\raw_audio\_8QDxBlHZAs.wav	602.72	607.0	chí. Lúc mà nam phong tạp chí ra đời thì cũng có những cái luồng ý kiến trái	@HUE	data\processed_transcripts\_8QDxBlHZAs.json
data\raw_audio\_8QDxBlHZAs.wav	607.0	612.04	chiều. Có ý kiến á thì nam phong tạp chí chính là công cụ để truyền bá văn hóa	@HUE	data\processed_transcripts\_8QDxBlHZAs.json
data\raw_audio\_8QDxBlHZAs.wav	612.04	617.72	thực dân. à cũng có ý kiến là cho rằng đây chính là một cái con đường đây là	@HUE	data\processed_transcripts\_8QDxBlHZAs.json
data\raw_audio\_8QDxBlHZAs.wav	617.72	622.8	một hình thức mà đấu tranh của cụ dựa trên cái việc là công khai và hợp pháp à	@HUE	data\processed_transcripts\_8QDxBlHZAs.json
data\raw_audio\_8QDxBlHZAs.wav	622.8	627.839	về lĩnh vực văn hóa đậu tranh chống lại thực dương pháp ấy thì không biết quý vị	@HUE	data\processed_transcripts\_8QDxBlHZAs.json
data\raw_audio\_8QDxBlHZAs.wav	627.839	632.76	nghĩ sao về cái tờ năm phong tạp chí này tuy nhiên thì năm phong tạp chí ra đời	@HUE	data\processed_transcripts\_8QDxBlHZAs.json
data\raw_audio\_8QDxBlHZAs.wav	632.76	637.8	có một cái hiệu ứng rất là tích cực chính là một cái tờ tạp chí à tiên phong	@HUE	data\processed_transcripts\_8QDxBlHZAs.json
data\raw_audio\_8QDxBlHZAs.wav	637.8	642.56	trong việc phổ biến tiếng Việt trên đất nước ta thời bấy giờ bởi vì à tờ Năm	@HUE	data\processed_transcripts\_8QDxBlHZAs.json
data\raw_audio\_8QDxBlHZAs.wav	642.56	647.56	phòng tạp chí này được xuất bản bằng ba thứ chữ chữ Việt, chữ pháp và chữ Hán.	@HUE	data\processed_transcripts\_8QDxBlHZAs.json
data\raw_audio\_8QDxBlHZAs.wav	647.56	651.959	Việc dùng ngôn ngữ tiếng Việt để lý luận thì đó là một cái điều rất là mới mẻ và	@HUE	data\processed_transcripts\_8QDxBlHZAs.json
data\raw_audio\_8QDxBlHZAs.wav	651.959	657.56	cụ Phạm Quỳnh chính là người tiên phong trong a à cái vấn đề này. À vấn đề thứ	@HUE	data\processed_transcripts\_8QDxBlHZAs.json
data\raw_audio\_8QDxBlHZAs.wav	657.56	661.56	hai đó chính là liên quan tới cái chết của cụ Phạm Quỳnh. Thì hiện tại nó là	@HUE	data\processed_transcripts\_8QDxBlHZAs.json
data\raw_audio\_8QDxBlHZAs.wav	661.56	667.68	một cái điều bí ẩn mà chưa tìm ra được. Nó không phải bí ẩn ở cái việc là cụ mất	@HUE	data\processed_transcripts\_8QDxBlHZAs.json
data\raw_audio\_8QDxBlHZAs.wav	667.68	672.279	như thế nào mà đó là cái nguyên nhân nào dẫn đến cái chết của cụ. Chúng ta không	@HUE	data\processed_transcripts\_8QDxBlHZAs.json
data\raw_audio\_8QDxBlHZAs.wav	672.279	675.959	thể phủ nhận đến công lao của cụ đó chính là người tiên phong trong cái việc	@HUE	data\processed_transcripts\_8QDxBlHZAs.json
data\raw_audio\_8QDxBlHZAs.wav	675.959	680.72	phổ biến tiếng Việt dùng để lý luận trên lĩnh vực văn hóa. Và theo như nhà sử học	@HUE	data\processed_transcripts\_8QDxBlHZAs.json
data\raw_audio\_8QDxBlHZAs.wav	680.72	685.44	Trần Huy Liệu cho rằng thời điểm đó thì thực dân Pháp tàn phá một cách khốc liệt	@HUE	data\processed_transcripts\_8QDxBlHZAs.json
data\raw_audio\_8QDxBlHZAs.wav	685.44	688.8	nền văn hóa truyền thống của dân tộc ta. Cụ Phàm Quỳnh cũng chỉ là một người cầm	@HUE	data\processed_transcripts\_8QDxBlHZAs.json
data\raw_audio\_8QDxBlHZAs.wav	688.8	694.519	bút thì cũng không thể nào mà có đủ sức lực để mà đấu tranh chống lại thực dân	@HUE	data\processed_transcripts\_8QDxBlHZAs.json
data\raw_audio\_8QDxBlHZAs.wav	694.519	700.24	Pháp theo con đường bảo lực cách mạng như những nhân vật như là của Phan Bổi	@HUE	data\processed_transcripts\_8QDxBlHZAs.json
data\raw_audio\_8QDxBlHZAs.wav	700.24	704.2	Châu. Chính vì vậy mà cụ phải tìm một cái hướng khác để đấu tranh đó chính là	@HUE	data\processed_transcripts\_8QDxBlHZAs.json
data\raw_audio\_8QDxBlHZAs.wav	704.2	708.04	đấu tranh công khai và hợp pháp trên lĩnh vực văn hóa và năm phong tạp chí ra	@HUE	data\processed_transcripts\_8QDxBlHZAs.json
data\raw_audio\_8QDxBlHZAs.wav	708.04	712.399	đời có lẽ cũng là với cái tiêu chí đó. Và nhạc sĩ Phạm Tuyên cũng đã từng đề	@HUE	data\processed_transcripts\_8QDxBlHZAs.json
data\raw_audio\_8QDxBlHZAs.wav	712.399	717.56	cập tới cái vấn đề đó là khi mà Chủ tịch Hồ Chí Minh gặp hai chị gái của nhạc sĩ	@HUE	data\processed_transcripts\_8QDxBlHZAs.json
data\raw_audio\_8QDxBlHZAs.wav	717.56	721.32	Phạm Tuyên tức là con gái của cụ Phạm Quỳnh thì Chủ tịch Hồ Chí Minh cũng đã	@HUE	data\processed_transcripts\_8QDxBlHZAs.json
data\raw_audio\_8QDxBlHZAs.wav	721.32	726.2	từng nói rằng cụ Quỳnh là người của lịch sử thì hãy để lịch sử đánh giá. Còn lại	@HUE	data\processed_transcripts\_8QDxBlHZAs.json
data\raw_audio\_8QDxBlHZAs.wav	726.2	731.48	thì con cháu của cụ cứ vững tin mà đi theo cách mạng. À cụ Phạm Quỳnh thì có	@HUE	data\processed_transcripts\_8QDxBlHZAs.json
data\raw_audio\_8QDxBlHZAs.wav	731.48	738.36	một người vợ tên là Lê Thị Thân và tới 16 người con. Trong đó thì có một số	@HUE	data\processed_transcripts\_8QDxBlHZAs.json
data\raw_audio\_8QDxBlHZAs.wav	738.36	743.36	người con thì cũng đã nổi tiếng thành danh à như nhạc sĩ Phạm Tuyên mà tôi nãy	@HUE	data\processed_transcripts\_8QDxBlHZAs.json
data\raw_audio\_8QDxBlHZAs.wav	743.36	748.399	giờ đã nhắc đến quý vị rồi cũng có một số người co của cụ là định cư ở nước	@HUE	data\processed_transcripts\_8QDxBlHZAs.json
data\raw_audio\_8QDxBlHZAs.wav	748.399	753.959	ngoài. Hôm nay là một ngày trời cũng à không nắng cũng không mưa. Do đó là tôi	@HUE	data\processed_transcripts\_8QDxBlHZAs.json
data\raw_audio\_8QDxBlHZAs.wav	753.959	758.44	đến đây tìm và quay ngôi lăng mộ của cụ Phạm Quỳnh để giới thiệu đến quý vị. Có	@HUE	data\processed_transcripts\_8QDxBlHZAs.json
data\raw_audio\_8QDxBlHZAs.wav	758.44	762.519	lẽ thì xoay quanh nhân vật này cũng có rất nhiều như luận những cái quan điểm.	@HUE	data\processed_transcripts\_8QDxBlHZAs.json
data\raw_audio\_8QDxBlHZAs.wav	762.519	766.88	Tuy nhiên thì người ta nói rằng là những người nổi tiếng hay người tài giỏi thì	@HUE	data\processed_transcripts\_8QDxBlHZAs.json
data\raw_audio\_8QDxBlHZAs.wav	766.88	771.079	sẽ không bao giờ được công nhận ngay thời điểm mà họ sinh sống. À bây giờ	@HUE	data\processed_transcripts\_8QDxBlHZAs.json
data\raw_audio\_8QDxBlHZAs.wav	771.079	774.199	chúng ta nhìn lại thì chúng ta có thể đánh giá một cách khách quan hơn. Còn	@HUE	data\processed_transcripts\_8QDxBlHZAs.json
data\raw_audio\_8QDxBlHZAs.wav	774.199	778.44	đối với quý vị thì không biết quý vị nghĩ sao về nhân vật phạm quân này. Có	@HUE	data\processed_transcripts\_8QDxBlHZAs.json
data\raw_audio\_8QDxBlHZAs.wav	778.44	783.24	lẽ đến đây thì tôi cũng sẽ kết thúc video cũng kính chúc quý vị xem video là	@HUE	data\processed_transcripts\_8QDxBlHZAs.json
data\raw_audio\_8QDxBlHZAs.wav	783.24	787.32	thật là vui vẻ và cũng biết thêm nhiều điều thú vị liên quan tới những cái lăng	@HUE	data\processed_transcripts\_8QDxBlHZAs.json
data\raw_audio\_8QDxBlHZAs.wav	787.32	792.0	mộ của các cái vị đại thần triều Nguyễn vua chúa triều Nguyễn mà trên kênh Huế	@HUE	data\processed_transcripts\_8QDxBlHZAs.json
data\raw_audio\_8QDxBlHZAs.wav	792.0	796.519	Review đã giới thiệu quý vị nói riêng và về Huế nói chung. Rồi xin chào và hẹn	@HUE	data\processed_transcripts\_8QDxBlHZAs.json
data\raw_audio\_8QDxBlHZAs.wav	796.519	799.959	gặp lại quý vị ở những video tiếp theo.	@HUE	data\processed_transcripts\_8QDxBlHZAs.json
data\raw_audio\BR05hGp0nJQ.wav	1.319	6.0	Vâng, mến chào quý vị đã quay lại với Huế Review. Quý vị và các bạn thân mến	@HUE	data\processed_transcripts\BR05hGp0nJQ.json
data\raw_audio\BR05hGp0nJQ.wav	6.0	11.759	thì như quý vị đã thấy thì trước mặt quý vị đó chính là cầu kho	@HUE	data\processed_transcripts\BR05hGp0nJQ.json
data\raw_audio\BR05hGp0nJQ.wav	11.759	18.119	dòng sông mà được cái cầu này nổi qua thì đó là sông Ngự Hà. Và vừa rồi thì	@HUE	data\processed_transcripts\BR05hGp0nJQ.json
data\raw_audio\BR05hGp0nJQ.wav	18.119	23.84	Huế Review cũng có dạo quanh cái sông Ngự Hà để cho quý vị thưởng thức cái	@HUE	data\processed_transcripts\BR05hGp0nJQ.json
data\raw_audio\BR05hGp0nJQ.wav	23.84	29.08	khung cảnh bên xúc quanh sông Ngự Hà. Thì nếu như quý vị nào chưa xem thì có	@HUE	data\processed_transcripts\BR05hGp0nJQ.json
data\raw_audio\BR05hGp0nJQ.wav	29.08	34.06	phải lướt xuống phần mô tả để xem cái video về sông ngự hà thôi quý vị.	@HUE	data\processed_transcripts\BR05hGp0nJQ.json
data\raw_audio\BR05hGp0nJQ.wav	34.06	37.16	>> [âm nhạc] >> Tuy nhiên thì hôm nay Huế Review không	@HUE	data\processed_transcripts\BR05hGp0nJQ.json
data\raw_audio\BR05hGp0nJQ.wav	37.16	40.92	phải là quay [âm nhạc] cái con đường Định Thiên	@HUE	data\processed_transcripts\BR05hGp0nJQ.json
data\raw_audio\BR05hGp0nJQ.wav	40.92	44.559	Hoàng, không phải quay sông Ngự Hà cũng không phải quay cái câu kho cho quý vị	@HUE	data\processed_transcripts\BR05hGp0nJQ.json
data\raw_audio\BR05hGp0nJQ.wav	44.559	50.12	xem. Mà hôm nay Huế Đ Viên muốn giới thiệu một trong những cái thần kinh dị	@HUE	data\processed_transcripts\BR05hGp0nJQ.json
data\raw_audio\BR05hGp0nJQ.wav	50.12	59.12	thập cảnh gọi là một trong 20 cái thắp cạnh của đất thần kinh. Đó chính là	@HUE	data\processed_transcripts\BR05hGp0nJQ.json
data\raw_audio\BR05hGp0nJQ.wav	59.12	64.19	Hồ Tịch Tắp nằm trên cái con đường trên Tiên Hoàng này. Thưa quý vị.	@HUE	data\processed_transcripts\BR05hGp0nJQ.json
data\raw_audio\BR05hGp0nJQ.wav	64.19	66.72	>> [âm nhạc] >> Thì để được đến được hồ Tịnh Tâm thì quý	@HUE	data\processed_transcripts\BR05hGp0nJQ.json
data\raw_audio\BR05hGp0nJQ.wav	66.72	72.799	vị cũng có thể đi vào phía cửa ngoài của kinh thành ở	@HUE	data\processed_transcripts\BR05hGp0nJQ.json
data\raw_audio\BR05hGp0nJQ.wav	72.799	77.479	phía trước và cũng có thể là vào cái phía sau là cửa hậu.	@HUE	data\processed_transcripts\BR05hGp0nJQ.json
data\raw_audio\BR05hGp0nJQ.wav	77.479	83.6	Và trước mắt quý vị đó chính là cái khu vực hồ Tịnh Tâm, một cái	@HUE	data\processed_transcripts\BR05hGp0nJQ.json
data\raw_audio\BR05hGp0nJQ.wav	83.6	89.479	hồ rất là đẹp và cũng được xem là một cái chốn vòng lai tiên cảnh của đất cổ	@HUE	data\processed_transcripts\BR05hGp0nJQ.json
data\raw_audio\BR05hGp0nJQ.wav	89.479	95.479	đồ của sứ Huế Mộng Mơ. và nằm trên cái con đường Đinh Tiên	@HUE	data\processed_transcripts\BR05hGp0nJQ.json
data\raw_audio\BR05hGp0nJQ.wav	95.479	99.759	Hoàng cũng là một trong những cái con đường mà rất chi là đẹp ở Huế nằm bên	@HUE	data\processed_transcripts\BR05hGp0nJQ.json
data\raw_audio\BR05hGp0nJQ.wav	99.759	105.479	trong kinh thành Huế thôi quý vị. Và không để quý vị chờ lâu thì Huế	@HUE	data\processed_transcripts\BR05hGp0nJQ.json
data\raw_audio\BR05hGp0nJQ.wav	105.479	113.439	Review sẽ đến à cái hồ Tịnh Tâm sẽ đáp ngay vào hồ Tịnh Tâm để quay cho quý vị	@HUE	data\processed_transcripts\BR05hGp0nJQ.json
data\raw_audio\BR05hGp0nJQ.wav	113.439	118.719	xem cái khu vực Hồ Tịch Tâm này. Trước đây bây giờ là một cái thời điểm	@HUE	data\processed_transcripts\BR05hGp0nJQ.json
data\raw_audio\BR05hGp0nJQ.wav	121.32	127.28	buổi chiều mát mẻ và Huế Review cũng bon trên đường để à	@HUE	data\processed_transcripts\BR05hGp0nJQ.json
data\raw_audio\BR05hGp0nJQ.wav	127.28	134.239	thưởng thức cái không khí à mạc lạnh của buổi chiều cũng như là hưởng ngọn những	@HUE	data\processed_transcripts\BR05hGp0nJQ.json
data\raw_audio\BR05hGp0nJQ.wav	134.239	141.72	cái cách đẹp bên trong kinh thạch và đến xem cái hồ Tịnh Tâm bây giờ nó thay đổi	@HUE	data\processed_transcripts\BR05hGp0nJQ.json
data\raw_audio\BR05hGp0nJQ.wav	141.72	147.2	như thế nào nó khác xưa ra sao. Mời quý vị cùng theo chân Huế review	@HUE	data\processed_transcripts\BR05hGp0nJQ.json
data\raw_audio\BR05hGp0nJQ.wav	147.2	151.16	nha. Ở đây thì chúng ta có thể thấy có một	@HUE	data\processed_transcripts\BR05hGp0nJQ.json
data\raw_audio\BR05hGp0nJQ.wav	151.16	156.599	cái bảng hướng dẫn và một cái lời giới thiệu về Hồ Tịnh Tâm.	@HUE	data\processed_transcripts\BR05hGp0nJQ.json
data\raw_audio\BR05hGp0nJQ.wav	156.599	162.519	Thì không biết à những quý vị của kênh Huế Review à có ai đã từng đến cái khu	@HUE	data\processed_transcripts\BR05hGp0nJQ.json
data\raw_audio\BR05hGp0nJQ.wav	162.519	167.76	vực Hồ Tịnh Tâm này chưa? Và đi vào cái con đường này chính là cái đường Lê Văn	@HUE	data\processed_transcripts\BR05hGp0nJQ.json
data\raw_audio\BR05hGp0nJQ.wav	167.76	173.519	Hưu. Quý vị cũng có thể nhìn thấy những cái hình ảnh phía trên cao nhìn rất là	@HUE	data\processed_transcripts\BR05hGp0nJQ.json
data\raw_audio\BR05hGp0nJQ.wav	173.519	180.76	đẹp thưa quý vị. Xa xa là tòa nhà Vincom phía bên bờ Nam.	@HUE	data\processed_transcripts\BR05hGp0nJQ.json
data\raw_audio\BR05hGp0nJQ.wav	180.76	185.599	Và bên trong kinh thành thì quý vị cũng có thể thấy là mực độ nhà cửa cũng rất	@HUE	data\processed_transcripts\BR05hGp0nJQ.json
data\raw_audio\BR05hGp0nJQ.wav	185.599	190.599	là dày đặc. Và hồ Tịnh Tâm của chúng ta thì như quý	@HUE	data\processed_transcripts\BR05hGp0nJQ.json
data\raw_audio\BR05hGp0nJQ.wav	190.599	198.879	vị đã thấy thì nó gồm rất là nhiều cái đảo nhỏ nổi giữa lòng hồ	@HUE	data\processed_transcripts\BR05hGp0nJQ.json
data\raw_audio\BR05hGp0nJQ.wav	198.879	203.36	và hồ Tịnh Tâm được xem là một cái di tích cảnh quang kiến tạo dưới triều	@HUE	data\processed_transcripts\BR05hGp0nJQ.json
data\raw_audio\BR05hGp0nJQ.wav	203.36	207.48	nguyện. à dưới thời vô triệu trị được xem là một	@HUE	data\processed_transcripts\BR05hGp0nJQ.json
data\raw_audio\BR05hGp0nJQ.wav	207.48	212.4	trong 20 cách đẹp của đất thần kinh. Thì trước đây á hồ nguyên là vết tích	@HUE	data\processed_transcripts\BR05hGp0nJQ.json
data\raw_audio\BR05hGp0nJQ.wav	214.842	219.56	[âm nhạc] của đoạn sông Kim Long chảy qua Huế. Đầu thời Gia Long thì triều	@HUE	data\processed_transcripts\BR05hGp0nJQ.json
data\raw_audio\BR05hGp0nJQ.wav	219.56	224.68	đình cho cải tạo một số đoạn sông và khơi dòng theo hướng khác để tạo thành	@HUE	data\processed_transcripts\BR05hGp0nJQ.json
data\raw_audio\BR05hGp0nJQ.wav	224.68	229.599	ngự hà và hồ kỳ tế. Và như quý vị đã thấy hai cái bãi nổi	@HUE	data\processed_transcripts\BR05hGp0nJQ.json
data\raw_audio\BR05hGp0nJQ.wav	233.159	238.422	lúc nãy ở trên cái hồ Tịnh Tâm á thì lúc trước	@HUE	data\processed_transcripts\BR05hGp0nJQ.json
data\raw_audio\BR05hGp0nJQ.wav	238.422	245.12	[âm nhạc] được giờ dựng để làm cái kho súng và Diêm Tiêu.	@HUE	data\processed_transcripts\BR05hGp0nJQ.json
data\raw_audio\BR05hGp0nJQ.wav	245.12	251.799	Và đến năm Minh Mạng thứ ba tức năm 1822 thì Triều Nguyễn đã hy động tới 8000	@HUE	data\processed_transcripts\BR05hGp0nJQ.json
data\raw_audio\BR05hGp0nJQ.wav	251.799	256.68	binh lính tham gia vào việc cải Tào Hồ. Năm 1838	@HUE	data\processed_transcripts\BR05hGp0nJQ.json
data\raw_audio\BR05hGp0nJQ.wav	256.68	262.12	thì vua Minh Mạng cho dời hai cái kho sang phía đông tái thiết nơi này thành	@HUE	data\processed_transcripts\BR05hGp0nJQ.json
data\raw_audio\BR05hGp0nJQ.wav	262.12	266.72	một cái chốn tiêu giao giải trí à coi như là [âm nhạc] một cái vườn Thượng	@HUE	data\processed_transcripts\BR05hGp0nJQ.json
data\raw_audio\BR05hGp0nJQ.wav	266.72	272.84	Uyển của vua chúa Triều Nguyễn và được đặt tên là Tịnh Tâm.	@HUE	data\processed_transcripts\BR05hGp0nJQ.json
data\raw_audio\BR05hGp0nJQ.wav	272.84	278.68	Tịnh tâm hay là tỉnh tâm thì quý vị cũng có thể gọi là nó đồng nghĩa. Bởi vì mục	@HUE	data\processed_transcripts\BR05hGp0nJQ.json
data\raw_audio\BR05hGp0nJQ.wav	278.68	286.12	tiêu mục đích của cái hồ này được à vua chúa lập ra là để đến để tiêu giao và	@HUE	data\processed_transcripts\BR05hGp0nJQ.json
data\raw_audio\BR05hGp0nJQ.wav	286.12	291.639	vui chơi giải trí giúp cho tâm hồn nó thanh tịnh.	@HUE	data\processed_transcripts\BR05hGp0nJQ.json
data\raw_audio\BR05hGp0nJQ.wav	291.639	297.639	Thì như quý vị thấy thì đi lên cái bậc cấp này thì chúng ta vừa	@HUE	data\processed_transcripts\BR05hGp0nJQ.json
data\raw_audio\BR05hGp0nJQ.wav	297.639	302.08	đi qua một cái cầu	@HUE	data\processed_transcripts\BR05hGp0nJQ.json
data\raw_audio\BR05hGp0nJQ.wav	302.08	305.08	và đây chính là	@HUE	data\processed_transcripts\BR05hGp0nJQ.json
data\raw_audio\BR05hGp0nJQ.wav	307.88	314.32	cái khu vực của đảo Bồng Lai, một cái đảo nổi giữa hồ. Và cái cầu mà chúng ta	@HUE	data\processed_transcripts\BR05hGp0nJQ.json
data\raw_audio\BR05hGp0nJQ.wav	314.32	319.44	vừa đi qua là cầu Hồng Cử. Ở trên đảo Bồng Lai này thì Huế Review	@HUE	data\processed_transcripts\BR05hGp0nJQ.json
data\raw_audio\BR05hGp0nJQ.wav	319.44	325.56	cũng sẽ quay thật là kỹ những cái khung cảnh, những cái cảnh vật nó xuất	@HUE	data\processed_transcripts\BR05hGp0nJQ.json
data\raw_audio\BR05hGp0nJQ.wav	325.56	329.88	hiện bên trong đảo Bồng Lai. So với trước kia thì bây giờ Hồ Tịnh Tâm	@HUE	data\processed_transcripts\BR05hGp0nJQ.json
data\raw_audio\BR05hGp0nJQ.wav	332.44	338.16	đã được à cải tạo hơn xưa rất là nhiều. Việc xuất hiện những cái hòn non bộ như	@HUE	data\processed_transcripts\BR05hGp0nJQ.json
data\raw_audio\BR05hGp0nJQ.wav	338.16	342.88	thế này thì quý vị cũng có thể thấy nó tạo nên một cái điểm nhấn cho các cái	@HUE	data\processed_transcripts\BR05hGp0nJQ.json
data\raw_audio\BR05hGp0nJQ.wav	342.88	349.56	đảo. Tuy nhiên việc giữ lại những cái thành những cái bơ thành như thế này thì	@HUE	data\processed_transcripts\BR05hGp0nJQ.json
data\raw_audio\BR05hGp0nJQ.wav	349.56	355.039	nó cũng là một cái điều thiết yếu bởi vì chúng ta cải tạo thì cải tạo nhưng mà	@HUE	data\processed_transcripts\BR05hGp0nJQ.json
data\raw_audio\BR05hGp0nJQ.wav	355.039	360.639	những cái gì mà nó vẫn còn xưa cũ và nó vẫn còn giữ nguyên thì chúng ta nên để	@HUE	data\processed_transcripts\BR05hGp0nJQ.json
data\raw_audio\BR05hGp0nJQ.wav	360.639	366.56	lại. Đó chính là một cái a ý nghĩa hết sức là	@HUE	data\processed_transcripts\BR05hGp0nJQ.json
data\raw_audio\BR05hGp0nJQ.wav	366.56	372.8	to lớn trong cái việc mà trùng tư di tích.	@HUE	data\processed_transcripts\BR05hGp0nJQ.json
data\raw_audio\BR05hGp0nJQ.wav	372.919	378.24	Và đi trên a cái bãi cỏ này thật ra là chúng ta không nên dẫm lên cỏ. Nhưng mà	@HUE	data\processed_transcripts\BR05hGp0nJQ.json
data\raw_audio\BR05hGp0nJQ.wav	378.24	384.68	để review kỹ cho quý vị xem thì Huế Review cũng à à mạng phép được bước lên	@HUE	data\processed_transcripts\BR05hGp0nJQ.json
data\raw_audio\BR05hGp0nJQ.wav	384.68	391.88	một ít cỏ để đi xuống cái phía bậc cấp này. Quý vị cũng có thể thấy là việc đảo	@HUE	data\processed_transcripts\BR05hGp0nJQ.json
data\raw_audio\BR05hGp0nJQ.wav	391.88	396.759	Bồng Lai nó nằm giữa hồ như thế này. Nó tạo nên một yếu tố phong thủy cũng hết	@HUE	data\processed_transcripts\BR05hGp0nJQ.json
data\raw_audio\BR05hGp0nJQ.wav	396.759	404.24	sức là tuyệt vời. và trước mặt là nước. Sau đó là bên kia là một cái con đường	@HUE	data\processed_transcripts\BR05hGp0nJQ.json
data\raw_audio\BR05hGp0nJQ.wav	404.24	411.639	thì nó cũng à tạo nên cho ta một cái cảm giác mát mẻ vào mùa hè.	@HUE	data\processed_transcripts\BR05hGp0nJQ.json
data\raw_audio\BR05hGp0nJQ.wav	411.639	416.84	Ấy và Huế bây giờ là đang vào hè thưa quý vị. Và việc mà đến đây dạo chơi vào	@HUE	data\processed_transcripts\BR05hGp0nJQ.json
data\raw_audio\BR05hGp0nJQ.wav	416.84	423.12	những cái thời điểm mà cuối giờ chiều á thì nó cũng có một cái cảm giác thật là	@HUE	data\processed_transcripts\BR05hGp0nJQ.json
data\raw_audio\BR05hGp0nJQ.wav	423.12	427.52	khoan khoái và sát khoái. Ở trong đảo Bồng Lai thì à nó có một cái	@HUE	data\processed_transcripts\BR05hGp0nJQ.json
data\raw_audio\BR05hGp0nJQ.wav	431.68	437.199	chính điện thì được gọi là điện bồng doanh. Ở đây thì điện Bồng Doanh bây giờ	@HUE	data\processed_transcripts\BR05hGp0nJQ.json
data\raw_audio\BR05hGp0nJQ.wav	437.199	441.8	cũng đã được trùng tu. Quý vị còn có thể thấy là các cột kèo bây giờ là đều làm	@HUE	data\processed_transcripts\BR05hGp0nJQ.json
data\raw_audio\BR05hGp0nJQ.wav	441.8	446.639	mới hết. Và nó nổi giữa mọc lên giữa đảo như thế	@HUE	data\processed_transcripts\BR05hGp0nJQ.json
data\raw_audio\BR05hGp0nJQ.wav	446.639	453.12	này nó cũng à rất chi là đẹp. Đây quý vị.	@HUE	data\processed_transcripts\BR05hGp0nJQ.json
data\raw_audio\BR05hGp0nJQ.wav	457.199	465.08	Bây giờ Huy Review sẽ tỏa ra bốn hướng theo bốn cái bậc cấp đi lên của cái đảo	@HUE	data\processed_transcripts\BR05hGp0nJQ.json
data\raw_audio\BR05hGp0nJQ.wav	465.08	470.24	à của cái đảo Bồng Lai và cái điếng Bông doanh này để cho quý vị xem xung quanh	@HUE	data\processed_transcripts\BR05hGp0nJQ.json
data\raw_audio\BR05hGp0nJQ.wav	470.24	477.52	nó như thế nào. Ở đây cũng có một cái con đường đi về phía hồ. Chúng ta bước à	@HUE	data\processed_transcripts\BR05hGp0nJQ.json
data\raw_audio\BR05hGp0nJQ.wav	477.52	482.199	ra phía hồ đây thưa quý vị. Và mỗi cái hướng như thế này nó đều có	@HUE	data\processed_transcripts\BR05hGp0nJQ.json
data\raw_audio\BR05hGp0nJQ.wav	482.199	488.28	một cái bến đó. Và khi mà chúng ta xuống cái bến này thì à	@HUE	data\processed_transcripts\BR05hGp0nJQ.json
data\raw_audio\BR05hGp0nJQ.wav	488.28	494.919	chúng ta có thể đến thưởng à thức cái cảnh đẹp vừa ngắm cảnh vừa gi ngồi nghỉ	@HUE	data\processed_transcripts\BR05hGp0nJQ.json
data\raw_audio\BR05hGp0nJQ.wav	494.919	500.8	mát thì nó có tuyệt vời. Ở đây thì trên hồ Tịnh Tâm thì quý vị	@HUE	data\processed_transcripts\BR05hGp0nJQ.json
data\raw_audio\BR05hGp0nJQ.wav	500.8	506.039	không có được phép câu cá đâu quý vị. Ở đây thì cũng có một số bà con là tới	@HUE	data\processed_transcripts\BR05hGp0nJQ.json
data\raw_audio\BR05hGp0nJQ.wav	506.039	510.599	đây để vớt bèo rồi	@HUE	data\processed_transcripts\BR05hGp0nJQ.json
data\raw_audio\BR05hGp0nJQ.wav	510.599	517.36	đến để giải giải lao à ngồi nghỉ mát. Và quý vị thấy những cái bức tường thành	@HUE	data\processed_transcripts\BR05hGp0nJQ.json
data\raw_audio\BR05hGp0nJQ.wav	517.36	521.44	như thế này nhìn nó rất là cổ kính. [âm nhạc]	@HUE	data\processed_transcripts\BR05hGp0nJQ.json
data\raw_audio\BR05hGp0nJQ.wav	521.919	526.919	Và thực sự mà nói thì à với cái kiểu kiến trúc cầu kỳ tinh mỹ và	@HUE	data\processed_transcripts\BR05hGp0nJQ.json
data\raw_audio\BR05hGp0nJQ.wav	530.04	534.88	hài hòa với thiên nhiên thì Hồ Tịnh Tâm ở đây được xem như là một cái thành tựu	@HUE	data\processed_transcripts\BR05hGp0nJQ.json
data\raw_audio\BR05hGp0nJQ.wav	534.88	542.0	tiêu biểu của nghệ thuật kiếm trúc cạch quang Việt Nam thế kỷ thứ 19.	@HUE	data\processed_transcripts\BR05hGp0nJQ.json
data\raw_audio\BR05hGp0nJQ.wav	544.839	549.24	Và những cái nông bộ như thế này rồi trong những cái cây cây xanh như thế này	@HUE	data\processed_transcripts\BR05hGp0nJQ.json
data\raw_audio\BR05hGp0nJQ.wav	549.24	554.8	quý vị cũng có thể để ý là được trong bốn góc thưa quý vị. Và mỗi góc đều có	@HUE	data\processed_transcripts\BR05hGp0nJQ.json
data\raw_audio\BR05hGp0nJQ.wav	554.8	560.44	một cái nông bộ cũng như là một cái cây xanh mọc lên và nhìn rất là đẹp, cũng là	@HUE	data\processed_transcripts\BR05hGp0nJQ.json
data\raw_audio\BR05hGp0nJQ.wav	560.44	567.12	rất là mát. Thường thì à trước kia hồ Tịnh Tâm á là được trồng các cái loại x	@HUE	data\processed_transcripts\BR05hGp0nJQ.json
data\raw_audio\BR05hGp0nJQ.wav	567.12	575.36	trắng nhưng mà cũng do một số thành phần là	@HUE	data\processed_transcripts\BR05hGp0nJQ.json
data\raw_audio\BR05hGp0nJQ.wav	575.36	580.959	các cái chất thải trước kia là được thải ra ở đây rất là nhiều. Và	@HUE	data\processed_transcripts\BR05hGp0nJQ.json
data\raw_audio\BR05hGp0nJQ.wav	580.959	585.44	đến cái mùa luộc nữa thì các cái loại xanh trắng đó là dường như không có chịu	@HUE	data\processed_transcripts\BR05hGp0nJQ.json
data\raw_audio\BR05hGp0nJQ.wav	585.44	593.64	nổi. Chính vì vậy mà hồ hồ bây giờ nó cũng rất là ít chen	@HUE	data\processed_transcripts\BR05hGp0nJQ.json
data\raw_audio\BR05hGp0nJQ.wav	593.64	598.56	và sau khi tôn tạo, sau khi cải tạo thì bây	@HUE	data\processed_transcripts\BR05hGp0nJQ.json
data\raw_audio\BR05hGp0nJQ.wav	598.56	603.079	giờ hồ trở nên là đẹp hơn và nước cũng trở nên sạch sẽ hơn rất là nhiều. Và ắc	@HUE	data\processed_transcripts\BR05hGp0nJQ.json
data\raw_audio\BR05hGp0nJQ.wav	603.079	607.88	hẳn thì sau này là khi mà à được trồng lại sen thì cũng hy vọng là	@HUE	data\processed_transcripts\BR05hGp0nJQ.json
data\raw_audio\BR05hGp0nJQ.wav	607.88	611.64	sẽ trồng lại cái sen trắng thôi quý vị. Bởi vì cái x trắng là một cái loại sen	@HUE	data\processed_transcripts\BR05hGp0nJQ.json
data\raw_audio\BR05hGp0nJQ.wav	611.64	617.72	rất là đặc trưng cho kinh thành Huế.	@HUE	data\processed_transcripts\BR05hGp0nJQ.json
data\raw_audio\BR05hGp0nJQ.wav	617.76	623.519	Quý vị cũng có thể xem lại một cái hình ảnh à đảo bồng doanh à cái điện điện	@HUE	data\processed_transcripts\BR05hGp0nJQ.json
data\raw_audio\BR05hGp0nJQ.wav	623.519	629.959	bồng doanh nhìn trên cao và cái đảo bồng lai đó chúng ta quay phía trên cao nhìn	@HUE	data\processed_transcripts\BR05hGp0nJQ.json
data\raw_audio\BR05hGp0nJQ.wav	629.959	636.44	cũng rất chi là đẹp và một cái màu xanh là bao phủ khắp cái [âm nhạc] bả cái	@HUE	data\processed_transcripts\BR05hGp0nJQ.json
data\raw_audio\BR05hGp0nJQ.wav	636.44	640.0	đảo. Ở đây cũng có một số loại bông trăng	@HUE	data\processed_transcripts\BR05hGp0nJQ.json
data\raw_audio\BR05hGp0nJQ.wav	640.0	645.92	trắng này quý vị. Cái loại này thì quả thật là rất là quý phái và nó đại diện	@HUE	data\processed_transcripts\BR05hGp0nJQ.json
data\raw_audio\BR05hGp0nJQ.wav	645.92	650.92	đặc trưng cho hoàng gia. Ở các cái làng quê ở các cái vùng nông	@HUE	data\processed_transcripts\BR05hGp0nJQ.json
data\raw_audio\BR05hGp0nJQ.wav	650.92	656.6	thôn thì thường trồng các cái loại bông trang nhưng mà màu đỏ. Còn cái bông này	@HUE	data\processed_transcripts\BR05hGp0nJQ.json
data\raw_audio\BR05hGp0nJQ.wav	656.6	663.36	là giống như loại bông bạch trà vậy. Nhìn rất là quý phái. [âm nhạc]	@HUE	data\processed_transcripts\BR05hGp0nJQ.json
data\raw_audio\BR05hGp0nJQ.wav	663.36	668.839	>> Ở đây thì bây giờ chúng ta sẽ qua một cái cây cầu tre	@HUE	data\processed_transcripts\BR05hGp0nJQ.json
data\raw_audio\BR05hGp0nJQ.wav	668.839	676.16	và sẽ đi đến một cái đảo gọi là đảo à phương trường.	@HUE	data\processed_transcripts\BR05hGp0nJQ.json
data\raw_audio\BR05hGp0nJQ.wav	677.399	681.48	Đảo phương trường thì quý vị có thể nhìn trên cao thì cũng có thể thấy là cái quy	@HUE	data\processed_transcripts\BR05hGp0nJQ.json
data\raw_audio\BR05hGp0nJQ.wav	681.48	688.68	mô thì nó cái diện tích thì nó hình chữ nhật. Cái đảo Bồng Lai thì lại hình	@HUE	data\processed_transcripts\BR05hGp0nJQ.json
data\raw_audio\BR05hGp0nJQ.wav	688.68	692.839	vuông và cái cái đảo mà gọi là đảo phương trường	@HUE	data\processed_transcripts\BR05hGp0nJQ.json
data\raw_audio\BR05hGp0nJQ.wav	696.079	703.079	này thì có vẻ là nó nhỏ hơn so với cái đảo Bồng Lai.	@HUE	data\processed_transcripts\BR05hGp0nJQ.json
data\raw_audio\BR05hGp0nJQ.wav	706.48	711.24	Nhìn trên cao thì quý vị có thể thấy hồ Tịnh Tâm	@HUE	data\processed_transcripts\BR05hGp0nJQ.json
data\raw_audio\BR05hGp0nJQ.wav	711.24	717.2	bây giờ được trùng tu lại và cải tạo lại thì nhìn rất là đẹp luôn quý vị. Và nó	@HUE	data\processed_transcripts\BR05hGp0nJQ.json
data\raw_audio\BR05hGp0nJQ.wav	717.2	723.0	cũng đang thu hút rất là nhiều du khách đến để tham quan và du lịch.	@HUE	data\processed_transcripts\BR05hGp0nJQ.json
data\raw_audio\BR05hGp0nJQ.wav	723.0	726.72	Ở dưới hồ thì quý vị có thể thấy nước rất là trong xanh.	@HUE	data\processed_transcripts\BR05hGp0nJQ.json
data\raw_audio\BR05hGp0nJQ.wav	726.72	731.6	Có những cây súng, cây sen thì bây giờ những cái lá súng, lá sen thì nó cũng	@HUE	data\processed_transcripts\BR05hGp0nJQ.json
data\raw_audio\BR05hGp0nJQ.wav	731.6	738.72	rất là ít rồi và chắc sắp tới thì cũng sẽ được trồng thêm sen để cho cái à hồ	@HUE	data\processed_transcripts\BR05hGp0nJQ.json
data\raw_audio\BR05hGp0nJQ.wav	738.72	745.079	này nó trở nên mỏng mơ như xưa.	@HUE	data\processed_transcripts\BR05hGp0nJQ.json
data\raw_audio\BR05hGp0nJQ.wav	745.88	750.92	Cái đường đi lên đảo phương Trường thì quý vị cũng có thể thấy là nó cũng tương	@HUE	data\processed_transcripts\BR05hGp0nJQ.json
data\raw_audio\BR05hGp0nJQ.wav	750.92	756.16	tự như cái đảo Bồng Lai. Tuy nhiên thì cái cầu bắc qua thì bên kia là cầu bê	@HUE	data\processed_transcripts\BR05hGp0nJQ.json
data\raw_audio\BR05hGp0nJQ.wav	756.16	764.44	tông còn bên này thì là cầu tre gỗ. Nhìn nó có một cái sự khác biệt rõ rệt.	@HUE	data\processed_transcripts\BR05hGp0nJQ.json
data\raw_audio\BR05hGp0nJQ.wav	764.44	770.04	Thì vừa rồi có một số quý vị khán giả trong đó có chị Thu Anh là cũng yêu cầu	@HUE	data\processed_transcripts\BR05hGp0nJQ.json
data\raw_audio\BR05hGp0nJQ.wav	770.04	775.32	H review là quay cái à	@HUE	data\processed_transcripts\BR05hGp0nJQ.json
data\raw_audio\BR05hGp0nJQ.wav	775.32	781.0	đảo gọi là quay cái các cái đảo và các cái Hồ Tịnh Tâm này để cho quý vị cùng	@HUE	data\processed_transcripts\BR05hGp0nJQ.json
data\raw_audio\BR05hGp0nJQ.wav	781.0	785.839	thưởng thức. Do đó là Huế Review cũng đáp ứng được yêu cầu của chị Thu Anh và	@HUE	data\processed_transcripts\BR05hGp0nJQ.json
data\raw_audio\BR05hGp0nJQ.wav	785.839	790.199	một số quý vị khán giả thì cũng đến đây để quay cái hồ Tịnh Tâm.	@HUE	data\processed_transcripts\BR05hGp0nJQ.json
data\raw_audio\BR05hGp0nJQ.wav	790.199	794.44	Và cái cảm giác của Huế Review khi đến đây thì nó có một cái cảm giác thật là	@HUE	data\processed_transcripts\BR05hGp0nJQ.json
data\raw_audio\BR05hGp0nJQ.wav	794.44	800.279	sát khoái. Sác khoái là bởi vì khoảng cỡ 4 5:00 chiều khi mà quý vị đến đây thì	@HUE	data\processed_transcripts\BR05hGp0nJQ.json
data\raw_audio\BR05hGp0nJQ.wav	800.279	805.12	cái màu xanh của cây cây cối cũng như là những hàng tre, những cái tán cây và mùa	@HUE	data\processed_transcripts\BR05hGp0nJQ.json
data\raw_audio\BR05hGp0nJQ.wav	805.12	811.079	hè nó làm cho cái tinh thần của con người mình trở nên rất	@HUE	data\processed_transcripts\BR05hGp0nJQ.json
data\raw_audio\BR05hGp0nJQ.wav	811.079	817.48	là thoải mái và ờ dường như là vô âu vô lo.	@HUE	data\processed_transcripts\BR05hGp0nJQ.json
data\raw_audio\BR05hGp0nJQ.wav	817.48	821.16	Đó cũng là chính là cái nguyên nhân mà tại vì sao lúc trước các cái vị vua chúa	@HUE	data\processed_transcripts\BR05hGp0nJQ.json
data\raw_audio\BR05hGp0nJQ.wav	821.16	829.04	triều Nguyễn thường đến đây để đánh cờ uống trà hay là nhìn à giải trí	@HUE	data\processed_transcripts\BR05hGp0nJQ.json
data\raw_audio\BR05hGp0nJQ.wav	829.04	835.399	vui chơi và hẳn thì phía bên kia thì quý vị cũng có thể thấy là cái dòng người đi	@HUE	data\processed_transcripts\BR05hGp0nJQ.json
data\raw_audio\BR05hGp0nJQ.wav	835.399	841.959	lại và ngồi đây nhìn ngắm cái dòng người đi lại thì cũng rất chi là vui.	@HUE	data\processed_transcripts\BR05hGp0nJQ.json
data\raw_audio\BR05hGp0nJQ.wav	842.24	848.04	những cái ánh mặt trời chiếu rọi ánh hoàng hôn à làm cho cảm giác của chúng	@HUE	data\processed_transcripts\BR05hGp0nJQ.json
data\raw_audio\BR05hGp0nJQ.wav	848.04	853.56	ta là à cảm thấy là bình yên hơn.	@HUE	data\processed_transcripts\BR05hGp0nJQ.json
data\raw_audio\BR05hGp0nJQ.wav	853.56	859.44	Như quý vị chắc chắc chắc có lẽ là quý vị là cũng đã nghĩ rằng tại sao một cái	@HUE	data\processed_transcripts\BR05hGp0nJQ.json
data\raw_audio\BR05hGp0nJQ.wav	859.44	863.519	khung cảnh yên bình như thế này mà có gì đâu mà quay. Nhưng mà thực sự mà nói thì	@HUE	data\processed_transcripts\BR05hGp0nJQ.json
data\raw_audio\BR05hGp0nJQ.wav	863.519	869.36	à Hồ Tịnh Tâm là một trong những cái thẳng cảnh rất là đẹp từ xưa cho tới	@HUE	data\processed_transcripts\BR05hGp0nJQ.json
data\raw_audio\BR05hGp0nJQ.wav	869.36	875.0	nay. và việc mà sắp tới việc cải tạo cũng như là trùng tu và việc phát triển	@HUE	data\processed_transcripts\BR05hGp0nJQ.json
data\raw_audio\BR05hGp0nJQ.wav	875.0	881.48	thêm à một số cái tiểu tiết giúp cho hồ tịnh tâm nó càng	@HUE	data\processed_transcripts\BR05hGp0nJQ.json
data\raw_audio\BR05hGp0nJQ.wav	881.48	885.079	ngày càng trở nên đẹp. Và ở trong quý vị cũng có thể thấy có	@HUE	data\processed_transcripts\BR05hGp0nJQ.json
data\raw_audio\BR05hGp0nJQ.wav	885.079	889.16	một cái máy địch đó một à thực ra cái cái này thì gọi là gác	@HUE	data\processed_transcripts\BR05hGp0nJQ.json
data\raw_audio\BR05hGp0nJQ.wav	896.279	903.48	Nam Huân à và ở đây là cũng có một số chú anh anh	@HUE	data\processed_transcripts\BR05hGp0nJQ.json
data\raw_audio\BR05hGp0nJQ.wav	903.48	908.48	anh chú và anh bảo vệ. Ở đây là quý vị cũng có thể thấy là có một cái a khu	@HUE	data\processed_transcripts\BR05hGp0nJQ.json
data\raw_audio\BR05hGp0nJQ.wav	908.48	912.04	vườn chè được trồng lên.	@HUE	data\processed_transcripts\BR05hGp0nJQ.json
data\raw_audio\BR05hGp0nJQ.wav	912.04	917.16	Tuy nhiên thì bây giờ nó cũng khô khô hạn rồi.	@HUE	data\processed_transcripts\BR05hGp0nJQ.json
data\raw_audio\BR05hGp0nJQ.wav	917.16	921.839	Một cái điểm nhấn ở đây cũng là tương tự so với cái đảo bông lai đó là nó cũng có	@HUE	data\processed_transcripts\BR05hGp0nJQ.json
data\raw_audio\BR05hGp0nJQ.wav	921.839	929.36	một số cái nông bộ nhỏ phía bốn góc và	@HUE	data\processed_transcripts\BR05hGp0nJQ.json
data\raw_audio\BR05hGp0nJQ.wav	929.36	933.8	nhìn cái bầu trời trong xanh à kết hợp với màu xanh của cây cối thì đến đây cho	@HUE	data\processed_transcripts\BR05hGp0nJQ.json
data\raw_audio\BR05hGp0nJQ.wav	933.8	937.72	cho chúng ta một cái cảm giác rất là mát mẻ thôi quý vị. và cảm cảm thấy là giống	@HUE	data\processed_transcripts\BR05hGp0nJQ.json
data\raw_audio\BR05hGp0nJQ.wav	937.72	943.88	như là có một cái có một cái tinh thần nó phấn chấn hơn.	@HUE	data\processed_transcripts\BR05hGp0nJQ.json
data\raw_audio\BR05hGp0nJQ.wav	943.88	948.6	Chắc hẳn thì những cái quý vị khán giả nào bị stress hay là những cái quý vị	@HUE	data\processed_transcripts\BR05hGp0nJQ.json
data\raw_audio\BR05hGp0nJQ.wav	948.6	955.48	khán giả nào nó họ họ bị gọi là tinh thần nó nó không có được	@HUE	data\processed_transcripts\BR05hGp0nJQ.json
data\raw_audio\BR05hGp0nJQ.wav	955.48	960.48	ổn định á thì có thể đến đây để tịnh tâm. Và cái hồ này nó làm đúng cái chức	@HUE	data\processed_transcripts\BR05hGp0nJQ.json
data\raw_audio\BR05hGp0nJQ.wav	960.48	965.519	năng là như vậy là đến đây để tịnh tâm. Ở phía dưới cái bờ này thì cũng có một	@HUE	data\processed_transcripts\BR05hGp0nJQ.json
data\raw_audio\BR05hGp0nJQ.wav	969.279	976.6	số các cái luống rau màu được trồng để mà gọi là tận dụng cái cái đất ở trên	@HUE	data\processed_transcripts\BR05hGp0nJQ.json
data\raw_audio\BR05hGp0nJQ.wav	976.6	984.0	này. Thế chắc có lẽ ở đây là có các cái chú bảo vệ trồng để ăn rau sạch đây. Và	@HUE	data\processed_transcripts\BR05hGp0nJQ.json
data\raw_audio\BR05hGp0nJQ.wav	984.0	989.36	Huế Review thấy thì rau ở đây cũng nhìn rất là ngon. một số loại rau khoai rồi	@HUE	data\processed_transcripts\BR05hGp0nJQ.json
data\raw_audio\BR05hGp0nJQ.wav	989.36	995.6	rau cải đây. Và quý vị thấy cái nền cái nền phía dưới bây giờ nền nhìn nó rất là	@HUE	data\processed_transcripts\BR05hGp0nJQ.json
data\raw_audio\BR05hGp0nJQ.wav	995.6	1003.48	cổ, chủ yếu là các cái loại gạch mà gọi là gạch của thời xưa đấy. Đấy và cái	@HUE	data\processed_transcripts\BR05hGp0nJQ.json
data\raw_audio\BR05hGp0nJQ.wav	1003.48	1009.519	nền bây giờ nó tuy nó bị hư hạ nhiều nhưng mà	@HUE	data\processed_transcripts\BR05hGp0nJQ.json
data\raw_audio\BR05hGp0nJQ.wav	1009.519	1015.199	nó vẫn còn lưu giữ những cái nét cổ kính của ngày xưa.	@HUE	data\processed_transcripts\BR05hGp0nJQ.json
data\raw_audio\BR05hGp0nJQ.wav	1015.199	1021.92	Có thể thấy là cái nền nền này được xây rất là dày quý vị và rất là chắc. Đấy,	@HUE	data\processed_transcripts\BR05hGp0nJQ.json
data\raw_audio\BR05hGp0nJQ.wav	1021.92	1029.64	ở đây cũng có những cái cột đèn như thế này. Nó tôn thêm cái vẻ đẹp à	@HUE	data\processed_transcripts\BR05hGp0nJQ.json
data\raw_audio\BR05hGp0nJQ.wav	1029.64	1035.24	vừa cổ kính vừa hiện đại ở cái khu vực này.	@HUE	data\processed_transcripts\BR05hGp0nJQ.json
data\raw_audio\BR05hGp0nJQ.wav	1035.52	1044.64	Chúng ta có thể à xem ở trên cao một cái khúc quay từ cái đảo phương trưởng đến	@HUE	data\processed_transcripts\BR05hGp0nJQ.json
data\raw_audio\BR05hGp0nJQ.wav	1044.64	1048.12	đảo Bồng Lai và ở giữa thì có một cái D gọi là D Kim	@HUE	data\processed_transcripts\BR05hGp0nJQ.json
data\raw_audio\BR05hGp0nJQ.wav	1052.12	1060.6	Oanh. Đây quý vị nổi liền hai bờ à bờ đông và bờ tây.	@HUE	data\processed_transcripts\BR05hGp0nJQ.json
data\raw_audio\BR05hGp0nJQ.wav	1066.96	1072.679	Bây giờ gió thổi rất là to thôi quý vị. Cộng thêm hơi nước bóc lên nữ táp vào	@HUE	data\processed_transcripts\BR05hGp0nJQ.json
data\raw_audio\BR05hGp0nJQ.wav	1072.679	1081.32	mặt của Huế Review. Làm cho Huế Review cảm giác là rất chi là sạc khói luôn.	@HUE	data\processed_transcripts\BR05hGp0nJQ.json
data\raw_audio\BR05hGp0nJQ.wav	1081.32	1088.24	Bây giờ chúng ta sẽ đi ra lại cái con đường ở giữa. Và như quý vị có thể thấy	@HUE	data\processed_transcripts\BR05hGp0nJQ.json
data\raw_audio\BR05hGp0nJQ.wav	1088.24	1094.919	là cũng có một số vị khách cũng đến đây để chụp hình cũng như là để dạo mát.	@HUE	data\processed_transcripts\BR05hGp0nJQ.json
data\raw_audio\BR05hGp0nJQ.wav	1094.919	1099.0	Thực sự mà nói là ở nếu như ở gần đây thì chúng ta có thể ra đây để tập thể	@HUE	data\processed_transcripts\BR05hGp0nJQ.json
data\raw_audio\BR05hGp0nJQ.wav	1099.0	1106.24	dục hay là có thể đi dạo ngắm cảnh sông nước rồi cũng như là cây cối đó. Nhìn	@HUE	data\processed_transcripts\BR05hGp0nJQ.json
data\raw_audio\BR05hGp0nJQ.wav	1106.24	1111.4	rất là đẹp. Mời quý vị chúng ta	@HUE	data\processed_transcripts\BR05hGp0nJQ.json
data\raw_audio\BR05hGp0nJQ.wav	1111.4	1119.72	một lần nữa nhìn từ phía trên cao xuống à hồ tịnh tâm. Hái sen ở đây chưa?	@HUE	data\processed_transcripts\BR05hGp0nJQ.json
data\raw_audio\BR05hGp0nJQ.wav	1119.72	1126.36	thì phải nói rằng hồ Tịnh Tâm sau khi cải tạo nhìn	@HUE	data\processed_transcripts\BR05hGp0nJQ.json
data\raw_audio\BR05hGp0nJQ.wav	1126.36	1133.72	rất chi là đẹp và quý vị có thể thấy là tuy có một số khu vực là nó có bèo bèo	@HUE	data\processed_transcripts\BR05hGp0nJQ.json
data\raw_audio\BR05hGp0nJQ.wav	1133.72	1138.88	động lại nhưng mà nhìn chung thì mặt nước bây giờ nó nổi	@HUE	data\processed_transcripts\BR05hGp0nJQ.json
data\raw_audio\BR05hGp0nJQ.wav	1138.88	1144.559	nó lồi ra rất là nhiều rồi. So với trước kia thì cũng có một số quý vị bà con là	@HUE	data\processed_transcripts\BR05hGp0nJQ.json
data\raw_audio\BR05hGp0nJQ.wav	1144.559	1150.2	tâm sự là trước kia là bèo ở đây là bèo lục bình á nó mọc gọi là nó mọc à khắp	@HUE	data\processed_transcripts\BR05hGp0nJQ.json
data\raw_audio\BR05hGp0nJQ.wav	1150.2	1157.36	mặt nước của hồ luôn. Nhìn là nó rất là mất thập thẩm thẩm mỹ	@HUE	data\processed_transcripts\BR05hGp0nJQ.json
data\raw_audio\BR05hGp0nJQ.wav	1157.36	1163.0	và rất là mất mỹ quá. Tuy nhiên thì bây giờ nó à được cải tạo	@HUE	data\processed_transcripts\BR05hGp0nJQ.json
data\raw_audio\BR05hGp0nJQ.wav	1163.0	1170.2	và phục hồi thì à nó chính hồ tính tâm này cũng chính là	@HUE	data\processed_transcripts\BR05hGp0nJQ.json
data\raw_audio\BR05hGp0nJQ.wav	1170.2	1174.799	một cái điểm đến hết sức là thú vị cũng như là một cái sự lựa chọn hết sức là	@HUE	data\processed_transcripts\BR05hGp0nJQ.json
data\raw_audio\BR05hGp0nJQ.wav	1174.799	1179.44	hợp lý cho những cái quý vị nào thích tham quan những cái danh lam thắc cạch	@HUE	data\processed_transcripts\BR05hGp0nJQ.json
data\raw_audio\BR05hGp0nJQ.wav	1179.44	1186.88	của Huế. Đó đảo Bong La nhìn quá đẹp quý vị.	@HUE	data\processed_transcripts\BR05hGp0nJQ.json
data\raw_audio\BR05hGp0nJQ.wav	1186.88	1191.48	Và cái con đường này thì sẽ dẫn chúng ta đến một cái ngôi trường gọi là trường	@HUE	data\processed_transcripts\BR05hGp0nJQ.json
data\raw_audio\BR05hGp0nJQ.wav	1191.48	1198.4	Đại học Nghệ thuật Huế và mặt hồ nước trong xanh rất th rất chi là thoải mái.	@HUE	data\processed_transcripts\BR05hGp0nJQ.json
data\raw_audio\BR05hGp0nJQ.wav	1198.4	1202.039	Và có lẽ thì Huy Review cũng sẽ kết thúc videoở đây. Và vừa rồi Huế Review cũng	@HUE	data\processed_transcripts\BR05hGp0nJQ.json
data\raw_audio\BR05hGp0nJQ.wav	1202.039	1205.88	đã giới thiệu cái hồ tịnh tâm cho quý vị xem. Quý vị thấy hay thì mong quý vị	@HUE	data\processed_transcripts\BR05hGp0nJQ.json
data\raw_audio\BR05hGp0nJQ.wav	1205.88	1209.159	like và chia sẻ, đăng ký kênh Huế Review nha quý vị.	@HUE	data\processed_transcripts\BR05hGp0nJQ.json
data\raw_audio\BR05hGp0nJQ.wav	1209.159	1213.36	Hẹn gặp lại quý vị ở những video tiếp theo.	@HUE	data\processed_transcripts\BR05hGp0nJQ.json
data\raw_audio\fhnrbv8c_7Y.wav	1.0	5.279	Vâng, mến chào quý vị đã quay lại với Huyết Review. Quý vị và các bạn thân mến	@HUE	data\processed_transcripts\fhnrbv8c_7Y.json
data\raw_audio\fhnrbv8c_7Y.wav	5.279	9.4	thì như quý vị đã thấy thì hiện tại Huy Review đang đứng trước một cái ngôi mộ	@HUE	data\processed_transcripts\fhnrbv8c_7Y.json
data\raw_audio\fhnrbv8c_7Y.wav	9.4	14.759	và cái con đường này chính là cái con đường Thanh Hải. Và cái lộ ngôi mộ hôm	@HUE	data\processed_transcripts\fhnrbv8c_7Y.json
data\raw_audio\fhnrbv8c_7Y.wav	14.759	19.08	nay là Huế Review muốn giới thiệu cho một cái ngôi mộ rất đặc biệt. Nó tồn tại	@HUE	data\processed_transcripts\fhnrbv8c_7Y.json
data\raw_audio\fhnrbv8c_7Y.wav	19.08	23.199	trong một cái câu chuyện hết sức ly kỳ đó là nó trải qua một cái quá trình quậc	@HUE	data\processed_transcripts\fhnrbv8c_7Y.json
data\raw_audio\fhnrbv8c_7Y.wav	23.199	28.279	mộ của quân Tây Sơn nhưng mà nó vẫn tồn tại và hiện tại nó là cái ngôi mộ duy	@HUE	data\processed_transcripts\fhnrbv8c_7Y.json
data\raw_audio\fhnrbv8c_7Y.wav	28.279	33.04	nhất của nhà Nguyễn. thời đằng trong đó vẫn còn tồn tại cho đến ngày nay và đó	@HUE	data\processed_transcripts\fhnrbv8c_7Y.json
data\raw_audio\fhnrbv8c_7Y.wav	33.04	37.879	là ngôi lăng mộ của ai thì mời quý vị cùng Huế Review chúng ta khám phá cũng	@HUE	data\processed_transcripts\fhnrbv8c_7Y.json
data\raw_audio\fhnrbv8c_7Y.wav	37.879	41.8	như là tìm hiểu thêm về cái ngôi lăng mộ này xem nó có những cái ly kỳ những cái	@HUE	data\processed_transcripts\fhnrbv8c_7Y.json
data\raw_audio\fhnrbv8c_7Y.wav	41.8	45.559	bí ẩn gì bên trong hay không. Cái thứ hai và để đến được cái ngôi lăng mộ này	@HUE	data\processed_transcripts\fhnrbv8c_7Y.json
data\raw_audio\fhnrbv8c_7Y.wav	45.559	49.559	thì quý vị sẽ di chuyển theo đường Thanh Hại. Thì nếu như đến được đường Thanh	@HUE	data\processed_transcripts\fhnrbv8c_7Y.json
data\raw_audio\fhnrbv8c_7Y.wav	49.559	54.84	Hải thì quý vị sẽ đi từ đường điển Minh Phủ sau đó là gần cái đàn năm giao á quý	@HUE	data\processed_transcripts\fhnrbv8c_7Y.json
data\raw_audio\fhnrbv8c_7Y.wav	54.84	59.079	vị nhìn bên tay phải sẽ có đường Thanh Hải và quý vị chạy thẳng thì sẽ đến đây.	@HUE	data\processed_transcripts\fhnrbv8c_7Y.json
data\raw_audio\fhnrbv8c_7Y.wav	59.079	63.16	Và đây là địa phận của phường Thủy Xuân, thành phố Huế hiện nay. Thưa quý vị, một	@HUE	data\processed_transcripts\fhnrbv8c_7Y.json
data\raw_audio\fhnrbv8c_7Y.wav	63.16	68.84	cái ngôi lăng mộ tồn tại trong địa giới thành phố thì nó vẫn tồn tại cho đến	@HUE	data\processed_transcripts\fhnrbv8c_7Y.json
data\raw_audio\fhnrbv8c_7Y.wav	68.84	73.119	ngày nay thì đó thực sự là một cái điều ly kỵ. Và đây là cái ngôi lăng mộ duy	@HUE	data\processed_transcripts\fhnrbv8c_7Y.json
data\raw_audio\fhnrbv8c_7Y.wav	73.119	78.28	nhất giữ được nguyên bản ngày xưa à và nó vẫn chưa được có tác động gì của bàn	@HUE	data\processed_transcripts\fhnrbv8c_7Y.json
data\raw_audio\fhnrbv8c_7Y.wav	78.28	81.759	tay con người cả sau khi mà được xây dựng thưa quý vị. Và không để quý vị chờ	@HUE	data\processed_transcripts\fhnrbv8c_7Y.json
data\raw_audio\fhnrbv8c_7Y.wav	81.759	86.96	lâu à bây giờ mời quý vị cùng Huế review chúng ta khám phá chúng ta khám phá	@HUE	data\processed_transcripts\fhnrbv8c_7Y.json
data\raw_audio\fhnrbv8c_7Y.wav	86.96	90.32	những cái bí ẩn của ngôi cái lăng m cũ này. Một cái ngôi lăng mũ hết sức tuyệt	@HUE	data\processed_transcripts\fhnrbv8c_7Y.json
data\raw_audio\fhnrbv8c_7Y.wav	90.32	96.079	vời. Một cái ngôi lăng mũi hết sức là đẹp. Thưa quý vị xin mời quý vị.	@HUE	data\processed_transcripts\fhnrbv8c_7Y.json
data\raw_audio\fhnrbv8c_7Y.wav	96.079	99.28	Vâng, kính thưa quý vị thì bên kia hiện tại đang xây dựng một cái công trình gì	@HUE	data\processed_transcripts\fhnrbv8c_7Y.json
data\raw_audio\fhnrbv8c_7Y.wav	99.28	104.079	đó khá là ổn. Do đó là mong quý vị thông cảm. Quay trở lại với cái ngôi lă mộ này	@HUE	data\processed_transcripts\fhnrbv8c_7Y.json
data\raw_audio\fhnrbv8c_7Y.wav	104.079	107.759	thì như quý vị thấy trước mặt cái ngôi lă mộ đó là một có một cái tấm bia rất	@HUE	data\processed_transcripts\fhnrbv8c_7Y.json
data\raw_audio\fhnrbv8c_7Y.wav	107.759	112.799	lớn và Huế Review cũng xin giới thiệu luôn đây chính là ngôi lăng mổ của chiêu	@HUE	data\processed_transcripts\fhnrbv8c_7Y.json
data\raw_audio\fhnrbv8c_7Y.wav	112.799	117.479	nghi phu nhân còn gọi là lăng chiêu nghi. đó lăn của	@HUE	data\processed_transcripts\fhnrbv8c_7Y.json
data\raw_audio\fhnrbv8c_7Y.wav	117.479	123.039	một cái vị phu nhân của một cái vị chú Nguyễn đó là phu nhân của chú Nguyễn	@HUE	data\processed_transcripts\fhnrbv8c_7Y.json
data\raw_audio\fhnrbv8c_7Y.wav	123.039	128.16	Phúc Khoác và cái tấm bia này là một cái tấm bia rất chi là đặc biệt nó đặc biệt	@HUE	data\processed_transcripts\fhnrbv8c_7Y.json
data\raw_audio\fhnrbv8c_7Y.wav	128.16	133.239	ở chỗ là một cái tấm bia duy nhất nó vẫn còn dưỡng nguyên bản và nó tồn tại cho	@HUE	data\processed_transcripts\fhnrbv8c_7Y.json
data\raw_audio\fhnrbv8c_7Y.wav	133.239	137.879	tới ngày nay từ thời nhà Nguyễn cho tới giờ và cái bia mộ này quý vị thấy là	@HUE	data\processed_transcripts\fhnrbv8c_7Y.json
data\raw_audio\fhnrbv8c_7Y.wav	137.879	143.959	nhìn rất là cao. Tuy nhiên là do cái quá trình xây dựng đường chính vì vậy mà cái	@HUE	data\processed_transcripts\fhnrbv8c_7Y.json
data\raw_audio\fhnrbv8c_7Y.wav	143.959	148.36	nhà bia nó đã bị tàn phá và bây giờ nó chỉ còn tồn tại duy nhất cái tấm bia này	@HUE	data\processed_transcripts\fhnrbv8c_7Y.json
data\raw_audio\fhnrbv8c_7Y.wav	148.36	153.599	thôi. Đó và theo như Huế Trìm hiểu thì cái tấm	@HUE	data\processed_transcripts\fhnrbv8c_7Y.json
data\raw_audio\fhnrbv8c_7Y.wav	153.599	159.879	bia này có tổng cộng là 883 ký tự há ngự đấy.	@HUE	data\processed_transcripts\fhnrbv8c_7Y.json
data\raw_audio\fhnrbv8c_7Y.wav	159.879	165.28	Ừ còn ở đây nó còn khắc được những cái dấu à tích của thời đó n quý vị này.	@HUE	data\processed_transcripts\fhnrbv8c_7Y.json
data\raw_audio\fhnrbv8c_7Y.wav	165.28	171.56	những cái con dấu đây và những cái hoa văn a của cái bia mộ	@HUE	data\processed_transcripts\fhnrbv8c_7Y.json
data\raw_audio\fhnrbv8c_7Y.wav	171.56	176.64	này nhìn cũng rất là đẹp. Đây đó những cái hoa văn rất là đơn giản	@HUE	data\processed_transcripts\fhnrbv8c_7Y.json
data\raw_audio\fhnrbv8c_7Y.wav	176.64	180.48	nhưng mà thực sự rất là tinh xảo thôi quý vị.	@HUE	data\processed_transcripts\fhnrbv8c_7Y.json
data\raw_audio\fhnrbv8c_7Y.wav	180.48	185.319	Và cái tấm bia này rất là cao đấy. Cao hơn cả Huế Review luôn. Thì theo như Huế	@HUE	data\processed_transcripts\fhnrbv8c_7Y.json
data\raw_audio\fhnrbv8c_7Y.wav	185.319	193.2	review đoán á thì cái bia này cao khoảng 3 m và như quý vị thấy là những cái họa	@HUE	data\processed_transcripts\fhnrbv8c_7Y.json
data\raw_audio\fhnrbv8c_7Y.wav	193.2	201.08	tiết phượng hoàng đấy. Sông Phụng Châu Nhật Nguyệt đây. Đây là chậu này là chắc	@HUE	data\processed_transcripts\fhnrbv8c_7Y.json
data\raw_audio\fhnrbv8c_7Y.wav	201.08	205.56	Huế Revia đoán là đây là chậu mặt trăng đấy. Có hai cung phượng hoàng nhìn cái	@HUE	data\processed_transcripts\fhnrbv8c_7Y.json
data\raw_audio\fhnrbv8c_7Y.wav	205.56	212.48	hoa tiết rất là đẹp luôn đó. được à khắc bằng đá và rất là tinh xảo.	@HUE	data\processed_transcripts\fhnrbv8c_7Y.json
data\raw_audio\fhnrbv8c_7Y.wav	212.48	217.76	Để làm được cái điều này thì không phải là dễ dàng thưa quý vị. Và cái bia cái	@HUE	data\processed_transcripts\fhnrbv8c_7Y.json
data\raw_audio\fhnrbv8c_7Y.wav	217.76	222.36	chân đế á đó cái chân đế thì nó cũng có những cái hoa văn cũng khá là đơn giản.	@HUE	data\processed_transcripts\fhnrbv8c_7Y.json
data\raw_audio\fhnrbv8c_7Y.wav	222.36	228.08	Đấy nó thể hiện được khí chất của một hoàng tộc đây quý vị.	@HUE	data\processed_transcripts\fhnrbv8c_7Y.json
data\raw_audio\fhnrbv8c_7Y.wav	228.2	233.04	À nhìn những cái hoa văn này thì Huế Review lại liên tưởng đến một số các cái	@HUE	data\processed_transcripts\fhnrbv8c_7Y.json
data\raw_audio\fhnrbv8c_7Y.wav	233.04	239.4	triều đại của nhà tầng ngày xưa đây. Nhìn nó rất là cột luôn.	@HUE	data\processed_transcripts\fhnrbv8c_7Y.json
data\raw_audio\fhnrbv8c_7Y.wav	239.4	243.959	Vì à thực sự mà nói thì Huế Review xem phim	@HUE	data\processed_transcripts\fhnrbv8c_7Y.json
data\raw_audio\fhnrbv8c_7Y.wav	243.959	250.28	Trung Quốc cũng khá là nhiều nhưng mà nhìn có vẻ một cái nét nào đó nó giống	@HUE	data\processed_transcripts\fhnrbv8c_7Y.json
data\raw_audio\fhnrbv8c_7Y.wav	250.28	255.0	với nhau tần. Đây quý vị có thấy giống như Huế Đ Vi không? Và quý vị cũng có	@HUE	data\processed_transcripts\fhnrbv8c_7Y.json
data\raw_audio\fhnrbv8c_7Y.wav	255.0	259.88	thể đưa ra những cái suy nghĩ của mình khi mà nhìn thấy những cái hình ảnh này.	@HUE	data\processed_transcripts\fhnrbv8c_7Y.json
data\raw_audio\fhnrbv8c_7Y.wav	259.88	267.04	Ở đây cũng có hai cái ngôi mộ ở hai phía hai bên này quý vị này. Đó và đây chính	@HUE	data\processed_transcripts\fhnrbv8c_7Y.json
data\raw_audio\fhnrbv8c_7Y.wav	267.04	272.88	là cái lối giữa đi vào đ cũng là một cái con đường bằng đất thôi.	@HUE	data\processed_transcripts\fhnrbv8c_7Y.json
data\raw_audio\fhnrbv8c_7Y.wav	272.88	280.0	Sau cái bia mổ thì chính là cái khu vực lăng mộ. Đấy như quý vị thấy	@HUE	data\processed_transcripts\fhnrbv8c_7Y.json
data\raw_audio\fhnrbv8c_7Y.wav	280.0	283.88	thì khu vực lăng mộ này nó có hai vòng thành. một vòng thành ngoài và một vòng	@HUE	data\processed_transcripts\fhnrbv8c_7Y.json
data\raw_audio\fhnrbv8c_7Y.wav	283.88	288.24	thành trong. Ở đây là có một cái bảng ghi là Nguyễn	@HUE	data\processed_transcripts\fhnrbv8c_7Y.json
data\raw_audio\fhnrbv8c_7Y.wav	288.24	297.16	Phúc Tộc Hệ B phòng 7 kỉnh quần công lăng diều nghi phu nhân 176 1750	@HUE	data\processed_transcripts\fhnrbv8c_7Y.json
data\raw_audio\fhnrbv8c_7Y.wav	297.24	301.84	và và quý vị thấy này cái vòng thanh ngoài đó bây giờ nó vẫn giữ nguyên những	@HUE	data\processed_transcripts\fhnrbv8c_7Y.json
data\raw_audio\fhnrbv8c_7Y.wav	301.84	307.56	cái kiến trúc nguyên bản ngày xưa và bây giờ các cái gạch nó đã bị bong trọc các	@HUE	data\processed_transcripts\fhnrbv8c_7Y.json
data\raw_audio\fhnrbv8c_7Y.wav	307.56	311.32	cái lớp vôi vữa bên ngoài thì nó cũng đã bị	@HUE	data\processed_transcripts\fhnrbv8c_7Y.json
data\raw_audio\fhnrbv8c_7Y.wav	311.32	316.96	tróc bong ra ngoài hết rồi đấy. Đấy và đặc biệt thì à cái khu vực này nó đang	@HUE	data\processed_transcripts\fhnrbv8c_7Y.json
data\raw_audio\fhnrbv8c_7Y.wav	316.96	322.479	được trồ rất là nhiều xã đây này ở hai bên thì như a những cái video trước Huế	@HUE	data\processed_transcripts\fhnrbv8c_7Y.json
data\raw_audio\fhnrbv8c_7Y.wav	322.479	328.68	Review đã quay về các cái ngôi lăng mổ của Hoàng Thân thì nhà Nguyễn á thì ở	@HUE	data\processed_transcripts\fhnrbv8c_7Y.json
data\raw_audio\fhnrbv8c_7Y.wav	328.68	333.8	đây trồng rất là nhiều xã bởi vì để tránh các cái à con vật như rắng rít vân	@HUE	data\processed_transcripts\fhnrbv8c_7Y.json
data\raw_audio\fhnrbv8c_7Y.wav	333.8	339.16	vân. Ngoài ra thì ở đây cũng là được người	@HUE	data\processed_transcripts\fhnrbv8c_7Y.json
data\raw_audio\fhnrbv8c_7Y.wav	339.16	343.4	dân tận dụng để mà trồng các cái loại cây như sẵn này thôi. Không biết bên	@HUE	data\processed_transcripts\fhnrbv8c_7Y.json
data\raw_audio\fhnrbv8c_7Y.wav	343.4	347.84	trong kia là cây gì. Đó,	@HUE	data\processed_transcripts\fhnrbv8c_7Y.json
data\raw_audio\fhnrbv8c_7Y.wav	347.84	353.28	khoảng cách giữa hai cái vòng thành như quý vị thấy là nó cũng khá là rộng.	@HUE	data\processed_transcripts\fhnrbv8c_7Y.json
data\raw_audio\fhnrbv8c_7Y.wav	353.28	358.56	Có một điều đặc biệt mà phía review muốn nhấn mạnh ở đây chính là cái kiến trúc	@HUE	data\processed_transcripts\fhnrbv8c_7Y.json
data\raw_audio\fhnrbv8c_7Y.wav	358.56	362.6	nguyên bản. Chính vì giữ được cái kiến trúc nguyên bản do đó là cái lăng này	@HUE	data\processed_transcripts\fhnrbv8c_7Y.json
data\raw_audio\fhnrbv8c_7Y.wav	362.6	367.4	bây giờ nó rất là quý hiếm và cũng chính nhờ cái kiến trúc nguyên bản này mà vua	@HUE	data\processed_transcripts\fhnrbv8c_7Y.json
data\raw_audio\fhnrbv8c_7Y.wav	367.4	373.72	gia Long sau khi lên ngồi đã dùng cái kiến trúc này để xây lại tất cả các cái	@HUE	data\processed_transcripts\fhnrbv8c_7Y.json
data\raw_audio\fhnrbv8c_7Y.wav	373.72	378.919	ngôi mộ của chú Nguyễn mà ngày xưa đã bị quân Tây Sơn đào sới từ chú Tiên Nguyễn	@HUE	data\processed_transcripts\fhnrbv8c_7Y.json
data\raw_audio\fhnrbv8c_7Y.wav	378.919	382.479	Hoàng cho tới vị vua thứ chín của Trư Nguyện	@HUE	data\processed_transcripts\fhnrbv8c_7Y.json
data\raw_audio\fhnrbv8c_7Y.wav	382.479	388.56	đó ở đây thì bên ngoài khu lăng mộ giữa khoảng cách giữa hai vòng thành trong và	@HUE	data\processed_transcripts\fhnrbv8c_7Y.json
data\raw_audio\fhnrbv8c_7Y.wav	388.56	392.56	vòng thành ngoài thì cái khoảng đất này nó không có gì đặc biệt. Chính vì vậy mà	@HUE	data\processed_transcripts\fhnrbv8c_7Y.json
data\raw_audio\fhnrbv8c_7Y.wav	392.56	398.36	Huế Review cũng à chỉ quay cho quý vị xem ở cái phần à à bử thần ngoài là	@HUE	data\processed_transcripts\fhnrbv8c_7Y.json
data\raw_audio\fhnrbv8c_7Y.wav	398.36	403.28	ngang đây thôi. Còn sau đó chúng ta sẽ vào bên trong để khám phá cái bũ thanh	@HUE	data\processed_transcripts\fhnrbv8c_7Y.json
data\raw_audio\fhnrbv8c_7Y.wav	403.28	407.52	trồ. Thì như quý vị đã thấy thì ở đây được trồng xả rất là nhiều rồi. Do đó là	@HUE	data\processed_transcripts\fhnrbv8c_7Y.json
data\raw_audio\fhnrbv8c_7Y.wav	407.52	412.8	chúng ta cũng không có thể đi lui cái phía sau đó. Đấy nhưng mà có lẽ là là	@HUE	data\processed_transcripts\fhnrbv8c_7Y.json
data\raw_audio\fhnrbv8c_7Y.wav	412.8	418.4	phía review cũng sẽ mạng phép để đi theo cái lỗi đường mòn này luôn. Chúng ta đi	@HUE	data\processed_transcripts\fhnrbv8c_7Y.json
data\raw_audio\fhnrbv8c_7Y.wav	418.4	423.919	lui sâu một vòng coi thử có cái gì đặc biệt không.	@HUE	data\processed_transcripts\fhnrbv8c_7Y.json
data\raw_audio\fhnrbv8c_7Y.wav	426.319	429.919	Hiện tại thì khu lăng mộ này nó được tồn tại giữa	@HUE	data\processed_transcripts\fhnrbv8c_7Y.json
data\raw_audio\fhnrbv8c_7Y.wav	429.919	435.479	không gian a minh mông rộng lớn giữa trời đất bao la. Chính vì vậy mà cái yếu	@HUE	data\processed_transcripts\fhnrbv8c_7Y.json
data\raw_audio\fhnrbv8c_7Y.wav	435.479	441.0	tố mà gọi là hư hại thì nó cũng sẽ có nguy cơ.	@HUE	data\processed_transcripts\fhnrbv8c_7Y.json
data\raw_audio\fhnrbv8c_7Y.wav	441.0	445.44	Ồ, ở đây cũng có một cái ngôi lăng mộ này thì không biết là đây là mộ gió hay	@HUE	data\processed_transcripts\fhnrbv8c_7Y.json
data\raw_audio\fhnrbv8c_7Y.wav	445.44	452.08	là mộ mộ chôn của người thật nhưng mà có lẽ là mộ của người dân chôn ở đây.	@HUE	data\processed_transcripts\fhnrbv8c_7Y.json
data\raw_audio\fhnrbv8c_7Y.wav	452.08	458.68	Chính vì vậy mà cái khu vực này là cần được bảo tuồn rất là nhiều.	@HUE	data\processed_transcripts\fhnrbv8c_7Y.json
data\raw_audio\fhnrbv8c_7Y.wav	460.479	463.96	Wow. Huyếw phát hiện thì bên ngoài này là	@HUE	data\processed_transcripts\fhnrbv8c_7Y.json
data\raw_audio\fhnrbv8c_7Y.wav	463.96	469.84	cũng có những cái mộ của người dân và rõ ràng là cái bũ thành này nó không thấp	@HUE	data\processed_transcripts\fhnrbv8c_7Y.json
data\raw_audio\fhnrbv8c_7Y.wav	469.84	473.44	như thế này đâu thôi quý vị. Chắc có lẽ là nó cũng cao hơn một chút xíu nhưng mà	@HUE	data\processed_transcripts\fhnrbv8c_7Y.json
data\raw_audio\fhnrbv8c_7Y.wav	473.44	477.919	do cái quá trình nó hư hại thì bây giờ nó đã bị bong tróc hết như thế này rồi.	@HUE	data\processed_transcripts\fhnrbv8c_7Y.json
data\raw_audio\fhnrbv8c_7Y.wav	477.919	484.28	Đấy. Giờ chúng ta chỉ thấy những cái viên gạch như thế này thôi. Đấy.	@HUE	data\processed_transcripts\fhnrbv8c_7Y.json
data\raw_audio\fhnrbv8c_7Y.wav	484.52	488.319	Ở đây thì ở phía sau. Dù sao chúng ta khám phá thì chúng ta	@HUE	data\processed_transcripts\fhnrbv8c_7Y.json
data\raw_audio\fhnrbv8c_7Y.wav	490.28	495.879	khám phá cho hết cho luôn. Bởi vì ngôi mộ này cũng không có lớn lắm. Bởi vì	@HUE	data\processed_transcripts\fhnrbv8c_7Y.json
data\raw_audio\fhnrbv8c_7Y.wav	495.879	499.159	theo như diện tích mà Huy Review thấy thì nó chỉ gói gọn trong cái khu vực Bũ	@HUE	data\processed_transcripts\fhnrbv8c_7Y.json
data\raw_audio\fhnrbv8c_7Y.wav	499.159	506.28	Thành thôi. Còn lại cái phần phía ngoài thì dường như là bị lẫn kiếm rồi.	@HUE	data\processed_transcripts\fhnrbv8c_7Y.json
data\raw_audio\fhnrbv8c_7Y.wav	506.879	511.319	Ở bên này cũng có một cái gò đất rất là cao. Đó nó nổi lên trên r quý vị. thì	@HUE	data\processed_transcripts\fhnrbv8c_7Y.json
data\raw_audio\fhnrbv8c_7Y.wav	511.319	517.56	không biết là đất do bùi lắp hay là đất cũ ngày xưa.	@HUE	data\processed_transcripts\fhnrbv8c_7Y.json
data\raw_audio\fhnrbv8c_7Y.wav	517.959	522.959	Wow. Như vậy thì ở đây chúng ta sẽ thấy một cái bức bên phong hậu của bữ thân	@HUE	data\processed_transcripts\fhnrbv8c_7Y.json
data\raw_audio\fhnrbv8c_7Y.wav	522.959	527.2	ngoài. Đây khu vực này cây cối cũng khá là rầm	@HUE	data\processed_transcripts\fhnrbv8c_7Y.json
data\raw_audio\fhnrbv8c_7Y.wav	527.2	533.6	rạp đây quý vị. Nếu như mà tr quá trình mà cái này mà được bên trung tâm bảo	@HUE	data\processed_transcripts\fhnrbv8c_7Y.json
data\raw_audio\fhnrbv8c_7Y.wav	533.6	537.44	tuồn ch tích cổ đô quản lý thì chắc chắn là khu vực này sẽ được trùng tu. Mà khi	@HUE	data\processed_transcripts\fhnrbv8c_7Y.json
data\raw_audio\fhnrbv8c_7Y.wav	537.44	541.8	trùng tu thì nó sẽ không có cái đường đất như thế này đâu. Và đặc biệt thì như	@HUE	data\processed_transcripts\fhnrbv8c_7Y.json
data\raw_audio\fhnrbv8c_7Y.wav	541.8	546.68	quý vị thấy này, cái bức bên phong hậu ở bữa thân ngoài nó cũng đã bị bong tróc	@HUE	data\processed_transcripts\fhnrbv8c_7Y.json
data\raw_audio\fhnrbv8c_7Y.wav	546.68	550.6	hết rồi. Và chúng ta cũng không có biết là nó có cái họa tiết gì trang trí bên	@HUE	data\processed_transcripts\fhnrbv8c_7Y.json
data\raw_audio\fhnrbv8c_7Y.wav	550.6	553.88	trong hay không. Nhìn thì chắc có lẽ nó cũng khá là đơn	@HUE	data\processed_transcripts\fhnrbv8c_7Y.json
data\raw_audio\fhnrbv8c_7Y.wav	555.92	563.399	giản chứ nó cũng không có phức tạp. Và đây cũng chính là cái	@HUE	data\processed_transcripts\fhnrbv8c_7Y.json
data\raw_audio\fhnrbv8c_7Y.wav	563.399	569.68	tiền để sắp tới mà Huya Review làm. về các cái lăng của các cái chú Nguyễn từ	@HUE	data\processed_transcripts\fhnrbv8c_7Y.json
data\raw_audio\fhnrbv8c_7Y.wav	569.68	573.48	chỗ tiên Nguyễn Hoàng cho tới cái vị vô thứ chín của chư Nguyễn luôn của nhà	@HUE	data\processed_transcripts\fhnrbv8c_7Y.json
data\raw_audio\fhnrbv8c_7Y.wav	573.48	577.079	Nguyễn luôn ở đó đây phía sau này thì quý vị thấy đó như	@HUE	data\processed_transcripts\fhnrbv8c_7Y.json
data\raw_audio\fhnrbv8c_7Y.wav	580.6	584.839	vậy thì cái khu vực bổ thanh ngoài nó cũng không có cái gì đặc biệt chỉ là	@HUE	data\processed_transcripts\fhnrbv8c_7Y.json
data\raw_audio\fhnrbv8c_7Y.wav	584.839	592.079	những cái ruộng xả như thế này được trồng lên Đó	@HUE	data\processed_transcripts\fhnrbv8c_7Y.json
data\raw_audio\fhnrbv8c_7Y.wav	596.8	601.0	khá là rộng đây quý vị. Khoảng cách giữa hai cái bố thành trong và ngoài cũng khá	@HUE	data\processed_transcripts\fhnrbv8c_7Y.json
data\raw_audio\fhnrbv8c_7Y.wav	601.0	607.68	là chi là rất chi là rộng đây. Nhưng mà đặc trưng quý vị có thể thấy rằng đặc	@HUE	data\processed_transcripts\fhnrbv8c_7Y.json
data\raw_audio\fhnrbv8c_7Y.wav	607.68	613.24	trưng của các cái lăng của các cái vị chú Nguyễn thời mà đang trong á thì các	@HUE	data\processed_transcripts\fhnrbv8c_7Y.json
data\raw_audio\fhnrbv8c_7Y.wav	613.24	617.56	cái bụ thành nó khá là thấp thì nó không cao. Như vừa rồi Huế Riv cũng đã quay	@HUE	data\processed_transcripts\fhnrbv8c_7Y.json
data\raw_audio\fhnrbv8c_7Y.wav	617.56	624.24	cái lăng sọ đó lăng cơ thánh cho quý vị xem. Thì cái bộ thành nó cũng à ở phía	@HUE	data\processed_transcripts\fhnrbv8c_7Y.json
data\raw_audio\fhnrbv8c_7Y.wav	624.24	628.519	sau nó cũng sẽ có một cái gò đất lên và chúng ta sẽ nhìn thấy được bên trong.	@HUE	data\processed_transcripts\fhnrbv8c_7Y.json
data\raw_audio\fhnrbv8c_7Y.wav	628.519	633.56	Đấy bộ thành cũng khá là cao nhưng mà không cao bằng các cái lăng mộ của các	@HUE	data\processed_transcripts\fhnrbv8c_7Y.json
data\raw_audio\fhnrbv8c_7Y.wav	633.56	640.639	cái vua Nguyễn các cái bà chúa Nguyễn bà chúa mà phời vua Nguyễn á.	@HUE	data\processed_transcripts\fhnrbv8c_7Y.json
data\raw_audio\fhnrbv8c_7Y.wav	642.88	647.76	Và đây sau cái bũ thà ngoài chính là cái bổ thàh trong và đây chính là cái cổng	@HUE	data\processed_transcripts\fhnrbv8c_7Y.json
data\raw_audio\fhnrbv8c_7Y.wav	647.76	651.36	bổ thành đây quý vị. Quý vị thấy thì cái cọng bộ thành bây	@HUE	data\processed_transcripts\fhnrbv8c_7Y.json
data\raw_audio\fhnrbv8c_7Y.wav	651.36	656.48	giờ nó cũng đã bị xóa nhò hết tất cả các cái vết tích, các cái hoa văn trang trí	@HUE	data\processed_transcripts\fhnrbv8c_7Y.json
data\raw_audio\fhnrbv8c_7Y.wav	656.48	663.24	bên ngoài rồi. Đây âu lại còn tồn tại thì cũng chỉ có những cái vết nhăn của	@HUE	data\processed_transcripts\fhnrbv8c_7Y.json
data\raw_audio\fhnrbv8c_7Y.wav	663.24	669.48	các cái à rong riêu nó b nó bám mà thôi.	@HUE	data\processed_transcripts\fhnrbv8c_7Y.json
data\raw_audio\fhnrbv8c_7Y.wav	669.48	673.48	Rõ ràng là nó có một cái sự xuống cấp quá rất chi là nghiêm trọng rồi. Và nếu	@HUE	data\processed_transcripts\fhnrbv8c_7Y.json
data\raw_audio\fhnrbv8c_7Y.wav	673.48	679.16	như mà chúng ta không trùng tu thì nguy cơ cái này cũng sẽ trở thành phía tích.	@HUE	data\processed_transcripts\fhnrbv8c_7Y.json
data\raw_audio\fhnrbv8c_7Y.wav	679.16	685.44	Và rõ ràng thì trên cổng bộ thành cây nó cối cây cối nó mọc rất là nhiều luôn.	@HUE	data\processed_transcripts\fhnrbv8c_7Y.json
data\raw_audio\fhnrbv8c_7Y.wav	685.44	690.32	Đây những cái cây nó đâm rễ vào các cái lớp gạch ở phía trong. Chính vì vậy mà	@HUE	data\processed_transcripts\fhnrbv8c_7Y.json
data\raw_audio\fhnrbv8c_7Y.wav	690.32	695.36	cũng rất dễ có thể là rơi rụng này. Quý vị thấy là cái miếng gạch này có thể là	@HUE	data\processed_transcripts\fhnrbv8c_7Y.json
data\raw_audio\fhnrbv8c_7Y.wav	695.36	701.279	nguy cơ rơi rụng rồi này. Và rất là đáng tiếc nếu như mà cái khu lăng mộ này	@HUE	data\processed_transcripts\fhnrbv8c_7Y.json
data\raw_audio\fhnrbv8c_7Y.wav	701.279	707.44	không được trung tu, không được à tôn tạo lại. Đấy và cái mặt bộ thân trong th	@HUE	data\processed_transcripts\fhnrbv8c_7Y.json
data\raw_audio\fhnrbv8c_7Y.wav	707.44	712.839	như quý vị thấy như vậy thì cái khu vực trên này ngang	@HUE	data\processed_transcripts\fhnrbv8c_7Y.json
data\raw_audio\fhnrbv8c_7Y.wav	712.839	716.68	ngang các ô học này nó cũng đã bị bên này là nó cũng đã bị bể rồi quý vị này.	@HUE	data\processed_transcripts\fhnrbv8c_7Y.json
data\raw_audio\fhnrbv8c_7Y.wav	716.68	723.88	Đó nó bị bể cái ô học này rồi và bước vào bổ thàh trong thì các cái dấu	@HUE	data\processed_transcripts\fhnrbv8c_7Y.json
data\raw_audio\fhnrbv8c_7Y.wav	723.88	729.639	vết mà của các cái a then cửa nó cũng đã bị bể	@HUE	data\processed_transcripts\fhnrbv8c_7Y.json
data\raw_audio\fhnrbv8c_7Y.wav	729.639	733.56	đó. Nói chung là cái mái này quý vị này cái mái này Huế R viêu phát hiện là nó	@HUE	data\processed_transcripts\fhnrbv8c_7Y.json
data\raw_audio\fhnrbv8c_7Y.wav	733.56	738.48	đang bị có những cái khoảng hở và có nguy cơ nó sẽ sập xuống. Nguy cơ sập	@HUE	data\processed_transcripts\fhnrbv8c_7Y.json
data\raw_audio\fhnrbv8c_7Y.wav	738.48	742.36	xuống lúc nào không biết. Do đó là nếu như quý vị mà ch chúng ta đến đây để	@HUE	data\processed_transcripts\fhnrbv8c_7Y.json
data\raw_audio\fhnrbv8c_7Y.wav	742.36	747.959	tham quan các cái di tích như thế này thì quý vị nên cẩn thận.	@HUE	data\processed_transcripts\fhnrbv8c_7Y.json
data\raw_audio\fhnrbv8c_7Y.wav	748.0	752.279	Đó, ở đây thì à	@HUE	data\processed_transcripts\fhnrbv8c_7Y.json
data\raw_audio\fhnrbv8c_7Y.wav	752.279	756.48	các cái ô học bên trong á thì nó cũng còn nhưng mà các cái lớp trang trí phía	@HUE	data\processed_transcripts\fhnrbv8c_7Y.json
data\raw_audio\fhnrbv8c_7Y.wav	756.48	759.6	ngoài, các cái lớp vôi vữa trang trí phía ngoài thì nó đã bị bong tróc ra	@HUE	data\processed_transcripts\fhnrbv8c_7Y.json
data\raw_audio\fhnrbv8c_7Y.wav	759.6	764.88	ngoài hết rồi. Chính vì vậy nó lồi gạch thôi. Và rõ ràng thì về cái gọi là cái	@HUE	data\processed_transcripts\fhnrbv8c_7Y.json
data\raw_audio\fhnrbv8c_7Y.wav	764.88	771.04	mức độ cổ cổ đại thì cái cái khu khu lăng mộ này được xem như là cổ nhất của	@HUE	data\processed_transcripts\fhnrbv8c_7Y.json
data\raw_audio\fhnrbv8c_7Y.wav	771.04	774.6	các cái khu lăng mộ của nhà Nguyễn rồi. Bởi vì các cái khuô lăng mộ kia thì đã	@HUE	data\processed_transcripts\fhnrbv8c_7Y.json
data\raw_audio\fhnrbv8c_7Y.wav	774.6	778.839	bị quân tay sơn đào sới, còn lại chỉ có những cái ngôi lăng mộ như thế này thôi.	@HUE	data\processed_transcripts\fhnrbv8c_7Y.json
data\raw_audio\fhnrbv8c_7Y.wav	778.839	784.8	Nó tồn tại bên trong. Và đương nhiên là nếu như mà nó đã c gọi là nguyên bản thì	@HUE	data\processed_transcripts\fhnrbv8c_7Y.json
data\raw_audio\fhnrbv8c_7Y.wav	784.8	789.399	việc nó còn tồn tại những cái viên gạch và nó bong tróc các cái mã xi măng ở bên	@HUE	data\processed_transcripts\fhnrbv8c_7Y.json
data\raw_audio\fhnrbv8c_7Y.wav	789.399	794.72	ngoài đó là cái điều huyện nhiên. Bên a quý vị thấy thì cái khu vực B	@HUE	data\processed_transcripts\fhnrbv8c_7Y.json
data\raw_audio\fhnrbv8c_7Y.wav	794.72	799.44	thành trong nó sẽ thấp hơn cái khu vực Bũ Thanh ngoài. Đấy, nó thấp hơn nhưng	@HUE	data\processed_transcripts\fhnrbv8c_7Y.json
data\raw_audio\fhnrbv8c_7Y.wav	799.44	803.48	mà cũng không thấp hơn bao nhiêu. Và vào phía bên trong này thì chúng ta thường	@HUE	data\processed_transcripts\fhnrbv8c_7Y.json
data\raw_audio\fhnrbv8c_7Y.wav	803.48	811.0	thấy á ở các cái lăng mộ của các cái à chú Nguyễn hay là các cái vua Nguyễn thì	@HUE	data\processed_transcripts\fhnrbv8c_7Y.json
data\raw_audio\fhnrbv8c_7Y.wav	811.0	813.76	sau cái bia mộ chính là cái bức bình phong.	@HUE	data\processed_transcripts\fhnrbv8c_7Y.json
data\raw_audio\fhnrbv8c_7Y.wav	813.76	818.199	nhưng mà bước qua hai bũ thành rồi chúng ta vẫn không thấy cái bức bình phong nào	@HUE	data\processed_transcripts\fhnrbv8c_7Y.json
data\raw_audio\fhnrbv8c_7Y.wav	818.199	823.399	thì không biết rằng là cái bức bình phong đó nó đã bị phá hủy hay là chủ	@HUE	data\processed_transcripts\fhnrbv8c_7Y.json
data\raw_audio\fhnrbv8c_7Y.wav	823.399	827.8	đích của cái ngôi lăng mổ này là không xây dựng bên phong nhưng mà rõ ràng thì	@HUE	data\processed_transcripts\fhnrbv8c_7Y.json
data\raw_audio\fhnrbv8c_7Y.wav	827.8	834.839	cái nền của cái ngôi lăng mộ này nó đã phản án được cái kiến trúc nguyên sơ của	@HUE	data\processed_transcripts\fhnrbv8c_7Y.json
data\raw_audio\fhnrbv8c_7Y.wav	834.839	838.279	ngày xưa. Thật sự nó rất là đơn sơ, nó rất là giảng gì, nó không có cái gì đặc	@HUE	data\processed_transcripts\fhnrbv8c_7Y.json
data\raw_audio\fhnrbv8c_7Y.wav	838.279	846.199	biệt thô quý vị. Và theo r nghĩ á thì cái chân án hương này nó cũng sẽ có	@HUE	data\processed_transcripts\fhnrbv8c_7Y.json
data\raw_audio\fhnrbv8c_7Y.wav	846.199	849.88	những cái họa tiết trang trí nhưng mà bây giờ thì nó bị bong tróc và bị phi mờ	@HUE	data\processed_transcripts\fhnrbv8c_7Y.json
data\raw_audio\fhnrbv8c_7Y.wav	849.88	852.839	rồi. Chúng ta không thể nhìn thấy được cái hình hình thù của các cái hình dạng	@HUE	data\processed_transcripts\fhnrbv8c_7Y.json
data\raw_audio\fhnrbv8c_7Y.wav	852.839	857.48	trang trí đó. Đây ba mặt luôn quý vị. Chúng ta thấy ba mặt là không có thấy	@HUE	data\processed_transcripts\fhnrbv8c_7Y.json
data\raw_audio\fhnrbv8c_7Y.wav	857.48	864.92	được cái hình hù gì cả. Rồi phía trên là cái án hương đó thì sau cái án hương hờ	@HUE	data\processed_transcripts\fhnrbv8c_7Y.json
data\raw_audio\fhnrbv8c_7Y.wav	864.92	869.24	là chính là cái ngôi mộ của nghi phu nhân.	@HUE	data\processed_transcripts\fhnrbv8c_7Y.json
data\raw_audio\fhnrbv8c_7Y.wav	869.24	876.199	Đấy và nó được đặt trên một cái nền rất là cao như thế này và rộng như thế này.	@HUE	data\processed_transcripts\fhnrbv8c_7Y.json
data\raw_audio\fhnrbv8c_7Y.wav	876.199	882.88	Còn lại cái mộ là gồm có hai tầng. À nó chỉ đơn giản như thế thôi. Còn lại thì à	@HUE	data\processed_transcripts\fhnrbv8c_7Y.json
data\raw_audio\fhnrbv8c_7Y.wav	882.88	886.199	một cái câu chuyện nó gắn liền với cái ngôi mộ này nó sẽ như thế nào, nó có	@HUE	data\processed_transcripts\fhnrbv8c_7Y.json
data\raw_audio\fhnrbv8c_7Y.wav	886.199	890.639	những cái bí ứng gì mà Huy Review muốn chia sẻ cho quý vị ở đây thì mời quý vị	@HUE	data\processed_transcripts\fhnrbv8c_7Y.json
data\raw_audio\fhnrbv8c_7Y.wav	890.639	894.56	chúng ta thắp cho bà một cái nén nhang t nhớ. Sau đó là Huy Review sẽ chia sẻ	@HUE	data\processed_transcripts\fhnrbv8c_7Y.json
data\raw_audio\fhnrbv8c_7Y.wav	894.56	898.92	những cái điều mà Huy Review biết được về cái ngôi lặng mùa này. Cũng như là	@HUE	data\processed_transcripts\fhnrbv8c_7Y.json
data\raw_audio\fhnrbv8c_7Y.wav	898.92	902.199	nếu như quý vị biết được cái điều gì hay hơn thì quý vị cũng có thể chia sẻ phía	@HUE	data\processed_transcripts\fhnrbv8c_7Y.json
data\raw_audio\fhnrbv8c_7Y.wav	902.199	906.48	dưới comment video. Quý vị comment phía dưới video giúp Huế review và quý vị	@HUE	data\processed_transcripts\fhnrbv8c_7Y.json
data\raw_audio\fhnrbv8c_7Y.wav	906.48	909.68	khán giả kênh Huế Review chúng ta biết thêm nhiều hơn về cái ngôi lăng một	@HUE	data\processed_transcripts\fhnrbv8c_7Y.json
data\raw_audio\fhnrbv8c_7Y.wav	909.68	914.0	tuyệt vời này. Xin mời quý vị. Vâng, kính thưa quý vị thì vừa rồi Huế	@HUE	data\processed_transcripts\fhnrbv8c_7Y.json
data\raw_audio\fhnrbv8c_7Y.wav	928.48	933.759	Review cũng đã thắp cho bà Chiêu Nghi phu nhân một cái nén nhang tưởng nhớ.	@HUE	data\processed_transcripts\fhnrbv8c_7Y.json
data\raw_audio\fhnrbv8c_7Y.wav	933.759	938.8	Còn bây giờ là Huế Review sẽ chia sẻ về người phụ nữ đang được chôn cất trong	@HUE	data\processed_transcripts\fhnrbv8c_7Y.json
data\raw_audio\fhnrbv8c_7Y.wav	938.8	943.8	cái ngôi lăng hộ này. Thì bà Chiêu Nghi Phu nhân có tên thật là Trần Thị Xã. Bà	@HUE	data\processed_transcripts\fhnrbv8c_7Y.json
data\raw_audio\fhnrbv8c_7Y.wav	943.8	947.88	là quê gốc ở Quảng Bình thưa quý vị. Bà sinh năm 1716	@HUE	data\processed_transcripts\fhnrbv8c_7Y.json
data\raw_audio\fhnrbv8c_7Y.wav	947.88	954.24	và mức năm 1750, thọ 35 tuổi thì bà chính là vợ của Vũ	@HUE	data\processed_transcripts\fhnrbv8c_7Y.json
data\raw_audio\fhnrbv8c_7Y.wav	954.24	960.12	Vương Nguyễn Phúc Khoác vị chúa Nguyễn thứ tám của chín đời chủ Nguyễn. Thưa	@HUE	data\processed_transcripts\fhnrbv8c_7Y.json
data\raw_audio\fhnrbv8c_7Y.wav	960.12	963.959	quý vị đang trong như quý vị đã biết thì Trình Nguyễn	@HUE	data\processed_transcripts\fhnrbv8c_7Y.json
data\raw_audio\fhnrbv8c_7Y.wav	963.959	966.88	Phương Tranh cũng như là cuộc chiến giữa triều đại Tây Sơn và triều đại nhà	@HUE	data\processed_transcripts\fhnrbv8c_7Y.json
data\raw_audio\fhnrbv8c_7Y.wav	966.88	972.44	Nguyễn là những cái cuộc chiến hết sức là ác liệt trong cái lịch sử của Việt	@HUE	data\processed_transcripts\fhnrbv8c_7Y.json
data\raw_audio\fhnrbv8c_7Y.wav	972.44	981.8	Nam chúng ta. Thì vào năm 1790 á nó có một cái biến cố đó chính là là vua Quang	@HUE	data\processed_transcripts\fhnrbv8c_7Y.json
data\raw_audio\fhnrbv8c_7Y.wav	981.8	985.319	Trung ra lệnh cho các cái tướng lệnh của mình cho các cái tướng lệnh quân Tây Sơn	@HUE	data\processed_transcripts\fhnrbv8c_7Y.json
data\raw_audio\fhnrbv8c_7Y.wav	985.319	992.16	của mình đó là đào sới tất cả các cái huyệt mộ của nhà Nguyễn để	@HUE	data\processed_transcripts\fhnrbv8c_7Y.json
data\raw_audio\fhnrbv8c_7Y.wav	992.16	997.24	gọi là che lấp cái lịch sử của đối thủ. Tuy nhiên thì cái ngôi mộ này chính là	@HUE	data\processed_transcripts\fhnrbv8c_7Y.json
data\raw_audio\fhnrbv8c_7Y.wav	997.24	1002.92	cái ngôi mộ duy nhất nó vẫn còn tồn tại không bị quân Tây Sơn đạo sới. Thì tại	@HUE	data\processed_transcripts\fhnrbv8c_7Y.json
data\raw_audio\fhnrbv8c_7Y.wav	1002.92	1006.92	sao tại sao ngôi làng mộ này không bị quân Tây Sơn Đào Sới thì nó là một cái	@HUE	data\processed_transcripts\fhnrbv8c_7Y.json
data\raw_audio\fhnrbv8c_7Y.wav	1006.92	1014.12	bí ẩn hết sức là kỳ bí mà bây đến bây giờ vẫn chưa có ai lý giải được. Đó à	@HUE	data\processed_transcripts\fhnrbv8c_7Y.json
data\raw_audio\fhnrbv8c_7Y.wav	1014.12	1018.72	điều này thì là Huế Review cũng cảm thấy cũng rất là khó hiểu nhưng mà cũng không	@HUE	data\processed_transcripts\fhnrbv8c_7Y.json
data\raw_audio\fhnrbv8c_7Y.wav	1018.72	1024.72	biết tại vì sao. Và tiếp tục với cái việc mà giới thiệu về cái nhân vật này	@HUE	data\processed_transcripts\fhnrbv8c_7Y.json
data\raw_audio\fhnrbv8c_7Y.wav	1024.72	1032.48	thì lúc 20 tuổi thì bà được đưa vào Thanh Cung để hầu cận cho hoàng tử à	@HUE	data\processed_transcripts\fhnrbv8c_7Y.json
data\raw_audio\fhnrbv8c_7Y.wav	1032.48	1036.959	Nguyễn Phúc Khoác. Thật ra từ nhỏ thì bà là một người thông	@HUE	data\processed_transcripts\fhnrbv8c_7Y.json
data\raw_audio\fhnrbv8c_7Y.wav	1036.959	1041.959	minh, hết sức đoan chính và hiền thậc. Chính vì vậy mà khi vào cung đến khi mà	@HUE	data\processed_transcripts\fhnrbv8c_7Y.json
data\raw_audio\fhnrbv8c_7Y.wav	1041.959	1046.0	Nguyễn Phúc Khoác lên ngồi lấy hiệu là Vũ Vương Nguyễn Phúc Khoác thì bà đã	@HUE	data\processed_transcripts\fhnrbv8c_7Y.json
data\raw_audio\fhnrbv8c_7Y.wav	1046.0	1051.52	được chúa phong cho làm chức quỷ nhân mà chức quỷ nhân thời đó thì được xem là	@HUE	data\processed_transcripts\fhnrbv8c_7Y.json
data\raw_audio\fhnrbv8c_7Y.wav	1051.52	1056.16	một cái chức vụ hết sức là cao trong hậu cung và bà được xem như là người lãnh	@HUE	data\processed_transcripts\fhnrbv8c_7Y.json
data\raw_audio\fhnrbv8c_7Y.wav	1056.16	1061.64	đạo hậu cung ở trong cái quá trình mà bốn tẩu cũng như là cùng với chúa các	@HUE	data\processed_transcripts\fhnrbv8c_7Y.json
data\raw_audio\fhnrbv8c_7Y.wav	1061.64	1067.08	cái chú nguyện à trong cái công cuộc mà gọi là đấu tranh chống lại quân Tây Sơn.	@HUE	data\processed_transcripts\fhnrbv8c_7Y.json
data\raw_audio\fhnrbv8c_7Y.wav	1067.08	1071.76	À cuộc đời của bà thì nhìn chung á là do nó nằm trong cái giai đoạn là phải buôn	@HUE	data\processed_transcripts\fhnrbv8c_7Y.json
data\raw_audio\fhnrbv8c_7Y.wav	1071.76	1077.0	tẩu để đạo tranh cùng với Trịnh nhà họ Trịnh cũng như là đậu đấu tranh cùng với	@HUE	data\processed_transcripts\fhnrbv8c_7Y.json
data\raw_audio\fhnrbv8c_7Y.wav	1077.0	1080.84	cuố Tây Sơn. Chính vì vậy mà cũng rất là nhiều điều mà gây khó khăn cho cho bà	@HUE	data\processed_transcripts\fhnrbv8c_7Y.json
data\raw_audio\fhnrbv8c_7Y.wav	1080.84	1088.0	lúc đó. Và đến năm 1750 thì à lúc đó là bà bị bệnh rất là nặng	@HUE	data\processed_transcripts\fhnrbv8c_7Y.json
data\raw_audio\fhnrbv8c_7Y.wav	1088.0	1092.48	nhưng mà bà vì không muốn chồng của mình lo lắng. Chính vì vậy mà đã ra lệnh cho	@HUE	data\processed_transcripts\fhnrbv8c_7Y.json
data\raw_audio\fhnrbv8c_7Y.wav	1092.48	1099.88	các cái công nữ là không có được báo cho Vũ Vương Nguyễn Khúc Khúc Khảo biết. À	@HUE	data\processed_transcripts\fhnrbv8c_7Y.json
data\raw_audio\fhnrbv8c_7Y.wav	1099.88	1105.039	chính vì điều đó mà bà không được chữ trị kịp thời và đến cuối cùng thì sau	@HUE	data\processed_transcripts\fhnrbv8c_7Y.json
data\raw_audio\fhnrbv8c_7Y.wav	1105.039	1111.72	khi mà căn bệnh quá nặng thì bà đã qua đời. Bà đã bă thể lúc à mới 35 tuổi mà	@HUE	data\processed_transcripts\fhnrbv8c_7Y.json
data\raw_audio\fhnrbv8c_7Y.wav	1111.72	1115.48	thôi. Khi mà bà qua đời thì Vũ Vương Nguyễn Phúc Khoác hết sức là tiếc	@HUE	data\processed_transcripts\fhnrbv8c_7Y.json
data\raw_audio\fhnrbv8c_7Y.wav	1115.48	1120.64	thương, thương tiếc v cực độ. Chính vì vậy mà sau khi xây dựng cái ngôi lăng mộ	@HUE	data\processed_transcripts\fhnrbv8c_7Y.json
data\raw_audio\fhnrbv8c_7Y.wav	1120.64	1125.919	của bà thì cũng đã cho tạc tạc lên bia mổ tới 883 chữ. Trong đó là thể hiện sự	@HUE	data\processed_transcripts\fhnrbv8c_7Y.json
data\raw_audio\fhnrbv8c_7Y.wav	1125.919	1131.76	tiếc thương cũng như là tình yêu của Vũ Vương Nguyễn Phúc Khoác đối với vợ của	@HUE	data\processed_transcripts\fhnrbv8c_7Y.json
data\raw_audio\fhnrbv8c_7Y.wav	1131.76	1137.6	mình đó chính là bà Trần Thị Xã. có nhiều người so sánh cái tình cảm của Vũ	@HUE	data\processed_transcripts\fhnrbv8c_7Y.json
data\raw_audio\fhnrbv8c_7Y.wav	1137.6	1143.6	Vương Nguyễn Phúc Khoác à với cái tình cảm mà vua Tử Đức dành cho vợ của mình	@HUE	data\processed_transcripts\fhnrbv8c_7Y.json
data\raw_audio\fhnrbv8c_7Y.wav	1143.6	1149.4	thì thực sự mà nói thì cái sự khó sảnh đó nó khá là khập khiển bởi vì à	@HUE	data\processed_transcripts\fhnrbv8c_7Y.json
data\raw_audio\fhnrbv8c_7Y.wav	1149.4	1153.6	mỗi thời gian khác nhau, mỗi chiều đại khác nhau và mỗi cái nhân vật khác nhau	@HUE	data\processed_transcripts\fhnrbv8c_7Y.json
data\raw_audio\fhnrbv8c_7Y.wav	1153.6	1157.08	thì nó lại có những cái cách biểu thị khác nhau đối với tình cảm vợ chồng,	@HUE	data\processed_transcripts\fhnrbv8c_7Y.json
data\raw_audio\fhnrbv8c_7Y.wav	1157.08	1161.64	tình cảm gia đình và những cái câu thơ mà nó tạc trên cái văng bia mà như lúc	@HUE	data\processed_transcripts\fhnrbv8c_7Y.json
data\raw_audio\fhnrbv8c_7Y.wav	1161.64	1166.96	nãy Huế Review đã chia sẻ với quý vị nó tuy là Huế Review không có hiểu được nội	@HUE	data\processed_transcripts\fhnrbv8c_7Y.json
data\raw_audio\fhnrbv8c_7Y.wav	1166.96	1169.52	dung bên trong nhưng mà qua quá trình tìm hiểu thì Huế Review cũng biết rằng	@HUE	data\processed_transcripts\fhnrbv8c_7Y.json
data\raw_audio\fhnrbv8c_7Y.wav	1169.52	1175.36	là cái nội dung trên tấm bia nó thể hiện được cái tình yêu bao la của Vũ Vương	@HUE	data\processed_transcripts\fhnrbv8c_7Y.json
data\raw_audio\fhnrbv8c_7Y.wav	1175.36	1179.4	Nguyễn Phúc Khoác dành cho người nữ nhân của mình. Đồng thời cũng nói rõ là ông	@HUE	data\processed_transcripts\fhnrbv8c_7Y.json
data\raw_audio\fhnrbv8c_7Y.wav	1179.4	1184.32	hết sức tiếc thương cho người phụ nữ bên trong cái ngôi lăng mộ này. Bởi vì à có	@HUE	data\processed_transcripts\fhnrbv8c_7Y.json
data\raw_audio\fhnrbv8c_7Y.wav	1184.32	1189.6	bà thì Vũ Vương Nguyễn Phúc Khoác rất là vui cũng như là đã đồng hành với Vũ	@HUE	data\processed_transcripts\fhnrbv8c_7Y.json
data\raw_audio\fhnrbv8c_7Y.wav	1189.6	1193.96	Vương rất là nhiều trong những cái trận chiến. Chính vì vậy mà Vũ Vương cảm thấy	@HUE	data\processed_transcripts\fhnrbv8c_7Y.json
data\raw_audio\fhnrbv8c_7Y.wav	1193.96	1198.559	rất là tiếc thương. À nói đến đây thì chắc quý vị cũng đã	@HUE	data\processed_transcripts\fhnrbv8c_7Y.json
data\raw_audio\fhnrbv8c_7Y.wav	1198.559	1203.2	hiểu là tại vì sao những cái tấm bia rồi cái ngôi lăng mộ này được xây dựng một	@HUE	data\processed_transcripts\fhnrbv8c_7Y.json
data\raw_audio\fhnrbv8c_7Y.wav	1203.2	1207.76	cách quy mô và bìa thế như vậy. À đặc biệt thì nó lại nằm trong một cái ngọn	@HUE	data\processed_transcripts\fhnrbv8c_7Y.json
data\raw_audio\fhnrbv8c_7Y.wav	1207.76	1212.84	đồi cũng hết sức là đẹp này. Thưa quý vị, quay lại với cái câu hỏi đó là tại	@HUE	data\processed_transcripts\fhnrbv8c_7Y.json
data\raw_audio\fhnrbv8c_7Y.wav	1212.84	1217.48	vì sao quân Tây Sơn lại không có đào sới cái ngôi ngộ mộ này trong khi tất cả các	@HUE	data\processed_transcripts\fhnrbv8c_7Y.json
data\raw_audio\fhnrbv8c_7Y.wav	1217.48	1222.88	cái ngôi mộ nhà Nguyễn mà cái thời đó mà Quân Thây Sơn đã à đến đây và đào sới	@HUE	data\processed_transcripts\fhnrbv8c_7Y.json
data\raw_audio\fhnrbv8c_7Y.wav	1222.88	1227.24	thì lại trừa ra được cái ngôi mộn như thế này. À	@HUE	data\processed_transcripts\fhnrbv8c_7Y.json
data\raw_audio\fhnrbv8c_7Y.wav	1227.24	1230.96	đối với cái quan điểm cá nhân của Huy Review thì Huế Review nghĩ rằng là do	@HUE	data\processed_transcripts\fhnrbv8c_7Y.json
data\raw_audio\fhnrbv8c_7Y.wav	1230.96	1235.4	trong cái quá trình mà đấu tranh với nhà Nguyễn thì như quý vị biết cái vừa đấu	@HUE	data\processed_transcripts\fhnrbv8c_7Y.json
data\raw_audio\fhnrbv8c_7Y.wav	1235.4	1240.44	tranh mà vừa có thể là tìm mộ để cuộc mộ như thế này thì có cũng mất rất nhiều	@HUE	data\processed_transcripts\fhnrbv8c_7Y.json
data\raw_audio\fhnrbv8c_7Y.wav	1240.44	1245.32	thời gian và mất nhiều công sức. À nhưng mà quý vị biết là từ năm 1790 trở đi á	@HUE	data\processed_transcripts\fhnrbv8c_7Y.json
data\raw_audio\fhnrbv8c_7Y.wav	1245.32	1249.799	năm 1802 thì Nguyễn ảnh lên ngồi đã lấy hiệu là Gia Long. Thì từ khoảng thời	@HUE	data\processed_transcripts\fhnrbv8c_7Y.json
data\raw_audio\fhnrbv8c_7Y.wav	1249.799	1255.6	gian đó là tới cái khu khi Nguyễn Ảnh lên ngồi thì nó tới tận 10 năm à. 10 năm	@HUE	data\processed_transcripts\fhnrbv8c_7Y.json
data\raw_audio\fhnrbv8c_7Y.wav	1255.6	1260.2	tuy là dài nhưng mà nó cũng không phải là dài để mà có thể có thời gian để mà	@HUE	data\processed_transcripts\fhnrbv8c_7Y.json
data\raw_audio\fhnrbv8c_7Y.wav	1260.2	1265.52	đi tìm những cái ngôi mộ để quậc lên. Và theo Huế Review nghỉ thì lúc đó cái khu	@HUE	data\processed_transcripts\fhnrbv8c_7Y.json
data\raw_audio\fhnrbv8c_7Y.wav	1265.52	1270.36	m lă mộ này nó tồn tại ở một cái vị trí biệt lập và ít người biết đến. Chính vì	@HUE	data\processed_transcripts\fhnrbv8c_7Y.json
data\raw_audio\fhnrbv8c_7Y.wav	1270.36	1274.0	vậy mà quân Tây Sơn tìm không ra. Do đó là quân Tây Sơn đào không đào sở mà	@HUE	data\processed_transcripts\fhnrbv8c_7Y.json
data\raw_audio\fhnrbv8c_7Y.wav	1274.0	1277.96	thôi. Còn lại mà nếu như mà quân Tây Sơn mà tìm được thì chắc chắn cũng sẽ đào sớ	@HUE	data\processed_transcripts\fhnrbv8c_7Y.json
data\raw_audio\fhnrbv8c_7Y.wav	1277.96	1282.96	chứ không có không có có khác gì những cái ngôi mộ trước kia. Bởi vì như quý vị	@HUE	data\processed_transcripts\fhnrbv8c_7Y.json
data\raw_audio\fhnrbv8c_7Y.wav	1282.96	1286.48	biết thì lăng mộ của chính chú Nguyễn nó nằm ở phía tây kinh thành và nó nằm ở	@HUE	data\processed_transcripts\fhnrbv8c_7Y.json
data\raw_audio\fhnrbv8c_7Y.wav	1286.48	1293.72	cái phía mà trên tuần đi lên. Đấy thì thường thường nó nằm rải rác và nó liên	@HUE	data\processed_transcripts\fhnrbv8c_7Y.json
data\raw_audio\fhnrbv8c_7Y.wav	1293.72	1298.84	tục với nhau như vậy. Nhưng mà ở cái khu vực này thì nó là biệt lập và lại là một	@HUE	data\processed_transcripts\fhnrbv8c_7Y.json
data\raw_audio\fhnrbv8c_7Y.wav	1298.84	1304.6	cái khu lăng mộ của một cái người nữ nhân là vợ của chú Nguyễn nữa. Chính vì	@HUE	data\processed_transcripts\fhnrbv8c_7Y.json
data\raw_audio\fhnrbv8c_7Y.wav	1304.6	1309.44	vậy mà nó cũng không có quan trọng bằng cái việc mà đi đào và đào sới và quậc mộ	@HUE	data\processed_transcripts\fhnrbv8c_7Y.json
data\raw_audio\fhnrbv8c_7Y.wav	1309.44	1314.159	của những cái vị chú Nguyễn. Chính vì vậy mà hiếu r nghĩ đó là lý do mà tại vì	@HUE	data\processed_transcripts\fhnrbv8c_7Y.json
data\raw_audio\fhnrbv8c_7Y.wav	1314.159	1319.12	sao cái ngôi mộ này nó vẫn tồn tại à qua cái thời sơn. Quý vị nghĩ như thế nào về	@HUE	data\processed_transcripts\fhnrbv8c_7Y.json
data\raw_audio\fhnrbv8c_7Y.wav	1319.12	1323.6	cái lý lẽ này thì quý vị cũng có thể biểu tỏ biểu thị cái chính kiến của mình	@HUE	data\processed_transcripts\fhnrbv8c_7Y.json
data\raw_audio\fhnrbv8c_7Y.wav	1323.6	1328.36	bằng những cái comment phía dưới video xem thử à quý vị có nghĩ như Huế Review	@HUE	data\processed_transcripts\fhnrbv8c_7Y.json
data\raw_audio\fhnrbv8c_7Y.wav	1328.36	1332.2	không. Còn lại nếu như quý vị không nghĩ giống như Huế Review thì quý vị có thể	@HUE	data\processed_transcripts\fhnrbv8c_7Y.json
data\raw_audio\fhnrbv8c_7Y.wav	1332.2	1336.36	chia sẻ là cái suy nghĩ của mình về cái nguyên nhân tại vì sao cái ngôi mũa này	@HUE	data\processed_transcripts\fhnrbv8c_7Y.json
data\raw_audio\fhnrbv8c_7Y.wav	1336.36	1340.159	không bị cục mộ. Tuy nhiên nói đi thì nó phải nói lại là	@HUE	data\processed_transcripts\fhnrbv8c_7Y.json
data\raw_audio\fhnrbv8c_7Y.wav	1340.159	1344.36	cái nữ nhân ở trong cái ngôi mù này cũng là một cái bà hoàng của thời nhà Nguyễn.	@HUE	data\processed_transcripts\fhnrbv8c_7Y.json
data\raw_audio\fhnrbv8c_7Y.wav	1344.36	1348.08	Việc mà bà được Vũ Vương Nguyễn Phúc Khoác yêu mến nó cũng đã thể hiện được	@HUE	data\processed_transcripts\fhnrbv8c_7Y.json
data\raw_audio\fhnrbv8c_7Y.wav	1348.08	1352.76	rằng bà cũng là một người hết sức là đôn hậu cũng như là rất là tài giỏi và rất	@HUE	data\processed_transcripts\fhnrbv8c_7Y.json
data\raw_audio\fhnrbv8c_7Y.wav	1352.76	1357.72	là biết chiều chuộng chồng mình để mà có những cái sự thương tiếc đến tột độ như	@HUE	data\processed_transcripts\fhnrbv8c_7Y.json
data\raw_audio\fhnrbv8c_7Y.wav	1357.72	1363.799	vậy của Vũ Vương Nguyễn Phúc Khoác thì cũng mong rằng là cái ngôi lăng mộ này	@HUE	data\processed_transcripts\fhnrbv8c_7Y.json
data\raw_audio\fhnrbv8c_7Y.wav	1363.799	1368.4	thì quý vị chúng ta khi nào mà đến chùa Từ Hiếu hay là có thể là đi ngang cái	@HUE	data\processed_transcripts\fhnrbv8c_7Y.json
data\raw_audio\fhnrbv8c_7Y.wav	1368.4	1371.76	đường Thanh Hải thì quý vị cũng có thể ghé ngang đây để thắp cho bà một cái nén	@HUE	data\processed_transcripts\fhnrbv8c_7Y.json
data\raw_audio\fhnrbv8c_7Y.wav	1371.76	1378.24	nhang tử nhớ. Cái thứ hai nữa là Huế Review cũng mong rằng là sau cái video	@HUE	data\processed_transcripts\fhnrbv8c_7Y.json
data\raw_audio\fhnrbv8c_7Y.wav	1378.24	1385.52	này thì quý vị có thể chia sẻ và lan tỏa để cho đôi lúc những cái vị trong trung	@HUE	data\processed_transcripts\fhnrbv8c_7Y.json
data\raw_audio\fhnrbv8c_7Y.wav	1385.52	1390.679	tâm bảo tù di tích cổ đô á biết được và có thể là nhiều người biết hơn nữa để	@HUE	data\processed_transcripts\fhnrbv8c_7Y.json
data\raw_audio\fhnrbv8c_7Y.wav	1390.679	1395.039	cho có thể là cái khu vực này được đưa vào cái danh sách là di tích được trùng	@HUE	data\processed_transcripts\fhnrbv8c_7Y.json
data\raw_audio\fhnrbv8c_7Y.wav	1395.039	1399.2	tu và bảo quản bởi vì như Huế Ru thấy thì cái khu vực này bây giờ hiện tại nó	@HUE	data\processed_transcripts\fhnrbv8c_7Y.json
data\raw_audio\fhnrbv8c_7Y.wav	1399.2	1403.4	cũng đã xuống cấp rất là nghiêm trọng rồi. Cái bí ẩn mà Huế Review muốn chia	@HUE	data\processed_transcripts\fhnrbv8c_7Y.json
data\raw_audio\fhnrbv8c_7Y.wav	1403.4	1407.2	sẻ cho quý vị ngày hôm nay chính là cái việc mà tại cái việc là nguyên nhân tại	@HUE	data\processed_transcripts\fhnrbv8c_7Y.json
data\raw_audio\fhnrbv8c_7Y.wav	1407.2	1411.0	vì sao cái ng khu lăng mộ này nó sống sót qua cái thời Tây Sơn. Thì nếu như	@HUE	data\processed_transcripts\fhnrbv8c_7Y.json
data\raw_audio\fhnrbv8c_7Y.wav	1411.0	1415.72	quý vị có những cái ý kiến, những cái biểu, những cái góp ý nào phía thì quý	@HUE	data\processed_transcripts\fhnrbv8c_7Y.json
data\raw_audio\fhnrbv8c_7Y.wav	1415.72	1419.159	vị có thể comment phía dưới video giúp Huế review. Và chúng ta cùng chiêm	@HUE	data\processed_transcripts\fhnrbv8c_7Y.json
data\raw_audio\fhnrbv8c_7Y.wav	1419.159	1424.36	ngưỡng cái ngôi lăng mộ này, một cái ngôi lăng mộ rất là cổ và còn bảo toàn	@HUE	data\processed_transcripts\fhnrbv8c_7Y.json
data\raw_audio\fhnrbv8c_7Y.wav	1424.36	1428.159	tính nguyên vẹn của nó trong cái thời đằng trong nhà Nguyễn. Đến đây thì chắc	@HUE	data\processed_transcripts\fhnrbv8c_7Y.json
data\raw_audio\fhnrbv8c_7Y.wav	1428.159	1432.039	có lẽ là Huế Review cũng xin kết thúc video. Nếu như quý vị thấy video này hay	@HUE	data\processed_transcripts\fhnrbv8c_7Y.json
data\raw_audio\fhnrbv8c_7Y.wav	1432.039	1435.84	và ý nghĩa thì mong quý vị like, chia sẻ, đăng ký kênh Huế Review để nhận	@HUE	data\processed_transcripts\fhnrbv8c_7Y.json
data\raw_audio\fhnrbv8c_7Y.wav	1435.84	1440.039	những cái video mới nhất từ kênh Huế Review nói riêng cũng như là những cái	@HUE	data\processed_transcripts\fhnrbv8c_7Y.json
data\raw_audio\fhnrbv8c_7Y.wav	1440.039	1445.76	video về Huế nói chung. Thưa quý vị, mời quý vị nhìn ngắm lại cái ngôi làng mộ	@HUE	data\processed_transcripts\fhnrbv8c_7Y.json
data\raw_audio\fhnrbv8c_7Y.wav	1445.76	1450.559	này. Đấy, rồi bây giờ Huế R cũng xin chúc quý vị luôn sức khỏe, dồi dào, an	@HUE	data\processed_transcripts\fhnrbv8c_7Y.json
data\raw_audio\fhnrbv8c_7Y.wav	1450.559	1454.799	khang và gặp nhiều may mắn trong cuộc sống. À hẹn gặp lại quý vị ở những video	@HUE	data\processed_transcripts\fhnrbv8c_7Y.json
data\raw_audio\fhnrbv8c_7Y.wav	1454.799	1457.08	tiếp theo.	@HUE	data\processed_transcripts\fhnrbv8c_7Y.json
data\raw_audio\gFVP-BxwbCU.wav	0.04	3.28	Vâng, mến chào quý vị đã quay trở lại với Huế Review. Quý vị và các bạn thân	@HUE	data\processed_transcripts\gFVP-BxwbCU.json
data\raw_audio\gFVP-BxwbCU.wav	3.28	8.559	mến, hiện tại thì Huế Review đang đứng ở ngay cái chỗ cầu phao này thưa quý vị.	@HUE	data\processed_transcripts\gFVP-BxwbCU.json
data\raw_audio\gFVP-BxwbCU.wav	8.559	16.52	Đây một cái cầu phao nó bắt từ xã Thủy Bằng qua xã Hương Thọ của thị xã Hương	@HUE	data\processed_transcripts\gFVP-BxwbCU.json
data\raw_audio\gFVP-BxwbCU.wav	16.52	21.16	Thủy và thị xã Hương Trả đây. Tuy nhiên hôm nay thì Huế Review tìm đến cái con	@HUE	data\processed_transcripts\gFVP-BxwbCU.json
data\raw_audio\gFVP-BxwbCU.wav	21.16	27.08	đường này là kính để quay cho quý vị xem. Đấy một cái ngôi lăng mộ liên quan	@HUE	data\processed_transcripts\gFVP-BxwbCU.json
data\raw_audio\gFVP-BxwbCU.wav	27.08	31.48	đến một cái vị chúa Nguyễn thưa quý vị. Vừa rồi thì Huế R cũng đã quay những cái	@HUE	data\processed_transcripts\gFVP-BxwbCU.json
data\raw_audio\gFVP-BxwbCU.wav	31.48	35.96	lăng tẩm liên quan tới các cái vị vợ vua, công chúa của vua. Nói chung là	@HUE	data\processed_transcripts\gFVP-BxwbCU.json
data\raw_audio\gFVP-BxwbCU.wav	35.96	40.52	liên quan tới những cái triều vua Nguyễn. Còn bây giờ thì để đáp lại cái	@HUE	data\processed_transcripts\gFVP-BxwbCU.json
data\raw_audio\gFVP-BxwbCU.wav	40.52	45.559	sự mong mỏi của quý vị thì Huế Review cũng sẽ quay lăng của chín chúa Nguyễn.	@HUE	data\processed_transcripts\gFVP-BxwbCU.json
data\raw_audio\gFVP-BxwbCU.wav	45.559	49.92	Và cái lăng đầu tiên đó chính là lăng của chúa tiên Nguyễn Hoàng. Và đây là	@HUE	data\processed_transcripts\gFVP-BxwbCU.json
data\raw_audio\gFVP-BxwbCU.wav	49.92	54.28	chính là cái con đường mà đi ngắn nhất. à chúng ta di chuyển từ đường khả định	@HUE	data\processed_transcripts\gFVP-BxwbCU.json
data\raw_audio\gFVP-BxwbCU.wav	54.28	60.719	sau đó là lên à chợ tuần và đến đây là cái câu phao này. Cái câu phao này cũng	@HUE	data\processed_transcripts\gFVP-BxwbCU.json
data\raw_audio\gFVP-BxwbCU.wav	60.719	65.88	xây dựng rất là lâu rồi và đây chính là cái con đường có vẻ có thể gọi là ngắn	@HUE	data\processed_transcripts\gFVP-BxwbCU.json
data\raw_audio\gFVP-BxwbCU.wav	65.88	71.72	nhất để chúng ta di chuyển à đi qua cái chỗ lăng của chỗ tiên Nguyễn Hoàng. Cũng	@HUE	data\processed_transcripts\gFVP-BxwbCU.json
data\raw_audio\gFVP-BxwbCU.wav	71.72	75.0	không để quý vị chờ lâu, bây giờ chúng ta sẽ di chuyển theo từng cái cung đường	@HUE	data\processed_transcripts\gFVP-BxwbCU.json
data\raw_audio\gFVP-BxwbCU.wav	75.0	80.92	này để tìm đến lăng của chủ tiên Nguyễn Hòa. Xin kính mời quý vị.	@HUE	data\processed_transcripts\gFVP-BxwbCU.json
data\raw_audio\gFVP-BxwbCU.wav	85.68	90.96	Vâng và sau đây thì chúng ta sẽ di chuyển đi qua cái cầu phao này. Mà hiện	@HUE	data\processed_transcripts\gFVP-BxwbCU.json
data\raw_audio\gFVP-BxwbCU.wav	90.96	96.399	tại cảm giác của Huy R cảm thấy rất là mát thô quý vị. Nhưng mà cũng à rất là	@HUE	data\processed_transcripts\gFVP-BxwbCU.json
data\raw_audio\gFVP-BxwbCU.wav	96.399	101.799	thấy rung rung là bởi vì à đi cái cầu phao này nó khá là góc gần và nhìn chung	@HUE	data\processed_transcripts\gFVP-BxwbCU.json
data\raw_audio\gFVP-BxwbCU.wav	101.799	107.36	là đi trên nước á do đó là cảm giác là khá là rung nhưng mà cũng thấy rất là	@HUE	data\processed_transcripts\gFVP-BxwbCU.json
data\raw_audio\gFVP-BxwbCU.wav	107.36	111.56	thú vị thôi quý vị. Thì sau khi di chuyển qua cái câu phao	@HUE	data\processed_transcripts\gFVP-BxwbCU.json
data\raw_audio\gFVP-BxwbCU.wav	111.56	119.88	thì chúng ta sẽ đi một đoạn nữa thôi là sẽ tới chỗ lăng của chỗ tiên Nguyễn Hòa.	@HUE	data\processed_transcripts\gFVP-BxwbCU.json
data\raw_audio\gFVP-BxwbCU.wav	121.36	127.399	Thì đi từ M thủy Bằng qua Hương Thọ thì chúng ta phải đóng tiền cầu thô quý vị.	@HUE	data\processed_transcripts\gFVP-BxwbCU.json
data\raw_audio\gFVP-BxwbCU.wav	127.399	134.0	Đây bên này là sẽ có một người ngồi để thu tiền n thu tiền anh	@HUE	data\processed_transcripts\gFVP-BxwbCU.json
data\raw_audio\gFVP-BxwbCU.wav	134.56	138.319	bữa này ô n thu nè. à là mỗi mỗi ngày cứ người tu rồi đó hả	@HUE	data\processed_transcripts\gFVP-BxwbCU.json
data\raw_audio\gFVP-BxwbCU.wav	145.56	149.36	lăng chỗ tiên đi thẳng đi bạn đi thẳng đi mà tới được không lăng lăng của chúa	@HUE	data\processed_transcripts\gFVP-BxwbCU.json
data\raw_audio\gFVP-BxwbCU.wav	149.36	156.319	tiên Nguyễn Hoàng đây lăng trường cơ đây nó th dạ rồi cảm ơn	@HUE	data\processed_transcripts\gFVP-BxwbCU.json
data\raw_audio\gFVP-BxwbCU.wav	156.319	161.0	dạ tại vì như vậy là cái con đường này là	@HUE	data\processed_transcripts\gFVP-BxwbCU.json
data\raw_audio\gFVP-BxwbCU.wav	161.0	165.64	coi như là ngắn nhất đây quý vị này và mời quý vị thừa thức những cái phong	@HUE	data\processed_transcripts\gFVP-BxwbCU.json
data\raw_audio\gFVP-BxwbCU.wav	165.64	173.36	cảnh của làng quê ở đây là thuộc làng La Khê Trệm à xã	@HUE	data\processed_transcripts\gFVP-BxwbCU.json
data\raw_audio\gFVP-BxwbCU.wav	173.36	178.36	Hưng Thọ thị xã Hưng Trà, tỉnh Thư Thiên Huế. Thưa quý vị,	@HUE	data\processed_transcripts\gFVP-BxwbCU.json
data\raw_audio\gFVP-BxwbCU.wav	178.64	185.04	thường thì các cái a chú ngày xưa là được an tán rất là nhiều nơi. Nhưng mà	@HUE	data\processed_transcripts\gFVP-BxwbCU.json
data\raw_audio\gFVP-BxwbCU.wav	185.04	191.799	hiện tại thì à theo như thế đ tìm hiểu thì sau khi vua Gia Long lên ngồi đã đưa	@HUE	data\processed_transcripts\gFVP-BxwbCU.json
data\raw_audio\gFVP-BxwbCU.wav	191.799	197.76	lăng mộ của các chúa về lại với các cái khu vực phía tây kinh thành và chọn	@HUE	data\processed_transcripts\gFVP-BxwbCU.json
data\raw_audio\gFVP-BxwbCU.wav	197.76	202.48	những cái vùng đồi núi như thế này. Chúng ta sẽ đi theo con đường này để tới	@HUE	data\processed_transcripts\gFVP-BxwbCU.json
data\raw_audio\gFVP-BxwbCU.wav	206.4	212.36	à lăng trường cơ. Trên này thì bà con cũng à trồng các cái	@HUE	data\processed_transcripts\gFVP-BxwbCU.json
data\raw_audio\gFVP-BxwbCU.wav	212.36	217.319	loại cây ăn quả rồi rau màu cũng à rất là nhiều.	@HUE	data\processed_transcripts\gFVP-BxwbCU.json
data\raw_audio\gFVP-BxwbCU.wav	217.319	223.72	Và cái con đường lên khu lặng mộ thì cũng khá là dễ đi thưa quý vị. Tuy nhiên	@HUE	data\processed_transcripts\gFVP-BxwbCU.json
data\raw_audio\gFVP-BxwbCU.wav	223.72	230.08	thì nó cách xa thành phố quá. Ở trên này thì nếu như di chuyển từ	@HUE	data\processed_transcripts\gFVP-BxwbCU.json
data\raw_audio\gFVP-BxwbCU.wav	230.08	234.72	thành phố lên thì chúng ta cũng phải đi hết khoảng cỡ 25 đến 30 cây số.	@HUE	data\processed_transcripts\gFVP-BxwbCU.json
data\raw_audio\gFVP-BxwbCU.wav	234.72	240.159	Đấy cũng khá là xa. Những cái khu lòng mộ như thế này thì cũng được rất là ít	@HUE	data\processed_transcripts\gFVP-BxwbCU.json
data\raw_audio\gFVP-BxwbCU.wav	240.159	243.959	người biết đến. Chính vì vậy mà Huế Review cũng muốn	@HUE	data\processed_transcripts\gFVP-BxwbCU.json
data\raw_audio\gFVP-BxwbCU.wav	243.959	248.48	quay cho quý vị xem. Vâng kính thưa quý vị và hiện tại thì	@HUE	data\processed_transcripts\gFVP-BxwbCU.json
data\raw_audio\gFVP-BxwbCU.wav	251.439	257.12	Huế Review đang đứng trước lăng của chúa tiên Nguyễn Hòa và lăng của chúa tiên	@HUE	data\processed_transcripts\gFVP-BxwbCU.json
data\raw_audio\gFVP-BxwbCU.wav	257.12	261.959	thì được gọi là lăng trường cơ. Đây thưa quý vị. Một cái vị thế, một cái vị trí	@HUE	data\processed_transcripts\gFVP-BxwbCU.json
data\raw_audio\gFVP-BxwbCU.wav	261.959	266.44	đặc lăng cũng rất là đẹp. Và cái khu lăng mộ này thì vừa rồi là	@HUE	data\processed_transcripts\gFVP-BxwbCU.json
data\raw_audio\gFVP-BxwbCU.wav	266.44	272.72	cũng đã được trùng tu cũng cách đây cũng mấy năm rồi quý vị. Đây	@HUE	data\processed_transcripts\gFVP-BxwbCU.json
data\raw_audio\gFVP-BxwbCU.wav	272.72	280.199	ở đây nó có một cái biển này. Đấy ghi là Nguyễn Phúc Cọc Hệ Nhị Lăng Trường Cơ	@HUE	data\processed_transcripts\gFVP-BxwbCU.json
data\raw_audio\gFVP-BxwbCU.wav	280.199	286.44	Đức Thái Tổ Gia Dũ Hoàng Đế Quý là Nguyễn Hoàng 1 năm 25 đến 163	@HUE	data\processed_transcripts\gFVP-BxwbCU.json
data\raw_audio\gFVP-BxwbCU.wav	286.44	291.4	và thời gian trị vị là từ 1558 đến 163 thôi quý vị.	@HUE	data\processed_transcripts\gFVP-BxwbCU.json
data\raw_audio\gFVP-BxwbCU.wav	291.4	297.6	Và sau cái bia ở đặc vị trí thì ở đây có một cái	@HUE	data\processed_transcripts\gFVP-BxwbCU.json
data\raw_audio\gFVP-BxwbCU.wav	297.6	304.0	bảng khoanh vùng di tích lăng trường cơ. Đấy.	@HUE	data\processed_transcripts\gFVP-BxwbCU.json
data\raw_audio\gFVP-BxwbCU.wav	304.0	308.639	Ở đây thì cũng được trung tâm bảo tồn di tích cổ đô Huế rồi phòng nghiên cứu khoa	@HUE	data\processed_transcripts\gFVP-BxwbCU.json
data\raw_audio\gFVP-BxwbCU.wav	308.639	314.08	học. Ở đây là quý vị cũng có thể liên lạc qua số điện thoại này để mà có thể	@HUE	data\processed_transcripts\gFVP-BxwbCU.json
data\raw_audio\gFVP-BxwbCU.wav	314.08	319.919	là đặt vé hay là mở cửa. Tuy nhiên thì hôm	@HUE	data\processed_transcripts\gFVP-BxwbCU.json
data\raw_audio\gFVP-BxwbCU.wav	319.919	326.52	nay Huế Review đến đây thì cũng không có quay được bên trong cho quý vị xem.	@HUE	data\processed_transcripts\gFVP-BxwbCU.json
data\raw_audio\gFVP-BxwbCU.wav	326.52	330.12	Nhưng mà Huế Review cũng sẽ bay Fly cam vào để quay cái phần bên trong để cho	@HUE	data\processed_transcripts\gFVP-BxwbCU.json
data\raw_audio\gFVP-BxwbCU.wav	330.12	335.199	quý vị xem về cái khu lăng mổ bên trong lăng mổ là như thế nào. Và cái thứ hai	@HUE	data\processed_transcripts\gFVP-BxwbCU.json
data\raw_audio\gFVP-BxwbCU.wav	335.199	338.56	là của Huế Review cũng muốn giới thiệu cho quý vị cái tiểu sử của một cái nhân	@HUE	data\processed_transcripts\gFVP-BxwbCU.json
data\raw_audio\gFVP-BxwbCU.wav	338.56	342.319	vật. Ngài là một cái nhân vật cũng rất là	@HUE	data\processed_transcripts\gFVP-BxwbCU.json
data\raw_audio\gFVP-BxwbCU.wav	342.319	346.4	tuyệt vời trong lịch sử triều Nguyễn nói riêng và lịch sử Việt Nam nói chung. Và	@HUE	data\processed_transcripts\gFVP-BxwbCU.json
data\raw_audio\gFVP-BxwbCU.wav	346.4	351.88	trước khi vào cái khu lăng mộ thì chúng ta có một cái bể thờ đây quý vị này. Đây	@HUE	data\processed_transcripts\gFVP-BxwbCU.json
data\raw_audio\gFVP-BxwbCU.wav	351.88	357.88	một cái cái am thờ à ở đây thì cái am này chắc có lẽ là thắp nhang để xin phép	@HUE	data\processed_transcripts\gFVP-BxwbCU.json
data\raw_audio\gFVP-BxwbCU.wav	357.88	362.88	đi vào thăm lăng mổ. Do đó là Huế review cũng sẽ thấp ở đây luôn quý vị. Bây giờ	@HUE	data\processed_transcripts\gFVP-BxwbCU.json
data\raw_audio\gFVP-BxwbCU.wav	362.88	367.319	mời quý vị chúng ta cùng thấp một cái nến nhang để đi vào phía bên trong khu	@HUE	data\processed_transcripts\gFVP-BxwbCU.json
data\raw_audio\gFVP-BxwbCU.wav	367.319	370.36	lăng mổ nha quý vị. Trước khi mà Huế Review thấp nhang thì	@HUE	data\processed_transcripts\gFVP-BxwbCU.json
data\raw_audio\gFVP-BxwbCU.wav	380.88	385.36	Huế Review thấy là cũng có một số các cái nến nhang đã được thấp rồi. Thì và	@HUE	data\processed_transcripts\gFVP-BxwbCU.json
data\raw_audio\gFVP-BxwbCU.wav	385.36	390.56	quý vị thấy thì cái án thờ à ở đây á nhìn có vẻ rất là sạch sẽ và rất là gọn	@HUE	data\processed_transcripts\gFVP-BxwbCU.json
data\raw_audio\gFVP-BxwbCU.wav	390.56	397.28	gàng. thì chắc có lẽ là người Hồ Lăng hay là con cháu của ngài là cũng đã ở	@HUE	data\processed_transcripts\gFVP-BxwbCU.json
data\raw_audio\gFVP-BxwbCU.wav	397.28	403.039	đây hay là thường xuyên đến đây để thập nhang để hương khói. Đấy và bây giờ	@HUE	data\processed_transcripts\gFVP-BxwbCU.json
data\raw_audio\gFVP-BxwbCU.wav	403.039	409.24	chúng ta sẽ khám phá cái khu lăng mộ này xem nó có cái gì đặc biệt và khác so với	@HUE	data\processed_transcripts\gFVP-BxwbCU.json
data\raw_audio\gFVP-BxwbCU.wav	409.24	414.319	những cái khu lăng mộ khác hay không. Thì rõ ràng như quý vị thấy thì	@HUE	data\processed_transcripts\gFVP-BxwbCU.json
data\raw_audio\gFVP-BxwbCU.wav	414.319	421.919	à trước khi vào lăng là sẽ có một cái bức bình phong	@HUE	data\processed_transcripts\gFVP-BxwbCU.json
data\raw_audio\gFVP-BxwbCU.wav	422.0	425.479	mà chúng ta thấy là cái bức bình phong này nó không có các cái họa tiết trang	@HUE	data\processed_transcripts\gFVP-BxwbCU.json
data\raw_audio\gFVP-BxwbCU.wav	425.479	432.039	trí, nó chỉ có những cái hình ảnh những cái ô học như thế này thôi. Đó, nó không	@HUE	data\processed_transcripts\gFVP-BxwbCU.json
data\raw_audio\gFVP-BxwbCU.wav	432.039	437.879	có những cái hình ảnh họa tiết trang trí ở phía bên a à bên trên cái bức à bên	@HUE	data\processed_transcripts\gFVP-BxwbCU.json
data\raw_audio\gFVP-BxwbCU.wav	437.879	442.28	phong. Nhưng mà một bức bên phong cũng khá là dài đây quý vị này.	@HUE	data\processed_transcripts\gFVP-BxwbCU.json
data\raw_audio\gFVP-BxwbCU.wav	442.28	447.56	Và sau bức bình phong chính là một cái hồ bá nguyệt. Đấy. Nhưng mà quý vị thấy	@HUE	data\processed_transcripts\gFVP-BxwbCU.json
data\raw_audio\gFVP-BxwbCU.wav	447.56	453.72	là cái hồ bá nguyệt này cũng không có nước. Hiện tại thì nó rất là khô luôn.	@HUE	data\processed_transcripts\gFVP-BxwbCU.json
data\raw_audio\gFVP-BxwbCU.wav	453.72	457.16	Đó trời Huế bây giờ rất là nắng. Do đó quý vị thấy là đứt đai nó nức nẻ như thế	@HUE	data\processed_transcripts\gFVP-BxwbCU.json
data\raw_audio\gFVP-BxwbCU.wav	457.16	463.24	này. Mà cũng biết là cái nguồn nước ở đây là bơm mà đâu vào. Rõ ràng là cái	@HUE	data\processed_transcripts\gFVP-BxwbCU.json
data\raw_audio\gFVP-BxwbCU.wav	463.24	467.28	yếu tố Minh Đường ở đây là hiện tại nó đang rất là khô.	@HUE	data\processed_transcripts\gFVP-BxwbCU.json
data\raw_audio\gFVP-BxwbCU.wav	467.28	471.72	Vừa rồi thì cũng à cách đây mà vừa rồi là cách đây là cũng	@HUE	data\processed_transcripts\gFVP-BxwbCU.json
data\raw_audio\gFVP-BxwbCU.wav	471.72	475.639	m cách đây mấy ngày thì cũng là có cái lễ hủy kỳ của ngài. Không biết là việc	@HUE	data\processed_transcripts\gFVP-BxwbCU.json
data\raw_audio\gFVP-BxwbCU.wav	475.639	479.72	tạo ra cái hồ bán nguyệt thì không biết về mùa mưa thì nó có nước hay không	@HUE	data\processed_transcripts\gFVP-BxwbCU.json
data\raw_audio\gFVP-BxwbCU.wav	479.72	484.72	nhưng mà hiện tại thì Huế đang mùa khô chính vì vậy mà Huế Ru cũng không nhận	@HUE	data\processed_transcripts\gFVP-BxwbCU.json
data\raw_audio\gFVP-BxwbCU.wav	484.72	490.08	thấy có nước ở đây. Đó cái kết cấu của hồ bán Nguyệt thì quý	@HUE	data\processed_transcripts\gFVP-BxwbCU.json
data\raw_audio\gFVP-BxwbCU.wav	490.08	495.0	vị thấy là hoàn toàn nó được xây lại. Tuy nhiên thì	@HUE	data\processed_transcripts\gFVP-BxwbCU.json
data\raw_audio\gFVP-BxwbCU.wav	495.0	499.0	ở dưới là quý vị thấy có một cái lớp đá đó và phía trên là sẽ có một cái lớp	@HUE	data\processed_transcripts\gFVP-BxwbCU.json
data\raw_audio\gFVP-BxwbCU.wav	499.0	503.28	tường thành như thế này. Xung quanh các cái lớp tường thành này thì cũng không	@HUE	data\processed_transcripts\gFVP-BxwbCU.json
data\raw_audio\gFVP-BxwbCU.wav	503.28	506.4	có trang trí cái gì đặc biệt, chỉ có những cái ô học và những cái đường kẻ	@HUE	data\processed_transcripts\gFVP-BxwbCU.json
data\raw_audio\gFVP-BxwbCU.wav	506.4	512.36	viền như thế này thôi. Đấy. À nhìn cái hồ bá nguyệt là cũng à rất	@HUE	data\processed_transcripts\gFVP-BxwbCU.json
data\raw_audio\gFVP-BxwbCU.wav	512.36	516.8	chi là đẹp. Đây quý vị này. Đây quý vị à lát nữa khi có những cái hình ảnh trên	@HUE	data\processed_transcripts\gFVP-BxwbCU.json
data\raw_audio\gFVP-BxwbCU.wav	516.8	523.399	cao thì quý vị có thể nhìn kỹ hơn cái à kết cấu cái kiến trúc. Đó thì nhìn phía	@HUE	data\processed_transcripts\gFVP-BxwbCU.json
data\raw_audio\gFVP-BxwbCU.wav	523.399	529.04	trên thì chúng ta dễ hình dung hơn. Còn sau cái hồ bán ngyệt chính là các cái	@HUE	data\processed_transcripts\gFVP-BxwbCU.json
data\raw_audio\gFVP-BxwbCU.wav	529.04	534.68	bậc sân. Thì ở đây chỉ có là hai bậc sân thôi quý vị. Và	@HUE	data\processed_transcripts\gFVP-BxwbCU.json
data\raw_audio\gFVP-BxwbCU.wav	534.68	540.8	ngay chính giữa đó là có bốn cái trụ biểu đứng sừng sững nhìn rất là cao. Đây	@HUE	data\processed_transcripts\gFVP-BxwbCU.json
data\raw_audio\gFVP-BxwbCU.wav	540.8	547.16	quý vị có thể thấy có bốn cái trụ biểu. Đấy thì bốn trụ biểu này nó	@HUE	data\processed_transcripts\gFVP-BxwbCU.json
data\raw_audio\gFVP-BxwbCU.wav	547.16	553.0	tạo ra cái tam con để mà đi vào cái khu lăng mổ.	@HUE	data\processed_transcripts\gFVP-BxwbCU.json
data\raw_audio\gFVP-BxwbCU.wav	553.0	557.2	Nhìn chung thì kiến trúc của các cái lăng tẩm, các cái lăng mộ của các cái	@HUE	data\processed_transcripts\gFVP-BxwbCU.json
data\raw_audio\gFVP-BxwbCU.wav	557.2	562.04	chú Nguyễn. Thì như quý vị biết là vừa rồi Huế Review cũng đã có quay cho quý	@HUE	data\processed_transcripts\gFVP-BxwbCU.json
data\raw_audio\gFVP-BxwbCU.wav	562.04	565.8	vị. xem cái lăng mộ của chiêu nghi phu nhân.	@HUE	data\processed_transcripts\gFVP-BxwbCU.json
data\raw_audio\gFVP-BxwbCU.wav	565.8	571.64	Đây là một cái lăng mộ mà được gọi là sống sót qua thời Tây Sơn duy nhất. Và	@HUE	data\processed_transcripts\gFVP-BxwbCU.json
data\raw_audio\gFVP-BxwbCU.wav	571.64	575.68	sau này thì vua Giao Long sau khi lên ngôi cũng đã dùng cái ngôi lăng mộ đó,	@HUE	data\processed_transcripts\gFVP-BxwbCU.json
data\raw_audio\gFVP-BxwbCU.wav	575.68	581.0	dùng cái kiến trúc đó để mà phát thảo và xây dựng nên các cái ngôi làng mộ của	@HUE	data\processed_transcripts\gFVP-BxwbCU.json
data\raw_audio\gFVP-BxwbCU.wav	581.0	585.68	các cái chú Nguyễn sau này có tất cả là chín chú Nguyễn. Và trong cái quá trình	@HUE	data\processed_transcripts\gFVP-BxwbCU.json
data\raw_audio\gFVP-BxwbCU.wav	585.68	590.079	này thì Huế Revio cũng muốn khám phá tất cả các cái chữa lăng của chính chú	@HUE	data\processed_transcripts\gFVP-BxwbCU.json
data\raw_audio\gFVP-BxwbCU.wav	590.079	593.76	Nguyễn đó. Và đây chính là cái ngôi lăng mộ của cái vị chúa đầu tiên của nhà	@HUE	data\processed_transcripts\gFVP-BxwbCU.json
data\raw_audio\gFVP-BxwbCU.wav	593.76	599.959	Nguyễn. Và rõ ràng thì những cái họa tiết trang trí nhìn rất là đơn giản thôi	@HUE	data\processed_transcripts\gFVP-BxwbCU.json
data\raw_audio\gFVP-BxwbCU.wav	599.959	605.16	quý vị. Tuy nhiên thì cũng thể hiện được cái khí chất của hoàng gia trong này và	@HUE	data\processed_transcripts\gFVP-BxwbCU.json
data\raw_audio\gFVP-BxwbCU.wav	605.16	611.88	rõ ràng cái khuôn viên của cái ngôi mộ cũng đã được chăm sóc rất là chu đáo.	@HUE	data\processed_transcripts\gFVP-BxwbCU.json
data\raw_audio\gFVP-BxwbCU.wav	611.88	616.079	Ngoài ra ngoài những cái cây sân cỏ như thế này thì cũng có những cái cây bóng	@HUE	data\processed_transcripts\gFVP-BxwbCU.json
data\raw_audio\gFVP-BxwbCU.wav	616.079	620.8	mát ví dụ như là cây bồ đề hai bên hai cây bồ đề rồi xung quanh là những cái	@HUE	data\processed_transcripts\gFVP-BxwbCU.json
data\raw_audio\gFVP-BxwbCU.wav	620.8	628.88	cây sứ nhìn quá tuyệt vời. Khung cảnh thì cũng à rất là nên thơ nhưng mà rõ	@HUE	data\processed_transcripts\gFVP-BxwbCU.json
data\raw_audio\gFVP-BxwbCU.wav	628.88	634.44	ràng thì nó rất là vắng vẻ là bởi vì cái khu vực này thì cũng ít người lui tới	@HUE	data\processed_transcripts\gFVP-BxwbCU.json
data\raw_audio\gFVP-BxwbCU.wav	634.44	639.399	đấy vì nó nằm ở phía núi cao quý vị phía tây kinh thành nhưng mà cách xa thành	@HUE	data\processed_transcripts\gFVP-BxwbCU.json
data\raw_audio\gFVP-BxwbCU.wav	639.399	644.8	phố lắm do đó cũng ít người lui tới để cúng viên chính vì vậy mà Huế Rêu cũng	@HUE	data\processed_transcripts\gFVP-BxwbCU.json
data\raw_audio\gFVP-BxwbCU.wav	644.8	651.04	muốn quay cho quý vị xem để cho quý vị biết được một cái khu lăng mộ à gọi là	@HUE	data\processed_transcripts\gFVP-BxwbCU.json
data\raw_audio\gFVP-BxwbCU.wav	651.04	657.6	di tích lịch sử rất là tuyệt vời này. Ở đây thì cũng có một cái bia à tiểu sử	@HUE	data\processed_transcripts\gFVP-BxwbCU.json
data\raw_audio\gFVP-BxwbCU.wav	657.6	665.6	của chú Ti Nguyễn Hòa đấy. Chúa thì được vô lê à	@HUE	data\processed_transcripts\gFVP-BxwbCU.json
data\raw_audio\gFVP-BxwbCU.wav	665.6	672.04	ban chức là đoan quốc công đấy. Nhưng mà người dânng ở trong miền Trung này á ở	@HUE	data\processed_transcripts\gFVP-BxwbCU.json
data\raw_audio\gFVP-BxwbCU.wav	672.04	677.12	Đức Thùng Hóa vào Quảng Nam á thì lại hay gọi là chúa tiên	@HUE	data\processed_transcripts\gFVP-BxwbCU.json
data\raw_audio\gFVP-BxwbCU.wav	677.12	680.36	đấy. sinh ngày 10 tháng	@HUE	data\processed_transcripts\gFVP-BxwbCU.json
data\raw_audio\gFVP-BxwbCU.wav	680.36	688.6	năm ấtc Dậu. 28 tháng năm 1525.	@HUE	data\processed_transcripts\gFVP-BxwbCU.json
data\raw_audio\gFVP-BxwbCU.wav	688.6	695.079	Đấy. Đây là ghi rất rõ à cái tiểu sữa của ngài.	@HUE	data\processed_transcripts\gFVP-BxwbCU.json
data\raw_audio\gFVP-BxwbCU.wav	695.079	700.8	Đấy, một cái bia à nhìn rất là đẹp quý vị,	@HUE	data\processed_transcripts\gFVP-BxwbCU.json
data\raw_audio\gFVP-BxwbCU.wav	700.8	706.76	cũng rất là cao. Ở đây là có hình mặt trời này. Bên này là các cái họa tiết	@HUE	data\processed_transcripts\gFVP-BxwbCU.json
data\raw_audio\gFVP-BxwbCU.wav	706.76	711.76	vân may, hoa lá. Ở đây quý vị thấy có một cái cái đầu	@HUE	data\processed_transcripts\gFVP-BxwbCU.json
data\raw_audio\gFVP-BxwbCU.wav	711.76	719.0	rồng à nhìn cũng rất là hoành tráng. Ở phía sau thì không có gì cả thôi quý	@HUE	data\processed_transcripts\gFVP-BxwbCU.json
data\raw_audio\gFVP-BxwbCU.wav	719.0	723.639	vị, chỉ có là cái mặt trước thôi. Còn lại cái chân đế thì cũng có các cái hòa	@HUE	data\processed_transcripts\gFVP-BxwbCU.json
data\raw_audio\gFVP-BxwbCU.wav	723.639	730.079	tiết hoa lá. Đấy cái bức bổ thân ngoài đấy. Bây giờ	@HUE	data\processed_transcripts\gFVP-BxwbCU.json
data\raw_audio\gFVP-BxwbCU.wav	730.079	735.04	sau hai bậc sân thì quý vị thấy cái bậc sân dưới kia thì được à hai bên á là hai	@HUE	data\processed_transcripts\gFVP-BxwbCU.json
data\raw_audio\gFVP-BxwbCU.wav	735.04	739.68	bên của lỗi đi giữa thì có đất mà thôi. Còn trên này thì hai bên lối đi à của	@HUE	data\processed_transcripts\gFVP-BxwbCU.json
data\raw_audio\gFVP-BxwbCU.wav	739.68	744.72	cái lỗi đi giữa có lót gạch đây. Đó cái gạch này thì cũng được trùng tu thôi quý	@HUE	data\processed_transcripts\gFVP-BxwbCU.json
data\raw_audio\gFVP-BxwbCU.wav	744.72	751.04	vị. Ờ phía ngoài bên này thì sau này thì cũng không có gì cả chỉ là những cái	@HUE	data\processed_transcripts\gFVP-BxwbCU.json
data\raw_audio\gFVP-BxwbCU.wav	751.04	757.279	rừng cây keo tràng. Đấy. Tuy nhiên thì quý vị thấy là rõ	@HUE	data\processed_transcripts\gFVP-BxwbCU.json
data\raw_audio\gFVP-BxwbCU.wav	757.279	761.92	ràng là cái chiều dày của cái bữ bờ tường á tức là cái bũ thành á nó rất là	@HUE	data\processed_transcripts\gFVP-BxwbCU.json
data\raw_audio\gFVP-BxwbCU.wav	761.92	767.24	dày nhưng mà hiện tại thì nó cũng đang bị xuống cấp này. Việc bông tróc cái vôi	@HUE	data\processed_transcripts\gFVP-BxwbCU.json
data\raw_audio\gFVP-BxwbCU.wav	767.24	771.68	vữa này hiện tại là cũng khá bong tróc các cái lớp bên ngoài. Do đó là quá	@HUE	data\processed_transcripts\gFVP-BxwbCU.json
data\raw_audio\gFVP-BxwbCU.wav	771.68	776.8	trình trùng tu là phải diễn ra liên tục. Đó cái khu vực Bử Thành thì như quý vị	@HUE	data\processed_transcripts\gFVP-BxwbCU.json
data\raw_audio\gFVP-BxwbCU.wav	776.8	781.88	thấy là được xây dựng bằng đá Bũ Thành ngoài. Rồi sau B thành đó chính là cái	@HUE	data\processed_transcripts\gFVP-BxwbCU.json
data\raw_audio\gFVP-BxwbCU.wav	781.88	788.16	cổng cổng cổng Bũ Thành này thì ở trên là nó có hai con rùa. Các cái ô học của	@HUE	data\processed_transcripts\gFVP-BxwbCU.json
data\raw_audio\gFVP-BxwbCU.wav	788.16	791.639	cổng Bũ Thành thì nó cũng không có cái trang trí gì cả chỉ là những cái ô học	@HUE	data\processed_transcripts\gFVP-BxwbCU.json
data\raw_audio\gFVP-BxwbCU.wav	791.639	794.88	rất là bình thường. Bây giờ chúng ta sẽ dùng fly cam bay lên để xem thử bên	@HUE	data\processed_transcripts\gFVP-BxwbCU.json
data\raw_audio\gFVP-BxwbCU.wav	794.88	800.16	trong có gì và Huế Review cũng sẽ chia sẻ về cái tiểu sử việc mở cõi phương nam	@HUE	data\processed_transcripts\gFVP-BxwbCU.json
data\raw_audio\gFVP-BxwbCU.wav	800.16	803.519	của cái ngày tổ tiên này luôn. Bây giờ mời quý vị tiếp tục chúng ta theo dõi	@HUE	data\processed_transcripts\gFVP-BxwbCU.json
data\raw_audio\gFVP-BxwbCU.wav	803.519	808.0	nha quý vị. Vâng, kính thưa quý vị thì bây giờ chúng	@HUE	data\processed_transcripts\gFVP-BxwbCU.json
data\raw_audio\gFVP-BxwbCU.wav	808.0	812.72	ta sẽ bay Fly Cam lên và để xem thử bên trong nó cái ngôi lăng mộ này nó có cái	@HUE	data\processed_transcripts\gFVP-BxwbCU.json
data\raw_audio\gFVP-BxwbCU.wav	812.72	817.88	gì. Và rõ ràng thì quý vị thấy à cũng giống như những cái kiến trúc lăng mộ,	@HUE	data\processed_transcripts\gFVP-BxwbCU.json
data\raw_audio\gFVP-BxwbCU.wav	817.88	822.16	những cái kiến trúc lăng tẩm của các cái chú nguyện thì à thậm chí là các cái vua	@HUE	data\processed_transcripts\gFVP-BxwbCU.json
data\raw_audio\gFVP-BxwbCU.wav	822.16	826.36	Nguyễn thì chúng ta thấy rằng là bên trong khu lăng mộ thì sau cái cổng bũ	@HUE	data\processed_transcripts\gFVP-BxwbCU.json
data\raw_audio\gFVP-BxwbCU.wav	826.36	829.88	thanh ngoài thì sẽ đến một cái bức bình phong. Và cái bức bên phong này thì mặt	@HUE	data\processed_transcripts\gFVP-BxwbCU.json
data\raw_audio\gFVP-BxwbCU.wav	829.88	834.04	trước nó sẽ có một cái hình con long mã. Ngày xưa thì nó được khám sanh sứ. Sau	@HUE	data\processed_transcripts\gFVP-BxwbCU.json
data\raw_audio\gFVP-BxwbCU.wav	834.04	838.12	này thì do nó xuống cấp. Chính vì vậy mà nó không còn cái giáo tích. Và trùng tu	@HUE	data\processed_transcripts\gFVP-BxwbCU.json
data\raw_audio\gFVP-BxwbCU.wav	838.12	841.88	lại thì bây giờ vẫn có một cái con lông mã nhưng mà nó không không có các cái	@HUE	data\processed_transcripts\gFVP-BxwbCU.json
data\raw_audio\gFVP-BxwbCU.wav	841.88	847.399	khảm sàn xứ. Mặt sau của bức bình phong chính là một cái hình một cái mặt rồng	@HUE	data\processed_transcripts\gFVP-BxwbCU.json
data\raw_audio\gFVP-BxwbCU.wav	847.399	851.44	thưa quý vị. Một cái mặt rồng sau cái bức bên phong trước chính là cái bũ thần	@HUE	data\processed_transcripts\gFVP-BxwbCU.json
data\raw_audio\gFVP-BxwbCU.wav	851.44	856.48	trong và sau cái bụ thần trong chính là cái nắm mộ tôn cất chỗ tiên Nguyễn	@HUE	data\processed_transcripts\gFVP-BxwbCU.json
data\raw_audio\gFVP-BxwbCU.wav	856.48	860.839	Hoàng. Nắm mộ này được xây dựng bằng gạch vô và như quý vị thấy thì nó cũng	@HUE	data\processed_transcripts\gFVP-BxwbCU.json
data\raw_audio\gFVP-BxwbCU.wav	860.839	865.079	có những cái hương án rồi cái nắm mộ này cũng có hai tầng hình chữ nhật nhìn cũng	@HUE	data\processed_transcripts\gFVP-BxwbCU.json
data\raw_audio\gFVP-BxwbCU.wav	865.079	869.759	rất là lớn à sau cái nắm mộ chính là một cái bức bình phong và quý vị thấy một	@HUE	data\processed_transcripts\gFVP-BxwbCU.json
data\raw_audio\gFVP-BxwbCU.wav	869.759	873.839	cái bức bình phong có hình cái đầu rồng hiện ra rất là uy nghiêm rất là tráng lễ	@HUE	data\processed_transcripts\gFVP-BxwbCU.json
data\raw_audio\gFVP-BxwbCU.wav	873.839	879.12	và nó thể hiện được cái khí chất của hoàng gia thưa quý vị và sau cái bức	@HUE	data\processed_transcripts\gFVP-BxwbCU.json
data\raw_audio\gFVP-BxwbCU.wav	879.12	881.48	bình phong của bữa thành trong đó chính là cái bức bình phong của bữa thành	@HUE	data\processed_transcripts\gFVP-BxwbCU.json
data\raw_audio\gFVP-BxwbCU.wav	881.48	884.6	ngoài. Cái bức bên phong của Bũ Thành ngoài thì chúng ta lại thấy nó không có	@HUE	data\processed_transcripts\gFVP-BxwbCU.json
data\raw_audio\gFVP-BxwbCU.wav	884.6	889.92	cái gì đáng kể, nó cũng không có cái gì gọi là à đặc biệt à cũng không có các	@HUE	data\processed_transcripts\gFVP-BxwbCU.json
data\raw_audio\gFVP-BxwbCU.wav	889.92	894.04	cái hòa tiết trang trí phía trên bức bình phong. Chính vì vậy mà cái ngôi lă	@HUE	data\processed_transcripts\gFVP-BxwbCU.json
data\raw_audio\gFVP-BxwbCU.wav	894.04	900.839	mộ này cũng à được xem là cái ngôi lă mộ của cái vị chúa tiên người à đặt nền	@HUE	data\processed_transcripts\gFVP-BxwbCU.json
data\raw_audio\gFVP-BxwbCU.wav	900.839	904.56	móng cho cái sự hình thành của Vương Triều Nguyễn tồn tại hơn 143 năm sau	@HUE	data\processed_transcripts\gFVP-BxwbCU.json
data\raw_audio\gFVP-BxwbCU.wav	904.56	911.12	này. Chúa Tiên Nguyễn Hoàng ông sinh năm 1525 và mức năm 1613. Quê của ông thì	@HUE	data\processed_transcripts\gFVP-BxwbCU.json
data\raw_audio\gFVP-BxwbCU.wav	911.12	917.72	góc ở Tổng Sơn, Thanh Hóa à tức là làng Gia Miêu Tổng Sơn, Thanh Hóa. Cha của	@HUE	data\processed_transcripts\gFVP-BxwbCU.json
data\raw_audio\gFVP-BxwbCU.wav	917.72	922.519	ngài Nguyễn Hoàng chính là Nguyễn Kim. Và sau cái vụ mà ngài Nguyễn Kim bị đầu	@HUE	data\processed_transcripts\gFVP-BxwbCU.json
data\raw_audio\gFVP-BxwbCU.wav	922.519	929.48	độc thì anh rể của à ngài Nguyễn Hoàng là ông Trịnh Kiệp đã nắm giữ các cái	@HUE	data\processed_transcripts\gFVP-BxwbCU.json
data\raw_audio\gFVP-BxwbCU.wav	929.48	933.6	quyền hành ở trong triều. Tức là lúc đó thì ngài Nguyễn Hoàng cũng làm quan dưới	@HUE	data\processed_transcripts\gFVP-BxwbCU.json
data\raw_audio\gFVP-BxwbCU.wav	933.6	937.68	triều vua Hậu Lê. Trị Kiếm cũng đã giết chết vị anh ruột của ngài Nguyễn Hoàng	@HUE	data\processed_transcripts\gFVP-BxwbCU.json
data\raw_audio\gFVP-BxwbCU.wav	937.68	941.56	chính là ông Nguyễn Uông. Và nhận ra được cái sự nguy hiểm đó thì ngài Nguyễn	@HUE	data\processed_transcripts\gFVP-BxwbCU.json
data\raw_audio\gFVP-BxwbCU.wav	941.56	946.399	Hoàng đã quyết định sai sử giả đến gặp trạng Trình Nguyễn Bĩnh Khiêm và nhận	@HUE	data\processed_transcripts\gFVP-BxwbCU.json
data\raw_audio\gFVP-BxwbCU.wav	946.399	949.8	được lời khuyên bằng việc cái câu mà trạng trình Nguyễn Bĩnh Khiêm ngâm một	@HUE	data\processed_transcripts\gFVP-BxwbCU.json
data\raw_audio\gFVP-BxwbCU.wav	949.8	954.36	cái câu rất là lớn đó là Hoành Sơn nhất đái vạn đại dung thân tức là một dãy núi	@HUE	data\processed_transcripts\gFVP-BxwbCU.json
data\raw_audio\gFVP-BxwbCU.wav	954.36	957.759	cao thì có thể dung thân muôn đời. hiểu được cái hàm ý đó của tràng trên Nguyễn	@HUE	data\processed_transcripts\gFVP-BxwbCU.json
data\raw_audio\gFVP-BxwbCU.wav	957.759	963.92	Bĩnh Khiêm. Ngài Nguyễn Hoàng đã nhờ chị ruột của mình là chị Nguyễn Thị	@HUE	data\processed_transcripts\gFVP-BxwbCU.json
data\raw_audio\gFVP-BxwbCU.wav	963.92	972.519	Ngọc Bảo đấy là vợ của ông Trần Nghiêm để xin à xin vô lê cho ngài vào tiếp	@HUE	data\processed_transcripts\gFVP-BxwbCU.json
data\raw_audio\gFVP-BxwbCU.wav	972.519	977.0	quản đất Thượng Hóa, một cái vùng đất rất là cặn cổi và xa xôi so với à cái	@HUE	data\processed_transcripts\gFVP-BxwbCU.json
data\raw_audio\gFVP-BxwbCU.wav	977.0	981.12	triều đình Hậu Lê lúc đó. nhận thấy không có cái sự nguy hiểm nào. Chính vì	@HUE	data\processed_transcripts\gFVP-BxwbCU.json
data\raw_audio\gFVP-BxwbCU.wav	981.12	985.36	vậy mà Trịnh Kiểm cũng đã đồng ý để xin cho ngài Nguyễn Hoàng vào Đức Thuận Hóa.	@HUE	data\processed_transcripts\gFVP-BxwbCU.json
data\raw_audio\gFVP-BxwbCU.wav	985.36	988.56	Năm 1558 sau khi vô Hậu Lê chấp thuận cho ngài	@HUE	data\processed_transcripts\gFVP-BxwbCU.json
data\raw_audio\gFVP-BxwbCU.wav	988.56	991.959	Nguyễn Hòa tiếp quạt Đức Thuận Hóa thì đã có một cuộc di dân rất là lớn trong	@HUE	data\processed_transcripts\gFVP-BxwbCU.json
data\raw_audio\gFVP-BxwbCU.wav	991.959	998.199	lịch sử. Thì ngài cùng các anh em Thanh Nghệ đã đưa một cái số lượng lớn người	@HUE	data\processed_transcripts\gFVP-BxwbCU.json
data\raw_audio\gFVP-BxwbCU.wav	998.199	1004.12	dân vào vùng đất Thuận Hóa để khai hoang lập pháp. Và đất thưởng hóa là cái đất	@HUE	data\processed_transcripts\gFVP-BxwbCU.json
data\raw_audio\gFVP-BxwbCU.wav	1004.12	1009.88	mà Quảng Bình với từ thên Huế ngày nay. Đến năm 1559 thì vua Lê lại tiếp tục cho	@HUE	data\processed_transcripts\gFVP-BxwbCU.json
data\raw_audio\gFVP-BxwbCU.wav	1009.88	1013.8	ngày tiếp quản thêm cái vùng đất Quảng Nam từ vùng đất Thủng Hóa và Quảng Nam	@HUE	data\processed_transcripts\gFVP-BxwbCU.json
data\raw_audio\gFVP-BxwbCU.wav	1013.8	1022.16	tức là thuận Quảng. Năm 1593 thì ngài à ra Bắc để mà giúp đỡ họ Trịnh tiêu diệt	@HUE	data\processed_transcripts\gFVP-BxwbCU.json
data\raw_audio\gFVP-BxwbCU.wav	1022.16	1027.4	cái loạn nhà mạc. Tuy nhiên thì lúc đó thì ông Trịnh Kiếm đã chết và con trai	@HUE	data\processed_transcripts\gFVP-BxwbCU.json
data\raw_audio\gFVP-BxwbCU.wav	1027.4	1030.72	của ông là Trịnh Tùng nhận thấy được cái sự nguy hiểm của ngài Nguyễn Hoàng.	@HUE	data\processed_transcripts\gFVP-BxwbCU.json
data\raw_audio\gFVP-BxwbCU.wav	1030.72	1035.079	Chính vì vậy mà đã tìm cách để cố giữ chân ngài ở lại. Đến năm 1600 thì ngài	@HUE	data\processed_transcripts\gFVP-BxwbCU.json
data\raw_audio\gFVP-BxwbCU.wav	1035.079	1039.76	giả là việc là đi dẹp loạn để mà dẫn quân đi vào lại đức thống hóa. Từ đó thì	@HUE	data\processed_transcripts\gFVP-BxwbCU.json
data\raw_audio\gFVP-BxwbCU.wav	1039.76	1044.799	sự phân chia bắc Nam đã ngày càng rõ rệt và hình thành nên đằng trong và đàng	@HUE	data\processed_transcripts\gFVP-BxwbCU.json
data\raw_audio\gFVP-BxwbCU.wav	1044.799	1048.72	ngoài. Con cháu của ngài thì cũng đã tiếp tục cái quá trình mà đấu tranh với	@HUE	data\processed_transcripts\gFVP-BxwbCU.json
data\raw_audio\gFVP-BxwbCU.wav	1048.72	1052.32	nhà họ Trịnh rồi sau đó là mở mang bữa khỏi xuống phía Nam. Ngoài mặt thì họ	@HUE	data\processed_transcripts\gFVP-BxwbCU.json
data\raw_audio\gFVP-BxwbCU.wav	1052.32	1056.0	Trịnh và họ Nguyễn là có vẻ họa hiếu nhưng mà bên trong thì vẫn luôn là phòng	@HUE	data\processed_transcripts\gFVP-BxwbCU.json
data\raw_audio\gFVP-BxwbCU.wav	1056.0	1060.08	bị và để tiêu diệt được nhau. Đến năm 1613 thì ngài Lâm Bệnh Nặng và sau đó đã	@HUE	data\processed_transcripts\gFVP-BxwbCU.json
data\raw_audio\gFVP-BxwbCU.wav	1060.08	1065.08	cho gọi người con thứ sáu của mình là ngài Nguyễn Phúc Nguyên trở về để mà kế	@HUE	data\processed_transcripts\gFVP-BxwbCU.json
data\raw_audio\gFVP-BxwbCU.wav	1065.08	1069.64	vị. Video sau thì Huế Review sẽ quay cái khu lăng mộ của ngài Nguyễn Phúc Nguyên.	@HUE	data\processed_transcripts\gFVP-BxwbCU.json
data\raw_audio\gFVP-BxwbCU.wav	1069.64	1073.799	À có thể nói ngài Nguyễn Hoàng là một con người hết sức là thông minh, rất là	@HUE	data\processed_transcripts\gFVP-BxwbCU.json
data\raw_audio\gFVP-BxwbCU.wav	1073.799	1079.0	gan dạ và cũng rất là nhiều cái bản lĩnh. À sau khi mà ngài đi vào vùng đất	@HUE	data\processed_transcripts\gFVP-BxwbCU.json
data\raw_audio\gFVP-BxwbCU.wav	1079.0	1083.32	khủng quảng thì ngài đã đưa ra những cái chính sách hết sức là hợp lý để mà phát	@HUE	data\processed_transcripts\gFVP-BxwbCU.json
data\raw_audio\gFVP-BxwbCU.wav	1083.32	1086.559	triển kinh tế chính trị cũng như là ngoại giao. Trong đó thì có vùng Hội An	@HUE	data\processed_transcripts\gFVP-BxwbCU.json
data\raw_audio\gFVP-BxwbCU.wav	1086.559	1091.64	đã ra sức phát triển và à ngoại giao cũng như ngoài giao tiếp với cái các cái	@HUE	data\processed_transcripts\gFVP-BxwbCU.json
data\raw_audio\gFVP-BxwbCU.wav	1091.64	1095.559	nước bản phía bên ngoài nhất là Nhật Bản. Ngài chính là cái người đặt nền	@HUE	data\processed_transcripts\gFVP-BxwbCU.json
data\raw_audio\gFVP-BxwbCU.wav	1095.559	1099.96	móng đầu tiên cho việc à hình thành nên cái vương triều Nghĩa sau này cũng như	@HUE	data\processed_transcripts\gFVP-BxwbCU.json
data\raw_audio\gFVP-BxwbCU.wav	1099.96	1103.96	là việc mở mang bờ cõi số phía Nam để tạo nên một cái đất nước hình chữ S như	@HUE	data\processed_transcripts\gFVP-BxwbCU.json
data\raw_audio\gFVP-BxwbCU.wav	1103.96	1108.28	ngày hôm nay. Có thể nói là công trạng của ngài rất là lớn. Ngày xưa thì lăng	@HUE	data\processed_transcripts\gFVP-BxwbCU.json
data\raw_audio\gFVP-BxwbCU.wav	1108.28	1111.88	của ngài được tán ở cái vùng ái tử Quảng Trị nhưng mà sau này thì cũng đã được	@HUE	data\processed_transcripts\gFVP-BxwbCU.json
data\raw_audio\gFVP-BxwbCU.wav	1111.88	1115.28	rời vào cái vùng đồi núi ở La Khê của xã Hương Thọ, thị xã Hương Tràng ngày nay.	@HUE	data\processed_transcripts\gFVP-BxwbCU.json
data\raw_audio\gFVP-BxwbCU.wav	1115.28	1118.6	Và Huế Review cũng mong muốn đáp ứng được cái mong mỏi của quý vị để cho quý	@HUE	data\processed_transcripts\gFVP-BxwbCU.json
data\raw_audio\gFVP-BxwbCU.wav	1118.6	1124.12	vị có thể biết được lăng của tất cả các chị tất cả chính chỗ nguyện. Nó nằm ở	@HUE	data\processed_transcripts\gFVP-BxwbCU.json
data\raw_audio\gFVP-BxwbCU.wav	1124.12	1127.799	cái khu vực chủ yếu là nó nằm ở khu vực phía tây thành Huế và cái khu vực L Khê	@HUE	data\processed_transcripts\gFVP-BxwbCU.json
data\raw_audio\gFVP-BxwbCU.wav	1127.799	1131.48	này thôi thưa quý vị. Có cái nơi thì làm nằm khu vực Định Mô nhưng mà nó nằm ở	@HUE	data\processed_transcripts\gFVP-BxwbCU.json
data\raw_audio\gFVP-BxwbCU.wav	1131.48	1136.52	khu vực xã Hương Thọ này mà thôi. Thì cũng không có lang mang liên miên nữa.	@HUE	data\processed_transcripts\gFVP-BxwbCU.json
data\raw_audio\gFVP-BxwbCU.wav	1136.52	1140.0	Thì đến đây thì nếu như quý vị thấy video này hay và ý nghĩa thì cũng mong	@HUE	data\processed_transcripts\gFVP-BxwbCU.json
data\raw_audio\gFVP-BxwbCU.wav	1140.0	1143.919	quý vị like và chia sẻ cũng như đăng ký kênh. Và nếu như mà quý vị có những cái	@HUE	data\processed_transcripts\gFVP-BxwbCU.json
data\raw_audio\gFVP-BxwbCU.wav	1143.919	1148.48	góp ý, những cái ý kiến nào cũng có thể comment phía dưới phần bình luận để cho	@HUE	data\processed_transcripts\gFVP-BxwbCU.json
data\raw_audio\gFVP-BxwbCU.wav	1148.48	1152.919	tất cả chúng ta cũng biết. Rất tiếc là hôm nay Huy Review không có thể mở cửa	@HUE	data\processed_transcripts\gFVP-BxwbCU.json
data\raw_audio\gFVP-BxwbCU.wav	1152.919	1157.159	để quay vào bên trong cho quý vị xem. Nhưng mà những cái hình ảnh Fly Cam cũng	@HUE	data\processed_transcripts\gFVP-BxwbCU.json
data\raw_audio\gFVP-BxwbCU.wav	1157.159	1161.559	phần nào để giúp quý vị hiểu được những cái có k những cái kết cấu những kiến	@HUE	data\processed_transcripts\gFVP-BxwbCU.json
data\raw_audio\gFVP-BxwbCU.wav	1161.559	1164.88	trúc phía bên trong nó như thế nào. Và Huế Review cũng kính chúc quý vị xem	@HUE	data\processed_transcripts\gFVP-BxwbCU.json
data\raw_audio\gFVP-BxwbCU.wav	1164.88	1170.0	video thật là vui vẻ. À hẹn gặp lại quý vị ở những video tiếp theo. Xin chào và	@HUE	data\processed_transcripts\gFVP-BxwbCU.json
data\raw_audio\gFVP-BxwbCU.wav	1170.0	1173.559	hẹn gặp lại quý vị.	@HUE	data\processed_transcripts\gFVP-BxwbCU.json
data\raw_audio\I0A4mcwH8FI.wav	0.44	4.08	Vâng, mến chào quý vị đã quay lại với Huế Review. Quý vị và các bạn thân mến,	@HUE	data\processed_transcripts\I0A4mcwH8FI.json
data\raw_audio\I0A4mcwH8FI.wav	4.08	9.0	hiện tại bây giờ là 11:00 trưa và Huế Review đang có mặt ngay bên cạnh một cái	@HUE	data\processed_transcripts\I0A4mcwH8FI.json
data\raw_audio\I0A4mcwH8FI.wav	9.0	13.44	trung tâm bảo trợ xã hội ở xã Hưng Hồ, thị xã Hương Trà, tỉnh Thừ Tiên Huy.	@HUE	data\processed_transcripts\I0A4mcwH8FI.json
data\raw_audio\I0A4mcwH8FI.wav	13.44	16.92	Thưa quý vị, tuy nhiên thì hôm nay Huế Review không phải quay cái trung tâm bảo	@HUE	data\processed_transcripts\I0A4mcwH8FI.json
data\raw_audio\I0A4mcwH8FI.wav	16.92	21.199	trợ này cho quý vị xem mà ở đây quý vị thấy có một cái đường đi lên và cái	@HUE	data\processed_transcripts\I0A4mcwH8FI.json
data\raw_audio\I0A4mcwH8FI.wav	21.199	27.039	đường đi lên này sẽ dẫn quý vị đến một cái ngọn đồi gọi là đồi mâm sôi. Đây nếu	@HUE	data\processed_transcripts\I0A4mcwH8FI.json
data\raw_audio\I0A4mcwH8FI.wav	27.039	34.079	như chúng ta đi theo cái hướng này từ cái đường Văn Thánh chúng ta đi lên thì	@HUE	data\processed_transcripts\I0A4mcwH8FI.json
data\raw_audio\I0A4mcwH8FI.wav	34.079	40.0	sau đó quẹp một cái ngã ba thì quý vị quẹo tay phải đấy thì quý vị sẽ đi ra	@HUE	data\processed_transcripts\I0A4mcwH8FI.json
data\raw_audio\I0A4mcwH8FI.wav	40.0	44.36	cái ngã đường tránh Hương Trà. Sau đó là quý vị đi thẳng lên à Huyền Không Sơ	@HUE	data\processed_transcripts\I0A4mcwH8FI.json
data\raw_audio\I0A4mcwH8FI.wav	44.36	50.559	Hường thôi quý vị. Thì quý vị tới đây sẽ gặp một cái trung tâm bảo trợ xã hội này	@HUE	data\processed_transcripts\I0A4mcwH8FI.json
data\raw_audio\I0A4mcwH8FI.wav	50.559	54.92	thì quý vị đi lên một cái đoàn dốc sẽ tới cái đồi mâm sôi. Và ở cái đôi mâm	@HUE	data\processed_transcripts\I0A4mcwH8FI.json
data\raw_audio\I0A4mcwH8FI.wav	54.92	59.12	sôi là nơi tọa lạc của một cái ngôi lă mổ của một cái vị công chúa có một cái	@HUE	data\processed_transcripts\I0A4mcwH8FI.json
data\raw_audio\I0A4mcwH8FI.wav	59.12	65.0	số phận rất đặc biệt trong lịch sử Việt Nam. Và vị công chúa đó là ai? Thì mời	@HUE	data\processed_transcripts\I0A4mcwH8FI.json
data\raw_audio\I0A4mcwH8FI.wav	65.0	67.96	quý vị chúng ta cùng theo Trân Huy Review để khám phá cái ngôi lăng mộ đó	@HUE	data\processed_transcripts\I0A4mcwH8FI.json
data\raw_audio\I0A4mcwH8FI.wav	67.96	72.2	nha quý vị. ắc hẳng thì cũng có một số quý vị đã biết ngôi lng mộ đó là của ai	@HUE	data\processed_transcripts\I0A4mcwH8FI.json
data\raw_audio\I0A4mcwH8FI.wav	72.2	76.64	rồi nhưng mà Huế Review đảm bảo là cũng có sẽ có rất nhiều người không biết đến	@HUE	data\processed_transcripts\I0A4mcwH8FI.json
data\raw_audio\I0A4mcwH8FI.wav	76.64	80.159	cái ngôi lăng mộ ấy. Và bây giờ mời quý vị theo Trần Huế Review chúng ta cùng	@HUE	data\processed_transcripts\I0A4mcwH8FI.json
data\raw_audio\I0A4mcwH8FI.wav	80.159	83.4	khám phá cái ngôi lăng mộ của vị công chúa có số phận hết sức đặc biệt này.	@HUE	data\processed_transcripts\I0A4mcwH8FI.json
data\raw_audio\I0A4mcwH8FI.wav	83.4	88.36	Xin mời quý vị. Vâng kính thưa quý vị à quý vị có thể thấy đây chính là cái	@HUE	data\processed_transcripts\I0A4mcwH8FI.json
data\raw_audio\I0A4mcwH8FI.wav	88.36	93.759	trung tâm bảo trợ xã hội của phường Hương Hồ thị xã Hương Trà.	@HUE	data\processed_transcripts\I0A4mcwH8FI.json
data\raw_audio\I0A4mcwH8FI.wav	93.759	98.92	Đấy và đây chính là cái con đường dốc đi lên một cái ngọn đồi được gọi là đồi mâm	@HUE	data\processed_transcripts\I0A4mcwH8FI.json
data\raw_audio\I0A4mcwH8FI.wav	98.92	104.92	sôi. Khi mà quý vị hỏi cái đồi mâm sôi thì thật sự mà nói thì cũng rất ít bà	@HUE	data\processed_transcripts\I0A4mcwH8FI.json
data\raw_audio\I0A4mcwH8FI.wav	104.92	110.84	con ở đây biết được cái ngọn đùi này. Đấy bởi vì bà con chỉ biết đây là thuộc	@HUE	data\processed_transcripts\I0A4mcwH8FI.json
data\raw_audio\I0A4mcwH8FI.wav	110.84	117.96	là trầm của hương hồ đường trà mà thôi. Đấy gọi là thôn Đông Trầm thôi quý vị.	@HUE	data\processed_transcripts\I0A4mcwH8FI.json
data\raw_audio\I0A4mcwH8FI.wav	117.96	124.36	Và quý vị thấy thì đi lên ngọn đồi này thì núi đá cũng rất là treo leo và ở đây	@HUE	data\processed_transcripts\I0A4mcwH8FI.json
data\raw_audio\I0A4mcwH8FI.wav	124.36	130.56	thì cũng là nơi an vị của một cái ngôi mộ của một cái vị công chúa có số phận	@HUE	data\processed_transcripts\I0A4mcwH8FI.json
data\raw_audio\I0A4mcwH8FI.wav	130.56	139.08	hết sức đặc biệt trong lịch sử Việt Nam. Đó là vị công chúa Ngọc Bình	@HUE	data\processed_transcripts\I0A4mcwH8FI.json
data\raw_audio\I0A4mcwH8FI.wav	139.08	142.879	tên đầy đủ là Lê Thị Ngọc Bình thôi quý vị.	@HUE	data\processed_transcripts\I0A4mcwH8FI.json
data\raw_audio\I0A4mcwH8FI.wav	142.879	147.08	Và người công chúa này cũng thường hay bị nhầm lửng bởi một cái vị công chúa	@HUE	data\processed_transcripts\I0A4mcwH8FI.json
data\raw_audio\I0A4mcwH8FI.wav	147.08	151.36	cũng rất là nổi tiếng đó là công chúa Ngọc Hưng là vợ của vua Quang Trung.	@HUE	data\processed_transcripts\I0A4mcwH8FI.json
data\raw_audio\I0A4mcwH8FI.wav	151.36	157.44	Đấy. Vậy thì thực hư là như thế nào? Bây giờ quý vị cùng Huế Review chúng ta khám	@HUE	data\processed_transcripts\I0A4mcwH8FI.json
data\raw_audio\I0A4mcwH8FI.wav	157.44	161.28	phá cái ngôi lăng mũ của công chúa Ngọc Bình. Sau đó thì Huy Review cũng sẽ chia	@HUE	data\processed_transcripts\I0A4mcwH8FI.json
data\raw_audio\I0A4mcwH8FI.wav	161.28	165.64	sẻ một cái câu chuyện mà nói về cái số phận hết sức hẩm hươu và đặc biệt của	@HUE	data\processed_transcripts\I0A4mcwH8FI.json
data\raw_audio\I0A4mcwH8FI.wav	165.64	172.879	cái vị công chúa à con vua mà lại lấy hai chồng làm vua. Và cái câu ca dao	@HUE	data\processed_transcripts\I0A4mcwH8FI.json
data\raw_audio\I0A4mcwH8FI.wav	172.879	179.08	cũng rất là thân quen, rất là thân thuộc với ba con của đô Huế. Số sao và số lạ	@HUE	data\processed_transcripts\I0A4mcwH8FI.json
data\raw_audio\I0A4mcwH8FI.wav	179.08	185.959	lùng, con vua lại lấy hai chồng làm vua. Vậy thì thực hư của cái vấn đề mà lấy	@HUE	data\processed_transcripts\I0A4mcwH8FI.json
data\raw_audio\I0A4mcwH8FI.wav	185.959	189.68	hai chồng làm vua đó là như thế nào và con vua là như thế nào? Thì bây giờ	@HUE	data\processed_transcripts\I0A4mcwH8FI.json
data\raw_audio\I0A4mcwH8FI.wav	189.68	194.48	chúng ta đã đến cái địa điểm khu lăng mộ đó rồi thưa quý vị. Và bây giờ mời quý	@HUE	data\processed_transcripts\I0A4mcwH8FI.json
data\raw_audio\I0A4mcwH8FI.wav	194.48	200.0	vị chúng ta cùng Huy review vào khám phá ngôi lă mộ đó. Xin mời quý vị.	@HUE	data\processed_transcripts\I0A4mcwH8FI.json
data\raw_audio\I0A4mcwH8FI.wav	200.0	205.159	Vâng thưa quý vị, đáng lẽ ra là Huy Review đi từ lúc rất là sớm nhưng mà do	@HUE	data\processed_transcripts\I0A4mcwH8FI.json
data\raw_audio\I0A4mcwH8FI.wav	205.159	210.28	quá trình dò hỏi đường thì bà con ở đây ít người biết được cái đồi mâm sôi này.	@HUE	data\processed_transcripts\I0A4mcwH8FI.json
data\raw_audio\I0A4mcwH8FI.wav	210.28	214.92	Chính vì vậy mà lần mò tới bây giờ 11:00 trưa thì Huế Review mới tìm ra được cái	@HUE	data\processed_transcripts\I0A4mcwH8FI.json
data\raw_audio\I0A4mcwH8FI.wav	214.92	218.92	địa điểm của cái ngôi lăng mộ của công chúa Ngọc Bình. Thật ra thì lúc trước	@HUE	data\processed_transcripts\I0A4mcwH8FI.json
data\raw_audio\I0A4mcwH8FI.wav	218.92	226.599	công chúa Ngọc Bình được an tán tại Trúc Lâm của Hương Trà. Nhưng mà sau đó	@HUE	data\processed_transcripts\I0A4mcwH8FI.json
data\raw_audio\I0A4mcwH8FI.wav	226.599	232.439	do cái quá trình mở đường thì ngôi lăng mộ được di dời tới cái khu vực đông trầm	@HUE	data\processed_transcripts\I0A4mcwH8FI.json
data\raw_audio\I0A4mcwH8FI.wav	232.439	240.239	này. Và như quý vị thấy thì ở đây cũng có rất nhiều ngôi lăng mộ của người dân	@HUE	data\processed_transcripts\I0A4mcwH8FI.json
data\raw_audio\I0A4mcwH8FI.wav	240.239	247.84	được làm rất là chỉnh chu. Và quanh đây cũng có một cái ngọn đồi đá. Đây núi đá	@HUE	data\processed_transcripts\I0A4mcwH8FI.json
data\raw_audio\I0A4mcwH8FI.wav	247.84	252.76	rất là cao đây quý vị. Tuy nhiên thì quý vị thấy hiện tại thì các cái lớp đá nó	@HUE	data\processed_transcripts\I0A4mcwH8FI.json
data\raw_audio\I0A4mcwH8FI.wav	252.76	258.079	cũng bị bóc ra rồi và bị bào mòn dần. Ở khu vực này thì cũng đang được trưng	@HUE	data\processed_transcripts\I0A4mcwH8FI.json
data\raw_audio\I0A4mcwH8FI.wav	258.079	263.72	dụng để làm mồ chôn này. Và quý vị thấy có rất nhiều cái nắm mồ không này. Rồi	@HUE	data\processed_transcripts\I0A4mcwH8FI.json
data\raw_audio\I0A4mcwH8FI.wav	263.72	270.639	trên kia là cũng có rất là nhiều mồ mã đấy của bà con xung quanh.	@HUE	data\processed_transcripts\I0A4mcwH8FI.json
data\raw_audio\I0A4mcwH8FI.wav	270.639	275.039	Đấy thì quý vị nhìn xuống phía dưới thì quý vị cũng thấy cái trung tâm bảo trợ	@HUE	data\processed_transcripts\I0A4mcwH8FI.json
data\raw_audio\I0A4mcwH8FI.wav	275.039	280.84	mà lúc nãy Huế Review đã quay cho quý vị xem. Ở đây là cái khu vực phía sau đó.	@HUE	data\processed_transcripts\I0A4mcwH8FI.json
data\raw_audio\I0A4mcwH8FI.wav	280.84	286.16	Cái khu vực phía sau của Trung tâm Bảo Trợ Xã hội. Đó thì nếu như qua cái video	@HUE	data\processed_transcripts\I0A4mcwH8FI.json
data\raw_audio\I0A4mcwH8FI.wav	286.16	290.759	này thì quý vị chắc chắn là sẽ biết được rất là dễ cái con đường dẫn đến cái ngôi	@HUE	data\processed_transcripts\I0A4mcwH8FI.json
data\raw_audio\I0A4mcwH8FI.wav	290.759	294.199	lăng mộ của công chúa Ngọc Bình. Đây chính là cái ngôi lăng mộ của công chúa	@HUE	data\processed_transcripts\I0A4mcwH8FI.json
data\raw_audio\I0A4mcwH8FI.wav	294.199	300.72	Ngọc Bình đây quý vị. Đó một cái ngôi lăng mộ hết sức là đơn sơ giản dị. Nó	@HUE	data\processed_transcripts\I0A4mcwH8FI.json
data\raw_audio\I0A4mcwH8FI.wav	300.72	305.0	không phải là một cái ngôi lăng mổ mà hoành tráng như các cái bà Hoàng của	@HUE	data\processed_transcripts\I0A4mcwH8FI.json
data\raw_audio\I0A4mcwH8FI.wav	305.0	313.08	Triều Ngyễn. Bởi vì công chúa Ngọc Bình cũng liên quan tới lịch sử của vua chúa	@HUE	data\processed_transcripts\I0A4mcwH8FI.json
data\raw_audio\I0A4mcwH8FI.wav	313.08	318.12	triều Nguyễn và có thể nói là một cái vị công chúa có số phận hết sức đặc biệt	@HUE	data\processed_transcripts\I0A4mcwH8FI.json
data\raw_audio\I0A4mcwH8FI.wav	318.12	323.039	khi mà trải qua rất nhiều đời chồng và trong đó là các cả hai người chồng đều	@HUE	data\processed_transcripts\I0A4mcwH8FI.json
data\raw_audio\I0A4mcwH8FI.wav	323.039	329.8	làm vua. Và bây giờ chúng ta sẽ xuống để	@HUE	data\processed_transcripts\I0A4mcwH8FI.json
data\raw_audio\I0A4mcwH8FI.wav	329.8	333.52	thấp cho bà một cái nén nhang trước khi mà Huế review chia sẻ tiếp câu chuyện về	@HUE	data\processed_transcripts\I0A4mcwH8FI.json
data\raw_audio\I0A4mcwH8FI.wav	333.52	340.039	cái vị công chúa đặc biệt này. Quý vị thấy thì ở đây là khu vực đồi	@HUE	data\processed_transcripts\I0A4mcwH8FI.json
data\raw_audio\I0A4mcwH8FI.wav	340.039	345.199	trọc rất là ít cây cối và mộ của bà là nằm	@HUE	data\processed_transcripts\I0A4mcwH8FI.json
data\raw_audio\I0A4mcwH8FI.wav	345.199	351.24	nói chung là nằm đơn sơ, nằm hoang vắng giữa một cái không gian đầy nắng giỏ như	@HUE	data\processed_transcripts\I0A4mcwH8FI.json
data\raw_audio\I0A4mcwH8FI.wav	351.24	356.72	thế này quý vị. Và rõ ràng thì đây cũng là một cái điều	@HUE	data\processed_transcripts\I0A4mcwH8FI.json
data\raw_audio\I0A4mcwH8FI.wav	356.72	361.44	hết sức là bất công đối với một cái bà phi của	@HUE	data\processed_transcripts\I0A4mcwH8FI.json
data\raw_audio\I0A4mcwH8FI.wav	361.44	366.759	vua Gia Long. À đây Huy Review cũng bậc Mỹ luôn. Đây là bà Phi của vua Gia Long	@HUE	data\processed_transcripts\I0A4mcwH8FI.json
data\raw_audio\I0A4mcwH8FI.wav	366.759	371.24	luôn quý vị. Bây giờ Huế Review mời quý vị cùng Huế Review thắp cho bà một cái	@HUE	data\processed_transcripts\I0A4mcwH8FI.json
data\raw_audio\I0A4mcwH8FI.wav	371.24	378.08	nén nhang tượng niệm trước khi mà chúng ta chia sẻ tiếp câu chuyện. Thưa quý vị,	@HUE	data\processed_transcripts\I0A4mcwH8FI.json
data\raw_audio\I0A4mcwH8FI.wav	420.599	425.879	Vâng thưa quý vị thì vừa rồi Huế Review cũng đã thấp nén nhang để tưởng nhớ lại	@HUE	data\processed_transcripts\I0A4mcwH8FI.json
data\raw_audio\I0A4mcwH8FI.wav	425.879	430.28	người công chúa có số phận đặc biệt trong lịch sử Việt Nam này. Công chúa	@HUE	data\processed_transcripts\I0A4mcwH8FI.json
data\raw_audio\I0A4mcwH8FI.wav	430.28	436.24	Ngọc Bình và một cái ngôi lăng mộ bên cạnh đó là của hoàng tộc triều Nguyễn.	@HUE	data\processed_transcripts\I0A4mcwH8FI.json
data\raw_audio\I0A4mcwH8FI.wav	436.24	441.56	Thì như quý vị thấy cái khuôn viên của ngôi mộ rất chi là nhỏ thưa quý vị. Đấy	@HUE	data\processed_transcripts\I0A4mcwH8FI.json
data\raw_audio\I0A4mcwH8FI.wav	441.56	447.96	chỉ có một cái cổng đi vào như thế này và các cái tường thấp vay quanh và bên	@HUE	data\processed_transcripts\I0A4mcwH8FI.json
data\raw_audio\I0A4mcwH8FI.wav	447.96	453.72	trong là hai nắm mồ cũng như là có hai cái hương án à phía trước mặt. Và bây	@HUE	data\processed_transcripts\I0A4mcwH8FI.json
data\raw_audio\I0A4mcwH8FI.wav	453.72	458.16	giờ thì chúng ta sẽ vào để xem thử cái cấu trúc nó có như nó như thế nào. Thì	@HUE	data\processed_transcripts\I0A4mcwH8FI.json
data\raw_audio\I0A4mcwH8FI.wav	458.16	465.159	đây chính là cái hương án của công chúa Lê H Ngọc Bình và ở đây là	@HUE	data\processed_transcripts\I0A4mcwH8FI.json
data\raw_audio\I0A4mcwH8FI.wav	465.159	472.96	được Nguyễn Phúc Tộc xây dựng và chôn cất lại di dời vào năm Bính Thân	@HUE	data\processed_transcripts\I0A4mcwH8FI.json
data\raw_audio\I0A4mcwH8FI.wav	472.96	479.72	2016 và có tạc cái dòng chữ đó là Nguyễn Phúc Tộc Lăng Bà Đức Phi Lê Thị Ngọc	@HUE	data\processed_transcripts\I0A4mcwH8FI.json
data\raw_audio\I0A4mcwH8FI.wav	479.72	486.759	Bình. Đấy và quý vị thấy thì cái hương án thì cũng rất là đơn sơ giản dị bằng	@HUE	data\processed_transcripts\I0A4mcwH8FI.json
data\raw_audio\I0A4mcwH8FI.wav	486.759	492.4	việc là xây dựng một cái khối bê tông và có cái chân đế như thế này. Đấy rất là	@HUE	data\processed_transcripts\I0A4mcwH8FI.json
data\raw_audio\I0A4mcwH8FI.wav	492.4	498.319	đơn giản. Và như quý vị thấy thì nhang thì nó đang cháy thể hiện cái đồng thành	@HUE	data\processed_transcripts\I0A4mcwH8FI.json
data\raw_audio\I0A4mcwH8FI.wav	498.319	505.159	kính của h review đến hai vị quý nhân này. Ở đây thì quý vị thấy là có cái	@HUE	data\processed_transcripts\I0A4mcwH8FI.json
data\raw_audio\I0A4mcwH8FI.wav	505.159	511.0	ngôi mộ chỗ cất thi thể của công chúa Ngọc Bình.	@HUE	data\processed_transcripts\I0A4mcwH8FI.json
data\raw_audio\I0A4mcwH8FI.wav	511.0	516.159	Và một cái điều mà chúng ta có thể thấy một	@HUE	data\processed_transcripts\I0A4mcwH8FI.json
data\raw_audio\I0A4mcwH8FI.wav	516.159	521.68	cách rõ ràng đó là cái ngôi lă mộ này có kiến trúc hết sức là đơn giản.	@HUE	data\processed_transcripts\I0A4mcwH8FI.json
data\raw_audio\I0A4mcwH8FI.wav	521.68	527.44	Đấy có hai tầng đáy và trên là giống như là một cái hòm đây quý vị thấy là nhìn	@HUE	data\processed_transcripts\I0A4mcwH8FI.json
data\raw_audio\I0A4mcwH8FI.wav	527.44	532.72	là kế trúc là giống như một cái hòm th nhá. Đó và ở đây là có ba ngăn. Tuy	@HUE	data\processed_transcripts\I0A4mcwH8FI.json
data\raw_audio\I0A4mcwH8FI.wav	532.72	536.24	nhiên thì à trên cái	@HUE	data\processed_transcripts\I0A4mcwH8FI.json
data\raw_audio\I0A4mcwH8FI.wav	538.44	542.72	lăng mộ này thì chúng ta thấy rất là ít những cái họa tiết. Ở đây thì quý vị	@HUE	data\processed_transcripts\I0A4mcwH8FI.json
data\raw_audio\I0A4mcwH8FI.wav	542.72	546.399	thấy là đôi lúc thì chỉ có những cái họa tiết à	@HUE	data\processed_transcripts\I0A4mcwH8FI.json
data\raw_audio\I0A4mcwH8FI.wav	546.399	553.48	xoắn ốc như thế này thôi. Còn lại là ở các cái mặt của cái răng của cây mổ thì	@HUE	data\processed_transcripts\I0A4mcwH8FI.json
data\raw_audio\I0A4mcwH8FI.wav	553.48	558.079	chúng ta thấy là không có họa tiết gì trang trí. Đấy và có thể nói đây là một	@HUE	data\processed_transcripts\I0A4mcwH8FI.json
data\raw_audio\I0A4mcwH8FI.wav	558.079	563.76	cái ngôi mộ là đơn sơ nhất trong các cái bà hoàng của triều Nguyễn.	@HUE	data\processed_transcripts\I0A4mcwH8FI.json
data\raw_audio\I0A4mcwH8FI.wav	563.76	568.959	Ở đây quý vị thấy bên cạnh là cũng có một cái ngôi lăng mộ của một cái vị quỷ	@HUE	data\processed_transcripts\I0A4mcwH8FI.json
data\raw_audio\I0A4mcwH8FI.wav	568.959	573.959	nhân. Thì ở đây theo như Huế Review tìm hiểu thì cái ngôi lăng mộ này chính là	@HUE	data\processed_transcripts\I0A4mcwH8FI.json
data\raw_audio\I0A4mcwH8FI.wav	573.959	579.0	ngôi lăng mộ của một trong những người vợ của người con thứ 18 của một vị chú	@HUE	data\processed_transcripts\I0A4mcwH8FI.json
data\raw_audio\I0A4mcwH8FI.wav	579.0	585.32	Nguyễn và cũng là nữ dân. Do đó là được an tán bên cạnh công chúa Ngọc Ngọc	@HUE	data\processed_transcripts\I0A4mcwH8FI.json
data\raw_audio\I0A4mcwH8FI.wav	585.32	589.88	Bình. Đấy và cũng là một người trong hoàng tộc	@HUE	data\processed_transcripts\I0A4mcwH8FI.json
data\raw_audio\I0A4mcwH8FI.wav	589.88	594.64	của Triều Nguyễn. Và cái hương án thì quý vị thấy là cũng được xây thấp hơn.	@HUE	data\processed_transcripts\I0A4mcwH8FI.json
data\raw_audio\I0A4mcwH8FI.wav	594.64	600.92	Phần mộ cũng được xây thấp hơn. Đây như quý vị thấy thì	@HUE	data\processed_transcripts\I0A4mcwH8FI.json
data\raw_audio\I0A4mcwH8FI.wav	600.92	604.72	cái khu lăng mộ của công chúa Ngọc Bình nó chỉ đơn sơ và giảng dị như thế này	@HUE	data\processed_transcripts\I0A4mcwH8FI.json
data\raw_audio\I0A4mcwH8FI.wav	604.72	610.839	thôi. Và nó cũng phản ảnh được cái số phần hẩm hươu của một cái cô công chúa.	@HUE	data\processed_transcripts\I0A4mcwH8FI.json
data\raw_audio\I0A4mcwH8FI.wav	610.839	616.76	con của tuy là con của vua lấy hai đứa chồng làm vua nhưng mà số phận hết sức	@HUE	data\processed_transcripts\I0A4mcwH8FI.json
data\raw_audio\I0A4mcwH8FI.wav	616.76	624.16	là bạc bẻo và cũng được người đời ừ thốt lên những cái câu thơ như là số sao	@HUE	data\processed_transcripts\I0A4mcwH8FI.json
data\raw_audio\I0A4mcwH8FI.wav	624.16	628.76	mà số lạ lùng con vua mà lại lấy hai chồng là vua vậy thì thực hư của cái	@HUE	data\processed_transcripts\I0A4mcwH8FI.json
data\raw_audio\I0A4mcwH8FI.wav	628.76	632.88	chuyện mà con vua lấy hai chồng làm vua đó là như thế nào thì bây giờ Huế review	@HUE	data\processed_transcripts\I0A4mcwH8FI.json
data\raw_audio\I0A4mcwH8FI.wav	632.88	637.959	kính mời quý vị lắng nghe Huy review chia sẻ về cái câu chuyện này. Thực ra	@HUE	data\processed_transcripts\I0A4mcwH8FI.json
data\raw_audio\I0A4mcwH8FI.wav	637.959	643.12	thì có một số quý vị là cũng chưa biết là nguyên nhân là tại vì sao. À mà gọi	@HUE	data\processed_transcripts\I0A4mcwH8FI.json
data\raw_audio\I0A4mcwH8FI.wav	643.12	647.76	là con vua mà lại là lại lấy hai chồng làm vua âu. Đó cũng là do cái bối cảch	@HUE	data\processed_transcripts\I0A4mcwH8FI.json
data\raw_audio\I0A4mcwH8FI.wav	647.76	655.48	lịch sử sinh ra và cũng là một cái cuộc hôn nhân, một trong những cuộc hôn	@HUE	data\processed_transcripts\I0A4mcwH8FI.json
data\raw_audio\I0A4mcwH8FI.wav	655.48	661.24	nhân gọi là một hôn nhân mang màu sắc chính trị ở trong a cái khu lăng mộ của	@HUE	data\processed_transcripts\I0A4mcwH8FI.json
data\raw_audio\I0A4mcwH8FI.wav	661.24	667.079	người nữ nhân này. Và khi kể ra thì chắc hẳn là cũng sẽ rất nhiều quý vị luyến	@HUE	data\processed_transcripts\I0A4mcwH8FI.json
data\raw_audio\I0A4mcwH8FI.wav	667.079	672.04	tiếc và cảm thấy tha ôi cho một cái số phận hẩm hiươu của một cái nữ nhân hoàn	@HUE	data\processed_transcripts\I0A4mcwH8FI.json
data\raw_audio\I0A4mcwH8FI.wav	672.04	676.76	tộc như thế này. À và bây giờ mời quý vị cùng Huế review chúng ta chia sẻ về cái	@HUE	data\processed_transcripts\I0A4mcwH8FI.json
data\raw_audio\I0A4mcwH8FI.wav	676.76	681.68	vị công chúa Ngọc Bình này thưa quý vị. Vâng ính thưa quý vị thì hiện tại bây	@HUE	data\processed_transcripts\I0A4mcwH8FI.json
data\raw_audio\I0A4mcwH8FI.wav	681.68	687.68	giờ khoảng 12:00 trưa và giờ rất là nắng nhưng mà vì cái đường xá nó khá xa xôi	@HUE	data\processed_transcripts\I0A4mcwH8FI.json
data\raw_audio\I0A4mcwH8FI.wav	687.68	692.839	và tìm cái lắng này cũng khá là vất vả. Do đó là Huy Review cũng tranh thủ và	@HUE	data\processed_transcripts\I0A4mcwH8FI.json
data\raw_audio\I0A4mcwH8FI.wav	692.839	697.92	quay cho quý vị xem luôn cái ngôi lă mộ của công chúa Ngọc Bình. Bởi bởi vì	@HUE	data\processed_transcripts\I0A4mcwH8FI.json
data\raw_audio\I0A4mcwH8FI.wav	697.92	701.959	thường á là Huy R sẽ đi vào buổi chiều tà nhưng mà những cái ngày vừa rồi buổi	@HUE	data\processed_transcripts\I0A4mcwH8FI.json
data\raw_audio\I0A4mcwH8FI.wav	701.959	705.839	chiều thường thường là mưa. Chính vì vậy là Huế Review cũng quyết định buổi sáng	@HUE	data\processed_transcripts\I0A4mcwH8FI.json
data\raw_audio\I0A4mcwH8FI.wav	705.839	710.279	đến lên quay cái ngôi lă mộ này cho quý vị xem. Nhưng mà cũng không có tính toán	@HUE	data\processed_transcripts\I0A4mcwH8FI.json
data\raw_audio\I0A4mcwH8FI.wav	710.279	715.88	trước được là do cái quá trình tìm đường nó lâu như vậy. Và hơn nữa thì cũng 3 4	@HUE	data\processed_transcripts\I0A4mcwH8FI.json
data\raw_audio\I0A4mcwH8FI.wav	715.88	719.8	ngày rồi Huế Review không có đăng video lên kênh Huế Review cũng như là không có	@HUE	data\processed_transcripts\I0A4mcwH8FI.json
data\raw_audio\I0A4mcwH8FI.wav	719.8	724.68	chia sẻ cho quý vị những cái khu lăng mộ về triều Nguyễn. Và chính vì vậy mà cũng	@HUE	data\processed_transcripts\I0A4mcwH8FI.json
data\raw_audio\I0A4mcwH8FI.wav	724.68	728.839	có một số quý vị khán giả đã nhắn tin và hỏi với Huế Review rằng là tại sao vẫn	@HUE	data\processed_transcripts\I0A4mcwH8FI.json
data\raw_audio\I0A4mcwH8FI.wav	728.839	734.36	chưa thấy ra video và quý vị cũng rất là nôn nóng muốn xem thử là video tiếp theo	@HUE	data\processed_transcripts\I0A4mcwH8FI.json
data\raw_audio\I0A4mcwH8FI.wav	734.36	738.48	của Huế Review là video gì. Và cái điều này thì thực sự mà nói là Huy Review	@HUE	data\processed_transcripts\I0A4mcwH8FI.json
data\raw_audio\I0A4mcwH8FI.wav	738.48	742.279	cũng cảm thấy rất là biết ơn và chân thành cảm ơn những vị khán giả đã yêu	@HUE	data\processed_transcripts\I0A4mcwH8FI.json
data\raw_audio\I0A4mcwH8FI.wav	742.279	746.6	mến kênh Huế Review đã đăng ký kênh rồi chia sẻ những cái video của Huy Đw cho	@HUE	data\processed_transcripts\I0A4mcwH8FI.json
data\raw_audio\I0A4mcwH8FI.wav	746.6	750.519	tất cả nhiều người cũng biết cho tất cả mọi người cùng biết đến lăng tẩm của	@HUE	data\processed_transcripts\I0A4mcwH8FI.json
data\raw_audio\I0A4mcwH8FI.wav	750.519	755.56	triều nguyện những cái lăng của các cái vị ông vua rồi các bà Hoàng rồi những	@HUE	data\processed_transcripts\I0A4mcwH8FI.json
data\raw_audio\I0A4mcwH8FI.wav	755.56	759.199	cái vị công chúa hoàng tử thì thật sự mà nói là cái tình cảm của quý vị dành cho	@HUE	data\processed_transcripts\I0A4mcwH8FI.json
data\raw_audio\I0A4mcwH8FI.wav	759.199	764.04	Huế Review nói riêng và những cái vị đã khuất trong lịch sử tr Nguyễn nói chung	@HUE	data\processed_transcripts\I0A4mcwH8FI.json
data\raw_audio\I0A4mcwH8FI.wav	764.04	768.8	thì Huy Review rất chi là cảm kích. Chính vì vậy mà Huy Review cũng có cái	@HUE	data\processed_transcripts\I0A4mcwH8FI.json
data\raw_audio\I0A4mcwH8FI.wav	768.8	772.839	động lực để mà có thể thực hiện tiếp những cái video tiếp theo này. Và mặc dù	@HUE	data\processed_transcripts\I0A4mcwH8FI.json
data\raw_audio\I0A4mcwH8FI.wav	772.839	777.959	trời nó tuy là nắng gắt nhưng mà Huế Review cũng quyết tâm để quay cho quý vị	@HUE	data\processed_transcripts\I0A4mcwH8FI.json
data\raw_audio\I0A4mcwH8FI.wav	777.959	782.0	xem xong cái ngôi lăng mộ của công chúa Ngọc Bình đây. Và bây giờ Huế Review	@HUE	data\processed_transcripts\I0A4mcwH8FI.json
data\raw_audio\I0A4mcwH8FI.wav	782.0	786.44	đang đứng trước ngôi lăng mộ của bà công chúa Ngọc Bình đây quý vị. Và công chúa	@HUE	data\processed_transcripts\I0A4mcwH8FI.json
data\raw_audio\I0A4mcwH8FI.wav	786.44	791.6	Ngọc Bình tên thật là Lê Thị Ngọc Bình là con út của vua Lê Hiển Tông. Thật ra	@HUE	data\processed_transcripts\I0A4mcwH8FI.json
data\raw_audio\I0A4mcwH8FI.wav	791.6	795.88	thì cũng có nhiều giả thiết nói về cái sự cái xuất xứ của vị công chúa này. Bởi	@HUE	data\processed_transcripts\I0A4mcwH8FI.json
data\raw_audio\I0A4mcwH8FI.wav	795.88	800.24	vì là có tài liệu thì ghi rằng là công chúa là coi con cùng cha khác mẹ với	@HUE	data\processed_transcripts\I0A4mcwH8FI.json
data\raw_audio\I0A4mcwH8FI.wav	800.24	804.24	công chúa Ngọc Hưng. Có người thì ghi rằng là có người thì cho rằng công chúa	@HUE	data\processed_transcripts\I0A4mcwH8FI.json
data\raw_audio\I0A4mcwH8FI.wav	804.24	811.44	là con gọi là cùng mẹ khác cha với công chúa Ngọc Hưng. Còn có người là nói là	@HUE	data\processed_transcripts\I0A4mcwH8FI.json
data\raw_audio\I0A4mcwH8FI.wav	811.44	814.72	công chúa Ngọc Bình là con nuôi của vua Lê Hiển Tông. cũng có rất nhiều cái tư	@HUE	data\processed_transcripts\I0A4mcwH8FI.json
data\raw_audio\I0A4mcwH8FI.wav	814.72	820.24	liệu nói về cái tiểu sử của vị công chúa này thì Huy Review cũng chỉ biết đọc và	@HUE	data\processed_transcripts\I0A4mcwH8FI.json
data\raw_audio\I0A4mcwH8FI.wav	820.24	824.04	trên giấy tờ trên mạng như vậy thôi chứ còn là thật sự mà nói là cái tiểu sử như	@HUE	data\processed_transcripts\I0A4mcwH8FI.json
data\raw_audio\I0A4mcwH8FI.wav	824.04	827.44	thế nào thì chắc có lẽ là chỉ có những người trong lịch sử mới biết được, những	@HUE	data\processed_transcripts\I0A4mcwH8FI.json
data\raw_audio\I0A4mcwH8FI.wav	827.44	831.04	người mà thân của công chúa này mới biết được. Thì nếu như quý vị nào biết được	@HUE	data\processed_transcripts\I0A4mcwH8FI.json
data\raw_audio\I0A4mcwH8FI.wav	831.04	835.0	cái góc tích của vị công chúa này thì cũng có thể chia sẻ comment phía dưới	@HUE	data\processed_transcripts\I0A4mcwH8FI.json
data\raw_audio\I0A4mcwH8FI.wav	835.0	839.279	video thôi quý vị. À bởi vì đó là một cái điều hết sức là tuyệt vời để cho thứ	@HUE	data\processed_transcripts\I0A4mcwH8FI.json
data\raw_audio\I0A4mcwH8FI.wav	839.279	843.12	nhất là chúng ta có thể biết nhiều hơn về cái góc tích rõ ràng chính xác của	@HUE	data\processed_transcripts\I0A4mcwH8FI.json
data\raw_audio\I0A4mcwH8FI.wav	843.12	847.519	cái vị công chúa này. Thứ hai là cũng có à cho Huế review thêm những cái thông	@HUE	data\processed_transcripts\I0A4mcwH8FI.json
data\raw_audio\I0A4mcwH8FI.wav	847.519	852.959	tin, những cái kiến thức mới về các cái ông hoàng bà chúa của triều Nguyễn. Nói	@HUE	data\processed_transcripts\I0A4mcwH8FI.json
data\raw_audio\I0A4mcwH8FI.wav	852.959	857.36	thêm về công chúa Lê Thị Ngọc Bình. Vào thời điểm đó thì cuộc chiến tranh giữa	@HUE	data\processed_transcripts\I0A4mcwH8FI.json
data\raw_audio\I0A4mcwH8FI.wav	857.36	862.72	quân Tây Sơn và quân nhà Nguyễn thì nó rất là căng go và rất là gay gắt. Chính	@HUE	data\processed_transcripts\I0A4mcwH8FI.json
data\raw_audio\I0A4mcwH8FI.wav	862.72	867.32	vì vậy mà à những cái cuộc hôn nhân thường là những cái cuộc hôn nhân mang	@HUE	data\processed_transcripts\I0A4mcwH8FI.json
data\raw_audio\I0A4mcwH8FI.wav	867.32	872.199	màu sắc chính trị. Theo như Huế R tìm hiểu thì cũng có rất nhiều những cái giả	@HUE	data\processed_transcripts\I0A4mcwH8FI.json
data\raw_audio\I0A4mcwH8FI.wav	872.199	876.68	thuyết nói về năm sinh của công chúa Ngọc Bình. Có người thì cho rằng là sinh	@HUE	data\processed_transcripts\I0A4mcwH8FI.json
data\raw_audio\I0A4mcwH8FI.wav	876.68	880.759	năm 1783, có người thì cho rằng là sinh năm 1785.	@HUE	data\processed_transcripts\I0A4mcwH8FI.json
data\raw_audio\I0A4mcwH8FI.wav	880.759	884.56	Chính vì vậy mà Huy Review cũng không chỗ chắc chắn được cái thông tin không	@HUE	data\processed_transcripts\I0A4mcwH8FI.json
data\raw_audio\I0A4mcwH8FI.wav	884.56	888.399	thông tin về tuổi tác của công chúa Ngọc Bình chỉ biết chắc chắn rằng năm mức là	@HUE	data\processed_transcripts\I0A4mcwH8FI.json
data\raw_audio\I0A4mcwH8FI.wav	888.399	895.04	năm như vậy thì công chúa Ngọc Bình có thể thọ 25 cũng có thể là thọ 27 tuổi à	@HUE	data\processed_transcripts\I0A4mcwH8FI.json
data\raw_audio\I0A4mcwH8FI.wav	895.04	898.88	tùy theo cái giả thiết mà coi như là chính xác nhất. Còn lại thì Huế Review	@HUE	data\processed_transcripts\I0A4mcwH8FI.json
data\raw_audio\I0A4mcwH8FI.wav	898.88	904.12	không có bất cứ một cái sá không có một cái minh chứng cụ thể nào để xác nhận	@HUE	data\processed_transcripts\I0A4mcwH8FI.json
data\raw_audio\I0A4mcwH8FI.wav	904.12	909.32	vào cái ngày tháng năm sinh đầy đủ của công chúa Ngọc Bình. Tuy nhiên chúng ta	@HUE	data\processed_transcripts\I0A4mcwH8FI.json
data\raw_audio\I0A4mcwH8FI.wav	909.32	914.44	bỏ qua cái phần góc tích thì chúng ta sẽ nói đến cái bối cảnh lịch sử. Lúc đó thì	@HUE	data\processed_transcripts\I0A4mcwH8FI.json
data\raw_audio\I0A4mcwH8FI.wav	914.44	917.24	cái quá trình Trịnh Nguyễn Phương Tranh. Sau khi giết được nhà Nguyễn thì Nguyễn	@HUE	data\processed_transcripts\I0A4mcwH8FI.json
data\raw_audio\I0A4mcwH8FI.wav	917.24	922.44	Huệ tìm ra đất Bắc để gặp vua Lê Hiển Tông và có cái lời đề nghị là muốn á	@HUE	data\processed_transcripts\I0A4mcwH8FI.json
data\raw_audio\I0A4mcwH8FI.wav	922.44	927.759	theo vua Lê Hiển Tông để phù Lê diệt Trịnh à để tiêu diệt tận góc nhà Trịnh.	@HUE	data\processed_transcripts\I0A4mcwH8FI.json
data\raw_audio\I0A4mcwH8FI.wav	927.759	932.759	Vua Lê Hiển Tông thì cũng là một cái vị vua anh mình nhận thấy cái hoàn cảnh đó	@HUE	data\processed_transcripts\I0A4mcwH8FI.json
data\raw_audio\I0A4mcwH8FI.wav	932.759	937.12	rất là cần thiết. Chính vì vậy mà cũng đã đồng ý và gả công chúa Ngọc Hưng cho	@HUE	data\processed_transcripts\I0A4mcwH8FI.json
data\raw_audio\I0A4mcwH8FI.wav	937.12	941.6	à Nguyễn Huệ và sau khi sau khi Nguyễn Huệ diệt được nhà Trịnh thì lên ngôi	@HUE	data\processed_transcripts\I0A4mcwH8FI.json
data\raw_audio\I0A4mcwH8FI.wav	941.6	945.04	hoàng đế đó và lấy hiệu là Quang Trung. Tuy nhiên làm vua không lâu thì vua	@HUE	data\processed_transcripts\I0A4mcwH8FI.json
data\raw_audio\I0A4mcwH8FI.wav	945.04	950.0	Quang Trung lại mất à vua Quang Trung lại băng hà. Và lúc đó thì con của vua	@HUE	data\processed_transcripts\I0A4mcwH8FI.json
data\raw_audio\I0A4mcwH8FI.wav	950.0	954.24	Quang Trung còn rất là nhỏ là vua là Nguyễn Quang Toản được đưa lên làm vua.	@HUE	data\processed_transcripts\I0A4mcwH8FI.json
data\raw_audio\I0A4mcwH8FI.wav	954.24	959.319	Tuy nhiên thì trong triều thần lúc này thì cũng có một cái vị đại thần là cậu	@HUE	data\processed_transcripts\I0A4mcwH8FI.json
data\raw_audio\I0A4mcwH8FI.wav	959.319	966.319	của à Cảnh Thần Hoàng Đế tức là Nguyễn Quang Toản à có tên là Bùi Đắc Tuyên và	@HUE	data\processed_transcripts\I0A4mcwH8FI.json
data\raw_audio\I0A4mcwH8FI.wav	966.319	974.959	để à và các triều thần trong triều để coi như là à hàm hạn chế cái quyền hành	@HUE	data\processed_transcripts\I0A4mcwH8FI.json
data\raw_audio\I0A4mcwH8FI.wav	974.959	980.12	của à Bùi Đắc Tuyền thì cũng đã cấu kết với nhau để tiêu diệt à Bùi Đắc Tuyền.	@HUE	data\processed_transcripts\I0A4mcwH8FI.json
data\raw_audio\I0A4mcwH8FI.wav	980.12	984.959	Và đến năm 795 khi mà Bùi Đắc Tu bị tiêu diệt công chúa Ngọc Hưng lúc đó thì thấy	@HUE	data\processed_transcripts\I0A4mcwH8FI.json
data\raw_audio\I0A4mcwH8FI.wav	984.959	991.36	nhà Lê cũng đang thấy nhà Hậu Lê cũng đang dừng suy yếu và cũng rất chi là lo	@HUE	data\processed_transcripts\I0A4mcwH8FI.json
data\raw_audio\I0A4mcwH8FI.wav	991.36	996.92	ngại cho Quang Toản còn nhỏ tuổi thì đã gả công chúa Ngọc Bình cho Nguyễn Quan	@HUE	data\processed_transcripts\I0A4mcwH8FI.json
data\raw_audio\I0A4mcwH8FI.wav	996.92	1001.92	Toản tức là Cảnh Thần Hoàng đế. Tuy nhiên thì đến năm 1801	@HUE	data\processed_transcripts\I0A4mcwH8FI.json
data\raw_audio\I0A4mcwH8FI.wav	1001.92	1006.959	lúc đó thì Nguyễn Ánh đã chiếu binh mãi mã đầy đủ và quyết định đánh vào phủ	@HUE	data\processed_transcripts\I0A4mcwH8FI.json
data\raw_audio\I0A4mcwH8FI.wav	1006.959	1014.68	xuân từ cửa biểu thuận A và đã truy đuổi và truy bắc à đến vua Cảnh Thỉnh. Chính	@HUE	data\processed_transcripts\I0A4mcwH8FI.json
data\raw_audio\I0A4mcwH8FI.wav	1014.68	1018.079	vì lâm vào hoàn cảnh đó thì vua Cảnh Thỉnh đã cùng với người với hoàng tộc	@HUE	data\processed_transcripts\I0A4mcwH8FI.json
data\raw_audio\I0A4mcwH8FI.wav	1018.079	1023.72	của mình kéo nhau ra Bắc hạ để là nạn. Và trong cái quá trình chạy nạn đó thì	@HUE	data\processed_transcripts\I0A4mcwH8FI.json
data\raw_audio\I0A4mcwH8FI.wav	1023.72	1028.6	lại để lại sót công để sót lại công chúa Ngọc Bình và một số tị nữ. Khi Nguyễn	@HUE	data\processed_transcripts\I0A4mcwH8FI.json
data\raw_audio\I0A4mcwH8FI.wav	1028.6	1034.199	Ánh đến bắt gặp công chúa Ngọc Bình thì thấy nàng là một vị công chúa nhu mì,	@HUE	data\processed_transcripts\I0A4mcwH8FI.json
data\raw_audio\I0A4mcwH8FI.wav	1034.199	1041.0	nhan sắc tuyệt trần, nói chuyện rất là nhỏ nhẹ. Chính vì vậy mà à Nguyễn Ánh đã	@HUE	data\processed_transcripts\I0A4mcwH8FI.json
data\raw_audio\I0A4mcwH8FI.wav	1041.0	1046.52	đồng lòng và muốn nạp công chúa Ngọc Bình làm phi. Lúc đó có rất nhiều đại	@HUE	data\processed_transcripts\I0A4mcwH8FI.json
data\raw_audio\I0A4mcwH8FI.wav	1046.52	1051.88	thần của triều ca ngăn nói rằng là à ngài có được cả cái giang sơn, có rất	@HUE	data\processed_transcripts\I0A4mcwH8FI.json
data\raw_audio\I0A4mcwH8FI.wav	1051.88	1055.799	nhiều mỹ nhân cho ngài tại sao lại đi nạp vợ của người khác làm phi. Lúc đó	@HUE	data\processed_transcripts\I0A4mcwH8FI.json
data\raw_audio\I0A4mcwH8FI.wav	1055.799	1061.48	Nguyên Ánh mới nói một câu rằng đất nước của giặt tao còn lấy được thì hà cỡ chi	@HUE	data\processed_transcripts\I0A4mcwH8FI.json
data\raw_audio\I0A4mcwH8FI.wav	1061.48	1068.2	một người vợ của giặc tao lấy không lấy được thì nó có điều đó thì nó có à cai	@HUE	data\processed_transcripts\I0A4mcwH8FI.json
data\raw_audio\I0A4mcwH8FI.wav	1068.2	1073.039	xá chi mô đấy đến năm 1802 thì Nguyễn ảnh lên ngồi lấy niên hiệu là Gia Long	@HUE	data\processed_transcripts\I0A4mcwH8FI.json
data\raw_audio\I0A4mcwH8FI.wav	1073.039	1081.559	thì đã phong cho công chúa Ngọc Bình làm phi và sau đó thì công chúa Ngọc Bình đã	@HUE	data\processed_transcripts\I0A4mcwH8FI.json
data\raw_audio\I0A4mcwH8FI.wav	1081.559	1085.2	hạ sinh cho vua Gia Long tới bốn người con trong đó có hai người con trai và	@HUE	data\processed_transcripts\I0A4mcwH8FI.json
data\raw_audio\I0A4mcwH8FI.wav	1085.2	1091.84	hai người con gái. À điều này à cũng có rất nhiều cái giả thuyết đưa ra rằng là	@HUE	data\processed_transcripts\I0A4mcwH8FI.json
data\raw_audio\I0A4mcwH8FI.wav	1091.84	1099.64	cái lúc mà vua Gia Long à muốn nạp à công chúa Ngọc Bình làm phi thì lại có	@HUE	data\processed_transcripts\I0A4mcwH8FI.json
data\raw_audio\I0A4mcwH8FI.wav	1099.64	1103.799	một cái màu sắc chính trị nó dính dáng ở đây. Tức là vua Gia Long muốn làm yên	@HUE	data\processed_transcripts\I0A4mcwH8FI.json
data\raw_audio\I0A4mcwH8FI.wav	1103.799	1110.039	lòng dân do đó là mới gọi là mới đưa công chúa Ngọc Bình làm phi. Bởi vì theo	@HUE	data\processed_transcripts\I0A4mcwH8FI.json
data\raw_audio\I0A4mcwH8FI.wav	1110.039	1115.52	như vua Gia Long nghĩ rằng vợ của một ông vua mà mất nước sẽ vào tay của mình	@HUE	data\processed_transcripts\I0A4mcwH8FI.json
data\raw_audio\I0A4mcwH8FI.wav	1115.52	1120.24	thì lúc đó là làm cho lòng dân nó tin tưởng hơn rằng vua Gia Long có thể đánh	@HUE	data\processed_transcripts\I0A4mcwH8FI.json
data\raw_audio\I0A4mcwH8FI.wav	1120.24	1126.6	thắng được Triều Thanh Sơn và có thể làm vua để giúp đỡ cho dân chúng. Và cái giả	@HUE	data\processed_transcripts\I0A4mcwH8FI.json
data\raw_audio\I0A4mcwH8FI.wav	1126.6	1130.2	thiện này đưa ra cũng khá là hợp lý tuy nhiên thì Huế Review cảm thấy có một cái	@HUE	data\processed_transcripts\I0A4mcwH8FI.json
data\raw_audio\I0A4mcwH8FI.wav	1130.2	1135.96	chi tiết khá là hơi bị mâu thuẫn. Nếu như mà vua Giao Long đưa công chúa Ngọc	@HUE	data\processed_transcripts\I0A4mcwH8FI.json
data\raw_audio\I0A4mcwH8FI.wav	1135.96	1140.039	Bình lên làm phi với mang tính chất đối phó như vậy thì	@HUE	data\processed_transcripts\I0A4mcwH8FI.json
data\raw_audio\I0A4mcwH8FI.wav	1140.039	1145.48	tới việc mà sinh bốn người con thì nó rất chi là khó. Và ừ ở đây á thì công	@HUE	data\processed_transcripts\I0A4mcwH8FI.json
data\raw_audio\I0A4mcwH8FI.wav	1145.48	1149.48	chúa Ngọc Bình ra đi khi rất là trẻ bởi vì theo một số giả thuyết thì cho rằng	@HUE	data\processed_transcripts\I0A4mcwH8FI.json
data\raw_audio\I0A4mcwH8FI.wav	1149.48	1153.76	là do quá trình là công chúa Ngọc Bình sinh nở liên tục sức khỏe yếu. Chính vì	@HUE	data\processed_transcripts\I0A4mcwH8FI.json
data\raw_audio\I0A4mcwH8FI.wav	1153.76	1157.52	vậy mà đã mất sau khi mà sinh ra cái người con trai thứ hai cho vua Châ Long.	@HUE	data\processed_transcripts\I0A4mcwH8FI.json
data\raw_audio\I0A4mcwH8FI.wav	1157.52	1162.76	Còn một số giả thiết á thì lại cho rằng vì công chúa Ngọc Bình là muốn	@HUE	data\processed_transcripts\I0A4mcwH8FI.json
data\raw_audio\I0A4mcwH8FI.wav	1162.76	1169.48	vào cung để lấy thân mình để mà cứu cái dòng họ Lê vậy là cứu cái ng người hoàng	@HUE	data\processed_transcripts\I0A4mcwH8FI.json
data\raw_audio\I0A4mcwH8FI.wav	1169.48	1174.36	tộc của vua Cảnh Thịnh. Chính vì vậy mà đã đồng ý vào làm phi cho vua Gia Long.	@HUE	data\processed_transcripts\I0A4mcwH8FI.json
data\raw_audio\I0A4mcwH8FI.wav	1174.36	1178.44	À sau đó thì vì cái kế hoạch không thành chính vì vậy mà đã uất ức và tuần tiếp	@HUE	data\processed_transcripts\I0A4mcwH8FI.json
data\raw_audio\I0A4mcwH8FI.wav	1178.44	1184.64	mà ra đi mà mất. À nhưng mà nếu như mà bây giờ nhìn vào thực tế đây quý vị có	@HUE	data\processed_transcripts\I0A4mcwH8FI.json
data\raw_audio\I0A4mcwH8FI.wav	1184.64	1192.12	thể cho Huế Review một câu trả lời khá là xác đáng bởi vì Huế Review cũng thấy	@HUE	data\processed_transcripts\I0A4mcwH8FI.json
data\raw_audio\I0A4mcwH8FI.wav	1192.12	1198.2	rất là mâu thuẫn là bởi vì nếu như vua Gia Long đó là thật lòng với công chúa	@HUE	data\processed_transcripts\I0A4mcwH8FI.json
data\raw_audio\I0A4mcwH8FI.wav	1198.2	1202.52	Ngọc Bình thì tại sao một cái ngôi lăng mộ của của vị công chúa mà lại có thể	@HUE	data\processed_transcripts\I0A4mcwH8FI.json
data\raw_audio\I0A4mcwH8FI.wav	1202.52	1207.52	xây dựng một cách sơ xà như vậy không có bình phong không có bình không có bụ	@HUE	data\processed_transcripts\I0A4mcwH8FI.json
data\raw_audio\I0A4mcwH8FI.wav	1207.52	1213.159	thành cao rồi nói chung là cái khuôn viên rất chi là nhỏ. Thực ra cái ngôi mộ	@HUE	data\processed_transcripts\I0A4mcwH8FI.json
data\raw_audio\I0A4mcwH8FI.wav	1213.159	1218.2	ở cái ngôi mộ ở Trúc Lâm thì à Huế Review cũng chưa có nhìn thấy là cái	@HUE	data\processed_transcripts\I0A4mcwH8FI.json
data\raw_audio\I0A4mcwH8FI.wav	1218.2	1223.08	ngôi bỏ mộ đó như thế nào. Không biết là cái ngôi mộ đó là có Bình Phong à có Bửu	@HUE	data\processed_transcripts\I0A4mcwH8FI.json
data\raw_audio\I0A4mcwH8FI.wav	1223.08	1227.2	Thành hay là có một cái kiến trúc giống như là vua chúa bên các cái bà Hoàng của	@HUE	data\processed_transcripts\I0A4mcwH8FI.json
data\raw_audio\I0A4mcwH8FI.wav	1227.2	1230.76	Trì Nguyễn hay không. Nhưng mà nếu như mà thật sự là một cái ngôi mộ như thế	@HUE	data\processed_transcripts\I0A4mcwH8FI.json
data\raw_audio\I0A4mcwH8FI.wav	1230.76	1234.32	này thì à không biết rằng vua Gia Long có mặn mà với cái bà Đức Phi này hay	@HUE	data\processed_transcripts\I0A4mcwH8FI.json
data\raw_audio\I0A4mcwH8FI.wav	1234.32	1238.96	không? À hay là nó có một cái nguyên nhân sâu xa nào đó. Và cái điều đặc biệt	@HUE	data\processed_transcripts\I0A4mcwH8FI.json
data\raw_audio\I0A4mcwH8FI.wav	1238.96	1243.28	mà điều đặc biệt mà Huy Review cũng muốn chia sẻ với quý vị ở đây chính là trong	@HUE	data\processed_transcripts\I0A4mcwH8FI.json
data\raw_audio\I0A4mcwH8FI.wav	1243.28	1249.4	cái cách xưng hô giữa những ông vua đấy. Nếu như mà công chúa Ngọc Bình là con	@HUE	data\processed_transcripts\I0A4mcwH8FI.json
data\raw_audio\I0A4mcwH8FI.wav	1249.4	1255.52	của vua Ly Hạnng Tông và sau này lại là vợ của vua Cảnh Thịnh tức là con gái của	@HUE	data\processed_transcripts\I0A4mcwH8FI.json
data\raw_audio\I0A4mcwH8FI.wav	1255.52	1258.88	công chúa Ngọc Hưng và vua Quang Trung thì lúc đó thì phải xưng hô là công chúa	@HUE	data\processed_transcripts\I0A4mcwH8FI.json
data\raw_audio\I0A4mcwH8FI.wav	1258.88	1263.32	Ngọc Hưng và công chúa Ngọc Bình là chị em nhưng mà cũng là mẹ chồng nàng dâu.	@HUE	data\processed_transcripts\I0A4mcwH8FI.json
data\raw_audio\I0A4mcwH8FI.wav	1263.32	1267.6	Rồi giữa à vua Cảnh Thịnh và vua Quang Trung	@HUE	data\processed_transcripts\I0A4mcwH8FI.json
data\raw_audio\I0A4mcwH8FI.wav	1267.6	1271.039	là cha con nhưng mà sau khi mà lấy công chúa Ngọc Bình trở thành anh em cộc	@HUE	data\processed_transcripts\I0A4mcwH8FI.json
data\raw_audio\I0A4mcwH8FI.wav	1271.039	1275.2	chèo. Và đặc biệt hơn nữa giữa triều đại Tây Sơn và triều đại nhà Nguyễn là hai	@HUE	data\processed_transcripts\I0A4mcwH8FI.json
data\raw_audio\I0A4mcwH8FI.wav	1275.2	1279.52	cái triều đại có mối thù không đổi trợ chung. Nhưng mà khi vua Gia Long lấy	@HUE	data\processed_transcripts\I0A4mcwH8FI.json
data\raw_audio\I0A4mcwH8FI.wav	1279.52	1284.44	công chúa Ngọc Bình làm phi thì lại có một cái mối liên hệ về cách xưng hô. Nếu	@HUE	data\processed_transcripts\I0A4mcwH8FI.json
data\raw_audio\I0A4mcwH8FI.wav	1284.44	1289.44	như công chúa Ngọc Bình là em của công chúa Ngọc Hưng thì như vậy thì vua Gia	@HUE	data\processed_transcripts\I0A4mcwH8FI.json
data\raw_audio\I0A4mcwH8FI.wav	1289.44	1293.52	Long lấy em của công chúa Ngọc Hưng tức là giữa vua Quang Trung và vua Gia Long	@HUE	data\processed_transcripts\I0A4mcwH8FI.json
data\raw_audio\I0A4mcwH8FI.wav	1293.52	1298.0	lại là anh em của kèo đây. Và qua những chia sẻ này thì nếu như mà vị công chúa	@HUE	data\processed_transcripts\I0A4mcwH8FI.json
data\raw_audio\I0A4mcwH8FI.wav	1298.0	1302.279	này có số phận đặc biệt như vậy thì nếu như mà lúc đó vua Quang Trung còn sống	@HUE	data\processed_transcripts\I0A4mcwH8FI.json
data\raw_audio\I0A4mcwH8FI.wav	1302.279	1307.159	nếu như mà xảy ra cái số vụ này thì có lẽ là nó sẽ gây rất là nhiều những cái	@HUE	data\processed_transcripts\I0A4mcwH8FI.json
data\raw_audio\I0A4mcwH8FI.wav	1307.159	1313.72	thị phi bởi vì là ờ người công chúa này có thể là giải hòa được mối quan hệ giữa	@HUE	data\processed_transcripts\I0A4mcwH8FI.json
data\raw_audio\I0A4mcwH8FI.wav	1313.72	1318.279	vua Quang Trung và vua Gia Long đấy nhưng mà rất tiếc rõ ràng quý vị thấy	@HUE	data\processed_transcripts\I0A4mcwH8FI.json
data\raw_audio\I0A4mcwH8FI.wav	1318.279	1322.52	lịch sử hai triều đại Tây Sơn và triều đại nhà Nguyễn là hai cái triều đại mà	@HUE	data\processed_transcripts\I0A4mcwH8FI.json
data\raw_audio\I0A4mcwH8FI.wav	1322.52	1327.44	gọi là không đổi trợ chung với nhau. Chính vì vậy mà à việc công chúa Ngọc	@HUE	data\processed_transcripts\I0A4mcwH8FI.json
data\raw_audio\I0A4mcwH8FI.wav	1327.44	1334.32	Bình làm vợ ai đi chăng nữa thì đó cũng là một cái điều nói rằng cái số phận của	@HUE	data\processed_transcripts\I0A4mcwH8FI.json
data\raw_audio\I0A4mcwH8FI.wav	1334.32	1339.36	những người phụ nữ ở thời phong kiến nó rất chi là nhỏ bé đấy và ngay cả một cái	@HUE	data\processed_transcripts\I0A4mcwH8FI.json
data\raw_audio\I0A4mcwH8FI.wav	1339.36	1344.52	vị con của vua, một cái vị công chúa của triều nhà Lê nhưng mà cũng phải trải qua	@HUE	data\processed_transcripts\I0A4mcwH8FI.json
data\raw_audio\I0A4mcwH8FI.wav	1344.52	1348.72	rất là nhiều cái bể khổ, những cái gian trân để mà cuối cùng là trở thành vợ của	@HUE	data\processed_transcripts\I0A4mcwH8FI.json
data\raw_audio\I0A4mcwH8FI.wav	1348.72	1354.039	hai ông vua. nhưng mà lại rất là ít được nhiều người biết đến là bởi vì đây chẳng	@HUE	data\processed_transcripts\I0A4mcwH8FI.json
data\raw_audio\I0A4mcwH8FI.wav	1354.039	1358.76	qua là một cái nhân vật mà gọi là mang cái màu sắc chính trị trong những cái	@HUE	data\processed_transcripts\I0A4mcwH8FI.json
data\raw_audio\I0A4mcwH8FI.wav	1358.76	1362.0	cuộc hôn nhân diễn ra mà thôi. Và cái điều này thì Huế Review cũng hết sức	@HUE	data\processed_transcripts\I0A4mcwH8FI.json
data\raw_audio\I0A4mcwH8FI.wav	1362.0	1368.48	đồng cảm với cái vị công chúa Ngọc Bình này. Bởi vì nếu như à đôi lúc có những	@HUE	data\processed_transcripts\I0A4mcwH8FI.json
data\raw_audio\I0A4mcwH8FI.wav	1368.48	1372.12	đôi đôi lúc có những vị hoàng tộc họ nghĩ rằng nếu như ta là thường dân, nếu	@HUE	data\processed_transcripts\I0A4mcwH8FI.json
data\raw_audio\I0A4mcwH8FI.wav	1372.12	1375.64	như ta không có sống trong cung cấm, ta sống trọng sống trong hoàng cung thì ta	@HUE	data\processed_transcripts\I0A4mcwH8FI.json
data\raw_audio\I0A4mcwH8FI.wav	1375.64	1379.64	sẽ không chịu những cái nỗi khổ, những cái đỗi uốt ức như thế này. Và rõ ràng	@HUE	data\processed_transcripts\I0A4mcwH8FI.json
data\raw_audio\I0A4mcwH8FI.wav	1379.64	1385.2	thì bây giờ nói về đời sau thì con cháu Nguyễn Phúc Tộc cũng đã cố gắng để tìm	@HUE	data\processed_transcripts\I0A4mcwH8FI.json
data\raw_audio\I0A4mcwH8FI.wav	1385.2	1389.88	tòi và xây dựng lại cái lăng mộ cho vị công chúa này một cách rất là đàn hoàng	@HUE	data\processed_transcripts\I0A4mcwH8FI.json
data\raw_audio\I0A4mcwH8FI.wav	1389.88	1396.0	ở ngay một cái nguồn đồi cũng khá là cao ở trên chỗ đông trầm này thôi quý vị. Và	@HUE	data\processed_transcripts\I0A4mcwH8FI.json
data\raw_audio\I0A4mcwH8FI.wav	1396.0	1402.36	đó là một cái điều mà cũng hết sức là à tạng dương đến con cháu của Nguyễn Phúc	@HUE	data\processed_transcripts\I0A4mcwH8FI.json
data\raw_audio\I0A4mcwH8FI.wav	1402.36	1407.64	Tộc. Bởi vì nếu như mà thật sự mà nói là vì ít người biết đến thì nếu như mà con	@HUE	data\processed_transcripts\I0A4mcwH8FI.json
data\raw_audio\I0A4mcwH8FI.wav	1407.64	1412.72	cháu không tìm lại và xây dựng lăng mổ thì cũng sẽ không có ai đến viễn thâm.	@HUE	data\processed_transcripts\I0A4mcwH8FI.json
data\raw_audio\I0A4mcwH8FI.wav	1412.72	1417.12	Bởi vì quý vị thấy nhìn vào những cái bác nhã bạc nhang này thì quý vị thấy có	@HUE	data\processed_transcripts\I0A4mcwH8FI.json
data\raw_audio\I0A4mcwH8FI.wav	1417.12	1422.08	rất ít cái chân hương. Đấy và Hủy Review cũng hy vọng rằng sau cái video này thì	@HUE	data\processed_transcripts\I0A4mcwH8FI.json
data\raw_audio\I0A4mcwH8FI.wav	1422.08	1426.4	quý vị xem được video quý vị có thể chia sẻ và lan tỏa à về cái ngôi lă mộ của	@HUE	data\processed_transcripts\I0A4mcwH8FI.json
data\raw_audio\I0A4mcwH8FI.wav	1426.4	1431.12	quý vị công chúa có cái số phận hết sức đặc biệt này à để à cho nhiều người biết	@HUE	data\processed_transcripts\I0A4mcwH8FI.json
data\raw_audio\I0A4mcwH8FI.wav	1431.12	1435.76	đến hơn. Và nếu như quý vị có ghé vào cái thôn Đồng Trầm ấy và có đến cái ngôi	@HUE	data\processed_transcripts\I0A4mcwH8FI.json
data\raw_audio\I0A4mcwH8FI.wav	1435.76	1440.44	lá mộ này thì cũng mong quý vị thắp cho vị công chúa này một cái nén nhang. Thực	@HUE	data\processed_transcripts\I0A4mcwH8FI.json
data\raw_audio\I0A4mcwH8FI.wav	1440.44	1444.919	ra bà là một cái vị hoàng hậu của triều đại Tây Sơn và là một cái đức phi của	@HUE	data\processed_transcripts\I0A4mcwH8FI.json
data\raw_audio\I0A4mcwH8FI.wav	1444.919	1449.96	triều đại nhà Nguyễn và là công chúa của triều đại nhà Lê và trải qua à cuộc sống	@HUE	data\processed_transcripts\I0A4mcwH8FI.json
data\raw_audio\I0A4mcwH8FI.wav	1449.96	1455.159	hoàn tộc trong ba triều đại nhưng mà quý vị thấy số vợ hết sức sấm hạm hiươu	@HUE	data\processed_transcripts\I0A4mcwH8FI.json
data\raw_audio\I0A4mcwH8FI.wav	1455.159	1460.72	và sau bà Dương Văn Nga thì cô công chúa này là một cái cô công chúa có số phận	@HUE	data\processed_transcripts\I0A4mcwH8FI.json
data\raw_audio\I0A4mcwH8FI.wav	1460.72	1464.559	đặc biệt nhất trong lịch sử Trị Nguyện bởi vì thải hậu Dương Văn Nga cũng là	@HUE	data\processed_transcripts\I0A4mcwH8FI.json
data\raw_audio\I0A4mcwH8FI.wav	1464.559	1469.64	người có hai đời chồng làm vua đấy còn nhưng mà dư thái hậu Dương Văn Nga thì	@HUE	data\processed_transcripts\I0A4mcwH8FI.json
data\raw_audio\I0A4mcwH8FI.wav	1469.64	1473.32	lại được nhiều người biết đến hơn. Đó còn cái cô công chúa Ngọc Bình này thì	@HUE	data\processed_transcripts\I0A4mcwH8FI.json
data\raw_audio\I0A4mcwH8FI.wav	1473.32	1477.84	quý vị thấy rất là ít người biết đến. Và chắc có lẽ thì thông qua cái video của	@HUE	data\processed_transcripts\I0A4mcwH8FI.json
data\raw_audio\I0A4mcwH8FI.wav	1477.84	1482.08	Huế Review thì cũng một số quý vị cũng sẽ biết rõ hơn về cái vị công chúa này.	@HUE	data\processed_transcripts\I0A4mcwH8FI.json
data\raw_audio\I0A4mcwH8FI.wav	1482.08	1486.48	Và cái lă ngôi lăng mộ phía bên cạnh công chúa cũng là một cái ngôi lăng mộ	@HUE	data\processed_transcripts\I0A4mcwH8FI.json
data\raw_audio\I0A4mcwH8FI.wav	1486.48	1491.799	của một cái nữ nhân trong dòng tộc họ Nguyễn. Và ở đây là vợ của con thứ 18	@HUE	data\processed_transcripts\I0A4mcwH8FI.json
data\raw_audio\I0A4mcwH8FI.wav	1491.799	1495.279	của một cái vị chú Nguyễn nào đó mà Huế Review cũng không có biết. Thì nếu như	@HUE	data\processed_transcripts\I0A4mcwH8FI.json
data\raw_audio\I0A4mcwH8FI.wav	1495.279	1499.64	ai biết thì cũng có thể comment phía dưới video để chia sẻ về cái vị nữ nhân	@HUE	data\processed_transcripts\I0A4mcwH8FI.json
data\raw_audio\I0A4mcwH8FI.wav	1499.64	1506.36	này. Còn hôm nay thì sau khi đến viếng lăng mộ của công chúa Ngọc Bình, Huế	@HUE	data\processed_transcripts\I0A4mcwH8FI.json
data\raw_audio\I0A4mcwH8FI.wav	1506.36	1510.919	Review cũng tạm mạng và cảm cảnh chia sẻ về một cái câu chuyện về cái cô công	@HUE	data\processed_transcripts\I0A4mcwH8FI.json
data\raw_audio\I0A4mcwH8FI.wav	1510.919	1519.08	chúa con vua và lấy hai chồng làm vua, vua Cảnh Thịnh và vua Giáo Long.	@HUE	data\processed_transcripts\I0A4mcwH8FI.json
data\raw_audio\I0A4mcwH8FI.wav	1519.08	1524.0	Chắc có lẽ thì cái thời điểm này là hơn 12:00 trưa và thời tiết thực sự mà nói	@HUE	data\processed_transcripts\I0A4mcwH8FI.json
data\raw_audio\I0A4mcwH8FI.wav	1524.0	1527.52	quý vị thấy rất là nóng và Huế Review cũng phải nép mình trong một cái góc keo	@HUE	data\processed_transcripts\I0A4mcwH8FI.json
data\raw_audio\I0A4mcwH8FI.wav	1527.52	1532.2	như thế này để có thể là có một cái chút bóng mát để chia sẻ thêm cho quý vị. Và	@HUE	data\processed_transcripts\I0A4mcwH8FI.json
data\raw_audio\I0A4mcwH8FI.wav	1532.2	1538.52	chắc có lẽ là à video đến đây là cũng xin tạm dừng và Huy Review cũng xin chia	@HUE	data\processed_transcripts\I0A4mcwH8FI.json
data\raw_audio\I0A4mcwH8FI.wav	1538.52	1543.799	sẻ lại là đến năm 1810 thì công chúa Ngọc Bình sau khi sinh con một người con	@HUE	data\processed_transcripts\I0A4mcwH8FI.json
data\raw_audio\I0A4mcwH8FI.wav	1543.799	1549.44	trai thì một người con trai nữa cho vua Gia Long thì cũng đã mất. Và lúc đó bà	@HUE	data\processed_transcripts\I0A4mcwH8FI.json
data\raw_audio\I0A4mcwH8FI.wav	1549.44	1555.52	Thọ 27 tuổi theo một số thông tin thì là 25 tuổi. Đó tùy vào cái năm sinh mà quý	@HUE	data\processed_transcripts\I0A4mcwH8FI.json
data\raw_audio\I0A4mcwH8FI.wav	1555.52	1559.32	vị có thể chia sẻ ở phía dưới comment chia sẻ phía dưới video giúp Huế review	@HUE	data\processed_transcripts\I0A4mcwH8FI.json
data\raw_audio\I0A4mcwH8FI.wav	1559.32	1563.72	và mọi người biết rõ hơn. Bởi vì thật sự mà nói là Huế Ria biết là ở đây trên	@HUE	data\processed_transcripts\I0A4mcwH8FI.json
data\raw_audio\I0A4mcwH8FI.wav	1563.72	1568.44	kênh Huế Ria cũng có một số vị là con cháu của nhà Nguyễn và mong quý vị nếu	@HUE	data\processed_transcripts\I0A4mcwH8FI.json
data\raw_audio\I0A4mcwH8FI.wav	1568.44	1573.0	như mà trong gia phả của họ Nguyễn Phúc Tộc á biết được cái năm sinh rõ ràng của	@HUE	data\processed_transcripts\I0A4mcwH8FI.json
data\raw_audio\I0A4mcwH8FI.wav	1573.0	1576.88	công chúa Ngọc Bình thì có thể chia sẻ phía dưới video để cho nhiều người cũng	@HUE	data\processed_transcripts\I0A4mcwH8FI.json
data\raw_audio\I0A4mcwH8FI.wav	1576.88	1580.88	biết và cũng xin cảm ơn quý vị rất là nhiều và Huy Rio cũng muốn góp một phần	@HUE	data\processed_transcripts\I0A4mcwH8FI.json
data\raw_audio\I0A4mcwH8FI.wav	1580.88	1585.08	nào đó để lan tỏa những cái hình ảnh về những ngôi lan mộ của các cái bà hoàng	@HUE	data\processed_transcripts\I0A4mcwH8FI.json
data\raw_audio\I0A4mcwH8FI.wav	1585.08	1590.039	các cái vua chúa triều Nguyễn à và cái đặc biệt là cái ngôi lăng mộ này một số	@HUE	data\processed_transcripts\I0A4mcwH8FI.json
data\raw_audio\I0A4mcwH8FI.wav	1590.039	1593.44	phần hết sức rất là đặc biệt trong lịch sử Việt Nam để cho quý vị biết nhiều hơn	@HUE	data\processed_transcripts\I0A4mcwH8FI.json
data\raw_audio\I0A4mcwH8FI.wav	1593.44	1600.159	à biết rõ hơn về cái ngôi lăng mộ của công chúa Ngọc Bình. Và à một lần nữa	@HUE	data\processed_transcripts\I0A4mcwH8FI.json
data\raw_audio\I0A4mcwH8FI.wav	1600.159	1606.279	thì Huế Review cũng xin chân thành cảm ơn tất cả quý vị đã quan tâm và đã biết	@HUE	data\processed_transcripts\I0A4mcwH8FI.json
data\raw_audio\I0A4mcwH8FI.wav	1606.279	1610.559	đến Huế Review cũng như là đã có gửi tin nhắn đến để à khích lễ động viên cho Huế	@HUE	data\processed_transcripts\I0A4mcwH8FI.json
data\raw_audio\I0A4mcwH8FI.wav	1610.559	1614.2	Review thực hiện những video về triều Nguyễn cũng như là những video về Huế.	@HUE	data\processed_transcripts\I0A4mcwH8FI.json
data\raw_audio\I0A4mcwH8FI.wav	1614.2	1618.08	Và cũng kính chúc quý vị sức khỏe, an lành cũng như là nhiều niềm vui gặp	@HUE	data\processed_transcripts\I0A4mcwH8FI.json
data\raw_audio\I0A4mcwH8FI.wav	1618.08	1621.36	nhiều may mắn trong cuộc sống. Và đừng quên like, chia sẻ, đăng ký kênh Huế	@HUE	data\processed_transcripts\I0A4mcwH8FI.json
data\raw_audio\I0A4mcwH8FI.wav	1621.36	1626.52	Review để nhận được những cái video mới nhất từ kênh Huế Review nha quý vị. À	@HUE	data\processed_transcripts\I0A4mcwH8FI.json
data\raw_audio\I0A4mcwH8FI.wav	1626.52	1630.52	Huế Review xin kết thúc video đây.	@HUE	data\processed_transcripts\I0A4mcwH8FI.json
data\raw_audio\mY4GvHqqZ6w.wav	0.68	4.68	Vâng, mến chào quý vị đã quay lại với Huế Review. À quý vị và các bạn thân	@HUE	data\processed_transcripts\mY4GvHqqZ6w.json
data\raw_audio\mY4GvHqqZ6w.wav	4.68	12.84	mến, hiện tại thì Huế Review đang có vật ở đường Lê Ngô Cát và ở đây có một cái	@HUE	data\processed_transcripts\mY4GvHqqZ6w.json
data\raw_audio\mY4GvHqqZ6w.wav	12.84	19.48	à ngã ba đấy, ngã rẻ để chúng ta đi lên. Một cái địa điểm mà hôm nay Huế Review	@HUE	data\processed_transcripts\mY4GvHqqZ6w.json
data\raw_audio\mY4GvHqqZ6w.wav	19.48	25.8	cũng muốn giới thiệu cho quý vị xem đó là lăng mộ của một cái vị vương công quỷ	@HUE	data\processed_transcripts\mY4GvHqqZ6w.json
data\raw_audio\mY4GvHqqZ6w.wav	25.8	32.32	tộc mà vị vương công này có tới tận ba người con là làm vua đó chính là lăng mộ	@HUE	data\processed_transcripts\mY4GvHqqZ6w.json
data\raw_audio\mY4GvHqqZ6w.wav	32.32	39.8	của Kiên Thái Vương. Kiên Thái Vương thì tên thực là Nguyễn Phúc Hồng Cai và ông	@HUE	data\processed_transcripts\mY4GvHqqZ6w.json
data\raw_audio\mY4GvHqqZ6w.wav	39.8	43.76	được phong làm kiên thải tiên thiên hải vương sau	@HUE	data\processed_transcripts\mY4GvHqqZ6w.json
data\raw_audio\mY4GvHqqZ6w.wav	43.76	46.76	khi mà vua Đồng Khánh lên ngồi được 3 năm.	@HUE	data\processed_transcripts\mY4GvHqqZ6w.json
data\raw_audio\mY4GvHqqZ6w.wav	46.76	53.359	Và bây giờ à để quý vị không chờ lâu thì mời quý vị chúng ta cùng đồng hành với	@HUE	data\processed_transcripts\mY4GvHqqZ6w.json
data\raw_audio\mY4GvHqqZ6w.wav	53.359	59.399	Huế Review à đi trên cái con đường đến lăng của vị vương công thủy tộc của vị	@HUE	data\processed_transcripts\mY4GvHqqZ6w.json
data\raw_audio\mY4GvHqqZ6w.wav	59.399	64.96	Kiên Thái Vương này. Và mời quý vị cùng theo chân Huy Đêu nha. Xin mời quý vị.	@HUE	data\processed_transcripts\mY4GvHqqZ6w.json
data\raw_audio\mY4GvHqqZ6w.wav	64.96	72.84	Kiên Thái Vương được biết đến là cha của ba vị vua đó là vua Kiến Phúc, Hàm Nghi	@HUE	data\processed_transcripts\mY4GvHqqZ6w.json
data\raw_audio\mY4GvHqqZ6w.wav	72.84	80.88	và Đồng Khánh. Đây ở đây là có một cái ngôi lăng mộ của	@HUE	data\processed_transcripts\mY4GvHqqZ6w.json
data\raw_audio\mY4GvHqqZ6w.wav	80.88	86.479	vua Tử Đức. Thưa quý vị, đây vua Tử Đức là	@HUE	data\processed_transcripts\mY4GvHqqZ6w.json
data\raw_audio\mY4GvHqqZ6w.wav	86.479	92.2	như quý vị đã biết thì vua Tử Đức là vị vua thứ tư thứ tư của Triều Nguyệt sau	@HUE	data\processed_transcripts\mY4GvHqqZ6w.json
data\raw_audio\mY4GvHqqZ6w.wav	92.2	99.439	vua Gia Long Minh Mạng và vua Thiếu Trị và bức tường thành bảo vệ bên ngoài lăng	@HUE	data\processed_transcripts\mY4GvHqqZ6w.json
data\raw_audio\mY4GvHqqZ6w.wav	99.439	107.159	à quý vị có thể thấy là rất là dài. Thì à sắp tới Huế Đ Vi cũng sẽ làm một	@HUE	data\processed_transcripts\mY4GvHqqZ6w.json
data\raw_audio\mY4GvHqqZ6w.wav	107.159	111.479	cái series về các cái lăng tẩm của chính chúa 13 vua.	@HUE	data\processed_transcripts\mY4GvHqqZ6w.json
data\raw_audio\mY4GvHqqZ6w.wav	111.479	119.039	À và cũng mong quý vị à ủng hộ hiện tại thì các cái khu di tích lăng	@HUE	data\processed_transcripts\mY4GvHqqZ6w.json
data\raw_audio\mY4GvHqqZ6w.wav	119.039	126.96	bẩm thì cũng đã bị gọi là đã tạm thời dừng hoạt động đóng cửa rồi thưa quý.	@HUE	data\processed_transcripts\mY4GvHqqZ6w.json
data\raw_audio\mY4GvHqqZ6w.wav	130.44	135.64	Thì đi qua khỏi lăng tử Đức thì chúng ta sẽ men theo cái con đường à đoàn Nhữ Hài	@HUE	data\processed_transcripts\mY4GvHqqZ6w.json
data\raw_audio\mY4GvHqqZ6w.wav	135.64	142.44	này để đến ngôi lăng mộ của vị vua là con trai của Kiên Thái Vương gọi chính	@HUE	data\processed_transcripts\mY4GvHqqZ6w.json
data\raw_audio\mY4GvHqqZ6w.wav	142.44	147.56	là vua Đồng Khánh. Tuy nhiên thì trong cái khuôn khổ video này thì Huế Ru không	@HUE	data\processed_transcripts\mY4GvHqqZ6w.json
data\raw_audio\mY4GvHqqZ6w.wav	147.56	152.239	có quay cái lăng Vô Đồng Khánh cho quý vị	@HUE	data\processed_transcripts\mY4GvHqqZ6w.json
data\raw_audio\mY4GvHqqZ6w.wav	152.239	157.4	xem. Hẹn quý vị ở một số các cái video sau.	@HUE	data\processed_transcripts\mY4GvHqqZ6w.json
data\raw_audio\mY4GvHqqZ6w.wav	157.4	161.28	Còn bây giờ thì chúng ta sẽ tiến thẳng đến	@HUE	data\processed_transcripts\mY4GvHqqZ6w.json
data\raw_audio\mY4GvHqqZ6w.wav	161.28	167.84	đường dẫn vào khu lăng mộ của Kiên Thái Vương.	@HUE	data\processed_transcripts\mY4GvHqqZ6w.json
data\raw_audio\mY4GvHqqZ6w.wav	168.48	173.4	Đây được xem là một cái nhân vật cũng à khá là	@HUE	data\processed_transcripts\mY4GvHqqZ6w.json
data\raw_audio\mY4GvHqqZ6w.wav	173.4	182.599	hay bởi vì là làm ba của ba vị vua. Đồng thời thì cái kiến trúc lăng tẩm của	@HUE	data\processed_transcripts\mY4GvHqqZ6w.json
data\raw_audio\mY4GvHqqZ6w.wav	182.599	187.799	Kiên Thái Vương cũng rất chi là đặc sắc và	@HUE	data\processed_transcripts\mY4GvHqqZ6w.json
data\raw_audio\mY4GvHqqZ6w.wav	187.799	192.92	Huế Review cũng mong rằng quý vị chúng ta xem hết video để tìm hiểu được cái sự	@HUE	data\processed_transcripts\mY4GvHqqZ6w.json
data\raw_audio\mY4GvHqqZ6w.wav	192.92	199.239	độc đáo và đặc sắc đó của lăng mộ của Kiế Thái Vương.	@HUE	data\processed_transcripts\mY4GvHqqZ6w.json
data\raw_audio\mY4GvHqqZ6w.wav	200.76	205.519	Đây phía bên này là lăng của Vua Đồng Khánh.	@HUE	data\processed_transcripts\mY4GvHqqZ6w.json
data\raw_audio\mY4GvHqqZ6w.wav	205.519	211.12	Nhưng mà bây giờ chúng ta sẽ đi vào cái con đường này để đến khu lăng mộ của	@HUE	data\processed_transcripts\mY4GvHqqZ6w.json
data\raw_audio\mY4GvHqqZ6w.wav	211.12	214.519	Kiên Thái Vương. Đây là phía bên ngoài của lăng vô Đồng	@HUE	data\processed_transcripts\mY4GvHqqZ6w.json
data\raw_audio\mY4GvHqqZ6w.wav	220.879	226.519	Khánh đây quý vị. Và mộ của Kiên Thái Vương đó lăng mộ của	@HUE	data\processed_transcripts\mY4GvHqqZ6w.json
data\raw_audio\mY4GvHqqZ6w.wav	226.519	229.239	Kiên Thái Vương thì nằm ở phía bên trên kia.	@HUE	data\processed_transcripts\mY4GvHqqZ6w.json
data\raw_audio\mY4GvHqqZ6w.wav	229.239	234.48	Bây giờ mời quý vị cùng với Hế Review chúng ta lên khám phá cái ngôi lăng mộ	@HUE	data\processed_transcripts\mY4GvHqqZ6w.json
data\raw_audio\mY4GvHqqZ6w.wav	234.48	238.319	của Kiên Hải Vương nha quý vị. Vâng và để đến à khu lăng mộ của Kiên	@HUE	data\processed_transcripts\mY4GvHqqZ6w.json
data\raw_audio\mY4GvHqqZ6w.wav	243.04	249.799	Thái Vương thì quý vị sẽ men theo dọc cái con đường mòn này. Và như quý vị có	@HUE	data\processed_transcripts\mY4GvHqqZ6w.json
data\raw_audio\mY4GvHqqZ6w.wav	249.799	255.879	thể thấy rằng là ở đây khu lăng mộ được xây dựng trong một cái khuôn viên là	@HUE	data\processed_transcripts\mY4GvHqqZ6w.json
data\raw_audio\mY4GvHqqZ6w.wav	255.879	259.28	những cái đồi thông rất là mát rượi thôi quý vị.	@HUE	data\processed_transcripts\mY4GvHqqZ6w.json
data\raw_audio\mY4GvHqqZ6w.wav	259.28	267.479	Đây cũng là một cái ân huệ mà vua Đồng Khánh đã dành cho cha mình khi mà xây	@HUE	data\processed_transcripts\mY4GvHqqZ6w.json
data\raw_audio\mY4GvHqqZ6w.wav	267.479	273.44	dựng khu lăng bộ trong cuộc cái thường thông à mát lạnh như sữa Đà Lạt. Đây	@HUE	data\processed_transcripts\mY4GvHqqZ6w.json
data\raw_audio\mY4GvHqqZ6w.wav	273.44	280.36	thưa quý vị. Và cũng nói qua vua cũng nói qua Kiêu	@HUE	data\processed_transcripts\mY4GvHqqZ6w.json
data\raw_audio\mY4GvHqqZ6w.wav	280.36	288.52	Thái Vương thì Kiêu Thái Vương tên thật là Nguyễn Phúc Hồng Cai.	@HUE	data\processed_transcripts\mY4GvHqqZ6w.json
data\raw_audio\mY4GvHqqZ6w.wav	288.52	294.4	Ông sinh năm 1845 và mức năm 1871	@HUE	data\processed_transcripts\mY4GvHqqZ6w.json
data\raw_audio\mY4GvHqqZ6w.wav	294.4	299.84	đấy. Thọ 31 tuổi cũng à gọi là mất sớm đâ quý vị. Mất khá	@HUE	data\processed_transcripts\mY4GvHqqZ6w.json
data\raw_audio\mY4GvHqqZ6w.wav	299.84	308.24	là sớm chỉ là 31 tuổi đã mất rồi. Và ông chính là ba là chính là thân phụ của ba	@HUE	data\processed_transcripts\mY4GvHqqZ6w.json
data\raw_audio\mY4GvHqqZ6w.wav	308.24	316.12	vị vua đó là vua à Kiến Phúc, Hàm Nghi và Đồng Khánh.	@HUE	data\processed_transcripts\mY4GvHqqZ6w.json
data\raw_audio\mY4GvHqqZ6w.wav	317.0	323.68	Ở đây thì quý vị còn có thể thấy là kiến trúc khu lă mộ cũng khá là đặc biệt.	@HUE	data\processed_transcripts\mY4GvHqqZ6w.json
data\raw_audio\mY4GvHqqZ6w.wav	323.68	330.199	Ở đây là cái nghi môn thưa quý vị. Đây chính được gọi là cái nghi môn tức là	@HUE	data\processed_transcripts\mY4GvHqqZ6w.json
data\raw_audio\mY4GvHqqZ6w.wav	330.199	337.28	cái cổng để đi vào lăng. Thì	@HUE	data\processed_transcripts\mY4GvHqqZ6w.json
data\raw_audio\mY4GvHqqZ6w.wav	337.28	344.4	nghi môn ở đây có một điều đặc biệt là có một cái tấm bia ngay ở giữa ng môn	@HUE	data\processed_transcripts\mY4GvHqqZ6w.json
data\raw_audio\mY4GvHqqZ6w.wav	344.4	349.919	đây. Đó,	@HUE	data\processed_transcripts\mY4GvHqqZ6w.json
data\raw_audio\mY4GvHqqZ6w.wav	350.52	355.0	đến này thì cũng có một số các cái hòa tiết được trang trí.	@HUE	data\processed_transcripts\mY4GvHqqZ6w.json
data\raw_audio\mY4GvHqqZ6w.wav	359.24	365.4	Tuy nhiên thì bây giờ quý vị có thể thấy là qua thời gian mưa gió thì các cái họa	@HUE	data\processed_transcripts\mY4GvHqqZ6w.json
data\raw_audio\mY4GvHqqZ6w.wav	365.4	370.36	tiết này cũng đã bị xuống cấp và bong tróc hết rồi.	@HUE	data\processed_transcripts\mY4GvHqqZ6w.json
data\raw_audio\mY4GvHqqZ6w.wav	370.36	375.479	Lúc trước là được trang trí bằng mẻ sành mẻ sứ. Tuy nhiên thì quý vị có thể thấy	@HUE	data\processed_transcripts\mY4GvHqqZ6w.json
data\raw_audio\mY4GvHqqZ6w.wav	375.479	381.68	là các cái mẻ sàn mẹ sứ bây giờ nó cũng bị bong tróc rất là nhiều.	@HUE	data\processed_transcripts\mY4GvHqqZ6w.json
data\raw_audio\mY4GvHqqZ6w.wav	381.919	389.56	Đấy và như cái ý nghĩa của tấm bia này và Huế Review tìm hiểu thì đây có	@HUE	data\processed_transcripts\mY4GvHqqZ6w.json
data\raw_audio\mY4GvHqqZ6w.wav	389.56	393.8	nghĩa là dịch ra là Thiên Hoàng Long Sơn.	@HUE	data\processed_transcripts\mY4GvHqqZ6w.json
data\raw_audio\mY4GvHqqZ6w.wav	393.8	399.599	Đấy và quý vị á có thể thấy là những cái họa tiết nằm ở phía bia.	@HUE	data\processed_transcripts\mY4GvHqqZ6w.json
data\raw_audio\mY4GvHqqZ6w.wav	399.599	402.759	Đây là cái con rồng đây quý vị.	@HUE	data\processed_transcripts\mY4GvHqqZ6w.json
data\raw_audio\mY4GvHqqZ6w.wav	405.759	410.84	Đây quý vị có thể thấy rõ hình hai của một con rồng.	@HUE	data\processed_transcripts\mY4GvHqqZ6w.json
data\raw_audio\mY4GvHqqZ6w.wav	410.84	416.68	Đấy, đang bay trên mây đấy, nhìn rất là đẹp. Và những cái họa tiết ở phía dưới	@HUE	data\processed_transcripts\mY4GvHqqZ6w.json
data\raw_audio\mY4GvHqqZ6w.wav	416.68	424.36	thì ở đây cũng có hai con rồng chầu. Đấy, đây là một con, đây là một con	@HUE	data\processed_transcripts\mY4GvHqqZ6w.json
data\raw_audio\mY4GvHqqZ6w.wav	424.36	427.84	chầu. Thì à	@HUE	data\processed_transcripts\mY4GvHqqZ6w.json
data\raw_audio\mY4GvHqqZ6w.wav	427.84	433.16	như quý vị cũng đã biết thì cái kiến trúc chung của tất cả các cái kiến trúc	@HUE	data\processed_transcripts\mY4GvHqqZ6w.json
data\raw_audio\mY4GvHqqZ6w.wav	433.16	438.8	của lăng ở vua chúa của triều Nguyễn thì đều được trang trí bằng những cái hóa	@HUE	data\processed_transcripts\mY4GvHqqZ6w.json
data\raw_audio\mY4GvHqqZ6w.wav	438.8	446.199	tiết là long ẩn vân là rồng à trên mây đó.	@HUE	data\processed_transcripts\mY4GvHqqZ6w.json
data\raw_audio\mY4GvHqqZ6w.wav	446.199	450.84	Và ở phía xa xa kia review thấy cũng có một	@HUE	data\processed_transcripts\mY4GvHqqZ6w.json
data\raw_audio\mY4GvHqqZ6w.wav	450.84	458.479	cái ngôi lă mộ thì đó chính là ngôi lăng mộ vợ của vua	@HUE	data\processed_transcripts\mY4GvHqqZ6w.json
data\raw_audio\mY4GvHqqZ6w.wav	458.479	463.96	Đồng Khánh là Tư Minh Lăng. Tuy nhiên thì trong khu	@HUE	data\processed_transcripts\mY4GvHqqZ6w.json
data\raw_audio\mY4GvHqqZ6w.wav	463.96	468.68	khổ hôm nay thì Huế Review muốn dẫn dắt quý vị đến với cái khu lăng mộ của Kiên	@HUE	data\processed_transcripts\mY4GvHqqZ6w.json
data\raw_audio\mY4GvHqqZ6w.wav	468.68	474.159	Thái Vương một cái khu lăng mộ mà có thể nói là cũng khá là	@HUE	data\processed_transcripts\mY4GvHqqZ6w.json
data\raw_audio\mY4GvHqqZ6w.wav	474.159	478.8	ít người biết. Thậm chí là ở Huế là cũng rất là ít	@HUE	data\processed_transcripts\mY4GvHqqZ6w.json
data\raw_audio\mY4GvHqqZ6w.wav	478.8	483.039	người đến đây để khám phá. Ở đây thì có một cái con đường à dẫn vào	@HUE	data\processed_transcripts\mY4GvHqqZ6w.json
data\raw_audio\mY4GvHqqZ6w.wav	487.44	491.319	cái khu lăng mộ của Kiên Thái Vương đây quý vị.	@HUE	data\processed_transcripts\mY4GvHqqZ6w.json
data\raw_audio\mY4GvHqqZ6w.wav	491.319	497.44	Và có thể nói cái khung cảnh xung quanh rất chi là	@HUE	data\processed_transcripts\mY4GvHqqZ6w.json
data\raw_audio\mY4GvHqqZ6w.wav	497.44	503.08	gọi là rất chi là ấm áp, rất chi là đẹp, rất chi là thơ mộng.	@HUE	data\processed_transcripts\mY4GvHqqZ6w.json
data\raw_audio\mY4GvHqqZ6w.wav	503.08	510.879	Đấy, ở đây thì Huế Ru thấy là phát hiện là có một cái đường à	@HUE	data\processed_transcripts\mY4GvHqqZ6w.json
data\raw_audio\mY4GvHqqZ6w.wav	511.319	517.279	cái đường cổng nước chảy thì nước sẽ chạy xuống cổng như thế này và sẽ lon	@HUE	data\processed_transcripts\mY4GvHqqZ6w.json
data\raw_audio\mY4GvHqqZ6w.wav	517.279	522.12	qua bên này để thoát xuống đây.	@HUE	data\processed_transcripts\mY4GvHqqZ6w.json
data\raw_audio\mY4GvHqqZ6w.wav	522.12	525.68	Đây nhìn chung thì à hệ thống học thoát nước	@HUE	data\processed_transcripts\mY4GvHqqZ6w.json
data\raw_audio\mY4GvHqqZ6w.wav	525.68	531.92	này là cũng chưa có được gọi là à khoa học cho lắm đấy. Vì nếu như mà trong	@HUE	data\processed_transcripts\mY4GvHqqZ6w.json
data\raw_audio\mY4GvHqqZ6w.wav	531.92	536.519	tương lai thì cái chỗ này nó sẽ bị sát lỡ.	@HUE	data\processed_transcripts\mY4GvHqqZ6w.json
data\raw_audio\mY4GvHqqZ6w.wav	536.519	539.959	Tuy nhiên bỏ qua cái vấn đề đó thì chúng ta cũng có thể thấy là ở đây là có một	@HUE	data\processed_transcripts\mY4GvHqqZ6w.json
data\raw_audio\mY4GvHqqZ6w.wav	539.959	543.92	cái rừng thông, rừng thông bao lao bát ngác.	@HUE	data\processed_transcripts\mY4GvHqqZ6w.json
data\raw_audio\mY4GvHqqZ6w.wav	543.92	549.72	Và cảm giác đi ở đây giống như một cái chỗ u tịch hết sức là bình yên.	@HUE	data\processed_transcripts\mY4GvHqqZ6w.json
data\raw_audio\mY4GvHqqZ6w.wav	549.72	555.12	Và trong cái thời điểm này nữa thì như quý vị thấy là dường như là không có ai	@HUE	data\processed_transcripts\mY4GvHqqZ6w.json
data\raw_audio\mY4GvHqqZ6w.wav	555.12	562.36	đến viếng những cái ngôi lăng mộ xung quanh cái à lăng đồng Khánh.	@HUE	data\processed_transcripts\mY4GvHqqZ6w.json
data\raw_audio\mY4GvHqqZ6w.wav	562.36	567.12	Đấy, >> trên kia thì cũng có một số du khách	@HUE	data\processed_transcripts\mY4GvHqqZ6w.json
data\raw_audio\mY4GvHqqZ6w.wav	567.12	572.68	cũng đến đây để viễn thâm. Tuy nhiên thì hôm nay Huế Review cũng sẽ	@HUE	data\processed_transcripts\mY4GvHqqZ6w.json
data\raw_audio\mY4GvHqqZ6w.wav	572.68	578.56	đến để pháp nhang cho cái vị kiên thái vương này	@HUE	data\processed_transcripts\mY4GvHqqZ6w.json
data\raw_audio\mY4GvHqqZ6w.wav	578.56	583.24	trước mắt quý vị đó chính là hai cái bi đình. Đây là cũng là một trong những cái	@HUE	data\processed_transcripts\mY4GvHqqZ6w.json
data\raw_audio\mY4GvHqqZ6w.wav	583.24	589.92	nét độc đáo mà cái khu lăng mộ này có được so với những cái khu lăng mộ khác	@HUE	data\processed_transcripts\mY4GvHqqZ6w.json
data\raw_audio\mY4GvHqqZ6w.wav	589.92	594.76	của các cái vua chúa triều Nguyễn. Đó là những cái khu lăng m khác thì chỉ có một	@HUE	data\processed_transcripts\mY4GvHqqZ6w.json
data\raw_audio\mY4GvHqqZ6w.wav	594.76	602.64	cái bi đỉnh. Tuy nhiên thì ở đây thì có tới tầng hai bi đỉnh. Và quý vị thấy thì	@HUE	data\processed_transcripts\mY4GvHqqZ6w.json
data\raw_audio\mY4GvHqqZ6w.wav	602.64	608.04	bi đình cũng khá là lớn. Đây quý vị nhìn cũng khá là lớn.	@HUE	data\processed_transcripts\mY4GvHqqZ6w.json
data\raw_audio\mY4GvHqqZ6w.wav	608.04	616.8	Và trong này thì cũng có cái tấm bia khác cái	@HUE	data\processed_transcripts\mY4GvHqqZ6w.json
data\raw_audio\mY4GvHqqZ6w.wav	617.2	622.399	công lao chắc có lẽ là khác cái công lao của chiên thái vương đây ở bên trong bi	@HUE	data\processed_transcripts\mY4GvHqqZ6w.json
data\raw_audio\mY4GvHqqZ6w.wav	622.399	626.76	đình vị cái tấm bia này cũng được à trang trí	@HUE	data\processed_transcripts\mY4GvHqqZ6w.json
data\raw_audio\mY4GvHqqZ6w.wav	626.76	632.2	bằng những cái họa tiết rộng giống như cái tấm bia ở ngoài nghi môn	@HUE	data\processed_transcripts\mY4GvHqqZ6w.json
data\raw_audio\mY4GvHqqZ6w.wav	632.2	635.72	vậy. Và những cái nội dung trên tấm bia cũng	@HUE	data\processed_transcripts\mY4GvHqqZ6w.json
data\raw_audio\mY4GvHqqZ6w.wav	635.72	639.92	được khắc cũng còn rất là rõ. Tuy nhiên thì quý vị thấy là	@HUE	data\processed_transcripts\mY4GvHqqZ6w.json
data\raw_audio\mY4GvHqqZ6w.wav	643.68	648.76	cái chất lượng thì nó cũng đã bị mai một theo thời gian. Hiện tại thì phong cũng	@HUE	data\processed_transcripts\mY4GvHqqZ6w.json
data\raw_audio\mY4GvHqqZ6w.wav	648.76	653.839	bám rất là nhiều. đó	@HUE	data\processed_transcripts\mY4GvHqqZ6w.json
data\raw_audio\mY4GvHqqZ6w.wav	654.04	661.959	hòa tiết trên các cái cột kèo của B Đình thì à chúng ta thấy rõ	@HUE	data\processed_transcripts\mY4GvHqqZ6w.json
data\raw_audio\mY4GvHqqZ6w.wav	661.959	668.72	đây là những cái con rồng đây những con rồng đang bay trên máy	@HUE	data\processed_transcripts\mY4GvHqqZ6w.json
data\raw_audio\mY4GvHqqZ6w.wav	670.279	675.8	so với à các cái bi đình của các cái vua chúa Triều Nguyễn á thì bi Đình của Lăng	@HUE	data\processed_transcripts\mY4GvHqqZ6w.json
data\raw_audio\mY4GvHqqZ6w.wav	675.8	681.639	Kiêu Thái Vương nhìn trung là cũng khá là đôi số và cũng khá là giống so với	@HUE	data\processed_transcripts\mY4GvHqqZ6w.json
data\raw_audio\mY4GvHqqZ6w.wav	681.639	688.8	kiến trúc của các cái bị đình à của các cái vị vua của triều nguyện	@HUE	data\processed_transcripts\mY4GvHqqZ6w.json
data\raw_audio\mY4GvHqqZ6w.wav	688.88	693.48	nhìn rất là lớn thôi quý vị. Đấy,	@HUE	data\processed_transcripts\mY4GvHqqZ6w.json
data\raw_audio\mY4GvHqqZ6w.wav	693.48	696.72	hiện tại thì các cái buồn cây, các cái buồn hoa thì như quý vị thấy cũng đã	@HUE	data\processed_transcripts\mY4GvHqqZ6w.json
data\raw_audio\mY4GvHqqZ6w.wav	696.72	702.36	được xây dựng lại, trung tu lại rồi. Trước kia thì cái khu vực này là các cái	@HUE	data\processed_transcripts\mY4GvHqqZ6w.json
data\raw_audio\mY4GvHqqZ6w.wav	707.0	715.76	buồn hoa là gạch là nó bị à vỡ vụn và kiểu như là nó bị bể ra thành nhiều mảnh	@HUE	data\processed_transcripts\mY4GvHqqZ6w.json
data\raw_audio\mY4GvHqqZ6w.wav	715.76	720.56	và xuống cấp rất là nghiêm trọng. Tuy nhiên thì khu vực này bây giờ cũng đã	@HUE	data\processed_transcripts\mY4GvHqqZ6w.json
data\raw_audio\mY4GvHqqZ6w.wav	720.56	726.519	được trùng tù. Đấy thì thì như quý vị thấy thì hai cái	@HUE	data\processed_transcripts\mY4GvHqqZ6w.json
data\raw_audio\mY4GvHqqZ6w.wav	726.519	732.76	con vật chàu hai bên bây giờ cũng đã được à xây dựng mới đấy. Tô trét lại rất	@HUE	data\processed_transcripts\mY4GvHqqZ6w.json
data\raw_audio\mY4GvHqqZ6w.wav	732.76	736.399	là mới và cái khu vực này là dường như mới được	@HUE	data\processed_transcripts\mY4GvHqqZ6w.json
data\raw_audio\mY4GvHqqZ6w.wav	736.399	740.839	trùng tu lại thôi quý vị. Còn nếu như so với trước kia thì cái khu vực này nó bị	@HUE	data\processed_transcripts\mY4GvHqqZ6w.json
data\raw_audio\mY4GvHqqZ6w.wav	740.839	744.959	xuống cấp rất là nhiều. Tuy nhiên thì bây giờ các cái bồn hoa, các cái buồn	@HUE	data\processed_transcripts\mY4GvHqqZ6w.json
data\raw_audio\mY4GvHqqZ6w.wav	744.959	754.76	cây thì cũng được trung tu, được làm mới lại và bê tông hóa ở đây thì cũng được	@HUE	data\processed_transcripts\mY4GvHqqZ6w.json
data\raw_audio\mY4GvHqqZ6w.wav	754.76	760.199	trang trí bằng các cái mẻ sanh mẻ sứ ở bên ngoài đấy.	@HUE	data\processed_transcripts\mY4GvHqqZ6w.json
data\raw_audio\mY4GvHqqZ6w.wav	760.199	764.959	Rồi các cái loại gạch chữ này nữa này. Nhìn à	@HUE	data\processed_transcripts\mY4GvHqqZ6w.json
data\raw_audio\mY4GvHqqZ6w.wav	764.959	768.839	hầu hết thì các cái công trình mà sau khi trùng tu thì Huế Review nhận thấy	@HUE	data\processed_transcripts\mY4GvHqqZ6w.json
data\raw_audio\mY4GvHqqZ6w.wav	768.839	778.04	đều sử dụng các cái loại gạch như thế này để mà trùng tu lại cả. Thì tuy nó có	@HUE	data\processed_transcripts\mY4GvHqqZ6w.json
data\raw_audio\mY4GvHqqZ6w.wav	778.04	784.04	làm mất đi một cái chút cái giá trị về cổ xưa nhưng mà nhìn khi trung tu mới	@HUE	data\processed_transcripts\mY4GvHqqZ6w.json
data\raw_audio\mY4GvHqqZ6w.wav	784.04	791.12	lại thì quý vị thấy cũng rất là bề thế, cũng rất là mới và cũng rất là đẹp.	@HUE	data\processed_transcripts\mY4GvHqqZ6w.json
data\raw_audio\mY4GvHqqZ6w.wav	791.32	796.199	Ở đây thì bên này cũng có một cái biển và	@HUE	data\processed_transcripts\mY4GvHqqZ6w.json
data\raw_audio\mY4GvHqqZ6w.wav	796.199	802.48	theo như Huế review thấy thì bình bên kia đã được trùng tu lại rồi. À	@HUE	data\processed_transcripts\mY4GvHqqZ6w.json
data\raw_audio\mY4GvHqqZ6w.wav	802.48	808.24	nhìn nó mới hơn và biến bên này thì dường như là vẫn chưa được trùng tu lại.	@HUE	data\processed_transcripts\mY4GvHqqZ6w.json
data\raw_audio\mY4GvHqqZ6w.wav	808.24	812.6	Thì quý vị có thể thấy là cái sự khác nhau giữa cụ và mới ở đây các cái họa	@HUE	data\processed_transcripts\mY4GvHqqZ6w.json
data\raw_audio\mY4GvHqqZ6w.wav	812.6	820.16	tiết là nó bị phủ mờ hết rồi đó. Toàn bộ là b bị phủ mờ bị mờ hết rồi quý	@HUE	data\processed_transcripts\mY4GvHqqZ6w.json
data\raw_audio\mY4GvHqqZ6w.wav	820.16	825.519	vị bị bong tróc hết. Chính vì vậy mà việc trung tu là cái điều hiển nhiên.	@HUE	data\processed_transcripts\mY4GvHqqZ6w.json
data\raw_audio\mY4GvHqqZ6w.wav	825.519	830.16	Tuy nhiên là chắc có lẽ là cái khu vực này bình bên này thì vẫn chưa được trùng	@HUE	data\processed_transcripts\mY4GvHqqZ6w.json
data\raw_audio\mY4GvHqqZ6w.wav	830.16	836.519	tu. Đó nhưng cái biền khi mà Huế review đọc	@HUE	data\processed_transcripts\mY4GvHqqZ6w.json
data\raw_audio\mY4GvHqqZ6w.wav	836.519	842.12	trên sách vỡ á thì có thấy tưởng tượng chừng như cái bi đình này khá là nhỏ	@HUE	data\processed_transcripts\mY4GvHqqZ6w.json
data\raw_audio\mY4GvHqqZ6w.wav	842.12	846.8	nhưng mà bây giờ khi ra thực tế thì thấy cái bi đình thật sự rất là lớn.	@HUE	data\processed_transcripts\mY4GvHqqZ6w.json
data\raw_audio\mY4GvHqqZ6w.wav	846.8	850.72	Và hai cái vi đình này hoàn toàn đối xứng nhau thôi quý vị. Hình hai thì	@HUE	data\processed_transcripts\mY4GvHqqZ6w.json
data\raw_audio\mY4GvHqqZ6w.wav	850.72	856.88	giống y chang nhau và đối xứng nhau. Ở bên này cũng có một cái tấm bia nhưng mà	@HUE	data\processed_transcripts\mY4GvHqqZ6w.json
data\raw_audio\mY4GvHqqZ6w.wav	856.88	862.6	cái tấm bia này có lẽ là không có khắc cái công đức của Thái Vương mà nó có ý	@HUE	data\processed_transcripts\mY4GvHqqZ6w.json
data\raw_audio\mY4GvHqqZ6w.wav	862.6	869.04	nghĩa gì đó bởi vì cái văn tự trên này nhìn rất là ít và nhìn rất là lớn. thì	@HUE	data\processed_transcripts\mY4GvHqqZ6w.json
data\raw_audio\mY4GvHqqZ6w.wav	869.04	876.16	chắc có thể là cái bia khắc cái ngày tháng xây dựng hay là gì đó nằm	@HUE	data\processed_transcripts\mY4GvHqqZ6w.json
data\raw_audio\mY4GvHqqZ6w.wav	876.16	885.24	ở trên này đó thưa quý vị thì quý vị nào có biết chữ hát thì có thể dịch ra giúp	@HUE	data\processed_transcripts\mY4GvHqqZ6w.json
data\raw_audio\mY4GvHqqZ6w.wav	885.24	891.079	Huế Review và quý vị khán giả trên kênh Huế Review có thể hiểu được	@HUE	data\processed_transcripts\mY4GvHqqZ6w.json
data\raw_audio\mY4GvHqqZ6w.wav	891.079	900.0	đâ ngay cái chân đế chưa quý vị thấy là cũng là họa tiết rồng đấy rất chi là ạ.	@HUE	data\processed_transcripts\mY4GvHqqZ6w.json
data\raw_audio\mY4GvHqqZ6w.wav	900.0	908.04	Và bên trong như ở đây thì có vẻ là nó hư hại nhiều hơn so ở bên kia. Đấy.	@HUE	data\processed_transcripts\mY4GvHqqZ6w.json
data\raw_audio\mY4GvHqqZ6w.wav	908.12	914.639	Đây. Ở đây cũng có một số bà con là đến đây là khắc chữ tùm lum.	@HUE	data\processed_transcripts\mY4GvHqqZ6w.json
data\raw_audio\mY4GvHqqZ6w.wav	914.639	919.279	Do đó là cái cái mà bảo vệ các cái di tích này cũng rất chi là khó. Quan trọng	@HUE	data\processed_transcripts\mY4GvHqqZ6w.json
data\raw_audio\mY4GvHqqZ6w.wav	919.279	922.24	là vẫn là ý thức của người dân nữa thô quý vị.	@HUE	data\processed_transcripts\mY4GvHqqZ6w.json
data\raw_audio\mY4GvHqqZ6w.wav	922.24	928.519	Đây nhà tình yêu của anh này đây. Nhìn	@HUE	data\processed_transcripts\mY4GvHqqZ6w.json
data\raw_audio\mY4GvHqqZ6w.wav	928.519	933.16	không biết là là nhân vật nào nhưng mà có lẽ là	@HUE	data\processed_transcripts\mY4GvHqqZ6w.json
data\raw_audio\mY4GvHqqZ6w.wav	933.16	941.6	A B C D đủ thứ trên đây quý vị có thể thấy đọc rất là rõ luôn. Và việc mà	@HUE	data\processed_transcripts\mY4GvHqqZ6w.json
data\raw_audio\mY4GvHqqZ6w.wav	941.6	945.68	làm như thế này cũng là một trong những cái	@HUE	data\processed_transcripts\mY4GvHqqZ6w.json
data\raw_audio\mY4GvHqqZ6w.wav	945.68	951.88	quá trình làm cho hư hại các cái di tích. Đấy.	@HUE	data\processed_transcripts\mY4GvHqqZ6w.json
data\raw_audio\mY4GvHqqZ6w.wav	952.759	957.68	Và tiếp theo cái bờ cấp thì chúng ta sẽ đến cái khu	@HUE	data\processed_transcripts\mY4GvHqqZ6w.json
data\raw_audio\mY4GvHqqZ6w.wav	957.68	961.48	vực Bổ Thành. Và Bũ Thành bây giờ cũng được trung tu	@HUE	data\processed_transcripts\mY4GvHqqZ6w.json
data\raw_audio\mY4GvHqqZ6w.wav	961.48	968.0	mới luôn quý vị. Đấy, mới quét sơn mới rồi xây bỏ gạch mới, tường mới luôn.	@HUE	data\processed_transcripts\mY4GvHqqZ6w.json
data\raw_audio\mY4GvHqqZ6w.wav	968.0	973.6	Đây bây giờ toàn bộ là được trung tu cái khu vực bên trong rồi.	@HUE	data\processed_transcripts\mY4GvHqqZ6w.json
data\raw_audio\mY4GvHqqZ6w.wav	973.6	979.639	À ở đây còn à không biết thì các cái đầu trụ này	@HUE	data\processed_transcripts\mY4GvHqqZ6w.json
data\raw_audio\mY4GvHqqZ6w.wav	979.639	984.319	có được à làm mới hay không. Đấy nhưng mà những	@HUE	data\processed_transcripts\mY4GvHqqZ6w.json
data\raw_audio\mY4GvHqqZ6w.wav	984.319	990.68	cái họa tiết như là các cái gạch này đây thì đây quý vị thấy gạch cũ gạch mới	@HUE	data\processed_transcripts\mY4GvHqqZ6w.json
data\raw_audio\mY4GvHqqZ6w.wav	990.68	994.959	hoàn toàn nó khác nhau thôi quý vị. Bên này là gật nhám, còn bên này là gật	@HUE	data\processed_transcripts\mY4GvHqqZ6w.json
data\raw_audio\mY4GvHqqZ6w.wav	994.959	999.6	bóng. Đấy,	@HUE	data\processed_transcripts\mY4GvHqqZ6w.json
data\raw_audio\mY4GvHqqZ6w.wav	1003.519	1006.88	đây cũng được trồng một số cái cây mai rồi.	@HUE	data\processed_transcripts\mY4GvHqqZ6w.json
data\raw_audio\mY4GvHqqZ6w.wav	1006.88	1011.68	Đây là quý vị thấy là khu vực bũ thần phía bên ngoài. Nhìn một cách tổng thể	@HUE	data\processed_transcripts\mY4GvHqqZ6w.json
data\raw_audio\mY4GvHqqZ6w.wav	1011.68	1016.6	thì có hai bổ thành, bổ thần ngoài và bổ thần trong.	@HUE	data\processed_transcripts\mY4GvHqqZ6w.json
data\raw_audio\mY4GvHqqZ6w.wav	1016.6	1022.8	Đấy, phía tiếp theo của Bổ Thành là những cây buồn hoa. Đấy, những buồn cây.	@HUE	data\processed_transcripts\mY4GvHqqZ6w.json
data\raw_audio\mY4GvHqqZ6w.wav	1022.8	1028.319	Ở đây thì được trồng hai cây mai vàng. Ở đây chắc là Hoàng Mai Sử Huế đây. Đấy.	@HUE	data\processed_transcripts\mY4GvHqqZ6w.json
data\raw_audio\mY4GvHqqZ6w.wav	1028.319	1031.88	Và tiếp theo cái bũ thành đó chính là một cái bức bình phong.	@HUE	data\processed_transcripts\mY4GvHqqZ6w.json
data\raw_audio\mY4GvHqqZ6w.wav	1031.88	1037.6	Và chúng ta sẽ tham qua cái bức bình phong đây.	@HUE	data\processed_transcripts\mY4GvHqqZ6w.json
data\raw_audio\mY4GvHqqZ6w.wav	1040.88	1047.88	Đấy, cái họa tiết trang trí của bức bình phong à nhìn rất nhiều chữ khò đây. Và	@HUE	data\processed_transcripts\mY4GvHqqZ6w.json
data\raw_audio\mY4GvHqqZ6w.wav	1047.88	1052.16	có một cái điều đặc biệt là quý vị có thể thấy là cái bức bình phong này nó	@HUE	data\processed_transcripts\mY4GvHqqZ6w.json
data\raw_audio\mY4GvHqqZ6w.wav	1052.16	1057.64	rất là thấp, thấp hơn nhiều so với những cái bình phong mà à ở các cái lăng của	@HUE	data\processed_transcripts\mY4GvHqqZ6w.json
data\raw_audio\mY4GvHqqZ6w.wav	1057.64	1065.48	vua chúa, thậm chí là các cái lăng của à nữ nhân trong triều Đình Nhà Nguyễn. Thì	@HUE	data\processed_transcripts\mY4GvHqqZ6w.json
data\raw_audio\mY4GvHqqZ6w.wav	1065.48	1069.84	không biết đây là một cái ý đồ như thế nào nhưng mà ngay cái hòa tiết trang trí	@HUE	data\processed_transcripts\mY4GvHqqZ6w.json
data\raw_audio\mY4GvHqqZ6w.wav	1069.84	1074.2	không là quý vị cũng có thể thấy là ở đây là có một con rồng này mà nhưng mà	@HUE	data\processed_transcripts\mY4GvHqqZ6w.json
data\raw_audio\mY4GvHqqZ6w.wav	1074.2	1082.679	được xây dựng và được à đây được trang trí bằng các cái men sứ	@HUE	data\processed_transcripts\mY4GvHqqZ6w.json
data\raw_audio\mY4GvHqqZ6w.wav	1082.679	1088.2	đó nhìn rất là đẹp. Ở đây là những cái án mây. Ở đây là các	@HUE	data\processed_transcripts\mY4GvHqqZ6w.json
data\raw_audio\mY4GvHqqZ6w.wav	1088.2	1093.919	cái chữ thò đây. Đấy quá đẹp quý vị.	@HUE	data\processed_transcripts\mY4GvHqqZ6w.json
data\raw_audio\mY4GvHqqZ6w.wav	1093.919	1099.799	Chắc là cái vôi này sơn này thì mới được quẹt mới rồi. Và chắc chắn là sau này là	@HUE	data\processed_transcripts\mY4GvHqqZ6w.json
data\raw_audio\mY4GvHqqZ6w.wav	1099.799	1105.12	cái khu vực này cũng là được đưa vào trong một cái tu du lịch của các cái di	@HUE	data\processed_transcripts\mY4GvHqqZ6w.json
data\raw_audio\mY4GvHqqZ6w.wav	1105.12	1111.08	tích. Bởi vì bên kia là lăng Đồng Khánh. Sau lăng Đồng Khánh thì có lăng của vợ	@HUE	data\processed_transcripts\mY4GvHqqZ6w.json
data\raw_audio\mY4GvHqqZ6w.wav	1111.08	1116.0	vua Đồng Khánh. Và bây giờ là lăng này là lăng của ba vua Đồng Khánh luôn. Đấy.	@HUE	data\processed_transcripts\mY4GvHqqZ6w.json
data\raw_audio\mY4GvHqqZ6w.wav	1116.0	1120.88	Cha của vua Đồng Khánh là Kiên Thái Vương.	@HUE	data\processed_transcripts\mY4GvHqqZ6w.json
data\raw_audio\mY4GvHqqZ6w.wav	1122.52	1127.0	Quý vị cũng có thể chiêm ngược lại những cái hóa tiết. Bây giờ những cái hóa tiết	@HUE	data\processed_transcripts\mY4GvHqqZ6w.json
data\raw_audio\mY4GvHqqZ6w.wav	1127.0	1136.2	này nhìn cũng khá là mới rồi. Đây đó. Đây là có một con rồng	@HUE	data\processed_transcripts\mY4GvHqqZ6w.json
data\raw_audio\mY4GvHqqZ6w.wav	1136.2	1142.64	rồng ngầm viên ngọc đây quý vị này. Đó nhìn rất là đẹp.	@HUE	data\processed_transcripts\mY4GvHqqZ6w.json
data\raw_audio\mY4GvHqqZ6w.wav	1143.6	1149.64	Và mộ của Kiên Thái Vương nằm trong một cái khu vực hết sức là yên tĩnh và tỉnh	@HUE	data\processed_transcripts\mY4GvHqqZ6w.json
data\raw_audio\mY4GvHqqZ6w.wav	1149.64	1154.08	mịch. Và nếu như mà cái thời điểm mà khoảng	@HUE	data\processed_transcripts\mY4GvHqqZ6w.json
data\raw_audio\mY4GvHqqZ6w.wav	1154.08	1159.24	gần hoàng hôn khi quý vị tới đây thì quý vị cảm nhận được cái sự dương tịch đó.	@HUE	data\processed_transcripts\mY4GvHqqZ6w.json
data\raw_audio\mY4GvHqqZ6w.wav	1159.24	1165.08	Ở đây quý vị cũng có thể chiêm ngưỡng một cái tác phẩm, một cái con rồng rất	@HUE	data\processed_transcripts\mY4GvHqqZ6w.json
data\raw_audio\mY4GvHqqZ6w.wav	1165.08	1171.0	là đẹp. Đây một cái chú rồng ngoảnh đầu đấy.	@HUE	data\processed_transcripts\mY4GvHqqZ6w.json
data\raw_audio\mY4GvHqqZ6w.wav	1171.0	1180.799	Và không biết à quý vị có bao giờ quan sát kỹ những cái hình trên à các cái	@HUE	data\processed_transcripts\mY4GvHqqZ6w.json
data\raw_audio\mY4GvHqqZ6w.wav	1180.799	1184.6	công trình mà liên quan tới kiến trúc của vua chú Triều Nguyện hay chưa. Thì	@HUE	data\processed_transcripts\mY4GvHqqZ6w.json
data\raw_audio\mY4GvHqqZ6w.wav	1184.6	1189.28	quý vị thấy là con rồng này á có tới tầng năm móng.	@HUE	data\processed_transcripts\mY4GvHqqZ6w.json
data\raw_audio\mY4GvHqqZ6w.wav	1189.28	1195.6	Đấy, bình thường thì rồng chỉ có bốn móng thôi nhưng mà rồng của kiến trúc	@HUE	data\processed_transcripts\mY4GvHqqZ6w.json
data\raw_audio\mY4GvHqqZ6w.wav	1195.6	1200.24	cung đình chều nguyện trang trí ở đây thì có tới tầng năm móng.	@HUE	data\processed_transcripts\mY4GvHqqZ6w.json
data\raw_audio\mY4GvHqqZ6w.wav	1200.24	1208.6	Nó tượng trưng cho à một cái quyền lực đây, quyền lực của vương triều.	@HUE	data\processed_transcripts\mY4GvHqqZ6w.json
data\raw_audio\mY4GvHqqZ6w.wav	1208.6	1213.12	Và đây những cái họa tiết này thì thực sự	@HUE	data\processed_transcripts\mY4GvHqqZ6w.json
data\raw_audio\mY4GvHqqZ6w.wav	1213.12	1219.4	mà nói là ở những cái lăng khác thì Huy Riew vẫn chưa có thấy. Nhưng ở đây thì	@HUE	data\processed_transcripts\mY4GvHqqZ6w.json
data\raw_audio\mY4GvHqqZ6w.wav	1219.4	1225.72	có rất nhiều các cái bình hoa này. Đấy nhìn rất là đẹp.	@HUE	data\processed_transcripts\mY4GvHqqZ6w.json
data\raw_audio\mY4GvHqqZ6w.wav	1225.72	1233.72	Quý vị cũng để ý kỹ ở đây có các cái dĩa các cái dĩa men sứ trang trí ở ngay cái	@HUE	data\processed_transcripts\mY4GvHqqZ6w.json
data\raw_audio\mY4GvHqqZ6w.wav	1233.72	1239.08	khu vực Bổ Thành. Thì những cái công trình nằm ở trong cái men sứ này thì quý	@HUE	data\processed_transcripts\mY4GvHqqZ6w.json
data\raw_audio\mY4GvHqqZ6w.wav	1239.08	1244.28	vị có thể thấy là không biết thì thật sự mà nói là Huế	@HUE	data\processed_transcripts\mY4GvHqqZ6w.json
data\raw_audio\mY4GvHqqZ6w.wav	1244.28	1249.76	Review cũng biết là cái chỗ này chỗ này là chỗ nào, nằm ở nước nào nhưng mà	@HUE	data\processed_transcripts\mY4GvHqqZ6w.json
data\raw_audio\mY4GvHqqZ6w.wav	1249.76	1253.48	không biết thì quý vị khán giả đoán xem thử là nó nằm ở đâu. Quý vị có thể	@HUE	data\processed_transcripts\mY4GvHqqZ6w.json
data\raw_audio\mY4GvHqqZ6w.wav	1253.48	1257.4	comment phía dưới video với những cái họa tiết này nhìn rất là lạ thôi quý vị.	@HUE	data\processed_transcripts\mY4GvHqqZ6w.json
data\raw_audio\mY4GvHqqZ6w.wav	1257.4	1263.36	Đấy chắc chắn sẽ rất là lạ. Đây những cái công trình nó như thế này.	@HUE	data\processed_transcripts\mY4GvHqqZ6w.json
data\raw_audio\mY4GvHqqZ6w.wav	1263.36	1267.48	Đó. Nhìn rất là đẹp.	@HUE	data\processed_transcripts\mY4GvHqqZ6w.json
data\raw_audio\mY4GvHqqZ6w.wav	1267.48	1274.32	Cái này thì nhìn như là mới đây. Mới này. Còn cái này là cũ này. Cho	@HUE	data\processed_transcripts\mY4GvHqqZ6w.json
data\raw_audio\mY4GvHqqZ6w.wav	1274.32	1281.159	nên là mới là có xi măng gắn vào. Đây. Bên trên cũng có hai con kỳ lưng.	@HUE	data\processed_transcripts\mY4GvHqqZ6w.json
data\raw_audio\mY4GvHqqZ6w.wav	1281.159	1287.4	Hai chú kỳ lưng ngự ở trên cái khu vực cổng của Bổ Thành.	@HUE	data\processed_transcripts\mY4GvHqqZ6w.json
data\raw_audio\mY4GvHqqZ6w.wav	1289.039	1294.32	Chúng ta qua bên này để xem thử hai cái đĩa bên này nó sẽ như thế nào. Đây cái	@HUE	data\processed_transcripts\mY4GvHqqZ6w.json
data\raw_audio\mY4GvHqqZ6w.wav	1294.32	1299.799	kiến trúc lăng hết sức là đối xứng thôi quý vị. Đối xứng cực kỳ luôn.	@HUE	data\processed_transcripts\mY4GvHqqZ6w.json
data\raw_audio\mY4GvHqqZ6w.wav	1299.799	1302.96	Đây bên này cũng cái cái đĩa như thế này.	@HUE	data\processed_transcripts\mY4GvHqqZ6w.json
data\raw_audio\mY4GvHqqZ6w.wav	1302.96	1308.24	À rõ ràng là chúng tôi thấy là đĩa bên này là đĩa cũ đĩa này là đĩa mới. Chắc	@HUE	data\processed_transcripts\mY4GvHqqZ6w.json
data\raw_audio\mY4GvHqqZ6w.wav	1308.24	1311.799	có lẽ là nó bong tróc và nó rớt ra nó bể rồi hay sao?	@HUE	data\processed_transcripts\mY4GvHqqZ6w.json
data\raw_audio\mY4GvHqqZ6w.wav	1311.799	1314.799	Đấy. Đây còn cái địa cũ này quý vị thấy	@HUE	data\processed_transcripts\mY4GvHqqZ6w.json
data\raw_audio\mY4GvHqqZ6w.wav	1317.84	1321.08	không phải là người Việt Nam này. Hình ảnh này không phải là ở Việt Nam là chắc	@HUE	data\processed_transcripts\mY4GvHqqZ6w.json
data\raw_audio\mY4GvHqqZ6w.wav	1321.08	1326.24	chắc chắn luôn. Đấy thì quý vị suy nghĩ đi. Quý vị suy nghĩ đoán và suy nghĩ	@HUE	data\processed_transcripts\mY4GvHqqZ6w.json
data\raw_audio\mY4GvHqqZ6w.wav	1326.24	1331.48	comment phía dưới video những hình ảnh này là nằm ở nước nào.	@HUE	data\processed_transcripts\mY4GvHqqZ6w.json
data\raw_audio\mY4GvHqqZ6w.wav	1331.48	1335.88	Bởi vì cái những hình ảnh này nó cũng có liên quan tới cái thời thế mà lúc đó vua	@HUE	data\processed_transcripts\mY4GvHqqZ6w.json
data\raw_audio\mY4GvHqqZ6w.wav	1335.88	1340.24	Đồng Khánh ngự trị. Đây bước vào cổng của bộ thần đây quý	@HUE	data\processed_transcripts\mY4GvHqqZ6w.json
data\raw_audio\mY4GvHqqZ6w.wav	1343.36	1347.44	vị. Ở đây á so với	@HUE	data\processed_transcripts\mY4GvHqqZ6w.json
data\raw_audio\mY4GvHqqZ6w.wav	1347.44	1351.559	những cái khu vực lăng mùa khác thì quý vị thấy á cái khu vực Bửu Thành này là	@HUE	data\processed_transcripts\mY4GvHqqZ6w.json
data\raw_audio\mY4GvHqqZ6w.wav	1351.559	1355.88	chỉ có một cái bản hiệu phía trên thôi. Nhưng mà ở đây là có tới hai bản đây.	@HUE	data\processed_transcripts\mY4GvHqqZ6w.json
data\raw_audio\mY4GvHqqZ6w.wav	1355.88	1360.039	Hai bản hiệu đó.	@HUE	data\processed_transcripts\mY4GvHqqZ6w.json
data\raw_audio\mY4GvHqqZ6w.wav	1360.039	1366.4	Đó là một cái điều đặc biệt. Và ở đây có rất nhiều các cái đĩa sứ được trang trí.	@HUE	data\processed_transcripts\mY4GvHqqZ6w.json
data\raw_audio\mY4GvHqqZ6w.wav	1366.4	1371.44	có rất nhiều cái đĩa xứ được à đem vào để trang trí. Ở đây quý vị cũng có thể	@HUE	data\processed_transcripts\mY4GvHqqZ6w.json
data\raw_audio\mY4GvHqqZ6w.wav	1371.44	1375.84	thấy là cái đĩa ở đây là mức rồi này. À đĩa trên	@HUE	data\processed_transcripts\mY4GvHqqZ6w.json
data\raw_audio\mY4GvHqqZ6w.wav	1375.84	1380.2	kia là nó còn nhưng mà ở đây mức này là các cái họa tiết bên này nó cũng bị bong	@HUE	data\processed_transcripts\mY4GvHqqZ6w.json
data\raw_audio\mY4GvHqqZ6w.wav	1380.2	1384.12	tróc hết rồi. Đó	@HUE	data\processed_transcripts\mY4GvHqqZ6w.json
data\raw_audio\mY4GvHqqZ6w.wav	1384.12	1387.6	bên này các cái ô học nó cũng bị bong tróc luôn.	@HUE	data\processed_transcripts\mY4GvHqqZ6w.json
data\raw_audio\mY4GvHqqZ6w.wav	1387.6	1393.6	Đấy, địa bên này thì bị bể rồi. Đây quý vị thấy là	@HUE	data\processed_transcripts\mY4GvHqqZ6w.json
data\raw_audio\mY4GvHqqZ6w.wav	1393.6	1398.559	hình ảnh nhìn rất là đẹp. Đây các cái hòa tiết	@HUE	data\processed_transcripts\mY4GvHqqZ6w.json
data\raw_audio\mY4GvHqqZ6w.wav	1402.96	1406.919	được trang trí nói chung là cũng rất là sắc xảo đấy quý vị. Rất là tinh tế. Sau	@HUE	data\processed_transcripts\mY4GvHqqZ6w.json
data\raw_audio\mY4GvHqqZ6w.wav	1406.919	1412.24	cái bổ thàh ngoại là đi vào là chúng ta thấy một cái bức bên phong.	@HUE	data\processed_transcripts\mY4GvHqqZ6w.json
data\raw_audio\mY4GvHqqZ6w.wav	1412.24	1417.44	Đấy quý vị thấy chân cái bức binh phóng này	@HUE	data\processed_transcripts\mY4GvHqqZ6w.json
data\raw_audio\mY4GvHqqZ6w.wav	1417.44	1423.4	nhìn rất là đẹp. Một chỗ rồng và hai cái cung mắc	@HUE	data\processed_transcripts\mY4GvHqqZ6w.json
data\raw_audio\mY4GvHqqZ6w.wav	1423.4	1429.679	đây. Đây thủy tinh màu đây quý vị. Hai con mắt xanh lè luôn nhìn rất là đẹp	@HUE	data\processed_transcripts\mY4GvHqqZ6w.json
data\raw_audio\mY4GvHqqZ6w.wav	1429.679	1435.12	rất là sóng động. Đó và ở đây	@HUE	data\processed_transcripts\mY4GvHqqZ6w.json
data\raw_audio\mY4GvHqqZ6w.wav	1435.12	1440.12	lại tiếp tục được trang trí bằng các cái đĩa. Đấy	@HUE	data\processed_transcripts\mY4GvHqqZ6w.json
data\raw_audio\mY4GvHqqZ6w.wav	1440.12	1444.919	một chiếc thuyền này à bên này cũng những cái chiếc đĩa. Hai	@HUE	data\processed_transcripts\mY4GvHqqZ6w.json
data\raw_audio\mY4GvHqqZ6w.wav	1444.919	1451.0	cái điện này thì giống nhau n quý vị. Đấy những cái đĩa này giống nhau hết	@HUE	data\processed_transcripts\mY4GvHqqZ6w.json
data\raw_audio\mY4GvHqqZ6w.wav	1451.0	1454.0	đấy. Và a kháng bây giờ thì quý vị cũng đã	@HUE	data\processed_transcripts\mY4GvHqqZ6w.json
data\raw_audio\mY4GvHqqZ6w.wav	1456.84	1461.72	đoán ra rồi đúng không? Thì những cái đĩa này là những cái hình ảnh ở nước	@HUE	data\processed_transcripts\mY4GvHqqZ6w.json
data\raw_audio\mY4GvHqqZ6w.wav	1461.72	1465.96	Pháp đấy. Và vị vua Đồng Khánh của chúng ta là một	@HUE	data\processed_transcripts\mY4GvHqqZ6w.json
data\raw_audio\mY4GvHqqZ6w.wav	1465.96	1471.64	cái vị vua cũng à rất là bất lực trước cái thời thế.	@HUE	data\processed_transcripts\mY4GvHqqZ6w.json
data\raw_audio\mY4GvHqqZ6w.wav	1471.64	1481.919	Chính vì vậy mà lúc đó thì thực dân Pháp đang đô hộ nước ta. Chính vì vậy mà ừ	@HUE	data\processed_transcripts\mY4GvHqqZ6w.json
data\raw_audio\mY4GvHqqZ6w.wav	1481.919	1487.279	cũng không làm gì hơn được. Và	@HUE	data\processed_transcripts\mY4GvHqqZ6w.json
data\raw_audio\mY4GvHqqZ6w.wav	1487.279	1491.36	chính vì vậy mà có những cái đĩa như thế này xuất hiện ở lăng mộ của Kiên Thái	@HUE	data\processed_transcripts\mY4GvHqqZ6w.json
data\raw_audio\mY4GvHqqZ6w.wav	1491.36	1496.52	Vương. Bởi vì lúc đó thì kiến trúc của Pháp được xem như là một loại kiến trúc	@HUE	data\processed_transcripts\mY4GvHqqZ6w.json
data\raw_audio\mY4GvHqqZ6w.wav	1496.52	1501.2	hết sức là đẹp. Đấy. Nhìn vào bên nhìn ở phía trong của	@HUE	data\processed_transcripts\mY4GvHqqZ6w.json
data\raw_audio\mY4GvHqqZ6w.wav	1501.2	1507.44	cổng bộ Thần chúng ta cũng thấy có một cái nét đẹp huyền ảo lung linh và u tịch	@HUE	data\processed_transcripts\mY4GvHqqZ6w.json
data\raw_audio\mY4GvHqqZ6w.wav	1507.44	1511.679	đây. Vâng. À và có một cái điều à đặc biệt mà	@HUE	data\processed_transcripts\mY4GvHqqZ6w.json
data\raw_audio\mY4GvHqqZ6w.wav	1511.679	1519.0	Huế Review cũng muốn chia sẻ với quý vị đó chính là à vị Kiên Thái Vương này.	@HUE	data\processed_transcripts\mY4GvHqqZ6w.json
data\raw_audio\mY4GvHqqZ6w.wav	1519.0	1527.96	Đấy ngày xưa thì được vua Từ Đức rất là coi trọng bởi à cái sự ham học hỏi và	@HUE	data\processed_transcripts\mY4GvHqqZ6w.json
data\raw_audio\mY4GvHqqZ6w.wav	1527.96	1535.279	tìm tòi về kiến thức. Chính vì vậy mà vua Tử Đức đã phong làm Kiên Quốc Vương.	@HUE	data\processed_transcripts\mY4GvHqqZ6w.json
data\raw_audio\mY4GvHqqZ6w.wav	1535.279	1540.0	Thì à cũng trong thời gian đó cũng trong cái	@HUE	data\processed_transcripts\mY4GvHqqZ6w.json
data\raw_audio\mY4GvHqqZ6w.wav	1540.0	1545.36	thời gian đó thì vua Tử Đức đã phong con trai của con trai đầu của ông là vua	@HUE	data\processed_transcripts\mY4GvHqqZ6w.json
data\raw_audio\mY4GvHqqZ6w.wav	1545.36	1552.32	Đồng Khánh sau này làm con tr con nuôi. Bởi vì như quý vị biết thì vua Tử Đức là	@HUE	data\processed_transcripts\mY4GvHqqZ6w.json
data\raw_audio\mY4GvHqqZ6w.wav	1552.32	1557.24	không có con nối giỏi. Chính vì vậy mà phải nhận con nuôi. Vua Kiến Phúc là một	@HUE	data\processed_transcripts\mY4GvHqqZ6w.json
data\raw_audio\mY4GvHqqZ6w.wav	1557.24	1563.2	cái vị vua cũng là con trai cùng cha khác mẹ với vua Đồng Khánh. Và vua Kiến	@HUE	data\processed_transcripts\mY4GvHqqZ6w.json
data\raw_audio\mY4GvHqqZ6w.wav	1563.2	1568.279	Phúc cũng là một cái vị vua mà được vua Tự Đức hết sức là ưu ái bởi vì vua Kiến	@HUE	data\processed_transcripts\mY4GvHqqZ6w.json
data\raw_audio\mY4GvHqqZ6w.wav	1568.279	1573.88	Phúc là một người hết sức là nhân từ. Tuy nhiên thời thế cũng 8 tháng thì vua	@HUE	data\processed_transcripts\mY4GvHqqZ6w.json
data\raw_audio\mY4GvHqqZ6w.wav	1573.88	1582.0	kiến Phúc đã cũng bị phế trúc rồi. Sau vua kiến Phúc là vua Hàm Nghi	@HUE	data\processed_transcripts\mY4GvHqqZ6w.json
data\raw_audio\mY4GvHqqZ6w.wav	1582.0	1586.52	thì như lúc nãy Huế Review cũng đã từng chia sẻ với quý vị. Và chắc có lẽ bây	@HUE	data\processed_transcripts\mY4GvHqqZ6w.json
data\raw_audio\mY4GvHqqZ6w.wav	1586.52	1591.52	giờ thì mời quý vị chúng ta tiếp tục vào phía bên bổ thành bên trong bổ thành	@HUE	data\processed_transcripts\mY4GvHqqZ6w.json
data\raw_audio\mY4GvHqqZ6w.wav	1591.52	1598.679	trong để chúng ta khám phá cái ngôi lăng mộ của vị Kiên Thái Vương này.	@HUE	data\processed_transcripts\mY4GvHqqZ6w.json
data\raw_audio\mY4GvHqqZ6w.wav	1598.679	1604.48	Và chắc hẳn là quý vị cũng đã từng nghe một cái câu thơ rất là nổi tiếng nói về	@HUE	data\processed_transcripts\mY4GvHqqZ6w.json
data\raw_audio\mY4GvHqqZ6w.wav	1604.48	1610.279	vị Kiên Thái Vương này. Đó chính là một nhà sinh đặng ba vua, vua còn vua	@HUE	data\processed_transcripts\mY4GvHqqZ6w.json
data\raw_audio\mY4GvHqqZ6w.wav	1610.279	1616.12	mất, vua thua chạy dài. Vua còn là nói đến vua Đồng Khánh, vua mất nói đến vua	@HUE	data\processed_transcripts\mY4GvHqqZ6w.json
data\raw_audio\mY4GvHqqZ6w.wav	1616.12	1623.12	Kiếm Phúc và vua thua trải dài đó chính là vua Hàm Nghi đấy. Và đây chính là cái	@HUE	data\processed_transcripts\mY4GvHqqZ6w.json
data\raw_audio\mY4GvHqqZ6w.wav	1623.12	1630.679	khu vực à lăng ngộ chôn Kiên Thái Vương. Quý vị thấy	@HUE	data\processed_transcripts\mY4GvHqqZ6w.json
data\raw_audio\mY4GvHqqZ6w.wav	1630.679	1637.039	rất sơ xài nhưng mà cũng tỏ ra một cái thần thái của vương giả. Đây quý vị. Đây	@HUE	data\processed_transcripts\mY4GvHqqZ6w.json
data\raw_audio\mY4GvHqqZ6w.wav	1637.039	1642.12	quý vị có thể quan sát kỹ. Đó hiện tại thì Huế Review đang đứng	@HUE	data\processed_transcripts\mY4GvHqqZ6w.json
data\raw_audio\mY4GvHqqZ6w.wav	1642.12	1648.0	cạnh án Hương Thờ và cái lăng mộ của Kiên Thái Vương đây quý vị. Thì bây giờ	@HUE	data\processed_transcripts\mY4GvHqqZ6w.json
data\raw_audio\mY4GvHqqZ6w.wav	1648.0	1651.32	Huế Review sẽ để cho quý vị thấy rõ hơn và Huế Review cũng sẽ thấp một cái nén	@HUE	data\processed_transcripts\mY4GvHqqZ6w.json
data\raw_audio\mY4GvHqqZ6w.wav	1651.32	1656.6	nhang để an ủi vong linh của người. đã hội trị tổ bác	@HUE	data\processed_transcripts\mY4GvHqqZ6w.json
data\raw_audio\mY4GvHqqZ6w.wav	1673.44	1678.84	đồ hộ tr >> vâng và vừa lúc nãy thì Huế R cũng đã	@HUE	data\processed_transcripts\mY4GvHqqZ6w.json
data\raw_audio\mY4GvHqqZ6w.wav	1678.84	1685.919	dâng hương để tưởng niệm đến một cái người đã khuất cũng như là	@HUE	data\processed_transcripts\mY4GvHqqZ6w.json
data\raw_audio\mY4GvHqqZ6w.wav	1685.919	1691.6	tưởng niệm đến cha của ba vị vua đó là ba vị vua của Triều Nguyễn thưa quý vị	@HUE	data\processed_transcripts\mY4GvHqqZ6w.json
data\raw_audio\mY4GvHqqZ6w.wav	1691.6	1697.64	và như quý vị thấy thì hiện tại trong a cái thời điểm này thì các Cái ánh mặt	@HUE	data\processed_transcripts\mY4GvHqqZ6w.json
data\raw_audio\mY4GvHqqZ6w.wav	1697.64	1703.32	trời nó chiếu sáng, nó chiếu rọi vào các cái bức thành. Nó có những cái màu vàng	@HUE	data\processed_transcripts\mY4GvHqqZ6w.json
data\raw_audio\mY4GvHqqZ6w.wav	1703.32	1708.559	hết sức là đẹp thôi quý vị. Đấy, màu vàng của hoàng gia đây quý vị.	@HUE	data\processed_transcripts\mY4GvHqqZ6w.json
data\raw_audio\mY4GvHqqZ6w.wav	1708.559	1713.96	Và thưởng thức cái ánh hoàng hôn vào buổi chiều, ánh mặt trời chói rò như thế	@HUE	data\processed_transcripts\mY4GvHqqZ6w.json
data\raw_audio\mY4GvHqqZ6w.wav	1713.96	1720.72	này nhìn rất chi là tuyệt. Đấy, chiếu vào mắt. Chiếu vào mặt nhìn rất là	@HUE	data\processed_transcripts\mY4GvHqqZ6w.json
data\raw_audio\mY4GvHqqZ6w.wav	1720.72	1727.96	đẹp thưa quý vị. Đấy và bây giờ chúng ta sẽ tham quan cái	@HUE	data\processed_transcripts\mY4GvHqqZ6w.json
data\raw_audio\mY4GvHqqZ6w.wav	1727.96	1733.36	phần bên trong gọi là bổ thành nội của cái khu lăng mộ của Kiên Hải Vương nha	@HUE	data\processed_transcripts\mY4GvHqqZ6w.json
data\raw_audio\mY4GvHqqZ6w.wav	1733.36	1739.0	quý vị. Vâng và thực sự lúc nãy thì Huế Review	@HUE	data\processed_transcripts\mY4GvHqqZ6w.json
data\raw_audio\mY4GvHqqZ6w.wav	1739.0	1743.72	cũng chỉ cầu ngyện rằng là hy vọng rằng cái khu lăng mộ này sẽ được nhiều người	@HUE	data\processed_transcripts\mY4GvHqqZ6w.json
data\raw_audio\mY4GvHqqZ6w.wav	1743.72	1749.44	biết đến để có thể tới đây thấp cho à những cái con người này trong lịch sử	@HUE	data\processed_transcripts\mY4GvHqqZ6w.json
data\raw_audio\mY4GvHqqZ6w.wav	1749.44	1754.6	một cái nén hương. Như quý vị thấy thì bây giờ đây các cái mâm cúng là cũng rất	@HUE	data\processed_transcripts\mY4GvHqqZ6w.json
data\raw_audio\mY4GvHqqZ6w.wav	1754.6	1760.2	là bây giờ cũng ít người đến cúng bái. Các cái bình như thế này cũng bị sức mẻ	@HUE	data\processed_transcripts\mY4GvHqqZ6w.json
data\raw_audio\mY4GvHqqZ6w.wav	1760.2	1764.519	rất nhiều. Đây và đây là chữ đế một cái đế để mà	@HUE	data\processed_transcripts\mY4GvHqqZ6w.json
data\raw_audio\mY4GvHqqZ6w.wav	1764.519	1772.0	đựng hương án. Còn đây là chính là cái lăng mộ của Kiên Thái Vương	@HUE	data\processed_transcripts\mY4GvHqqZ6w.json
data\raw_audio\mY4GvHqqZ6w.wav	1772.0	1780.6	chỉ có hai tầng và rất chi là đơn giản không có gì cầu kỳ. Và có lẽ rằng thì à	@HUE	data\processed_transcripts\mY4GvHqqZ6w.json
data\raw_audio\mY4GvHqqZ6w.wav	1780.6	1784.88	cái sự đơn giản này nó phản ánh đúng cái bản chất, cái tính cách của con người	@HUE	data\processed_transcripts\mY4GvHqqZ6w.json
data\raw_audio\mY4GvHqqZ6w.wav	1784.88	1789.44	Kiên Thái Vương. Bởi vì theo sự nhận xét của vua Tử Đức thì Kiến Thái Vương là	@HUE	data\processed_transcripts\mY4GvHqqZ6w.json
data\raw_audio\mY4GvHqqZ6w.wav	1789.44	1796.039	một con người hết sức là bình dĩ và rất khao học hỏi. Chính vì vậy mà khu lăng	@HUE	data\processed_transcripts\mY4GvHqqZ6w.json
data\raw_audio\mY4GvHqqZ6w.wav	1796.039	1801.48	mộ của người khi được chôn chắc có lẽ cũng đã căn dặn các cái con của mình là	@HUE	data\processed_transcripts\mY4GvHqqZ6w.json
data\raw_audio\mY4GvHqqZ6w.wav	1801.48	1806.519	chỉ nên xây à theo kiểu đơn giản như thế này mà thôi. Tuy nhiên quý vị cũng có	@HUE	data\processed_transcripts\mY4GvHqqZ6w.json
data\raw_audio\mY4GvHqqZ6w.wav	1806.519	1811.84	thể thấy nó toát lên một cái vẻ vương công quỷ tộc rất là rất là lớn này.	@HUE	data\processed_transcripts\mY4GvHqqZ6w.json
data\raw_audio\mY4GvHqqZ6w.wav	1811.84	1815.919	Rất là khẳng phản phiêu nhìn rất là vuông vức.	@HUE	data\processed_transcripts\mY4GvHqqZ6w.json
data\raw_audio\mY4GvHqqZ6w.wav	1815.919	1822.76	Đấy, chỉ cần như thế này thôi là thấy cũng rất chi là à rất chi là đẹp rồi quý	@HUE	data\processed_transcripts\mY4GvHqqZ6w.json
data\raw_audio\mY4GvHqqZ6w.wav	1822.76	1827.679	vị, không cần phải quá cầu kỳ. Đây phía sau này cũng có một cái bức	@HUE	data\processed_transcripts\mY4GvHqqZ6w.json
data\raw_audio\mY4GvHqqZ6w.wav	1827.679	1833.919	bình phong. Như quý vị thấy thì ở đây nó không được trang trí bằng cái gì cả. Đó,	@HUE	data\processed_transcripts\mY4GvHqqZ6w.json
data\raw_audio\mY4GvHqqZ6w.wav	1833.919	1839.24	các cái họa tiết thì có có lẽ cũng đã được giữ nguyên đấy. Có có phần được làm	@HUE	data\processed_transcripts\mY4GvHqqZ6w.json
data\raw_audio\mY4GvHqqZ6w.wav	1839.24	1842.48	mới rồi quý vị. Đó.	@HUE	data\processed_transcripts\mY4GvHqqZ6w.json
data\raw_audio\mY4GvHqqZ6w.wav	1842.48	1847.88	Và quý vị có nhận ra là cái màu sắc chủ đạo của cái khu lăng mộ này hay không?	@HUE	data\processed_transcripts\mY4GvHqqZ6w.json
data\raw_audio\mY4GvHqqZ6w.wav	1847.88	1853.64	Còn Thủy Review thấy thì nó chỉ có hai màu chủ đạo là vàng và đỏ. Và đương	@HUE	data\processed_transcripts\mY4GvHqqZ6w.json
data\raw_audio\mY4GvHqqZ6w.wav	1853.64	1860.279	nhiên à khi lựa chọn hai cái màu này thì nó cũng có những cái ý nghĩa riêng của	@HUE	data\processed_transcripts\mY4GvHqqZ6w.json
data\raw_audio\mY4GvHqqZ6w.wav	1860.279	1867.799	nó. Nó tượng trưng cho cái thời điểm là sế chiều và con người ai cũng vậy, cũng	@HUE	data\processed_transcripts\mY4GvHqqZ6w.json
data\raw_audio\mY4GvHqqZ6w.wav	1867.799	1871.76	phải đến lúc là cũng phải rời xa thế gian.	@HUE	data\processed_transcripts\mY4GvHqqZ6w.json
data\raw_audio\mY4GvHqqZ6w.wav	1871.76	1879.399	Và nơi an vị là có những cái màu chủ đạo như thế này thì cảm thấy một cái sự vắng	@HUE	data\processed_transcripts\mY4GvHqqZ6w.json
data\raw_audio\mY4GvHqqZ6w.wav	1879.399	1886.96	lặng u tịch đó đúng chất của một cái nơi gọi là chốn cất của mình. Đấy và ở đây	@HUE	data\processed_transcripts\mY4GvHqqZ6w.json
data\raw_audio\mY4GvHqqZ6w.wav	1886.96	1890.279	có một cái điều đặc biệt ở cái bức bình phong hậu	@HUE	data\processed_transcripts\mY4GvHqqZ6w.json
data\raw_audio\mY4GvHqqZ6w.wav	1890.279	1897.679	như quý vị thấy là các cái chữ thọ được trang trí đây trang	@HUE	data\processed_transcripts\mY4GvHqqZ6w.json
data\raw_audio\mY4GvHqqZ6w.wav	1897.679	1901.919	trí chung quanh bên bên phong luôn rất là đặc biệt.	@HUE	data\processed_transcripts\mY4GvHqqZ6w.json
data\raw_audio\mY4GvHqqZ6w.wav	1901.919	1905.519	Nếu như là những cái bức binh phong ở các cái lăng mộ của vua chúa triều	@HUE	data\processed_transcripts\mY4GvHqqZ6w.json
data\raw_audio\mY4GvHqqZ6w.wav	1905.519	1910.48	Nguyễn á thì ở đây sẽ được trang trí một là rộng, hai là phượ hòa. Tuy nhiên thì	@HUE	data\processed_transcripts\mY4GvHqqZ6w.json
data\raw_audio\mY4GvHqqZ6w.wav	1910.48	1916.84	ở đây là mong muốn được trường tồn cũng như là một cái gì đó là mãi mãi được	@HUE	data\processed_transcripts\mY4GvHqqZ6w.json
data\raw_audio\mY4GvHqqZ6w.wav	1916.84	1923.6	nhiều người à nhớ đến. Chính vì vậy mà có lẽ là cũng đã làm những cái chữ thọ	@HUE	data\processed_transcripts\mY4GvHqqZ6w.json
data\raw_audio\mY4GvHqqZ6w.wav	1923.6	1926.24	như thế này để trang trí cái bức bình phong.	@HUE	data\processed_transcripts\mY4GvHqqZ6w.json
data\raw_audio\mY4GvHqqZ6w.wav	1926.24	1932.12	Đấy, ở bên này thì cái bức bình phong hậu ở bổ thàh ngoài thì quý vị cũng có	@HUE	data\processed_transcripts\mY4GvHqqZ6w.json
data\raw_audio\mY4GvHqqZ6w.wav	1932.12	1937.48	thể thấy là cũng có rồng chầu viên ngọc. Tuy nhiên thì cái bức bình phong hậu của	@HUE	data\processed_transcripts\mY4GvHqqZ6w.json
data\raw_audio\mY4GvHqqZ6w.wav	1937.48	1943.519	bụ thành trong thì lại được trang trí bằng những cái chữ chữ thọ nhìn rất	@HUE	data\processed_transcripts\mY4GvHqqZ6w.json
data\raw_audio\mY4GvHqqZ6w.wav	1943.519	1947.88	nhiều màu sắc, rất đa màu sắc, rất là đẹp.	@HUE	data\processed_transcripts\mY4GvHqqZ6w.json
data\raw_audio\mY4GvHqqZ6w.wav	1948.2	1951.96	Đây nhìn các cái trang trí ở trên các cái	@HUE	data\processed_transcripts\mY4GvHqqZ6w.json
data\raw_audio\mY4GvHqqZ6w.wav	1951.96	1957.96	trụ nó cũng cho ta một cái sự cầu kỳ hết sức	@HUE	data\processed_transcripts\mY4GvHqqZ6w.json
data\raw_audio\mY4GvHqqZ6w.wav	1957.96	1962.279	là lớn và kỹ kỹ thuật hết sức là tinh xảo. Đây quý vị làm như thế này cũng rất	@HUE	data\processed_transcripts\mY4GvHqqZ6w.json
data\raw_audio\mY4GvHqqZ6w.wav	1962.279	1970.279	là khó chứ không phải dễ. Đấy và đây là một cái điểm di tích	@HUE	data\processed_transcripts\mY4GvHqqZ6w.json
data\raw_audio\mY4GvHqqZ6w.wav	1970.279	1974.44	cần phải quảng bá rộng hơn nữa thưa quý vị.	@HUE	data\processed_transcripts\mY4GvHqqZ6w.json
data\raw_audio\mY4GvHqqZ6w.wav	1974.44	1977.6	Ở đâu chúng ta cũng có thấy những dự những cái dĩa như thế này, cái đĩa như	@HUE	data\processed_transcripts\mY4GvHqqZ6w.json
data\raw_audio\mY4GvHqqZ6w.wav	1977.6	1984.679	thế này. Chắc có lẽ là đối với Kia Thái Phương khi được an nghỉ bên cạnh à lăng	@HUE	data\processed_transcripts\mY4GvHqqZ6w.json
data\raw_audio\mY4GvHqqZ6w.wav	1984.679	1991.96	của con mình thì cũng đã được hài lòng phần nào. Và	@HUE	data\processed_transcripts\mY4GvHqqZ6w.json
data\raw_audio\mY4GvHqqZ6w.wav	1991.96	1996.6	khi được con trai của mình xây dựng một cái ngôi lăng mộ bề thế và rộng rãi như	@HUE	data\processed_transcripts\mY4GvHqqZ6w.json
data\raw_audio\mY4GvHqqZ6w.wav	1996.6	2001.159	thế này. Đấy quý vị thấy thì sau khi trùng tu thì lăng cũng nhìn cũng khá là	@HUE	data\processed_transcripts\mY4GvHqqZ6w.json
data\raw_audio\mY4GvHqqZ6w.wav	2001.159	2006.399	mới và rất là đẹp. Đây quý vị. Đây quý vị ngay cả cái vấn đề bên ngoài	@HUE	data\processed_transcripts\mY4GvHqqZ6w.json
data\raw_audio\mY4GvHqqZ6w.wav	2006.399	2011.12	không đấy. Cái việc trang trí nó được đối xứng với cái hình ở bên trong luôn.	@HUE	data\processed_transcripts\mY4GvHqqZ6w.json
data\raw_audio\mY4GvHqqZ6w.wav	2011.12	2014.88	Quá gọi là quá sức là tinh xảo nhìn rất là đẹp.	@HUE	data\processed_transcripts\mY4GvHqqZ6w.json
data\raw_audio\mY4GvHqqZ6w.wav	2014.88	2020.12	Đấy và đi ra phía ngoài này thì Huế Review cũng phát hiện có một cái bức	@HUE	data\processed_transcripts\mY4GvHqqZ6w.json
data\raw_audio\mY4GvHqqZ6w.wav	2020.12	2026.32	bình phong ở cái khu vực tường thành ở phía ngoài.	@HUE	data\processed_transcripts\mY4GvHqqZ6w.json
data\raw_audio\mY4GvHqqZ6w.wav	2026.32	2030.96	Bây giờ chúng ta sẽ xem thử cái bình phong đó nó được trang trí như thế nào.	@HUE	data\processed_transcripts\mY4GvHqqZ6w.json
data\raw_audio\mY4GvHqqZ6w.wav	2030.96	2035.76	Đứng đây thì chúng ta cũng có thể thấy là cái bức bình phong nó không có cái	@HUE	data\processed_transcripts\mY4GvHqqZ6w.json
data\raw_audio\mY4GvHqqZ6w.wav	2035.76	2039.559	trang trí gì ở giữa cả. Chỉ là những cái họa tiết đơn giản của	@HUE	data\processed_transcripts\mY4GvHqqZ6w.json
data\raw_audio\mY4GvHqqZ6w.wav	2039.559	2047.88	những cái gạch có chữ thọ thôi. Đấy cũng có hình của hai con rồng đấy. Chào ở	@HUE	data\processed_transcripts\mY4GvHqqZ6w.json
data\raw_audio\mY4GvHqqZ6w.wav	2047.88	2053.56	phía trên nhưng mà được làm theo kiểu cách điệu nhìn cũng rất là đẹp.	@HUE	data\processed_transcripts\mY4GvHqqZ6w.json
data\raw_audio\mY4GvHqqZ6w.wav	2053.56	2057.76	Đấy và cái khuôn viên cũng khá là rộng đây quý vị.	@HUE	data\processed_transcripts\mY4GvHqqZ6w.json
data\raw_audio\mY4GvHqqZ6w.wav	2057.76	2066.079	Phía sau này thì cũng được lát bằng à gạch láng như thế này.	@HUE	data\processed_transcripts\mY4GvHqqZ6w.json
data\raw_audio\mY4GvHqqZ6w.wav	2066.079	2071.96	Có cái tác dụng nó cái này nó có cái tác dụng là bảo vệ rất là tốt nha quý vị.	@HUE	data\processed_transcripts\mY4GvHqqZ6w.json
data\raw_audio\mY4GvHqqZ6w.wav	2071.96	2077.0	Bởi vì mưa gió như thế nào thì nó cũng sẽ theo cái đường trơn này, đường bóng	@HUE	data\processed_transcripts\mY4GvHqqZ6w.json
data\raw_audio\mY4GvHqqZ6w.wav	2077.0	2083.24	này là nó được à bảo được bảo quản lâu hơn những cái gì ở trong bức tường.	@HUE	data\processed_transcripts\mY4GvHqqZ6w.json
data\raw_audio\mY4GvHqqZ6w.wav	2083.24	2089.839	Đây hai con rồng chàu nhìn quá đẹp đấy. Và vừa rồi thì Huế Review cũng đã quay	@HUE	data\processed_transcripts\mY4GvHqqZ6w.json
data\raw_audio\mY4GvHqqZ6w.wav	2089.839	2095.599	cái khu vực lăng mộ của Kiên Thái Vương nổi tiếng với câu thơ đó là một nhà sinh	@HUE	data\processed_transcripts\mY4GvHqqZ6w.json
data\raw_audio\mY4GvHqqZ6w.wav	2095.599	2100.48	đặng ba vua, vua còn vua mất, vua thua trải dài	@HUE	data\processed_transcripts\mY4GvHqqZ6w.json
data\raw_audio\mY4GvHqqZ6w.wav	2100.48	2105.24	và Kim Thái Vương chính là cha của ba người vua nói trên.	@HUE	data\processed_transcripts\mY4GvHqqZ6w.json
data\raw_audio\mY4GvHqqZ6w.wav	2105.24	2114.24	một cái khu lăng mổ được trang trí cũng à có những cái nét à kiến trúc của triều	@HUE	data\processed_transcripts\mY4GvHqqZ6w.json
data\raw_audio\mY4GvHqqZ6w.wav	2114.24	2124.8	nguyện những pha lửng vào đó một số cái kiến trúc à khá là hiện đại và nhìn nó	@HUE	data\processed_transcripts\mY4GvHqqZ6w.json
data\raw_audio\mY4GvHqqZ6w.wav	2124.8	2132.16	kết hợp dung hòa rất là nhiều cái mãng kiến trúc với nhau. Đồng thời thì cái	@HUE	data\processed_transcripts\mY4GvHqqZ6w.json
data\raw_audio\mY4GvHqqZ6w.wav	2132.16	2138.32	lăng này nó có cái ý nghĩa rất là lớn trong a cái vấn đề là di tích bởi vì à	@HUE	data\processed_transcripts\mY4GvHqqZ6w.json
data\raw_audio\mY4GvHqqZ6w.wav	2138.32	2144.599	hiện tại thì nó có đã được trùng tu nhìn đẹp hơn và khang trang hơn.	@HUE	data\processed_transcripts\mY4GvHqqZ6w.json
data\raw_audio\mY4GvHqqZ6w.wav	2144.599	2150.48	Đó và chắc chắn sau này khi à quý vị bước đến cái rừng thông bao la báo ngác	@HUE	data\processed_transcripts\mY4GvHqqZ6w.json
data\raw_audio\mY4GvHqqZ6w.wav	2150.48	2156.8	này thì quý vị mong quý vị nhớ rằng ở đây cũng có một cái ngôi mộ của một cái	@HUE	data\processed_transcripts\mY4GvHqqZ6w.json
data\raw_audio\mY4GvHqqZ6w.wav	2156.8	2163.319	vị Kiên Thái Vương đang nằm heo hút ở trong cái rừng thông này và chúng ta	@HUE	data\processed_transcripts\mY4GvHqqZ6w.json
data\raw_audio\mY4GvHqqZ6w.wav	2163.319	2169.04	cũng có thể đến để dắp cho ngài một cái nảnh nhang để tưởng nhớ đến những nhân	@HUE	data\processed_transcripts\mY4GvHqqZ6w.json
data\raw_audio\mY4GvHqqZ6w.wav	2169.04	2174.599	vật lịch sử những cái nhân vật mà cũng được gọi là có công trong việc thống	@HUE	data\processed_transcripts\mY4GvHqqZ6w.json
data\raw_audio\mY4GvHqqZ6w.wav	2174.599	2180.24	nhất đất nước. Vâng và Huy Review cũng xin kết thúc video ở đây. Nếu quý vị cảm	@HUE	data\processed_transcripts\mY4GvHqqZ6w.json
data\raw_audio\mY4GvHqqZ6w.wav	2180.24	2184.56	thấy video hay và ý nghĩa thì cũng mong quý vị like chia sẻ để cho nhiều người	@HUE	data\processed_transcripts\mY4GvHqqZ6w.json
data\raw_audio\mY4GvHqqZ6w.wav	2184.56	2188.96	biết đến cái khu lăng mộ này hơn nữa. Xin kính chúc quý vị sức khỏe và bình	@HUE	data\processed_transcripts\mY4GvHqqZ6w.json
data\raw_audio\mY4GvHqqZ6w.wav	2188.96	2193.96	an. Hẹn gặp lại quý vị ở những video tiếp theo.	@HUE	data\processed_transcripts\mY4GvHqqZ6w.json
data\raw_audio\Pc6OB26aMFg.wav	0.799	5.52	Vâng, mến chào quý vị đã quay trở lại với Huế hôm nay. Quý vị và các bạn thân	@HUE	data\processed_transcripts\Pc6OB26aMFg.json
data\raw_audio\Pc6OB26aMFg.wav	5.52	11.04	mến, như vậy hôm nay đã là ngày 29 tháng 12 năm 2025. Như vậy là chúng ta chỉ còn	@HUE	data\processed_transcripts\Pc6OB26aMFg.json
data\raw_audio\Pc6OB26aMFg.wav	11.04	18.16	hai ngày nữa là sẽ kết thúc à năm cũ 2025 và bước sang năm mới 2026.	@HUE	data\processed_transcripts\Pc6OB26aMFg.json
data\raw_audio\Pc6OB26aMFg.wav	18.16	22.84	Và em đang ở cầu Lợi Nông để tiếp tục cập	@HUE	data\processed_transcripts\Pc6OB26aMFg.json
data\raw_audio\Pc6OB26aMFg.wav	22.84	29.48	nhật cho quý vị những hình ảnh mới nhất về Huế và đặc biệt là sân khấu C năm	@HUE	data\processed_transcripts\Pc6OB26aMFg.json
data\raw_audio\Pc6OB26aMFg.wav	29.48	34.96	2026. Một cái sự kiện C down chào năm mới 2026	@HUE	data\processed_transcripts\Pc6OB26aMFg.json
data\raw_audio\Pc6OB26aMFg.wav	34.96	41.2	sẽ bùng nổ ở Huế trong một cái vị trí mới.	@HUE	data\processed_transcripts\Pc6OB26aMFg.json
data\raw_audio\Pc6OB26aMFg.wav	41.2	45.8	Nguyên nhân tại vì sao em quay ở đây cho quý vị xem vì ở đây chính là khu vực	@HUE	data\processed_transcripts\Pc6OB26aMFg.json
data\raw_audio\Pc6OB26aMFg.wav	45.8	52.399	Bông Bon Huế. à nơi diễn ra cái khao đo năm 2025 à vừa	@HUE	data\processed_transcripts\Pc6OB26aMFg.json
data\raw_audio\Pc6OB26aMFg.wav	52.399	60.96	rồi đấy à tại ngay cái khu vực trung tâm ở đây đó ngay cái khu vực à vòng xoay đó	@HUE	data\processed_transcripts\Pc6OB26aMFg.json
data\raw_audio\Pc6OB26aMFg.wav	60.96	68.799	quý vị đấy và trong cái đêm đó thì thời tiết là nó không được đẹp lắm và à những	@HUE	data\processed_transcripts\Pc6OB26aMFg.json
data\raw_audio\Pc6OB26aMFg.wav	68.799	75.52	cái khu vực xung quanh thì cũng à nó chỉ nối dài một cái đường kéo dài như	@HUE	data\processed_transcripts\Pc6OB26aMFg.json
data\raw_audio\Pc6OB26aMFg.wav	75.52	81.28	thế này đó và phía các bên trong bồn cỏ đó là trời mưa do đó là nó rất là dơ.	@HUE	data\processed_transcripts\Pc6OB26aMFg.json
data\raw_audio\Pc6OB26aMFg.wav	81.28	88.6	Chính vì thế mà năm này à chuyển từ cái khu vực à Yên M à qua	@HUE	data\processed_transcripts\Pc6OB26aMFg.json
data\raw_audio\Pc6OB26aMFg.wav	88.6	94.799	một khu vực mới đó là một cái khu vực mà em cũng đã quay cho quý vị xem những	@HUE	data\processed_transcripts\Pc6OB26aMFg.json
data\raw_audio\Pc6OB26aMFg.wav	94.799	99.52	ngày qua đó chính là cái quảng trường văn hóa thể thao thành phố.	@HUE	data\processed_transcripts\Pc6OB26aMFg.json
data\raw_audio\Pc6OB26aMFg.wav	99.52	107.079	À thì bây giờ hiện tại cái sân khấu khao đào đã đến ngang đâu rồi thì bây giờ quý	@HUE	data\processed_transcripts\Pc6OB26aMFg.json
data\raw_audio\Pc6OB26aMFg.wav	107.079	111.92	vị cùng em di chuyển qua phía bên quảng trường văn hóa thể thao và đặc biệt thì	@HUE	data\processed_transcripts\Pc6OB26aMFg.json
data\raw_audio\Pc6OB26aMFg.wav	111.92	119.439	có một cái khu vực cũng sẽ bùng nổ trong đêm 30 tháng 12 tới tức là đêm mai để	@HUE	data\processed_transcripts\Pc6OB26aMFg.json
data\raw_audio\Pc6OB26aMFg.wav	119.439	125.719	chào mừng năm mới 2026 đấy và kết thúc năm 2025	@HUE	data\processed_transcripts\Pc6OB26aMFg.json
data\raw_audio\Pc6OB26aMFg.wav	125.719	132.92	một năm đầy biến động ở một cái khu vực rất là quy tụ à đông đảo à những người	@HUE	data\processed_transcripts\Pc6OB26aMFg.json
data\raw_audio\Pc6OB26aMFg.wav	132.92	137.76	bạn nước ngoài thì đó là nơi đâu thì chúng ta sẽ di chuyển qua. Quay trở lại	@HUE	data\processed_transcripts\Pc6OB26aMFg.json
data\raw_audio\Pc6OB26aMFg.wav	137.76	145.879	với cái khu vực này thì quý vị thấy là bên kia đang mới khai trương đó một cái	@HUE	data\processed_transcripts\Pc6OB26aMFg.json
data\raw_audio\Pc6OB26aMFg.wav	145.879	151.599	showroom bán xe điện. một cái hãng em cũng chưa biết tên à gọi	@HUE	data\processed_transcripts\Pc6OB26aMFg.json
data\raw_audio\Pc6OB26aMFg.wav	151.599	155.879	là một cái tên em cũng khó khó nhớ nhưng mà	@HUE	data\processed_transcripts\Pc6OB26aMFg.json
data\raw_audio\Pc6OB26aMFg.wav	155.879	160.44	hiện tại thì đã có một cái showroom xe điện và trong tương lai thì các cái	@HUE	data\processed_transcripts\Pc6OB26aMFg.json
data\raw_audio\Pc6OB26aMFg.wav	160.44	166.84	showroom xe điện này sẽ là một cái gì đó rất là thỉnh hành và sẽ mọc liên tục ở	@HUE	data\processed_transcripts\Pc6OB26aMFg.json
data\raw_audio\Pc6OB26aMFg.wav	166.84	174.0	phía thành phố Huế đấy và Huế trên bước đường ngày càng phát triển khi mà đã trở	@HUE	data\processed_transcripts\Pc6OB26aMFg.json
data\raw_audio\Pc6OB26aMFg.wav	174.0	177.319	thành thành phố Trậc Thổ Trung ương thì quý vị thấy là những cái tòa nhà cao	@HUE	data\processed_transcripts\Pc6OB26aMFg.json
data\raw_audio\Pc6OB26aMFg.wav	177.319	183.08	tầng đó những cái khu nhà ở cao cấp và sẽ mọc	@HUE	data\processed_transcripts\Pc6OB26aMFg.json
data\raw_audio\Pc6OB26aMFg.wav	183.08	187.36	lên xung quanh đây sẽ rất là nhiều. Và hiện tại ở đây thì cũng đã thành lập	@HUE	data\processed_transcripts\Pc6OB26aMFg.json
data\raw_audio\Pc6OB26aMFg.wav	187.36	195.64	các cái à công ty về bất động sản đấy. Và quý vị thấy là hiện tại Prisma của	@HUE	data\processed_transcripts\Pc6OB26aMFg.json
data\raw_audio\Pc6OB26aMFg.wav	195.64	202.519	Huế đang xây dựng một trong những cái tòa nhà rất là cao đẹp mà quý vị thấy là	@HUE	data\processed_transcripts\Pc6OB26aMFg.json
data\raw_audio\Pc6OB26aMFg.wav	202.519	207.599	nhìn rất là hoành tráng. Một cái nơi phồn hoa hoàn hảo thịnh	@HUE	data\processed_transcripts\Pc6OB26aMFg.json
data\raw_audio\Pc6OB26aMFg.wav	207.599	212.0	vượng. Đấy quý vị thấy là những cái banner	@HUE	data\processed_transcripts\Pc6OB26aMFg.json
data\raw_audio\Pc6OB26aMFg.wav	212.0	218.36	à những cái khu khẩu hiệu về cái khu vực này thì hứa hẹn ở đây sẽ ngày càng mọc	@HUE	data\processed_transcripts\Pc6OB26aMFg.json
data\raw_audio\Pc6OB26aMFg.wav	218.36	222.319	nhiều các cái tòa nhà và các cái công trình xây dựng cao tầng kiểu như thế	@HUE	data\processed_transcripts\Pc6OB26aMFg.json
data\raw_audio\Pc6OB26aMFg.wav	222.319	227.72	này. Prisma đấy. Phủ Mỹ An đó quý vị thấy là	@HUE	data\processed_transcripts\Pc6OB26aMFg.json
data\raw_audio\Pc6OB26aMFg.wav	227.72	231.36	một trong những cái công trình có thể nói là	@HUE	data\processed_transcripts\Pc6OB26aMFg.json
data\raw_audio\Pc6OB26aMFg.wav	231.36	239.68	sẽ bọc bực bức phá trong năm 2026. Và ở đây là	@HUE	data\processed_transcripts\Pc6OB26aMFg.json
data\raw_audio\Pc6OB26aMFg.wav	239.68	243.879	à khu quy hoạch đấy áo ương dương. Một	@HUE	data\processed_transcripts\Pc6OB26aMFg.json
data\raw_audio\Pc6OB26aMFg.wav	243.879	248.519	trong những cái khu quy hoạch mà có thể nói là sẽ	@HUE	data\processed_transcripts\Pc6OB26aMFg.json
data\raw_audio\Pc6OB26aMFg.wav	248.519	255.4	bừng sáng trong những năm tới có thể là đến 2030 thì ở đây sẽ đổi khác hoàn	@HUE	data\processed_transcripts\Pc6OB26aMFg.json
data\raw_audio\Pc6OB26aMFg.wav	255.4	259.0	toàn. Quý vị thấy là xung quanh ở đây thì vẫn	@HUE	data\processed_transcripts\Pc6OB26aMFg.json
data\raw_audio\Pc6OB26aMFg.wav	259.0	267.04	còn rất nhiều những cái khoản đất ruộng đấy thì khả năng là sẽ được sang lập và	@HUE	data\processed_transcripts\Pc6OB26aMFg.json
data\raw_audio\Pc6OB26aMFg.wav	267.04	271.72	quy hoạch vào các khu vực đô thị cao cấp như kiểu như thế này. Và đây chính là	@HUE	data\processed_transcripts\Pc6OB26aMFg.json
data\raw_audio\Pc6OB26aMFg.wav	271.72	278.8	một trong những cái nơi mà à giới thường lưu người ta có thể nhòm tới đấy ở cái	@HUE	data\processed_transcripts\Pc6OB26aMFg.json
data\raw_audio\Pc6OB26aMFg.wav	278.8	283.12	khu vực Huế. Thì mong rằng với cái định hướng phát	@HUE	data\processed_transcripts\Pc6OB26aMFg.json
data\raw_audio\Pc6OB26aMFg.wav	283.12	288.56	triển trong tương lai và với cái tốc độ phát triển nhanh mạnh và vực chắc thì	@HUE	data\processed_transcripts\Pc6OB26aMFg.json
data\raw_audio\Pc6OB26aMFg.wav	288.56	295.68	Huế trong tương lai gần sẽ trở nên phồn hoa và thịnh vượng hơn. Thì đó là một	@HUE	data\processed_transcripts\Pc6OB26aMFg.json
data\raw_audio\Pc6OB26aMFg.wav	295.68	302.639	cái điều mà rất là mong mỏi của nhiều bà con. thì việc mà Huế phát triển mạnh thì	@HUE	data\processed_transcripts\Pc6OB26aMFg.json
data\raw_audio\Pc6OB26aMFg.wav	302.639	310.28	sẽ tạo tiền đề cho việc à công ăn việc làm đấy được à trơn tru hơn và được	@HUE	data\processed_transcripts\Pc6OB26aMFg.json
data\raw_audio\Pc6OB26aMFg.wav	310.28	317.759	nhiều hơn cho bà con có thể lao động kiếm tiền nhiều hơn.	@HUE	data\processed_transcripts\Pc6OB26aMFg.json
data\raw_audio\Pc6OB26aMFg.wav	317.759	323.44	Đây là khu vực đường Tổ Hữu nha quý vị. Đó quý vị thấy là cái khu chung cư	@HUE	data\processed_transcripts\Pc6OB26aMFg.json
data\raw_audio\Pc6OB26aMFg.wav	323.44	329.56	Vicoland đó ở phía bên kia.	@HUE	data\processed_transcripts\Pc6OB26aMFg.json
data\raw_audio\Pc6OB26aMFg.wav	329.56	334.28	Đó và vừa rồi thì trong cái đợt lột thì em cũng có tới đây để review cho quý vị	@HUE	data\processed_transcripts\Pc6OB26aMFg.json
data\raw_audio\Pc6OB26aMFg.wav	334.28	339.759	xem cái khu vực này thì có thể nói rằng là hy vọng trong tương lai là ở cái đoạn	@HUE	data\processed_transcripts\Pc6OB26aMFg.json
data\raw_audio\Pc6OB26aMFg.wav	339.759	347.12	này là sẽ phát triển hơn nữa. Đấy ở đây có kho bạc nhà nước rồi các công trình	@HUE	data\processed_transcripts\Pc6OB26aMFg.json
data\raw_audio\Pc6OB26aMFg.wav	347.12	354.12	chi cũng thuế cũng nằm ở phía bên a con đường này. Đấy thì à đường tổ hữu thì có	@HUE	data\processed_transcripts\Pc6OB26aMFg.json
data\raw_audio\Pc6OB26aMFg.wav	354.12	358.0	lẽ là trong là một trong những cái con đường mà có thể nói là	@HUE	data\processed_transcripts\Pc6OB26aMFg.json
data\raw_audio\Pc6OB26aMFg.wav	358.0	364.56	đô hội nhất ở Huế à và đầu đường hay là những cái khúc cuối	@HUE	data\processed_transcripts\Pc6OB26aMFg.json
data\raw_audio\Pc6OB26aMFg.wav	364.56	369.12	đường thì nó sẽ liên kết được với nhiều các cái dự án, các cái công trình cao	@HUE	data\processed_transcripts\Pc6OB26aMFg.json
data\raw_audio\Pc6OB26aMFg.wav	369.12	374.44	cấp đó. Tuy nhiên thì bên cạnh đó thì chúng ta vẫn còn thấy những cái đồng	@HUE	data\processed_transcripts\Pc6OB26aMFg.json
data\raw_audio\Pc6OB26aMFg.wav	374.44	383.319	ruộng, những cái khu đất có thể nói là tiềm năng nếu như mà được sang lập và	@HUE	data\processed_transcripts\Pc6OB26aMFg.json
data\raw_audio\Pc6OB26aMFg.wav	383.319	388.4	xây dựng. Công a trình về cái trường học Nguyễn	@HUE	data\processed_transcripts\Pc6OB26aMFg.json
data\raw_audio\Pc6OB26aMFg.wav	388.4	392.72	Trí Phương một trong những cái trường học mà cấp hai mà có thể nói là lớn nhất	@HUE	data\processed_transcripts\Pc6OB26aMFg.json
data\raw_audio\Pc6OB26aMFg.wav	392.72	396.28	ở Huế là trường chuyên đây quý vị ạ. trường	@HUE	data\processed_transcripts\Pc6OB26aMFg.json
data\raw_audio\Pc6OB26aMFg.wav	396.28	404.28	điểm này. Đó thì nhìn xa thì chúng ta cũng thấy tòa nhà Vincom rồi.	@HUE	data\processed_transcripts\Pc6OB26aMFg.json
data\raw_audio\Pc6OB26aMFg.wav	404.28	410.16	Thì trên cái con đường này sẽ dẫn đến cho quý vị cái công trình đó là quảng	@HUE	data\processed_transcripts\Pc6OB26aMFg.json
data\raw_audio\Pc6OB26aMFg.wav	410.16	415.08	trường văn hóa thể thao thành phố. Hiện tại đang được hoàn thiện cái phần tòa	@HUE	data\processed_transcripts\Pc6OB26aMFg.json
data\raw_audio\Pc6OB26aMFg.wav	415.08	422.68	nhà trung tâm tòa nhà thi đạo cũ. thì à để gọi là tạo tiền đề tạo bước đệm	@HUE	data\processed_transcripts\Pc6OB26aMFg.json
data\raw_audio\Pc6OB26aMFg.wav	422.68	427.72	cho các cái hoạt động văn hóa thể thao và lẫn du lịch những cái sự kiện lớn	@HUE	data\processed_transcripts\Pc6OB26aMFg.json
data\raw_audio\Pc6OB26aMFg.wav	427.72	434.52	trong tương lai sau khi mà cái tòa nhà trung tâm được nâng cấp hoàn thiện thì	@HUE	data\processed_transcripts\Pc6OB26aMFg.json
data\raw_audio\Pc6OB26aMFg.wav	434.52	442.319	năm nay vị trí khao đào sự kiện đếm ngược năm mới 2026 sẽ diễn ra và tổ chức	@HUE	data\processed_transcripts\Pc6OB26aMFg.json
data\raw_audio\Pc6OB26aMFg.wav	442.319	446.96	ở tại quảng trường này thì khu vực quảng	@HUE	data\processed_transcripts\Pc6OB26aMFg.json
data\raw_audio\Pc6OB26aMFg.wav	446.96	451.56	trường ngoài trờ như quý vị thấy cũng đã được khắm thành rồi đấy. Thì đây chính	@HUE	data\processed_transcripts\Pc6OB26aMFg.json
data\raw_audio\Pc6OB26aMFg.wav	451.56	455.96	là một cái nơi cửa hẹn là sẽ bùng nổ ở Huế trong	@HUE	data\processed_transcripts\Pc6OB26aMFg.json
data\raw_audio\Pc6OB26aMFg.wav	455.96	462.84	đêm khao đào bởi sự kiện này sẽ thu hút khoảng hơn 70.000 người tham dự đấy và	@HUE	data\processed_transcripts\Pc6OB26aMFg.json
data\raw_audio\Pc6OB26aMFg.wav	462.84	466.68	nó sẽ trở thành một cái điểm nhấn khao đào lễ hội giao thừa sôi động nhất năm	@HUE	data\processed_transcripts\Pc6OB26aMFg.json
data\raw_audio\Pc6OB26aMFg.wav	466.68	472.52	2026. Và đây chắc là dịp để các gia đình bạn bè sẽ cháy hết mình và lưu giữ những	@HUE	data\processed_transcripts\Pc6OB26aMFg.json
data\raw_audio\Pc6OB26aMFg.wav	472.52	480.319	kỷ niệm bùng nổ cảm xúc. Và nhìn phía xa kia thì cái sân khấu của đêm cao đào đã	@HUE	data\processed_transcripts\Pc6OB26aMFg.json
data\raw_audio\Pc6OB26aMFg.wav	480.319	486.56	được hoàn thành à đã được hoàn thiện rồi quý vị. Đấy, chúng ta sẽ test lên đèn	@HUE	data\processed_transcripts\Pc6OB26aMFg.json
data\raw_audio\Pc6OB26aMFg.wav	486.56	491.919	trong những cái video mới mà em sẽ quay vào bàn đêm. đấy cộng hưởng với cái	@HUE	data\processed_transcripts\Pc6OB26aMFg.json
data\raw_audio\Pc6OB26aMFg.wav	491.919	498.08	quảng trường văn hóa thể thao nữa. Đấy có sẽ có những cái công trình nhặt nước	@HUE	data\processed_transcripts\Pc6OB26aMFg.json
data\raw_audio\Pc6OB26aMFg.wav	498.08	505.12	và nó sẽ tuyệt vời hơn khi mà kết hợp với cái sân khấu này. À thì quý vị thấy	@HUE	data\processed_transcripts\Pc6OB26aMFg.json
data\raw_audio\Pc6OB26aMFg.wav	505.12	513.159	là hiện tại là các cái khu vực fan à các cái khu vực mà tiếp friend cũng đã được	@HUE	data\processed_transcripts\Pc6OB26aMFg.json
data\raw_audio\Pc6OB26aMFg.wav	513.159	518.36	dừng nênấy thì với quy mô là khoảng 70.000 chỗ ngồi, 70.000 người tham dự	@HUE	data\processed_transcripts\Pc6OB26aMFg.json
data\raw_audio\Pc6OB26aMFg.wav	518.36	525.2	thì có thể nói rằng là đây có lẽ nói là một trong những cái sự kiện khao đào và	@HUE	data\processed_transcripts\Pc6OB26aMFg.json
data\raw_audio\Pc6OB26aMFg.wav	525.2	532.04	quy tụ nhiều người nhất từ trước đến nay và một trong những cái khu vực mà có thể	@HUE	data\processed_transcripts\Pc6OB26aMFg.json
data\raw_audio\Pc6OB26aMFg.wav	532.04	537.48	nói là nổi bật nhất ở khu vực trung tâm thành phố bởi vì ở đây khi mà tổ chức ở	@HUE	data\processed_transcripts\Pc6OB26aMFg.json
data\raw_audio\Pc6OB26aMFg.wav	537.48	543.839	đây á thì sẽ quy tụ được nhiều khán giả hơn đấy quý vị thấy bên trong m thì nó	@HUE	data\processed_transcripts\Pc6OB26aMFg.json
data\raw_audio\Pc6OB26aMFg.wav	543.839	546.88	hơi vắng vẽ nhưng mà ở đây là ngay trung tâm thành phố	@HUE	data\processed_transcripts\Pc6OB26aMFg.json
data\raw_audio\Pc6OB26aMFg.wav	546.88	552.839	Đấy thì bà con đôi lúc chỉ cần đi bộ vài bước là ra đến cái khu vực cao đao rồi.	@HUE	data\processed_transcripts\Pc6OB26aMFg.json
data\raw_audio\Pc6OB26aMFg.wav	552.839	557.399	Đấy những cái khu vực quanh quanh thành phố ở đây thì nào là Nguyễn Huệ này đấy,	@HUE	data\processed_transcripts\Pc6OB26aMFg.json
data\raw_audio\Pc6OB26aMFg.wav	557.399	565.0	nào là Hà Huy Tập, nào là Trường Chinh này, à nào là Nguyễn Thái Học hay là Lê	@HUE	data\processed_transcripts\Pc6OB26aMFg.json
data\raw_audio\Pc6OB26aMFg.wav	565.0	570.519	Quỷ Đôn, thậm chí là Phạm Vân Độc thì bà con có thể đi bộ vài bước đó đi bộ một	@HUE	data\processed_transcripts\Pc6OB26aMFg.json
data\raw_audio\Pc6OB26aMFg.wav	570.519	575.88	đoạn thôi là có thể lên được cái khu vực à sân khẩu Cao Đao rồi.	@HUE	data\processed_transcripts\Pc6OB26aMFg.json
data\raw_audio\Pc6OB26aMFg.wav	575.88	580.12	thì nó dễ đi hơn và nó sẽ chắc chắn nó sẽ quy tụ được nhiều người hơn. Mặc dù	@HUE	data\processed_transcripts\Pc6OB26aMFg.json
data\raw_audio\Pc6OB26aMFg.wav	580.12	584.36	là người ta tới đôi lúc là các bạn sinh viên người ta tới người ta cũng không	@HUE	data\processed_transcripts\Pc6OB26aMFg.json
data\raw_audio\Pc6OB26aMFg.wav	584.36	590.399	phải là vui chơi gì nhưng mà đến để đón cái thời khắc giao thừa, thời khắc chào	@HUE	data\processed_transcripts\Pc6OB26aMFg.json
data\raw_audio\Pc6OB26aMFg.wav	590.399	597.079	năm mới. Và năm nay thì cái sự kiện C down nó cũng quy tụ nhiều cái ca sĩ nổi	@HUE	data\processed_transcripts\Pc6OB26aMFg.json
data\raw_audio\Pc6OB26aMFg.wav	597.079	601.88	tiếng rất quen thuộc với các cái thế hệ 8X như là Đông Nhi, Khắc Việt, Qill rồi	@HUE	data\processed_transcripts\Pc6OB26aMFg.json
data\raw_audio\Pc6OB26aMFg.wav	601.88	611.16	à những cái thế hệ 9X đấy như là 10X này, S9 này xung định Khay hay là DJ Huy	@HUE	data\processed_transcripts\Pc6OB26aMFg.json
data\raw_audio\Pc6OB26aMFg.wav	611.16	615.44	DX đấy. với cái sự dẫn dắt của MC Hoàng Phi, một	@HUE	data\processed_transcripts\Pc6OB26aMFg.json
data\raw_audio\Pc6OB26aMFg.wav	615.44	620.36	trong những MC mà cũng rất là cháy trong các cái sự kiện thì nó sẽ tạo nên một	@HUE	data\processed_transcripts\Pc6OB26aMFg.json
data\raw_audio\Pc6OB26aMFg.wav	620.36	627.839	cái sân khấu rất là nhiệt từ đầu đến cuối và chắc chắn là sẽ có một cái sự	@HUE	data\processed_transcripts\Pc6OB26aMFg.json
data\raw_audio\Pc6OB26aMFg.wav	627.959	634.48	hài hòa giữa âm nhạc hiện đại cùng với cái thị đón Tết tưng bừng của đất của đồ	@HUE	data\processed_transcripts\Pc6OB26aMFg.json
data\raw_audio\Pc6OB26aMFg.wav	634.48	639.0	đấy. Và sự kiện nó sẽ diễn ra vào lúc 20 gi ngày	@HUE	data\processed_transcripts\Pc6OB26aMFg.json
data\raw_audio\Pc6OB26aMFg.wav	639.0	646.76	31 tháng 12 thưa quý vị năm 2025. Đấy có thể nói rằng chúng ta cũng sẽ	@HUE	data\processed_transcripts\Pc6OB26aMFg.json
data\raw_audio\Pc6OB26aMFg.wav	646.76	650.12	mong chờ đến cái sự kiện khao đao Huế năm nay.	@HUE	data\processed_transcripts\Pc6OB26aMFg.json
data\raw_audio\Pc6OB26aMFg.wav	650.12	657.079	Mặc dù là nó không quy tụ được nhiều những cái ca sĩ nổi tiếng	@HUE	data\processed_transcripts\Pc6OB26aMFg.json
data\raw_audio\Pc6OB26aMFg.wav	657.079	663.12	nhưng mà những cái ca sĩ về rất thân thuộc với các thế hệ 8x, 9x thậm chí là	@HUE	data\processed_transcripts\Pc6OB26aMFg.json
data\raw_audio\Pc6OB26aMFg.wav	663.12	669.48	10x thì cũng như thế là cũng đã ok rồi. Chúng ta chủ yếu là chủ tới tớ tới để	@HUE	data\processed_transcripts\Pc6OB26aMFg.json
data\raw_audio\Pc6OB26aMFg.wav	669.48	675.88	vui hòa chung cái không khí để khao đào cao năm mới 2026 để tiễn đưa một cho năm	@HUE	data\processed_transcripts\Pc6OB26aMFg.json
data\raw_audio\Pc6OB26aMFg.wav	675.88	680.519	có thể nói là nhiều biến động Huy. Thì	@HUE	data\processed_transcripts\Pc6OB26aMFg.json
data\raw_audio\Pc6OB26aMFg.wav	680.519	686.48	con đường Nguyễn Thái Học này đấy thì sắp tới cũng sẽ rộn ràng bên khu vực phổ	@HUE	data\processed_transcripts\Pc6OB26aMFg.json
data\raw_audio\Pc6OB26aMFg.wav	686.48	692.2	tây khi mà có một cái sân khấu cũng đang được dựng lên ở đây. Và theo như em thấy	@HUE	data\processed_transcripts\Pc6OB26aMFg.json
data\raw_audio\Pc6OB26aMFg.wav	692.2	698.839	là chỉ còn test âm thanh và điện nữa thôi thì cái sân khấu này sẽ hoàn thiện	@HUE	data\processed_transcripts\Pc6OB26aMFg.json
data\raw_audio\Pc6OB26aMFg.wav	698.839	704.8	để chuẩn bị đón chờ một cái chương trình văn hóa nghệ thuật rất là lớn để mà kết	@HUE	data\processed_transcripts\Pc6OB26aMFg.json
data\raw_audio\Pc6OB26aMFg.wav	704.8	710.76	thúc năm 2025. Thì ở đây nó sẽ quy tụ được nhiều những	@HUE	data\processed_transcripts\Pc6OB26aMFg.json
data\raw_audio\Pc6OB26aMFg.wav	710.76	716.12	người bạn nước ngoài hơn đấy. Bởi vì nằm nó nằm trên khu vật tay.	@HUE	data\processed_transcripts\Pc6OB26aMFg.json
data\raw_audio\Pc6OB26aMFg.wav	716.12	723.04	Đấy thì đi thẳng đường à Chu Vân An Võ Thị Sáu. Đấy những cái con đường quanh	@HUE	data\processed_transcripts\Pc6OB26aMFg.json
data\raw_audio\Pc6OB26aMFg.wav	723.04	729.639	quanh đây thì chúng ta sẽ bắt gặp một cái sân khấu rất là lớn.	@HUE	data\processed_transcripts\Pc6OB26aMFg.json
data\raw_audio\Pc6OB26aMFg.wav	729.639	735.16	Đấy, có thể nói là cái đường thì tuy nó hẹp nhưng mà với cái sân khấu là bốn năm	@HUE	data\processed_transcripts\Pc6OB26aMFg.json
data\raw_audio\Pc6OB26aMFg.wav	735.16	742.079	mặt như thế này thì nó sẽ thuận tiện cho việc các bạn chúng ta đến đây để vui	@HUE	data\processed_transcripts\Pc6OB26aMFg.json
data\raw_audio\Pc6OB26aMFg.wav	742.079	749.48	chơi và xóa cùng với cái đêm a chà chào năm mới 2026. Đấy, cái sân khấu đây quý	@HUE	data\processed_transcripts\Pc6OB26aMFg.json
data\raw_audio\Pc6OB26aMFg.wav	749.48	754.72	vị. Đây là sân khảo chạm năm 2026 được tổ	@HUE	data\processed_transcripts\Pc6OB26aMFg.json
data\raw_audio\Pc6OB26aMFg.wav	754.72	759.959	chức tại ngã tư này đấy ngã tư ngã nă này quý vị	@HUE	data\processed_transcripts\Pc6OB26aMFg.json
data\raw_audio\Pc6OB26aMFg.wav	759.959	767.519	thấy là một cái sân khẩu rất là đẹp. Đó thì vừa rồi thì em cũng	@HUE	data\processed_transcripts\Pc6OB26aMFg.json
data\raw_audio\Pc6OB26aMFg.wav	768.079	773.48	cố gắng cập nhật cho quý vị những cái sân khấu mà sẽ sắp tới đây sẽ bùng nổ	@HUE	data\processed_transcripts\Pc6OB26aMFg.json
data\raw_audio\Pc6OB26aMFg.wav	773.48	781.519	với những cái sự kiện khao đau đấy là chào m năm mới 2026 thì quý vị nghĩ sao	@HUE	data\processed_transcripts\Pc6OB26aMFg.json
data\raw_audio\Pc6OB26aMFg.wav	781.519	785.76	quý mong quý vị like chia sẻ và đăng ký kênh Huế hôm nay thì trên những cái con	@HUE	data\processed_transcripts\Pc6OB26aMFg.json
data\raw_audio\Pc6OB26aMFg.wav	785.76	789.12	đường phố Tây thì quý vị thấy là những người bạn nước ngoài của chúng ta cũng	@HUE	data\processed_transcripts\Pc6OB26aMFg.json
data\raw_audio\Pc6OB26aMFg.wav	789.12	795.92	đang à rất là vui vẻ để chuẩn bị à kết thúc một cái năm 2025 và để chào đón một	@HUE	data\processed_transcripts\Pc6OB26aMFg.json
data\raw_audio\Pc6OB26aMFg.wav	795.92	802.199	cái năm mới 2026. Con đường Lê Lợi với những hình ảnh thân quen về khu vực đập	@HUE	data\processed_transcripts\Pc6OB26aMFg.json
data\raw_audio\Pc6OB26aMFg.wav	802.199	807.8	đá Huy. Đấy thì có thể nói rằng là trời thời tiết là	@HUE	data\processed_transcripts\Pc6OB26aMFg.json
data\raw_audio\Pc6OB26aMFg.wav	807.8	813.519	nếu như mà được như thế này thì quá đẹp bởi vì trời nó hơi lạnh thôi đó. Và còn	@HUE	data\processed_transcripts\Pc6OB26aMFg.json
data\raw_audio\Pc6OB26aMFg.wav	813.519	820.199	lại thì khô ráo không có bị mưa ướt thì nó sẽ bùng nổ hơn nữa và sẽ nóng hơn nữa	@HUE	data\processed_transcripts\Pc6OB26aMFg.json
data\raw_audio\Pc6OB26aMFg.wav	820.199	828.12	khi mà chương trình cao đào sắp diễn ra. Đấy những con đường đi bộ vên sông Như Ý	@HUE	data\processed_transcripts\Pc6OB26aMFg.json
data\raw_audio\Pc6OB26aMFg.wav	828.12	834.04	đấy thì hiện tại cũng đang được sơn quét để chuẩn bị chắc có lẽ là sắp khắm thành	@HUE	data\processed_transcripts\Pc6OB26aMFg.json
data\raw_audio\Pc6OB26aMFg.wav	834.04	841.12	cái đoạn đường đi bộ ven sông Như Ý từ đá đến bến tòa khấp.	@HUE	data\processed_transcripts\Pc6OB26aMFg.json
data\raw_audio\Pc6OB26aMFg.wav	841.12	845.44	Đấy thì em cũng kính chúc quý vị xem video thật là vui vẻ và em xin kết thúc	@HUE	data\processed_transcripts\Pc6OB26aMFg.json
data\raw_audio\Pc6OB26aMFg.wav	845.44	849.639	video ở đây. Chúc quý vị có một năm mới thật là an	@HUE	data\processed_transcripts\Pc6OB26aMFg.json
data\raw_audio\Pc6OB26aMFg.wav	849.639	854.279	khang thịt vườn và gặp nhiều may mắn. Xin chào và hẹn gặp lại quý vị ở những	@HUE	data\processed_transcripts\Pc6OB26aMFg.json
data\raw_audio\Pc6OB26aMFg.wav	854.279	857.04	video tiếp theo.	@HUE	data\processed_transcripts\Pc6OB26aMFg.json
data\raw_audio\qfnvWGhh2fw.wav	0.28	4.72	Vâng, mến chào quý vị và các bạn đã quay trở lại với Huế Review. Thì hôm nay Huế	@HUE	data\processed_transcripts\qfnvWGhh2fw.json
data\raw_audio\qfnvWGhh2fw.wav	4.72	9.32	Review cũng mạng phép đến đây để quay cho quý vị một cái ngôi lăng mộ của một	@HUE	data\processed_transcripts\qfnvWGhh2fw.json
data\raw_audio\qfnvWGhh2fw.wav	9.32	14.44	vị hoàng hậu trong lịch sử triều Nguyễn. Hiện tại thì tôi đang có mặt tại lăng	@HUE	data\processed_transcripts\qfnvWGhh2fw.json
data\raw_audio\qfnvWGhh2fw.wav	14.44	18.08	vua Tử Đức thưa quý vị hay người ta còn gọi là Khiêm Lăng. Và trong khuôn viên	@HUE	data\processed_transcripts\qfnvWGhh2fw.json
data\raw_audio\qfnvWGhh2fw.wav	18.08	22.68	của Khiêm Lăng thì cũng tồn tại lăng mộ của vị hoàng hậu đó chính là lăng mộ của	@HUE	data\processed_transcripts\qfnvWGhh2fw.json
data\raw_audio\qfnvWGhh2fw.wav	22.68	26.599	Lệ Thiên An hoàng hậu. Về cuộc đời của Lệ Thiên An hoàng hậu thì cũng rất là	@HUE	data\processed_transcripts\qfnvWGhh2fw.json
data\raw_audio\qfnvWGhh2fw.wav	26.599	30.679	gian trừng. Chính vì vậy mà tôi cũng muốn đến đây quay và giới thiệu về cuộc	@HUE	data\processed_transcripts\qfnvWGhh2fw.json
data\raw_audio\qfnvWGhh2fw.wav	30.679	34.239	đời của bà cho quý vị xem. Và bây giờ không để quý vị chờ lâu thì kính mời quý	@HUE	data\processed_transcripts\qfnvWGhh2fw.json
data\raw_audio\qfnvWGhh2fw.wav	34.239	37.92	vị theo chân Huế Review chúng ta cùng khám phá ngôi lăng mộ của Lệ Thiên An	@HUE	data\processed_transcripts\qfnvWGhh2fw.json
data\raw_audio\qfnvWGhh2fw.wav	37.92	41.8	Hoàng Hậu nha quý vị. Xin kính mời quý vị. Như quý vị thấy thì phía trước chính	@HUE	data\processed_transcripts\qfnvWGhh2fw.json
data\raw_audio\qfnvWGhh2fw.wav	41.8	47.84	là à vụ Khiêm Môn và cũng có những thiếu nữ mặc áo dài trắng à đang tiến vào khu	@HUE	data\processed_transcripts\qfnvWGhh2fw.json
data\raw_audio\qfnvWGhh2fw.wav	47.84	51.64	vực lăng mộ. Bên này thì cũng có những nhóm du khách cũng đang chụp hình. Thưa	@HUE	data\processed_transcripts\qfnvWGhh2fw.json
data\raw_audio\qfnvWGhh2fw.wav	51.64	56.039	quý vị, tiếp theo thì tôi xin giới thiệu sơ qua thì lại cái lăng từ đức mà trước	@HUE	data\processed_transcripts\qfnvWGhh2fw.json
data\raw_audio\qfnvWGhh2fw.wav	56.039	62.559	kia tôi cũng đã quay cho quý vị xem. Thì ở đây chính là hồ Lưu Khiêm đấy, một nơi	@HUE	data\processed_transcripts\qfnvWGhh2fw.json
data\raw_audio\qfnvWGhh2fw.wav	62.559	68.24	gọi là Minh Đường cho Lăng Tử Đức. Và phía bên kia chính là đảo Tịnh Khiêm	@HUE	data\processed_transcripts\qfnvWGhh2fw.json
data\raw_audio\qfnvWGhh2fw.wav	68.24	74.08	thôi quý vị. Đảo Tịnh Khiêm chính là nơi mà vua Tử Đức thường trồng các cái loại	@HUE	data\processed_transcripts\qfnvWGhh2fw.json
data\raw_audio\qfnvWGhh2fw.wav	74.08	78.96	cây và nuôi các cái loại thú hiếm. Trong dọc trục đường đi vào thì phía bên tay	@HUE	data\processed_transcripts\qfnvWGhh2fw.json
data\raw_audio\qfnvWGhh2fw.wav	78.96	83.64	trái này chính là Chí Khiêm Đường. Chỉ khiêm đường chính là nơi thờ các bài vị	@HUE	data\processed_transcripts\qfnvWGhh2fw.json
data\raw_audio\qfnvWGhh2fw.wav	83.64	88.32	của các bà vợ của vua Tử Đức. Đ Chí Khiêm Đường đây quý vị này. Đường này là	@HUE	data\processed_transcripts\qfnvWGhh2fw.json
data\raw_audio\qfnvWGhh2fw.wav	88.32	92.439	đường đi lên Chỉ Khiêm đường. Tuy nhiên thì trước kia tôi đã từng quay cái video	@HUE	data\processed_transcripts\qfnvWGhh2fw.json
data\raw_audio\qfnvWGhh2fw.wav	92.439	97.6	cho quý vị xem rồi. Do đó là hôm nay với mục đích là quay lăng mộ của bà Lễ Thiên	@HUE	data\processed_transcripts\qfnvWGhh2fw.json
data\raw_audio\qfnvWGhh2fw.wav	97.6	102.439	An Hoàng Hậu. Chính vì vậy mà tôi giới thiệu sơ qua cho quý vị và để cho quý vị	@HUE	data\processed_transcripts\qfnvWGhh2fw.json
data\raw_audio\qfnvWGhh2fw.wav	102.439	106.719	ngắm lại những cái khung cảnh quen thuộc ngày xưa. Như quý vị thấy thì bên kia	@HUE	data\processed_transcripts\qfnvWGhh2fw.json
data\raw_audio\qfnvWGhh2fw.wav	106.719	111.52	đảo Tịnh Khiêm thì là một cái hòn đảo cũng rất là đặc biệt. nó nằm nổi giữa	@HUE	data\processed_transcripts\qfnvWGhh2fw.json
data\raw_audio\qfnvWGhh2fw.wav	111.52	116.439	một cái khu vực hồ lưu khiêm như thế này. Và nếu như muốn qua thì ngày xưa là	@HUE	data\processed_transcripts\qfnvWGhh2fw.json
data\raw_audio\qfnvWGhh2fw.wav	116.439	121.96	vua và các bà vợ của vua là phải đi thuyền qua bên kia. Nó không có bất cứ	@HUE	data\processed_transcripts\qfnvWGhh2fw.json
data\raw_audio\qfnvWGhh2fw.wav	121.96	128.039	một cái cầu nào để bắt qua cái đảo Tần Khiêm cả. Và trên đảo thì được thiết kế	@HUE	data\processed_transcripts\qfnvWGhh2fw.json
data\raw_audio\qfnvWGhh2fw.wav	128.039	131.76	giống như một cái hòn non bộ khổng lồ thôi quý vị. Đấy,	@HUE	data\processed_transcripts\qfnvWGhh2fw.json
data\raw_audio\qfnvWGhh2fw.wav	131.76	136.72	rất đẹp. Phía bên này thì chính là con đường đi	@HUE	data\processed_transcripts\qfnvWGhh2fw.json
data\raw_audio\qfnvWGhh2fw.wav	136.72	144.08	lên Khiêm Cung Môn đấy. Và phía trước Khiêm Cô Môn chính là à Xung Khiêm Tạ và	@HUE	data\processed_transcripts\qfnvWGhh2fw.json
data\raw_audio\qfnvWGhh2fw.wav	144.08	149.2	Dụ Khiêm Tạ thưa quý vị. Đấy thì đây chính là nơi mà ngày xưa trước kia vua	@HUE	data\processed_transcripts\qfnvWGhh2fw.json
data\raw_audio\qfnvWGhh2fw.wav	149.2	155.64	Tử Đức thường ra đây để đọc sách, ngâm thơ cũng như là ngắm cảnh để giải trí.	@HUE	data\processed_transcripts\qfnvWGhh2fw.json
data\raw_audio\qfnvWGhh2fw.wav	155.64	163.28	Đấy, còn đây chính là con đường đi lên không kim môn với hệ thống tam quang rất	@HUE	data\processed_transcripts\qfnvWGhh2fw.json
data\raw_audio\qfnvWGhh2fw.wav	163.28	168.68	là đồ sổ và đường bờ cấp đi lên cũng được rải bằng đá rất là đẹp thưa quý vị.	@HUE	data\processed_transcripts\qfnvWGhh2fw.json
data\raw_audio\qfnvWGhh2fw.wav	168.68	173.68	Sau khiêm cô môn chính là Hòa Khiêm là nơi mà vua Tử Đức ngày xưa là làm việc	@HUE	data\processed_transcripts\qfnvWGhh2fw.json
data\raw_audio\qfnvWGhh2fw.wav	173.68	178.64	và sau Hòa Khiêm là Lương Khiêm là nơi vua nghỉ ngơi. Sau khi lên ngôi vua thì	@HUE	data\processed_transcripts\qfnvWGhh2fw.json
data\raw_audio\qfnvWGhh2fw.wav	178.64	184.48	vua Tử Đức cũng đã tính sẵn cho mình về việc xây tẩm mộ lăng tẩm của ông.	@HUE	data\processed_transcripts\qfnvWGhh2fw.json
data\raw_audio\qfnvWGhh2fw.wav	184.48	188.84	À trước đó thì vua Tử Đức đặt tên là Vạn Niên Cơ đấy nhưng mà sau cái loạn chạy	@HUE	data\processed_transcripts\qfnvWGhh2fw.json
data\raw_audio\qfnvWGhh2fw.wav	188.84	194.04	vôi thì vua lại đổi lại thành Kim Cung và sau này thì là Khiêm Lăng.	@HUE	data\processed_transcripts\qfnvWGhh2fw.json
data\raw_audio\qfnvWGhh2fw.wav	194.04	200.599	Đây quý vị thấy là các du khách đang cho cá ăn một khô cá rất là đẹp. Phía bên	@HUE	data\processed_transcripts\qfnvWGhh2fw.json
data\raw_audio\qfnvWGhh2fw.wav	200.599	206.0	kia là dụ Khiêm Tạ thôi quý vị. Bên này là sung Khiêm Tạ.	@HUE	data\processed_transcripts\qfnvWGhh2fw.json
data\raw_audio\qfnvWGhh2fw.wav	206.0	209.0	Đó. Đây là các cô gái Huế đang rảo bước áo	@HUE	data\processed_transcripts\qfnvWGhh2fw.json
data\raw_audio\qfnvWGhh2fw.wav	213.799	218.08	dài để đi chụp hình. Đây thời điểm này ngày hôm qua thì Huế đã mưa nhưng mà bây	@HUE	data\processed_transcripts\qfnvWGhh2fw.json
data\raw_audio\qfnvWGhh2fw.wav	218.08	222.36	giờ thì trời Huế đã nắng lại rồi quý vị. Chính vì vậy mà nó cũng là một điều kiện	@HUE	data\processed_transcripts\qfnvWGhh2fw.json
data\raw_audio\qfnvWGhh2fw.wav	222.36	228.599	rất là thích hợp cho việc đi thăm các cái lă tẩm di tích và chụp hình.	@HUE	data\processed_transcripts\qfnvWGhh2fw.json
data\raw_audio\qfnvWGhh2fw.wav	228.599	234.72	Và chúng ta bây giờ thì sẽ đi lui phía sau khu vực Khiêm Lăng. Quý vị thấy thì	@HUE	data\processed_transcripts\qfnvWGhh2fw.json
data\raw_audio\qfnvWGhh2fw.wav	234.72	241.0	bên này có một cái đồi thông rất là u tịch. đó rất là thơ mộng quá tuyệt vời	@HUE	data\processed_transcripts\qfnvWGhh2fw.json
data\raw_audio\qfnvWGhh2fw.wav	241.0	247.48	thôi quý vị rảo bước trên con đường gạch thì chúng ta lại có một cái cảm giác	@HUE	data\processed_transcripts\qfnvWGhh2fw.json
data\raw_audio\qfnvWGhh2fw.wav	247.48	254.12	hoài cổ à về những cái cuộc sống của người xưa. Việc làm vua nó tuy là một	@HUE	data\processed_transcripts\qfnvWGhh2fw.json
data\raw_audio\qfnvWGhh2fw.wav	254.12	258.4	cái gì đó rất là oái phong, rất là uy nghiêm nhưng mà bên cạnh đó thì cũng có	@HUE	data\processed_transcripts\qfnvWGhh2fw.json
data\raw_audio\qfnvWGhh2fw.wav	258.4	262.919	rất nhiều nỗi ưu tư thôi quý vị. Chính vì vậy mà bên trong lăng được thiết kế	@HUE	data\processed_transcripts\qfnvWGhh2fw.json
data\raw_audio\qfnvWGhh2fw.wav	262.919	267.56	phản ánh được những cái nỗi u sầu đôi lúc có những cái suy tư của vua mà vua	@HUE	data\processed_transcripts\qfnvWGhh2fw.json
data\raw_audio\qfnvWGhh2fw.wav	267.56	272.84	không thể nói ra được. Các công trình của Khiêm Lăng đều được có chữ khiêm nằm	@HUE	data\processed_transcripts\qfnvWGhh2fw.json
data\raw_audio\qfnvWGhh2fw.wav	272.84	277.72	ở trong đó. Ví dụ như lúc nãy thì Huế Review đã nói rằng là vụ khiêm mô này	@HUE	data\processed_transcripts\qfnvWGhh2fw.json
data\raw_audio\qfnvWGhh2fw.wav	277.72	282.44	rồi Hồ Lưu Khiêm rồi đảo tịnh Khiêm rồi Sung Khiêm Tả và Dụ Khiêm Tạ tất cả đều	@HUE	data\processed_transcripts\qfnvWGhh2fw.json
data\raw_audio\qfnvWGhh2fw.wav	282.44	286.919	có giữa khiêm ắc hãng thì quý vị khán giả trên kênh Huế Review à rất nhiều	@HUE	data\processed_transcripts\qfnvWGhh2fw.json
data\raw_audio\qfnvWGhh2fw.wav	286.919	292.68	người đã đến đây để thăm lăng của Vu Tử Đức à tuy nhiên thì cũng có những quý vị	@HUE	data\processed_transcripts\qfnvWGhh2fw.json
data\raw_audio\qfnvWGhh2fw.wav	292.68	298.28	chưa xem thì hôm nay thì Huy R cũng quay cái khu vực lăng mộ của vua Tử Đức cho	@HUE	data\processed_transcripts\qfnvWGhh2fw.json
data\raw_audio\qfnvWGhh2fw.wav	298.28	305.96	quý vị xem đây khu vực mộ vua Đây có một cái tấm bia đá khắc để giới	@HUE	data\processed_transcripts\qfnvWGhh2fw.json
data\raw_audio\qfnvWGhh2fw.wav	305.96	309.759	thiệu luôn quý vị bằng tiếng Việt và tiếng Anh.	@HUE	data\processed_transcripts\qfnvWGhh2fw.json
data\raw_audio\qfnvWGhh2fw.wav	309.759	315.199	Tôi sẽ đi lên phía trên này để thắp cho ngài một nén nhang thì sau đó chúng ta	@HUE	data\processed_transcripts\qfnvWGhh2fw.json
data\raw_audio\qfnvWGhh2fw.wav	315.199	320.56	sẽ đi thăm long mộ của bà Lễ Thi An Hoàng Hậu.	@HUE	data\processed_transcripts\qfnvWGhh2fw.json
data\raw_audio\qfnvWGhh2fw.wav	320.56	324.68	Rất đẹp thưa quý vị. Quan cảnh quá tuyệt vời. Những cái hàng	@HUE	data\processed_transcripts\qfnvWGhh2fw.json
data\raw_audio\qfnvWGhh2fw.wav	324.68	330.039	sứ, những cái cây sứ và lăng từ Đức là một trong những cái ngôi lăng mộ mà có	@HUE	data\processed_transcripts\qfnvWGhh2fw.json
data\raw_audio\qfnvWGhh2fw.wav	330.039	335.919	thể nói rằng là đẹp nhất của Triều Nguyễn Việt Nam.	@HUE	data\processed_transcripts\qfnvWGhh2fw.json
data\raw_audio\qfnvWGhh2fw.wav	335.919	341.4	Đó, chúng ta sẽ đi theo lối đi chính. Quý vị thấy nhìn phía trên cái bi đình	@HUE	data\processed_transcripts\qfnvWGhh2fw.json
data\raw_audio\qfnvWGhh2fw.wav	341.4	346.28	là chúng ta đã thấy được một cái màu rất là cổ kính rồi quý vị.	@HUE	data\processed_transcripts\qfnvWGhh2fw.json
data\raw_audio\qfnvWGhh2fw.wav	346.28	350.84	Đây chính là khu vực à Bái Đình của Khiêm Lăng.	@HUE	data\processed_transcripts\qfnvWGhh2fw.json
data\raw_audio\qfnvWGhh2fw.wav	350.84	354.759	Thì cũng như những cái lăng mộ của các vị vua đi trước như lăng vua Gia Long,	@HUE	data\processed_transcripts\qfnvWGhh2fw.json
data\raw_audio\qfnvWGhh2fw.wav	354.759	360.24	lăng vua Minh Mạn, lăng vua thiếu trị thì ở đây cũng có một hệ thống bức tượng	@HUE	data\processed_transcripts\qfnvWGhh2fw.json
data\raw_audio\qfnvWGhh2fw.wav	360.24	365.88	văn vỏ bát quang và voi ngựa. Đặc biệt thì những cái bức tường phía bên ngoài	@HUE	data\processed_transcripts\qfnvWGhh2fw.json
data\raw_audio\qfnvWGhh2fw.wav	365.88	371.28	này quý vị đó được trang trí bằng những loại bạc tràng rất là đẹp. Đây ngay cả	@HUE	data\processed_transcripts\qfnvWGhh2fw.json
data\raw_audio\qfnvWGhh2fw.wav	371.28	375.08	tường voi không thôi quý vị. Những cái tường voi ngựa cũng có những cái hòa	@HUE	data\processed_transcripts\qfnvWGhh2fw.json
data\raw_audio\qfnvWGhh2fw.wav	375.08	379.96	tiết khắc trên đó rất là đẹp luôn. Quá tuyệt vời.	@HUE	data\processed_transcripts\qfnvWGhh2fw.json
data\raw_audio\qfnvWGhh2fw.wav	379.96	385.479	Đó. Bên này là cái ghế ngồi của người cưỡi voi đây quý vị này. Đó gọi là tượng	@HUE	data\processed_transcripts\qfnvWGhh2fw.json
data\raw_audio\qfnvWGhh2fw.wav	385.479	393.68	binh. Rồi bên này là ngựa đó. Quang văng và Quang Võ. Và cái khu vực Bái Đình gồm	@HUE	data\processed_transcripts\qfnvWGhh2fw.json
data\raw_audio\qfnvWGhh2fw.wav	393.68	399.4	có hai tầng sân này sẽ dẫn chúng ta đi lên khu vực B Định.	@HUE	data\processed_transcripts\qfnvWGhh2fw.json
data\raw_audio\qfnvWGhh2fw.wav	399.4	407.639	những cái hòa tiết trang trí đấy, những cái khảm sàn sứ nhìn rất là tuyệt vời.	@HUE	data\processed_transcripts\qfnvWGhh2fw.json
data\raw_audio\qfnvWGhh2fw.wav	407.639	413.08	Có thể nói là không có cái từ nào để diễn tả cái nét tuyệt vời đó. Những cái	@HUE	data\processed_transcripts\qfnvWGhh2fw.json
data\raw_audio\qfnvWGhh2fw.wav	413.08	421.599	hòa tiết may đây quý vị may khói à những chữ thọ đó những viên gạch và nó đẹp tới	@HUE	data\processed_transcripts\qfnvWGhh2fw.json
data\raw_audio\qfnvWGhh2fw.wav	421.599	427.4	từng chi tiết. Tuy nhiên thì quý vị thấy là cũng có rong riêu bám rồi quý vị. Một	@HUE	data\processed_transcripts\qfnvWGhh2fw.json
data\raw_audio\qfnvWGhh2fw.wav	427.4	432.479	cái bi đình rất là to. Đó phía bên trong B Đình thì có một cái	@HUE	data\processed_transcripts\qfnvWGhh2fw.json
data\raw_audio\qfnvWGhh2fw.wav	432.479	440.24	bia rất là lớn đó chính là cái bia mà khắc bài khiêm cung ký của vua Tử Đức.	@HUE	data\processed_transcripts\qfnvWGhh2fw.json
data\raw_audio\qfnvWGhh2fw.wav	440.24	443.84	Vua Tử Đức thì là một vị vua không có con. Chính vì vậy mà vua nhận con nuôi	@HUE	data\processed_transcripts\qfnvWGhh2fw.json
data\raw_audio\qfnvWGhh2fw.wav	443.84	448.16	từ các hoàng thân trong triều đình. Vua đã nhận được ba vị hoàng tử và sau này	@HUE	data\processed_transcripts\qfnvWGhh2fw.json
data\raw_audio\qfnvWGhh2fw.wav	448.16	451.879	trở thành ba vị vua. Đó là vua Dục Đức, vua Kiến Phúc và vua Đồng Khánh. Thưa	@HUE	data\processed_transcripts\qfnvWGhh2fw.json
data\raw_audio\qfnvWGhh2fw.wav	451.879	457.199	quý vị, những cái hòa tiết vânng may quá tuyệt vời thưa quý vị ơi. Wow, long ẩn	@HUE	data\processed_transcripts\qfnvWGhh2fw.json
data\raw_audio\qfnvWGhh2fw.wav	457.199	461.96	vânng đây quý vị này. Ròng cưỡi may rất là đẹp.	@HUE	data\processed_transcripts\qfnvWGhh2fw.json
data\raw_audio\qfnvWGhh2fw.wav	461.96	466.879	Chúng ta sẽ tiếp tục một cái bài thơ gọi là một cái bài khiêm	@HUE	data\processed_transcripts\qfnvWGhh2fw.json
data\raw_audio\qfnvWGhh2fw.wav	466.879	472.68	cung ký à rất là nhiều các cái chữ và ngay cái tấm bia không thì các cái hỏa	@HUE	data\processed_transcripts\qfnvWGhh2fw.json
data\raw_audio\qfnvWGhh2fw.wav	472.68	477.039	tiết nó cũng nói lên một cái sự hoành tráng rồi quý vị.	@HUE	data\processed_transcripts\qfnvWGhh2fw.json
data\raw_audio\qfnvWGhh2fw.wav	477.039	483.199	Đó và phía sau cái B Đình thì chúng ta sẽ	@HUE	data\processed_transcripts\qfnvWGhh2fw.json
data\raw_audio\qfnvWGhh2fw.wav	483.199	487.96	đến khu vực hai cái trụ biểu và có lẽ hai cái trụ biểu này chính là hai trụ	@HUE	data\processed_transcripts\qfnvWGhh2fw.json
data\raw_audio\qfnvWGhh2fw.wav	487.96	493.159	biểu đặc trưng nhất về kiến trúc của từ thời vua Gia Long cho tới vua tự đức	@HUE	data\processed_transcripts\qfnvWGhh2fw.json
data\raw_audio\qfnvWGhh2fw.wav	493.159	498.759	thưa quý vị. Cho tới vua Thiều Trì luôn. Đấy những cái lăng mộ sau thì những cái	@HUE	data\processed_transcripts\qfnvWGhh2fw.json
data\raw_audio\qfnvWGhh2fw.wav	498.759	504.24	bi đình nó rất là nhỏ. Hai cái cuộc đình này thì có thể nói là nó quá cao và quá	@HUE	data\processed_transcripts\qfnvWGhh2fw.json
data\raw_audio\qfnvWGhh2fw.wav	504.24	509.599	lớn, quá tuyệt vời. Đó, xung quanh thì cũng được trồng các	@HUE	data\processed_transcripts\qfnvWGhh2fw.json
data\raw_audio\qfnvWGhh2fw.wav	509.599	514.2	cái loại hoa, loại cây cổ. Và tiếp theo đây chống chính là một cái hồ bá nguyệt	@HUE	data\processed_transcripts\qfnvWGhh2fw.json
data\raw_audio\qfnvWGhh2fw.wav	514.2	519.719	đây thưa quý vị. Đó, trước khu vực tẩm mộ của vua Tử Đức. Đây chính là khu vực	@HUE	data\processed_transcripts\qfnvWGhh2fw.json
data\raw_audio\qfnvWGhh2fw.wav	519.719	526.64	một cái hồ Bá Nguyệt đây. Một cái hồ rất là đẹp và nước thì rất là trong xanh.	@HUE	data\processed_transcripts\qfnvWGhh2fw.json
data\raw_audio\qfnvWGhh2fw.wav	526.64	534.32	rất là nhiều loại cá được nuôi ở đây. Tôi sẽ tiến vào phía bên trong lăng mộ	@HUE	data\processed_transcripts\qfnvWGhh2fw.json
data\raw_audio\qfnvWGhh2fw.wav	534.32	537.44	của ngài. Việc mà vua Tử Đức không có con thì nó	@HUE	data\processed_transcripts\qfnvWGhh2fw.json
data\raw_audio\qfnvWGhh2fw.wav	542.68	548.48	cũng ảnh hưởng rất nhiều đến cuộc sống của vua và thậm chí đến tư tưởng của vua	@HUE	data\processed_transcripts\qfnvWGhh2fw.json
data\raw_audio\qfnvWGhh2fw.wav	548.48	552.279	cũng thế. Dạo bước trong cái khung cảnh này, tôi	@HUE	data\processed_transcripts\qfnvWGhh2fw.json
data\raw_audio\qfnvWGhh2fw.wav	552.279	556.44	có thể cảm nhận được là một không gian, một cái không khí u tịch. rất là yên	@HUE	data\processed_transcripts\qfnvWGhh2fw.json
data\raw_audio\qfnvWGhh2fw.wav	556.44	562.2	tĩnh và thư thái. Thưa quý vị, một cái ngày lễ như thế này mà nếu như	@HUE	data\processed_transcripts\qfnvWGhh2fw.json
data\raw_audio\qfnvWGhh2fw.wav	562.2	569.12	đến những cái nơi như thế này để chúng ta khám phá và để chúng ta tìm hiểu cũng	@HUE	data\processed_transcripts\qfnvWGhh2fw.json
data\raw_audio\qfnvWGhh2fw.wav	569.12	574.76	như là để ngắm cũng như là chụp hình thì quá tuyệt vời.	@HUE	data\processed_transcripts\qfnvWGhh2fw.json
data\raw_audio\qfnvWGhh2fw.wav	574.76	580.68	Đây a tôi sẽ đi lên phía trước khu vực à tập mộ của ngài. Ở đây gọi chung là	@HUE	data\processed_transcripts\qfnvWGhh2fw.json
data\raw_audio\qfnvWGhh2fw.wav	580.68	585.68	huyền cung thì cũng có những cái bậc cấp đi lên cái khu	@HUE	data\processed_transcripts\qfnvWGhh2fw.json
data\raw_audio\qfnvWGhh2fw.wav	585.68	591.399	vực phía trên sân. Ở đây thì quý vị cũng có thể thấy là những cái khu vực cột kẹo	@HUE	data\processed_transcripts\qfnvWGhh2fw.json
data\raw_audio\qfnvWGhh2fw.wav	591.399	598.839	để làm à cái mái che khi mà là tế tế lễ hoặc là những cái ngày hủy kỳ của vua. Ở	@HUE	data\processed_transcripts\qfnvWGhh2fw.json
data\raw_audio\qfnvWGhh2fw.wav	598.839	605.16	đây thì chúng ta sẽ thấy cái bũ thành ngoài và cổng bổ thành.	@HUE	data\processed_transcripts\qfnvWGhh2fw.json
data\raw_audio\qfnvWGhh2fw.wav	605.16	608.92	Thực sự mà nói thì qua những cái ngôi lăng mổ mà Huy Review đã từng quay cho	@HUE	data\processed_transcripts\qfnvWGhh2fw.json
data\raw_audio\qfnvWGhh2fw.wav	608.92	613.72	quý vị xem thì khu vực Bửu Thành của Lăng Vô Tử Đức có thể nói là rất là cao	@HUE	data\processed_transcripts\qfnvWGhh2fw.json
data\raw_audio\qfnvWGhh2fw.wav	613.72	619.16	và nhìn có vẻ rất đơn giản nhưng mà rất là thanh thoát thôi quý vị. Đấy, phía	@HUE	data\processed_transcripts\qfnvWGhh2fw.json
data\raw_audio\qfnvWGhh2fw.wav	619.16	624.64	trên thì như quý vị thấy là có hai chú rồng chầu vào ở giữa rồi các cái họa	@HUE	data\processed_transcripts\qfnvWGhh2fw.json
data\raw_audio\qfnvWGhh2fw.wav	624.64	630.12	tiết trang trí trong các ô học gồm có các con kỳ lưng à và các cái hòa tiến	@HUE	data\processed_transcripts\qfnvWGhh2fw.json
data\raw_audio\qfnvWGhh2fw.wav	630.12	636.0	này nhìn rất là rõ, hoa văn rất là đẹp. Sau bũ thành thì chúng ta sẽ đi vào phía	@HUE	data\processed_transcripts\qfnvWGhh2fw.json
data\raw_audio\qfnvWGhh2fw.wav	636.0	641.6	bên trong lăng mộ của ngài khu vực tổng mổ.	@HUE	data\processed_transcripts\qfnvWGhh2fw.json
data\raw_audio\qfnvWGhh2fw.wav	641.6	644.839	Và ngay cái khoảng cách giữa bộ thần ngoài và bổ thần trong không thì chúng	@HUE	data\processed_transcripts\qfnvWGhh2fw.json
data\raw_audio\qfnvWGhh2fw.wav	644.839	647.88	ta cũng đã thấy có một cái sự khác biệt rất là lớn với những cái ngôi lăng mộ	@HUE	data\processed_transcripts\qfnvWGhh2fw.json
data\raw_audio\qfnvWGhh2fw.wav	647.88	651.639	khác rồi. Đập vào mắt chúng ta chúng ta sẽ thấy	@HUE	data\processed_transcripts\qfnvWGhh2fw.json
data\raw_audio\qfnvWGhh2fw.wav	651.639	656.079	bức bình phong một cái chữ thọ rất là lớn ở giữa và các được và cái chữ thọ	@HUE	data\processed_transcripts\qfnvWGhh2fw.json
data\raw_audio\qfnvWGhh2fw.wav	656.079	661.279	này được khám sanh xứ. Các cái hòa tiết phía bên này thì lại được trang trí	@HUE	data\processed_transcripts\qfnvWGhh2fw.json
data\raw_audio\qfnvWGhh2fw.wav	661.279	665.88	những chú rồng rất là đẹp thưa quý vị. Có thể nói là tuyệt vời quá tuyệt diệu	@HUE	data\processed_transcripts\qfnvWGhh2fw.json
data\raw_audio\qfnvWGhh2fw.wav	665.88	670.279	luôn. Một cái công trình kiến trúc rất là đồ sổ.	@HUE	data\processed_transcripts\qfnvWGhh2fw.json
data\raw_audio\qfnvWGhh2fw.wav	670.279	677.2	và vào bên trong lă mộ tôi cũng sẽ đi vào để thắp nhang cho ngài. Sau đó thì	@HUE	data\processed_transcripts\qfnvWGhh2fw.json
data\raw_audio\qfnvWGhh2fw.wav	677.2	682.36	chúng ta sẽ qua thăm lăng mộ của lễ thi hành hồ hậu. Cái bộ thàh trong thì chúng	@HUE	data\processed_transcripts\qfnvWGhh2fw.json
data\raw_audio\qfnvWGhh2fw.wav	682.36	688.24	ta lại thấy nó có một cái sự khác biệt nữa đó chính là hai cái cột cổng vào á	@HUE	data\processed_transcripts\qfnvWGhh2fw.json
data\raw_audio\qfnvWGhh2fw.wav	688.24	695.0	đây thì chúng ta lại thấy có hai hoa sen ở trên đầu và xung quanh thì được trang	@HUE	data\processed_transcripts\qfnvWGhh2fw.json
data\raw_audio\qfnvWGhh2fw.wav	695.0	701.399	trí bằng những cái loại gạch đó. rồi các cái chữ thọ vân vân. Và đây chính là khu	@HUE	data\processed_transcripts\qfnvWGhh2fw.json
data\raw_audio\qfnvWGhh2fw.wav	701.399	707.2	vực tẩm mộ của ngài. Đây tẩm mộ của ngài thì cũng là một tấm	@HUE	data\processed_transcripts\qfnvWGhh2fw.json
data\raw_audio\qfnvWGhh2fw.wav	707.2	713.88	mộ nổi phía bên trên. Và như quý vị thấy thì à trước kia Huế Review quay về xương	@HUE	data\processed_transcripts\qfnvWGhh2fw.json
data\raw_audio\qfnvWGhh2fw.wav	713.88	718.32	lăng cũng như là xương thọ lăng. Thì cái kiểu kiến trúc này là kiểu kiến trúc đặc	@HUE	data\processed_transcripts\qfnvWGhh2fw.json
data\raw_audio\qfnvWGhh2fw.wav	718.32	723.72	trưng cho thời đó và ngôi mộ được làm bằng đánh rất là kỹ càng.	@HUE	data\processed_transcripts\qfnvWGhh2fw.json
data\raw_audio\qfnvWGhh2fw.wav	723.72	729.839	Đó và quý vị thấy thì hiện tại nó được trùng tu và như là mức độ xuống cấp nó	@HUE	data\processed_transcripts\qfnvWGhh2fw.json
data\raw_audio\qfnvWGhh2fw.wav	729.839	736.839	rất là ít. Đấy phía trên thì cũng có hai bông rồng chầu vào bác quái ở giữa đó.	@HUE	data\processed_transcripts\qfnvWGhh2fw.json
data\raw_audio\qfnvWGhh2fw.wav	736.839	742.279	Bức a bình phong hậu ở phía sau của bổ thần trong thì như quý vị thấy rõ ràng	@HUE	data\processed_transcripts\qfnvWGhh2fw.json
data\raw_audio\qfnvWGhh2fw.wav	742.279	748.16	là hai trủ rộng rất là còn rất là nguyên vẹn thô quý vị. Và đang cưỡi may để chầu	@HUE	data\processed_transcripts\qfnvWGhh2fw.json
data\raw_audio\qfnvWGhh2fw.wav	748.16	754.199	vào ở giữa. Đây là lượng lông chầu Nhật đây quý vị. Đấy, rất đẹp. Những ròng	@HUE	data\processed_transcripts\qfnvWGhh2fw.json
data\raw_audio\qfnvWGhh2fw.wav	754.199	759.36	được khám sanh xứ quá tuyệt vời. Rồi bây giờ thì tôi xin thấp nhang cho	@HUE	data\processed_transcripts\qfnvWGhh2fw.json
data\raw_audio\qfnvWGhh2fw.wav	759.36	763.56	ngài, sau đó thì chúng ta sẽ tiếp tục hành trình qua lăng mộ của vị hoàng hậu	@HUE	data\processed_transcripts\qfnvWGhh2fw.json
data\raw_audio\qfnvWGhh2fw.wav	763.56	767.76	mà hôm nay tôi muốn giới thiệu đến quý vị.	@HUE	data\processed_transcripts\qfnvWGhh2fw.json
data\raw_audio\qfnvWGhh2fw.wav	776.32	781.639	Vâng và trước cái khu vực mà ngay trụ biểu của lăng Vô Tử Đức thì chúng ta	@HUE	data\processed_transcripts\qfnvWGhh2fw.json
data\raw_audio\qfnvWGhh2fw.wav	781.639	789.04	cũng sẽ có một cái lối đi để dẫn chúng ta tới khu vực của Lễ Thoàn Hậu. Thì khu	@HUE	data\processed_transcripts\qfnvWGhh2fw.json
data\raw_audio\qfnvWGhh2fw.wav	789.04	795.0	vực này là một cái khu vực lăng mộ rất là đặc biệt ấy. việc mà chôn cất vị	@HUE	data\processed_transcripts\qfnvWGhh2fw.json
data\raw_audio\qfnvWGhh2fw.wav	795.0	800.92	hoàng hậu của mình bên cạnh lăng của vua thì đó là một cái điều rất là đặc biệt	@HUE	data\processed_transcripts\qfnvWGhh2fw.json
data\raw_audio\qfnvWGhh2fw.wav	800.92	806.079	trong cái khuốc lăng vua Tử Đức thưa quý vị à trước kia khi mà Huy R quay những	@HUE	data\processed_transcripts\qfnvWGhh2fw.json
data\raw_audio\qfnvWGhh2fw.wav	806.079	810.639	cái ngôi lăng mổ của các cái vị vua trước hay là những cái vị vua sau thì	@HUE	data\processed_transcripts\qfnvWGhh2fw.json
data\raw_audio\qfnvWGhh2fw.wav	810.639	816.839	khu vực lăng tẩm của vị các vị hoàng hậu thường là ở cách xa à khu vực lăng tẩm	@HUE	data\processed_transcripts\qfnvWGhh2fw.json
data\raw_audio\qfnvWGhh2fw.wav	816.839	822.04	của vua nhưng mà quý vị thấy thì ở đây rõ ràng là chúng ta thấy rằng ngôi lăng	@HUE	data\processed_transcripts\qfnvWGhh2fw.json
data\raw_audio\qfnvWGhh2fw.wav	822.04	825.519	mộ của vị hoàng hậu chúng nằm phía bên này.	@HUE	data\processed_transcripts\qfnvWGhh2fw.json
data\raw_audio\qfnvWGhh2fw.wav	825.519	831.079	Vâng, kính thưa quý vị thì à Lệ Thi An Hoàng Hậu có tên thực là Võ Thị Duyên	@HUE	data\processed_transcripts\qfnvWGhh2fw.json
data\raw_audio\qfnvWGhh2fw.wav	831.079	835.759	hay người ta còn gọi là Vũ Thị Duyên là con của đông các đại học sĩ Võ Xung Cẩn	@HUE	data\processed_transcripts\qfnvWGhh2fw.json
data\raw_audio\qfnvWGhh2fw.wav	835.759	840.399	và Lễ Quốc Phu nhân. Thưa quý vị, bà sinh năm 1828	@HUE	data\processed_transcripts\qfnvWGhh2fw.json
data\raw_audio\qfnvWGhh2fw.wav	840.399	844.639	và từ nhỏ thì bà cũng đã được nuôi dưỡng rất là nghiêm khắc. Đồng thời thì người	@HUE	data\processed_transcripts\qfnvWGhh2fw.json
data\raw_audio\qfnvWGhh2fw.wav	844.639	849.759	đời cũng đã truyền lại rằng là bà ngày xưa rất là đẹp, nhan sắc thì tuyệt trần	@HUE	data\processed_transcripts\qfnvWGhh2fw.json
data\raw_audio\qfnvWGhh2fw.wav	849.759	854.56	à đặc biệt là có tài văn chương. Chính vì vậy mà cũng được rất nhiều những vị	@HUE	data\processed_transcripts\qfnvWGhh2fw.json
data\raw_audio\qfnvWGhh2fw.wav	854.56	861.279	công tử để ý đến. Thì đến năm 1843 thì bà được đưa vào cung để hầu hạ cho hoàng	@HUE	data\processed_transcripts\qfnvWGhh2fw.json
data\raw_audio\qfnvWGhh2fw.wav	861.279	865.279	tử Hồng Nhẫm. Lúc đó thì vẫn chưa lên ngôi vua Tử Đức. Thưa quý vị, sau khi	@HUE	data\processed_transcripts\qfnvWGhh2fw.json
data\raw_audio\qfnvWGhh2fw.wav	865.279	870.44	vào cung thì bà hầu hạ bềa trên rất là cẩn thận và chu đáo. Chính vì vậy mà	@HUE	data\processed_transcripts\qfnvWGhh2fw.json
data\raw_audio\qfnvWGhh2fw.wav	870.44	875.959	nhận được sự thương yêu hết mực của vua Tử Đức. À sau khi vua Tử Đức lên ngồi	@HUE	data\processed_transcripts\qfnvWGhh2fw.json
data\raw_audio\qfnvWGhh2fw.wav	875.959	881.6	thì rất là sủng ái bà và dần dần thì bà được đi lên cái vị trí cao nhất đó chính	@HUE	data\processed_transcripts\qfnvWGhh2fw.json
data\raw_audio\qfnvWGhh2fw.wav	881.6	886.519	là vị trí Hoàng Quỷ Phi. Hoàng Quỷ Phi lúc đó thì là vị trí cao nhất trong hậu	@HUE	data\processed_transcripts\qfnvWGhh2fw.json
data\raw_audio\qfnvWGhh2fw.wav	886.519	891.48	cung và được cai quản hậu cung rồi thưa quý vị. Việc mà được cai quản hậu cung	@HUE	data\processed_transcripts\qfnvWGhh2fw.json
data\raw_audio\qfnvWGhh2fw.wav	891.48	896.639	thì là một điều rất là vinh hạnh cho một người phụ nữ thời đó. Tuy nhiên thì nó	@HUE	data\processed_transcripts\qfnvWGhh2fw.json
data\raw_audio\qfnvWGhh2fw.wav	896.639	902.04	cũng mang lại rất nhiều những cái rủi ro. À đặc biệt thì như quý vị biết là	@HUE	data\processed_transcripts\qfnvWGhh2fw.json
data\raw_audio\qfnvWGhh2fw.wav	902.04	908.68	cái thời điểm đó thì Vu Tử Đức à đang rất là đau đầu trong cái việc mà chống	@HUE	data\processed_transcripts\qfnvWGhh2fw.json
data\raw_audio\qfnvWGhh2fw.wav	908.68	915.92	Pháp. Chính vì vậy mà ông thường hay tức tối và có những cái lần giận hờn vô cớ.	@HUE	data\processed_transcripts\qfnvWGhh2fw.json
data\raw_audio\qfnvWGhh2fw.wav	915.92	921.68	Thì có một cái sự việc được truyền lại đó là lúc đó thì vua Tử Đức là đang à	@HUE	data\processed_transcripts\qfnvWGhh2fw.json
data\raw_audio\qfnvWGhh2fw.wav	921.68	928.839	chờ để mà à người mang thuốc đến cho vua. Nhưng mà tỳ nữ hầu cạnh á thì lại	@HUE	data\processed_transcripts\qfnvWGhh2fw.json
data\raw_audio\qfnvWGhh2fw.wav	928.839	934.8	mang đến rất là muộn. Chính vì vậy mà vua rất là tức giận. Từ đó thì vua lại	@HUE	data\processed_transcripts\qfnvWGhh2fw.json
data\raw_audio\qfnvWGhh2fw.wav	934.8	939.639	khiển trách Lễ Thiên Anh Hoàng Hậu là thiếu cẩn trọng trong việc hầu hạ và đã	@HUE	data\processed_transcripts\qfnvWGhh2fw.json
data\raw_audio\qfnvWGhh2fw.wav	939.639	946.16	gián chức bà xuống làm Trung Phi. Việc này thì làm bà rất là đau khổ và rất là	@HUE	data\processed_transcripts\qfnvWGhh2fw.json
data\raw_audio\qfnvWGhh2fw.wav	946.16	950.759	buồn bã. Tuy nhiên là với bản tính là một người phụ nữ mạnh mẽ chính vì vậy mà	@HUE	data\processed_transcripts\qfnvWGhh2fw.json
data\raw_audio\qfnvWGhh2fw.wav	950.759	955.199	bà đã vượt qua những cái đau khổ và buồn bã đó để tiếp tục thể hiện cái lòng son	@HUE	data\processed_transcripts\qfnvWGhh2fw.json
data\raw_audio\qfnvWGhh2fw.wav	955.199	960.48	sắc chung thủy đối với người chồng của mình là Vu Tử Đức. Hiện tại thì Huế Rêu	@HUE	data\processed_transcripts\qfnvWGhh2fw.json
data\raw_audio\qfnvWGhh2fw.wav	960.48	965.56	đang đứng trước khu vực lăng mộ của Lệ Thiên Anh Hoàng Hậu. Đấy thì bây giờ	@HUE	data\processed_transcripts\qfnvWGhh2fw.json
data\raw_audio\qfnvWGhh2fw.wav	965.56	969.48	chúng ta sẽ từ từ đi vào để khám phá ngôi lăng mộ của bà nha quý vị. Xin kính	@HUE	data\processed_transcripts\qfnvWGhh2fw.json
data\raw_audio\qfnvWGhh2fw.wav	969.48	973.8	mời quý vị. Đấy thì khu vực lăng mộ của vua Tử Đức là nằm phía bên kia. Còn đây	@HUE	data\processed_transcripts\qfnvWGhh2fw.json
data\raw_audio\qfnvWGhh2fw.wav	973.8	977.72	là chính là khu vực đi lên. khu vực lăng mộ của lễ thiên anh Hoàng Hậu. Thưa quý	@HUE	data\processed_transcripts\qfnvWGhh2fw.json
data\raw_audio\qfnvWGhh2fw.wav	977.72	981.8	vị, chắc có lẽ là nhiều quý vị đang thắc mắc tại vì sao hôm nay là một ngày đặc	@HUE	data\processed_transcripts\qfnvWGhh2fw.json
data\raw_audio\qfnvWGhh2fw.wav	981.8	985.68	biệt là ngày 8 tháng thì Huế Review lại chọn cái khu vực lăng mộ của Lễ Th Hoàng	@HUE	data\processed_transcripts\qfnvWGhh2fw.json
data\raw_audio\qfnvWGhh2fw.wav	985.68	990.959	Hậu để giới thiệu đến quý vị. Bởi vì cuộc đời của bà như Huyết R kể lúc nãy	@HUE	data\processed_transcripts\qfnvWGhh2fw.json
data\raw_audio\qfnvWGhh2fw.wav	990.959	995.72	cho quý vị nghe thì sau khi bà giảng chức là bị làm trung phi thì đó là một	@HUE	data\processed_transcripts\qfnvWGhh2fw.json
data\raw_audio\qfnvWGhh2fw.wav	995.72	1001.36	cái nỗi buồn rất là đau đớn của một người phụ nữ khi mà đang ở trên đỉnh cao	@HUE	data\processed_transcripts\qfnvWGhh2fw.json
data\raw_audio\qfnvWGhh2fw.wav	1001.36	1005.759	thì lại rớt xuống phía dưới mà thời xưa phong thời phong kiến ngày xưa thì rất	@HUE	data\processed_transcripts\qfnvWGhh2fw.json
data\raw_audio\qfnvWGhh2fw.wav	1005.759	1009.44	là nhiều điều dị nghị về cái việc đó thôi quý vị chính vì vậy mà bà sống	@HUE	data\processed_transcripts\qfnvWGhh2fw.json
data\raw_audio\qfnvWGhh2fw.wav	1009.44	1014.04	trong đau khổ và buồn tuổi và đặc biệt á thì sau này thì cũng có những cái điều	@HUE	data\processed_transcripts\qfnvWGhh2fw.json
data\raw_audio\qfnvWGhh2fw.wav	1014.04	1018.8	thú vị mà Huế R lác sẽ chia sẻ cho quý vị bị thêm. Còn bây giờ thì chúng ta sẽ	@HUE	data\processed_transcripts\qfnvWGhh2fw.json
data\raw_audio\qfnvWGhh2fw.wav	1018.8	1023.399	thấy rằng là phía bên trên bậc cấp của cái khu vực lăng mộ của bà thì chúng ta	@HUE	data\processed_transcripts\qfnvWGhh2fw.json
data\raw_audio\qfnvWGhh2fw.wav	1023.399	1028.199	sẽ thấy hai cái trụ biểu phía bên ngoài. Đấy, phía trước cũng có một cái vòng bá	@HUE	data\processed_transcripts\qfnvWGhh2fw.json
data\raw_audio\qfnvWGhh2fw.wav	1028.199	1033.079	nguyệt như thế này. À rồi quý vị, một cái vòng cung bá nguyệt nối lại phía	@HUE	data\processed_transcripts\qfnvWGhh2fw.json
data\raw_audio\qfnvWGhh2fw.wav	1033.079	1038.16	trước thì cũng có một cái hồ đó nổi liền với cái hồ lưu khiêm đó rồi. Đấy, thì	@HUE	data\processed_transcripts\qfnvWGhh2fw.json
data\raw_audio\qfnvWGhh2fw.wav	1038.16	1044.959	còn mang yếu tố minh đường đó rồi. Đấy để cho à trước khi à đi về vào cái khu	@HUE	data\processed_transcripts\qfnvWGhh2fw.json
data\raw_audio\qfnvWGhh2fw.wav	1044.959	1050.88	vực lăng mộ ở đây. Khu vực Bái Đình thì à khác với các vị vua thì các vị hoàng	@HUE	data\processed_transcripts\qfnvWGhh2fw.json
data\raw_audio\qfnvWGhh2fw.wav	1050.88	1055.08	hậu là không có các cái vị quang chậu. Đó là điều đương nhiên. À tuy nhiên thì	@HUE	data\processed_transcripts\qfnvWGhh2fw.json
data\raw_audio\qfnvWGhh2fw.wav	1055.08	1060.2	à phía sân bãi thì cũng rất là rộng rãi và rất là đẹp thưa quý vị. Được à có	@HUE	data\processed_transcripts\qfnvWGhh2fw.json
data\raw_audio\qfnvWGhh2fw.wav	1060.2	1066.08	những bồn hoa để trồng hoa. À lối đi thì cũng có ba lỗi đi chính. Và à các cái	@HUE	data\processed_transcripts\qfnvWGhh2fw.json
data\raw_audio\qfnvWGhh2fw.wav	1066.08	1071.48	phù điêu này được cắt điệu bằng các những con kỳ lân, những con à kỳ lân để	@HUE	data\processed_transcripts\qfnvWGhh2fw.json
data\raw_audio\qfnvWGhh2fw.wav	1071.48	1078.4	chầu đi lên. Đấy thì khu vực này cũng có những cái lỗ như thế này để mà dựng cột	@HUE	data\processed_transcripts\qfnvWGhh2fw.json
data\raw_audio\qfnvWGhh2fw.wav	1078.4	1084.08	kẹo để mà làm rạp để hủy kỳ thô quý vị. Đó bổ thành thì cũng rất là cao à nhìn	@HUE	data\processed_transcripts\qfnvWGhh2fw.json
data\raw_audio\qfnvWGhh2fw.wav	1084.08	1088.679	rất là đẹp. Ở đây thì cổng bổ thành ở phía trên là	@HUE	data\processed_transcripts\qfnvWGhh2fw.json
data\raw_audio\qfnvWGhh2fw.wav	1088.679	1092.96	phía bên vua tử đức á là sẽ có hai con rồng chầu còn bên này là có hai chim	@HUE	data\processed_transcripts\qfnvWGhh2fw.json
data\raw_audio\qfnvWGhh2fw.wav	1092.96	1097.4	phượng hoàng chậu à ở giữa đây các bạn. Đây là lưỡng phụng chầu chầu nguyệt nha	@HUE	data\processed_transcripts\qfnvWGhh2fw.json
data\raw_audio\qfnvWGhh2fw.wav	1097.4	1102.28	quý vị. Đấy bên này là chầu mặt trăng rồi cũng có những cái họa tiết kỳ lưng	@HUE	data\processed_transcripts\qfnvWGhh2fw.json
data\raw_audio\qfnvWGhh2fw.wav	1102.28	1106.799	trang trí cũng tương tự so với lăng vô tử đức. Tuy nhiên chỉ khác là đội ngôi	@HUE	data\processed_transcripts\qfnvWGhh2fw.json
data\raw_audio\qfnvWGhh2fw.wav	1106.799	1112.52	lăng mũ này là có đôi chim phụng. Như quý vị biết là là ngày xưa cái việc mà	@HUE	data\processed_transcripts\qfnvWGhh2fw.json
data\raw_audio\qfnvWGhh2fw.wav	1112.52	1117.52	làm cái cổng mở làm cái cửa để đi vào là làm bằng đồng hết thưa quý vị. Đây cổng	@HUE	data\processed_transcripts\qfnvWGhh2fw.json
data\raw_audio\qfnvWGhh2fw.wav	1117.52	1123.32	này bằng đồng hết th quý vị. Đó do đó là thường là sẽ có những cái	@HUE	data\processed_transcripts\qfnvWGhh2fw.json
data\raw_audio\qfnvWGhh2fw.wav	1123.32	1129.4	chốt những cái chốt như thế này để làm đi vào. Tuy nhiên thì cũng có nhiều ngôi	@HUE	data\processed_transcripts\qfnvWGhh2fw.json
data\raw_audio\qfnvWGhh2fw.wav	1129.4	1133.159	làng bộ Huy Review quay cho quý vị xem thì quý vị cũng đã thấy là nó không còn	@HUE	data\processed_transcripts\qfnvWGhh2fw.json
data\raw_audio\qfnvWGhh2fw.wav	1133.159	1138.2	những cái cửa nữa. Và đặc biệt đập vào mắt chúng ta sau cái cổng bụ thành đó	@HUE	data\processed_transcripts\qfnvWGhh2fw.json
data\raw_audio\qfnvWGhh2fw.wav	1138.2	1142.88	chính là bức bình phong. A bức bên phong này thì thiết kế quá là	@HUE	data\processed_transcripts\qfnvWGhh2fw.json
data\raw_audio\qfnvWGhh2fw.wav	1142.88	1148.36	tuyệt vời luôn quý vị ơi. Quý vị thấy là một cái hình tròn tượng trưng cho mặt	@HUE	data\processed_transcripts\qfnvWGhh2fw.json
data\raw_audio\qfnvWGhh2fw.wav	1148.36	1156.36	trăng và bên này chính là hai con chim phứ hỏa ở giữa chậu rất là đẹp đấy. Đáng	@HUE	data\processed_transcripts\qfnvWGhh2fw.json
data\raw_audio\qfnvWGhh2fw.wav	1156.36	1161.12	bay và rất là sinh động thưa quý vị. có thể nói là	@HUE	data\processed_transcripts\qfnvWGhh2fw.json
data\raw_audio\qfnvWGhh2fw.wav	1161.12	1167.96	bằng những cái khảm sàn xứ nhưng mà các nghệ nhân đã làm nên một cái hình tượng	@HUE	data\processed_transcripts\qfnvWGhh2fw.json
data\raw_audio\qfnvWGhh2fw.wav	1167.96	1172.84	lượng phụng cho nguyệt rất là đẹp đấy. Quá tuyệt vời. Quý vị thấy là những cái	@HUE	data\processed_transcripts\qfnvWGhh2fw.json
data\raw_audio\qfnvWGhh2fw.wav	1172.84	1179.76	khảm sành sử này đó khủy tinh màu này rất là đẹp à ra những cái đôi mày ngại	@HUE	data\processed_transcripts\qfnvWGhh2fw.json
data\raw_audio\qfnvWGhh2fw.wav	1179.76	1185.679	rất là tuyệt vời luôn. Đó xung quanh thì đúng được trang trí bằng những cái hóa	@HUE	data\processed_transcripts\qfnvWGhh2fw.json
data\raw_audio\qfnvWGhh2fw.wav	1185.679	1193.32	tiết là chim đậu trên cần. Rồi bên này là cũng có rồng nữa quý vị này. Đấy hoa	@HUE	data\processed_transcripts\qfnvWGhh2fw.json
data\raw_audio\qfnvWGhh2fw.wav	1193.32	1199.32	hoa mà được làm chạm trổ rất là đẹp thôi quý vị. Chỉ là bằng những cái mảnh sàn	@HUE	data\processed_transcripts\qfnvWGhh2fw.json
data\raw_audio\qfnvWGhh2fw.wav	1199.32	1205.4	sứ thôi. Đây phía chân của bức bình phong thì chúng ta cũng có thể thấy là	@HUE	data\processed_transcripts\qfnvWGhh2fw.json
data\raw_audio\qfnvWGhh2fw.wav	1205.4	1209.919	cũng được trang trí bằng những cái họa tiết đặc trưng cho vua chúa triều Nguyễn	@HUE	data\processed_transcripts\qfnvWGhh2fw.json
data\raw_audio\qfnvWGhh2fw.wav	1209.919	1215.12	thời đó. Ở đây là các cái bà hoàng. Vâng. Phía mặt sau bình phong thì chúng	@HUE	data\processed_transcripts\qfnvWGhh2fw.json
data\raw_audio\qfnvWGhh2fw.wav	1215.12	1220.919	ta sẽ thấy một cái à chữ thọ rất là lớn và xung quanh ở đây thì hai bên này cũng	@HUE	data\processed_transcripts\qfnvWGhh2fw.json
data\raw_audio\qfnvWGhh2fw.wav	1220.919	1226.0	được trang trí bằng những chú chim phượng đó. Và hai mặt đều là có trang	@HUE	data\processed_transcripts\qfnvWGhh2fw.json
data\raw_audio\qfnvWGhh2fw.wav	1226.0	1231.96	trí cả quý vị, đều có khảm sành sướng cả và những cái họa tiết quá là tuyệt vời.	@HUE	data\processed_transcripts\qfnvWGhh2fw.json
data\raw_audio\qfnvWGhh2fw.wav	1231.96	1235.48	À sau cái bức binh phong thì chúng ta sẽ thấy bộ thần trong và cái cổng bộ thần	@HUE	data\processed_transcripts\qfnvWGhh2fw.json
data\raw_audio\qfnvWGhh2fw.wav	1235.48	1240.44	trong thì ở đây được trang trí nó có vẻ là đơn giản hơn so với bên Lăng Tử Đức.	@HUE	data\processed_transcripts\qfnvWGhh2fw.json
data\raw_audio\qfnvWGhh2fw.wav	1240.44	1245.28	Và phía trên cũng có những cái hoa sen cũng được khắc những cái chữ thọ xung	@HUE	data\processed_transcripts\qfnvWGhh2fw.json
data\raw_audio\qfnvWGhh2fw.wav	1245.28	1251.039	quanh ấy. Nhìn rất là đồng điều thôi. Quý vị chắc có lẽ thì tôi cũng xin thấp	@HUE	data\processed_transcripts\qfnvWGhh2fw.json
data\raw_audio\qfnvWGhh2fw.wav	1251.039	1255.36	nhang trước khi chúng ta bước vào ngôi lăng mộ của bà. Vâng kính thưa quý vị	@HUE	data\processed_transcripts\qfnvWGhh2fw.json
data\raw_audio\qfnvWGhh2fw.wav	1255.36	1259.919	thì sau bước bình phong chính là cái cổng đi vào tẩm mùa của bà thưa quý vị.	@HUE	data\processed_transcripts\qfnvWGhh2fw.json
data\raw_audio\qfnvWGhh2fw.wav	1259.919	1265.28	Và rõ ràng thì ở đây quý vị thấy là đập vào mắt chúng ta sẽ thấy một cái hương	@HUE	data\processed_transcripts\qfnvWGhh2fw.json
data\raw_audio\qfnvWGhh2fw.wav	1265.28	1273.679	án và sau hương án đó chính là cái à khu vực tẩm mộ của bà. Những cái ngôi lăng	@HUE	data\processed_transcripts\qfnvWGhh2fw.json
data\raw_audio\qfnvWGhh2fw.wav	1273.679	1277.44	mộ trước kia mà Huyết trên video quay cho quý vị xem thì thường á là sẽ có	@HUE	data\processed_transcripts\qfnvWGhh2fw.json
data\raw_audio\qfnvWGhh2fw.wav	1277.44	1282.24	những cái bia mổ phía trước sau đó là sẽ đến tẩm mổ. Tuy nhiên ở đây thì chúng ta	@HUE	data\processed_transcripts\qfnvWGhh2fw.json
data\raw_audio\qfnvWGhh2fw.wav	1282.24	1287.12	sẽ thấy là ở đây không có bia à không có bia mổ và chỉ có một hương án như thế	@HUE	data\processed_transcripts\qfnvWGhh2fw.json
data\raw_audio\qfnvWGhh2fw.wav	1287.12	1292.0	này. Và sau này đây chính là cái khu vực tẩm mộ của bà. Khác so với khu lăng mộ	@HUE	data\processed_transcripts\qfnvWGhh2fw.json
data\raw_audio\qfnvWGhh2fw.wav	1292.0	1296.2	của vua Tử Đức thì ở đây sẽ có hai chim phượng hoàng trầu vào ở giữa đây quý vị	@HUE	data\processed_transcripts\qfnvWGhh2fw.json
data\raw_audio\qfnvWGhh2fw.wav	1296.2	1300.4	này. Đấy một con chim hai con chim. Và xung quanh thì cũng có những cái bụ	@HUE	data\processed_transcripts\qfnvWGhh2fw.json
data\raw_audio\qfnvWGhh2fw.wav	1300.4	1307.64	tượng phượng hoàng đấy được khắc trạm xung quanh để trầu vào ở giữa. Còn ở đây	@HUE	data\processed_transcripts\qfnvWGhh2fw.json
data\raw_audio\qfnvWGhh2fw.wav	1307.64	1312.039	thì tập mổ thì được xây dựng bằng đá thân rất là đẹp. một cái kiểu kiến trúc	@HUE	data\processed_transcripts\qfnvWGhh2fw.json
data\raw_audio\qfnvWGhh2fw.wav	1312.039	1317.76	rất là đặc trưng thời đó. Rồi à phía sau phần tẩm mộ sẽ chính là cái khu vực bình	@HUE	data\processed_transcripts\qfnvWGhh2fw.json
data\raw_audio\qfnvWGhh2fw.wav	1317.76	1323.24	phong của Bụ Thành Trong ở phía sau. Như quý vị thấy thì ở đây cũng có chữ thọ ở	@HUE	data\processed_transcripts\qfnvWGhh2fw.json
data\raw_audio\qfnvWGhh2fw.wav	1323.24	1327.96	giữa đấy. Và xung quanh thì gồm có hai chim phương hoàng. Đấy hai chú chim	@HUE	data\processed_transcripts\qfnvWGhh2fw.json
data\raw_audio\qfnvWGhh2fw.wav	1327.96	1333.0	phượng hoàng này à cách điệu nhìn có vẻ là nó cũng tương tự so với hai chú chim	@HUE	data\processed_transcripts\qfnvWGhh2fw.json
data\raw_audio\qfnvWGhh2fw.wav	1333.0	1337.88	phượng hoàng ở phía bình trước. Nhưng mà rõ ràng thì ở đây trầu một chữ	@HUE	data\processed_transcripts\qfnvWGhh2fw.json
data\raw_audio\qfnvWGhh2fw.wav	1337.88	1343.039	chữ thọ ở giữa đây quý vị này à chắc có lẽ là với mong muốn rằng là sẽ trường	@HUE	data\processed_transcripts\qfnvWGhh2fw.json
data\raw_audio\qfnvWGhh2fw.wav	1343.039	1349.88	tồn đấy. Một chữ thọ rất là đẹp. À những cái họa tiết xung quanh thì được trang	@HUE	data\processed_transcripts\qfnvWGhh2fw.json
data\raw_audio\qfnvWGhh2fw.wav	1349.88	1356.4	trí bằng hoa lá. Đây thì quý vị có thể thấy quý vị vị có thể thấy cần cảnh một	@HUE	data\processed_transcripts\qfnvWGhh2fw.json
data\raw_audio\qfnvWGhh2fw.wav	1356.4	1361.48	chỗ chim phượng hoa đây. Đây đây là đôi chân đang cặp một đang quắp một cái gì	@HUE	data\processed_transcripts\qfnvWGhh2fw.json
data\raw_audio\qfnvWGhh2fw.wav	1361.48	1366.6	đó là đôi chim ph hoa quá tuyệt vời thưa quý vị.	@HUE	data\processed_transcripts\qfnvWGhh2fw.json
data\raw_audio\qfnvWGhh2fw.wav	1366.6	1373.919	Đấy xung quanh thì có các cái họa tiết à rồng rồi rùa. Như vậy là long lân quy	@HUE	data\processed_transcripts\qfnvWGhh2fw.json
data\raw_audio\qfnvWGhh2fw.wav	1373.919	1379.679	phụng tử linh quy tụ ở cái bức bình phong này luôn thưa quý vị. Đấy, đặc	@HUE	data\processed_transcripts\qfnvWGhh2fw.json
data\raw_audio\qfnvWGhh2fw.wav	1379.679	1382.52	biệt thì như quý vị thấy thì ở trên này cũng có hai cái chim phượng hoàng này	@HUE	data\processed_transcripts\qfnvWGhh2fw.json
data\raw_audio\qfnvWGhh2fw.wav	1382.52	1387.32	chàu vào ở giữa nữa này. Đấy, rất nhiều chim phương hoàng luôn. Quá tuyệt vời	@HUE	data\processed_transcripts\qfnvWGhh2fw.json
data\raw_audio\qfnvWGhh2fw.wav	1387.32	1392.08	thưa quý vị. À vâng kính thưa quý vị thì để tiếp tục câu chuyện lúc nãy thì Huế	@HUE	data\processed_transcripts\qfnvWGhh2fw.json
data\raw_audio\qfnvWGhh2fw.wav	1392.08	1398.12	Review muốn chia sẻ với quý vị là sau khi mà bà bị vua Tử Đức giáng xuống làm	@HUE	data\processed_transcripts\qfnvWGhh2fw.json
data\raw_audio\qfnvWGhh2fw.wav	1398.12	1403.48	Trung Phi thì bà vẫn tiếp tục cái công việc của mình. Tuy nhiên đến năm 1883	@HUE	data\processed_transcripts\qfnvWGhh2fw.json
data\raw_audio\qfnvWGhh2fw.wav	1403.48	1409.64	thì vua Tử Đức đột ngột băng hạ. Chắc có lẽ là do hối hận về những gì mình đã đối	@HUE	data\processed_transcripts\qfnvWGhh2fw.json
data\raw_audio\qfnvWGhh2fw.wav	1409.64	1414.64	xử với người vợ của mình. Chính vì vậy mà vua Tử Đức đã để trong di chiếu rằng	@HUE	data\processed_transcripts\qfnvWGhh2fw.json
data\raw_audio\qfnvWGhh2fw.wav	1414.64	1420.36	muốn phong bà làm Hoàng Thái Hậu và đưa cái vị hoàng tử là con trai của chính bà	@HUE	data\processed_transcripts\qfnvWGhh2fw.json
data\raw_audio\qfnvWGhh2fw.wav	1420.36	1425.6	nuôi dưỡng là hoàng tử ưng chân lên kế vị và lấy hiệu là vua dục đức. Cứ tưởng	@HUE	data\processed_transcripts\qfnvWGhh2fw.json
data\raw_audio\qfnvWGhh2fw.wav	1425.6	1431.08	rằng là khổ tận cam li. Tuy nhiên thì à à mọi điều lại không được như vua Tử Đức	@HUE	data\processed_transcripts\qfnvWGhh2fw.json
data\raw_audio\qfnvWGhh2fw.wav	1431.08	1435.44	mong muốn. Đó chính là như quý vị biết thì thời gian đó cũng xảy ra cái sự việc	@HUE	data\processed_transcripts\qfnvWGhh2fw.json
data\raw_audio\qfnvWGhh2fw.wav	1435.44	1439.559	là Tử Nguyệt Tam Vương trong 4 tháng đã phế trúc lần lượt là ba vị vua thưa quý	@HUE	data\processed_transcripts\qfnvWGhh2fw.json
data\raw_audio\qfnvWGhh2fw.wav	1439.559	1445.44	vị. Và vua Dục Đức tuy chỉ lên ngôi được 3 ngày thì là đã bị hai đại thần là Tôn	@HUE	data\processed_transcripts\qfnvWGhh2fw.json
data\raw_audio\qfnvWGhh2fw.wav	1445.44	1450.88	Thất Thiết và Nguyễn Vân Tường phế trức à không cho được làm vua nữa và phải mất	@HUE	data\processed_transcripts\qfnvWGhh2fw.json
data\raw_audio\qfnvWGhh2fw.wav	1450.88	1454.96	đi trong ngục tù rất là cay đắng thô quý vị. Chính vì vậy mà số phận của bà Vũ	@HUE	data\processed_transcripts\qfnvWGhh2fw.json
data\raw_audio\qfnvWGhh2fw.wav	1454.96	1460.24	Thị Duyên cũng lại hỏng hươu thôi. Quý vị cứ tưởng rằng là sẽ	@HUE	data\processed_transcripts\qfnvWGhh2fw.json
data\raw_audio\qfnvWGhh2fw.wav	1460.24	1466.679	được lên lại cái ngôi cao nhưng mà cuối cùng thì sự việc tử nguyệt Tam Vương xảy	@HUE	data\processed_transcripts\qfnvWGhh2fw.json
data\raw_audio\qfnvWGhh2fw.wav	1466.679	1471.0	ra đã làm cho cuộc đời của bà thay đổi hoàn toàn. Sau này mà khi vua Hiệp Hòa	@HUE	data\processed_transcripts\qfnvWGhh2fw.json
data\raw_audio\qfnvWGhh2fw.wav	1471.0	1477.679	lên ngồi tức là em của vua Tử Đức thì cũng có ngọ ý là muốn làm theo di chiếu	@HUE	data\processed_transcripts\qfnvWGhh2fw.json
data\raw_audio\qfnvWGhh2fw.wav	1477.679	1483.52	của Tiên Đế là đưa bà lên làm Hoàng Thái Hậu. Tuy nhiên thì lúc đó thì bà lại	@HUE	data\processed_transcripts\qfnvWGhh2fw.json
data\raw_audio\qfnvWGhh2fw.wav	1483.52	1488.919	nhận ra những cái cây đẳng trong triều đình của những cái cây đẳng của số phận.	@HUE	data\processed_transcripts\qfnvWGhh2fw.json
data\raw_audio\qfnvWGhh2fw.wav	1488.919	1495.52	Chính vì vậy bà đã không chấp nhận à cái yêu cầu đó và bà đã không nhận lời để	@HUE	data\processed_transcripts\qfnvWGhh2fw.json
data\raw_audio\qfnvWGhh2fw.wav	1495.52	1500.64	trở thành Hoàng Thái Hậu mà chỉ muốn lên Khiêm Cung tức là cái tên của Khiêm Lăng	@HUE	data\processed_transcripts\qfnvWGhh2fw.json
data\raw_audio\qfnvWGhh2fw.wav	1500.64	1507.64	thời đó thôi quý vị để à lo hương khói à cho chồng của mình đó là Vu Tử Đức. Và	@HUE	data\processed_transcripts\qfnvWGhh2fw.json
data\raw_audio\qfnvWGhh2fw.wav	1507.64	1514.24	trong thời gian ở khiêm cung ấy thì bà tức bực và luôn hết lòng để lo hương	@HUE	data\processed_transcripts\qfnvWGhh2fw.json
data\raw_audio\qfnvWGhh2fw.wav	1514.24	1518.64	khói cho tổ tiên cũng như là lo hương khói cho tiên đế và thể hiện được cái	@HUE	data\processed_transcripts\qfnvWGhh2fw.json
data\raw_audio\qfnvWGhh2fw.wav	1518.64	1524.2	lòng son sắc chung thủy của mình đối với người chồng của mình. Thì đến năm 1902	@HUE	data\processed_transcripts\qfnvWGhh2fw.json
data\raw_audio\qfnvWGhh2fw.wav	1524.2	1530.44	thì sau khi vua Thành Thái lên ngồi thì năm đó thì bà cũng băng thể và thọ 75	@HUE	data\processed_transcripts\qfnvWGhh2fw.json
data\raw_audio\qfnvWGhh2fw.wav	1530.44	1535.76	tuổi. Vua Thanh Thái đã truy phong cho bà là lễ thiên an hoàng hậu như ngày nay	@HUE	data\processed_transcripts\qfnvWGhh2fw.json
data\raw_audio\qfnvWGhh2fw.wav	1535.76	1539.76	mà chúng ta thường nghe tên. Có thể nói rằng trong tất cả các cái lăng tẩm của	@HUE	data\processed_transcripts\qfnvWGhh2fw.json
data\raw_audio\qfnvWGhh2fw.wav	1539.76	1548.279	các vị hoàng hậu thì tôi rất là cảm kích vị hoàng hậu này. Tuy đã nhiều lần thắng	@HUE	data\processed_transcripts\qfnvWGhh2fw.json
data\raw_audio\qfnvWGhh2fw.wav	1548.279	1552.52	trầm trong cuộc đời nhưng mà bà vẫn giữ mãi cái lòng son sắc. thể hiện được cái	@HUE	data\processed_transcripts\qfnvWGhh2fw.json
data\raw_audio\qfnvWGhh2fw.wav	1552.52	1557.799	đức tính của người phụ nữ thời phong kiến luôn hết lòng vì gia đình chồng	@HUE	data\processed_transcripts\qfnvWGhh2fw.json
data\raw_audio\qfnvWGhh2fw.wav	1557.799	1563.24	luôn thể hiện được cái tình yêu son sắc đối với người chồng của mình và đặc biệt	@HUE	data\processed_transcripts\qfnvWGhh2fw.json
data\raw_audio\qfnvWGhh2fw.wav	1563.24	1567.559	là vua Tử Đức không có con và nỗi buồn mà khi không có người con ruột của bà	@HUE	data\processed_transcripts\qfnvWGhh2fw.json
data\raw_audio\qfnvWGhh2fw.wav	1567.559	1571.44	thì cũng cảm thấy rất là xót xa thưa quý vị đây là một vị hoàng hậu rất là đặc	@HUE	data\processed_transcripts\qfnvWGhh2fw.json
data\raw_audio\qfnvWGhh2fw.wav	1571.44	1575.44	biệt chính vì vậy mà hôm nay ngày mùng 8 tháng thì Huế R cũng muốn đến thấp cho	@HUE	data\processed_transcripts\qfnvWGhh2fw.json
data\raw_audio\qfnvWGhh2fw.wav	1575.44	1581.64	bà một nến nhang đồng thời thì cũng muốn giới thiệu đến quý vị cuộc đời và những	@HUE	data\processed_transcripts\qfnvWGhh2fw.json
data\raw_audio\qfnvWGhh2fw.wav	1581.64	1586.399	cái điều thăng trầm đối với vị hoàng hậu đặc biệt này. Và chắc có lẽ đến đây thì	@HUE	data\processed_transcripts\qfnvWGhh2fw.json
data\raw_audio\qfnvWGhh2fw.wav	1586.399	1590.399	Huế Review cũng xin kết thúc video. Nếu như quý vị thấy video này hay và ý nghĩa	@HUE	data\processed_transcripts\qfnvWGhh2fw.json
data\raw_audio\qfnvWGhh2fw.wav	1590.399	1595.2	thì cũng mong quý vị chúng ta like, chia sẻ cũng như đăng ký kênh để có thể nhận	@HUE	data\processed_transcripts\qfnvWGhh2fw.json
data\raw_audio\qfnvWGhh2fw.wav	1595.2	1598.24	được những video mới nhất về lăng tẩm triều Nguyễn nói riêng và về Huế nói	@HUE	data\processed_transcripts\qfnvWGhh2fw.json
data\raw_audio\qfnvWGhh2fw.wav	1598.24	1603.6	chung. Rồi xin chào và hẹn gặp lại quý vị ở những video tiếp theo.	@HUE	data\processed_transcripts\qfnvWGhh2fw.json
data\raw_audio\qyannyc5FeA.wav	0.199	4.359	Vâng, mến chào quý vị đã quay lại với Huế Review. Quý vị và các bạn thân mến,	@HUE	data\processed_transcripts\qyannyc5FeA.json
data\raw_audio\qyannyc5FeA.wav	4.359	9.679	hiện tại thì tôi đang có mặt ở làng Cư Chánh, xã Thủy Bằng, thị xã Hưng Thủy,	@HUE	data\processed_transcripts\qyannyc5FeA.json
data\raw_audio\qyannyc5FeA.wav	9.679	13.16	tỉnh Thừ Thiên Huế. Thưa quý vị, hôm nay lại tiếp tục cái hành trình khám phá một	@HUE	data\processed_transcripts\qyannyc5FeA.json
data\raw_audio\qyannyc5FeA.wav	13.16	19.16	cái ngôi mộ của lăng tập triều Nguyễn. Và ở đây chính là cái khu vực sông Hương	@HUE	data\processed_transcripts\qyannyc5FeA.json
data\raw_audio\qyannyc5FeA.wav	19.16	23.84	đây quý vị này. Và đây chính là cái khu vực mà thuộc cái phía đầu nguồn của sông	@HUE	data\processed_transcripts\qyannyc5FeA.json
data\raw_audio\qyannyc5FeA.wav	23.84	29.24	Hương. Đây là khu vực ở trên tuần. Thì Huế Review cũng đã có một cái video nó	@HUE	data\processed_transcripts\qyannyc5FeA.json
data\raw_audio\qyannyc5FeA.wav	29.24	35.64	làm làm về cái ngã ba bàn lạng và cũng đã chiếu qua cái khu vực mà ngay cái ngã	@HUE	data\processed_transcripts\qyannyc5FeA.json
data\raw_audio\qyannyc5FeA.wav	35.64	41.12	đầu sông Hương này. Tuy nhiên thì ở đây nó tồn tại một cái giai thoại về một cái	@HUE	data\processed_transcripts\qyannyc5FeA.json
data\raw_audio\qyannyc5FeA.wav	41.12	48.879	ngôi lăng mộ của một cái vị vương tử con của một vị chú Nguyễn và đó cũng chính	@HUE	data\processed_transcripts\qyannyc5FeA.json
data\raw_audio\qyannyc5FeA.wav	48.879	52.6	là phụ thân của một cái vị vua rất là nổi tiếng vị vua đầu tiên của Triều	@HUE	data\processed_transcripts\qyannyc5FeA.json
data\raw_audio\qyannyc5FeA.wav	52.6	57.96	Nguyễn. Thưa quý vị và nguyên nhân tại vì sao Huế Review lại đứng ở đây? Bởi vì	@HUE	data\processed_transcripts\qyannyc5FeA.json
data\raw_audio\qyannyc5FeA.wav	57.96	61.559	cái ngôi mộ này nó có liên quan mậc thiết đến cái dòng sông Hương, một cái	@HUE	data\processed_transcripts\qyannyc5FeA.json
data\raw_audio\qyannyc5FeA.wav	61.559	65.479	dòng sông huyền thoại của sự Huế. Ngôi mộ đó nó nằm trước mặt quý vị đây quý	@HUE	data\processed_transcripts\qyannyc5FeA.json
data\raw_audio\qyannyc5FeA.wav	65.479	71.0	vị. Đó và cái ngôi mộ đó là ngôi mộ của ai? Nó có cái bí sử gì, giai thoại gì,	@HUE	data\processed_transcripts\qyannyc5FeA.json
data\raw_audio\qyannyc5FeA.wav	71.0	75.04	những cái bí ẩn gì cũng như những cái điều thú vị gì mà Huy Review lại muốn	@HUE	data\processed_transcripts\qyannyc5FeA.json
data\raw_audio\qyannyc5FeA.wav	75.04	80.28	quay cho quý vị xem. Thì hôm nay tôi kính mời quý vị cùng các bạn chúng ta	@HUE	data\processed_transcripts\qyannyc5FeA.json
data\raw_audio\qyannyc5FeA.wav	80.28	85.36	tham quan và khám phá cái bí ẩn cái ngôi lăng bộ này và Huế Review cũng sẽ giải	@HUE	data\processed_transcripts\qyannyc5FeA.json
data\raw_audio\qyannyc5FeA.wav	85.36	90.28	thích những cái điều ở sau bên trong cái ngôi lăng bộ này khi mà chúng ta xem hết	@HUE	data\processed_transcripts\qyannyc5FeA.json
data\raw_audio\qyannyc5FeA.wav	90.28	95.119	video nha quý vị. Xin mời quý vị. Vâng kính thưa quý vị thì hiện tại thì	@HUE	data\processed_transcripts\qyannyc5FeA.json
data\raw_audio\qyannyc5FeA.wav	97.68	104.36	bây giờ nhiệt độ ở đây b nhiệt độ ở Huế rất là cao thôi quý vị cũng phải là 39	@HUE	data\processed_transcripts\qyannyc5FeA.json
data\raw_audio\qyannyc5FeA.wav	104.36	110.96	40 độ do đó là thời tiết rất là nóng chính vì vậy mà Huế Review cũng à đi vào	@HUE	data\processed_transcripts\qyannyc5FeA.json
data\raw_audio\qyannyc5FeA.wav	110.96	115.88	cái lúc mà khoảng cỡ 4 5:00 chiều để cho trời nó mát nó mát noát chịu một xíu chứ	@HUE	data\processed_transcripts\qyannyc5FeA.json
data\raw_audio\qyannyc5FeA.wav	115.88	119.439	còn mà nếu như mà đi buổi sáng hay là buổi trưa thì thật sự mà nói là không	@HUE	data\processed_transcripts\qyannyc5FeA.json
data\raw_audio\qyannyc5FeA.wav	119.439	122.52	thể chịu nổi thôi quý vị và hiện tại thì Huế Review đang di chuyển đến cái ngôi	@HUE	data\processed_transcripts\qyannyc5FeA.json
data\raw_audio\qyannyc5FeA.wav	122.52	126.439	lăng mộ mà hôm nay Huế Huy review muốn quay cho quý vị xem. Thì khác với những	@HUE	data\processed_transcripts\qyannyc5FeA.json
data\raw_audio\qyannyc5FeA.wav	126.439	129.879	cái ngôi lăng mộ trước mà Huế Review quay cho quý vị xem thì hôm nay Huy	@HUE	data\processed_transcripts\qyannyc5FeA.json
data\raw_audio\qyannyc5FeA.wav	129.879	134.879	Review sẽ giới thiệu sơ qua cái nhân vật nằm trong cái ngôi lă mộ này. Và ở đây	@HUE	data\processed_transcripts\qyannyc5FeA.json
data\raw_audio\qyannyc5FeA.wav	134.879	139.879	thì hiện tại thì quý vị cũng thấy là cái ngôi lă mộ này là bị khóa cái cọc ngoài	@HUE	data\processed_transcripts\qyannyc5FeA.json
data\raw_audio\qyannyc5FeA.wav	139.879	145.239	rồi. Chúng ta không thể đi vào bên trong cái ngôi lăng mộ này à bằng cái con	@HUE	data\processed_transcripts\qyannyc5FeA.json
data\raw_audio\qyannyc5FeA.wav	145.239	150.959	đường cổng chính được. Chính vì vậy mà Huế Review sẽ đi vào bằng cái con đường	@HUE	data\processed_transcripts\qyannyc5FeA.json
data\raw_audio\qyannyc5FeA.wav	150.959	156.68	đất đó. một có một cái con nước đất ở đây thưa quý vị này chúng ta sẽ phải leo	@HUE	data\processed_transcripts\qyannyc5FeA.json
data\raw_audio\qyannyc5FeA.wav	156.68	160.72	vào cái thành đó để đi vào cái khu vực lăng mộ thì bây giờ mời quý vị chúng ta	@HUE	data\processed_transcripts\qyannyc5FeA.json
data\raw_audio\qyannyc5FeA.wav	160.72	165.59	đồng hành cùng Huế review sẽ vào cái khu vực làng mộ	@HUE	data\processed_transcripts\qyannyc5FeA.json
data\raw_audio\qyannyc5FeA.wav	165.59	170.2	[Vỗ tay] đây. Quý vị thấy cái khu vực lăng mộ này	@HUE	data\processed_transcripts\qyannyc5FeA.json
data\raw_audio\qyannyc5FeA.wav	170.2	177.0	là coi như là đã đóng cái cửa rồi. Ở đây có một cái cổng này quý vị này. Đấy cái	@HUE	data\processed_transcripts\qyannyc5FeA.json
data\raw_audio\qyannyc5FeA.wav	177.0	181.72	cổng này hiện tại bây giờ như quý vị thấy thì nó cũng đã bị khóa rồi. Chính	@HUE	data\processed_transcripts\qyannyc5FeA.json
data\raw_audio\qyannyc5FeA.wav	181.72	188.599	vì vậy mà Huế Review sẽ đi bằng một cái lối đi khác đó chính là ở đây là quý vị	@HUE	data\processed_transcripts\qyannyc5FeA.json
data\raw_audio\qyannyc5FeA.wav	188.599	196.0	thấy có một cái con đường đất đ có một cái mép đất đi lên và đây là một cái	@HUE	data\processed_transcripts\qyannyc5FeA.json
data\raw_audio\qyannyc5FeA.wav	196.0	202.239	thành đấy thì bây giờ chúng ta sẽ men theo cái con đường này leo lên cái thành	@HUE	data\processed_transcripts\qyannyc5FeA.json
data\raw_audio\qyannyc5FeA.wav	202.239	207.08	vào luôn quý vị. Wa	@HUE	data\processed_transcripts\qyannyc5FeA.json
data\raw_audio\qyannyc5FeA.wav	208.439	212.519	ồ nói chung là phải	@HUE	data\processed_transcripts\qyannyc5FeA.json
data\raw_audio\qyannyc5FeA.wav	212.519	215.519	nói chung là phải dùng hạ sách này để leo tường để đi vào cái khu vực lăng mộ	@HUE	data\processed_transcripts\qyannyc5FeA.json
data\raw_audio\qyannyc5FeA.wav	215.519	219.92	này. Bởi vì Huế Review cũng không liên lạc được với cái người mà cất giữ cái	@HUE	data\processed_transcripts\qyannyc5FeA.json
data\raw_audio\qyannyc5FeA.wav	219.92	223.56	chìa khóa của khu lă mổ. Đây chính là bên trong cái khu lă mộ mà Huế Review	@HUE	data\processed_transcripts\qyannyc5FeA.json
data\raw_audio\qyannyc5FeA.wav	223.56	229.519	muốn giới thiệu cho quý vị xem. Thì trước tiên Huy Review cũng xin giới	@HUE	data\processed_transcripts\qyannyc5FeA.json
data\raw_audio\qyannyc5FeA.wav	229.519	239.76	thiệu về cái ngôi lă mộ này. Thì ngôi lă mộ này có tên là Lăng Cơ Thánh và	@HUE	data\processed_transcripts\qyannyc5FeA.json
data\raw_audio\qyannyc5FeA.wav	239.76	245.4	người dân thường hay gọi một cách thân quen đó là lăng sọ. Thì đây chính là nơi	@HUE	data\processed_transcripts\qyannyc5FeA.json
data\raw_audio\qyannyc5FeA.wav	245.4	251.64	chôn cất một cái hộp sọ của Vương Tử Nguyễn Phúc Lưng là con thứ hai	@HUE	data\processed_transcripts\qyannyc5FeA.json
data\raw_audio\qyannyc5FeA.wav	251.64	256.639	của chúa Nguyễn Phúc Khoác. Như những cái video trước mà Huế Review quay về	@HUE	data\processed_transcripts\qyannyc5FeA.json
data\raw_audio\qyannyc5FeA.wav	256.639	261.4	lăng thoại thánh cũng như là lăng của công chúa Long Thành thì như quý vị biết	@HUE	data\processed_transcripts\qyannyc5FeA.json
data\raw_audio\qyannyc5FeA.wav	261.4	267.04	rằng là Vương Tử Nguyễn Phúc Lân chính là cha đẻ của vua Gia Long vị vua đầu	@HUE	data\processed_transcripts\qyannyc5FeA.json
data\raw_audio\qyannyc5FeA.wav	267.04	272.0	tiên của Trị Nguyễn thưa quý vị. Và thực sự bây giờ mà nói là thời tiết	@HUE	data\processed_transcripts\qyannyc5FeA.json
data\raw_audio\qyannyc5FeA.wav	272.0	278.96	rất là nóng thưa quý vị. Chính vì vậy mà Huy Review cũng sẽ cố gắng để quay nhanh	@HUE	data\processed_transcripts\qyannyc5FeA.json
data\raw_audio\qyannyc5FeA.wav	278.96	284.88	cho quý vị xem. Thì ông Nguyễn Phúc Lưng sinh năm 1733	@HUE	data\processed_transcripts\qyannyc5FeA.json
data\raw_audio\qyannyc5FeA.wav	284.88	289.479	là con trai thứ hai của chúa Nguyễn Phúc Khoác. Chúa ng chúa Nguyễn Phúc Khoác là	@HUE	data\processed_transcripts\qyannyc5FeA.json
data\raw_audio\qyannyc5FeA.wav	289.479	295.16	một trong chín cái vị chúa của triều Nguyễn. Và à từ nhỏ thì Vương Tử Nguyễn	@HUE	data\processed_transcripts\qyannyc5FeA.json
data\raw_audio\qyannyc5FeA.wav	295.16	300.639	Phúc Luân đã thể hiện mình là một người rất là thông minh, rất là có tư chất để	@HUE	data\processed_transcripts\qyannyc5FeA.json
data\raw_audio\qyannyc5FeA.wav	300.639	305.56	mà làm một cái người trị vị của đất nước. Chính vì vậy mà chúa Nguyễn Phúc	@HUE	data\processed_transcripts\qyannyc5FeA.json
data\raw_audio\qyannyc5FeA.wav	305.56	310.199	Khoác rất là hài lòng về cái vị vương tử này. Chính vì quá thông minh, chính vì	@HUE	data\processed_transcripts\qyannyc5FeA.json
data\raw_audio\qyannyc5FeA.wav	310.199	318.199	tư chất quá giỏi, do đó là cũng khá là nhiều người đố kỵ. Đến năm 1765	@HUE	data\processed_transcripts\qyannyc5FeA.json
data\raw_audio\qyannyc5FeA.wav	318.199	322.52	thì chúa Nguyễn Phúc Khoác mất. Trong di chiếu để lại thì chúa Nguyễn Phúc Khoác	@HUE	data\processed_transcripts\qyannyc5FeA.json
data\raw_audio\qyannyc5FeA.wav	322.52	328.88	cũng đã nhường ngôi à cũng là muốn nhường ngôi cho à Vương Tử Nguyễn Phúc	@HUE	data\processed_transcripts\qyannyc5FeA.json
data\raw_audio\qyannyc5FeA.wav	328.88	333.919	Luân. Tuy nhiên thì người cầu ruột của chú Ngễ Phúc Khoác đó chính là Hương	@HUE	data\processed_transcripts\qyannyc5FeA.json
data\raw_audio\qyannyc5FeA.wav	333.919	341.759	Phúc Loan là một người cũng có chức vụ trong triều đình vì sợ rằng là khi mà	@HUE	data\processed_transcripts\qyannyc5FeA.json
data\raw_audio\qyannyc5FeA.wav	341.759	345.72	Vương Tử Nguyễn Phúc Luân lên ngôi vua là với một cái người thông minh đức độ	@HUE	data\processed_transcripts\qyannyc5FeA.json
data\raw_audio\qyannyc5FeA.wav	345.72	351.6	và rất là nhiều tài như vậy lên lãnh đạo ông sẽ mất đi những cái chức tước những	@HUE	data\processed_transcripts\qyannyc5FeA.json
data\raw_audio\qyannyc5FeA.wav	351.6	355.36	cái quyền hành để có thể là không còn lòng hành như trước. Chính vì vậy mà đã	@HUE	data\processed_transcripts\qyannyc5FeA.json
data\raw_audio\qyannyc5FeA.wav	355.36	361.68	cấu kết với các cái quang lại trong triều và cuối cùng đã đưa ra những cái	@HUE	data\processed_transcripts\qyannyc5FeA.json
data\raw_audio\qyannyc5FeA.wav	361.68	367.199	mưu đồ hết sức là mát rỡ, những cái mưu đồ hết sức là đáng sợ khủng khiếp. Đó là	@HUE	data\processed_transcripts\qyannyc5FeA.json
data\raw_audio\qyannyc5FeA.wav	367.199	372.72	những cái mưu đồ gì? Thứ nhất là ông c kết với những cái vị qua lại cũng dạng	@HUE	data\processed_transcripts\qyannyc5FeA.json
data\raw_audio\qyannyc5FeA.wav	372.72	378.52	là quang tham đấy để sửa di chiếu. Cái thứ hai là cũng đầy đọa vương tử Nguyễn	@HUE	data\processed_transcripts\qyannyc5FeA.json
data\raw_audio\qyannyc5FeA.wav	378.52	384.199	Phúc Lưng làm sao cho Vương tử Nguyễn Phúc Lưng trở nên à yếu đuối và có thể	@HUE	data\processed_transcripts\qyannyc5FeA.json
data\raw_audio\qyannyc5FeA.wav	384.199	390.319	là tự vững. Tuy nhiên thì cái mưu đồ tự vững thì có vẻ là không thành nhưng mà	@HUE	data\processed_transcripts\qyannyc5FeA.json
data\raw_audio\qyannyc5FeA.wav	390.319	394.039	điều thành công đó chính là sửa được di chiếu. Sau khi sửa di chiếu thì Trương	@HUE	data\processed_transcripts\qyannyc5FeA.json
data\raw_audio\qyannyc5FeA.wav	394.039	399.52	Phúc Loan đã sửa thành à đã sửa cái chiếu như ngôi đó dành cho Nguyễn Phúc	@HUE	data\processed_transcripts\qyannyc5FeA.json
data\raw_audio\qyannyc5FeA.wav	399.52	404.84	Thuần cũng là con thứ của chú Nguyễn Phúc Khoác và lúc đó chỉ mới 12 tuổi để	@HUE	data\processed_transcripts\qyannyc5FeA.json
data\raw_audio\qyannyc5FeA.wav	404.84	412.24	mà dễ bị thao túng để dễ bị à cai trị và để dễ bề mà đứng đằng sau để giật dây.	@HUE	data\processed_transcripts\qyannyc5FeA.json
data\raw_audio\qyannyc5FeA.wav	412.24	418.16	Và chính vì điều này đã làm cho Vương tử Nguyễn Phúc Luân hết sức là ấm ức. À sự	@HUE	data\processed_transcripts\qyannyc5FeA.json
data\raw_audio\qyannyc5FeA.wav	418.16	422.919	ấm ức này thể hiện qua cái việc là ông à không ăn không uống và cuối cùng là sinh	@HUE	data\processed_transcripts\qyannyc5FeA.json
data\raw_audio\qyannyc5FeA.wav	422.919	428.84	bệnh rất là nặng. Và 3 tháng sau đó thì ông đã qua đời. Cứ tưởng rằng thì khi	@HUE	data\processed_transcripts\qyannyc5FeA.json
data\raw_audio\qyannyc5FeA.wav	428.84	433.319	chết là sẽ hết. Nhưng mà sau khi Vương Tưởng Nguyễn Phúc Luân qua đời cũng được	@HUE	data\processed_transcripts\qyannyc5FeA.json
data\raw_audio\qyannyc5FeA.wav	433.319	436.68	mai tán tại làng Cư Hóa này thưa quý vị. Lúc trước thì ở đây được gọi là làng Cư	@HUE	data\processed_transcripts\qyannyc5FeA.json
data\raw_audio\qyannyc5FeA.wav	436.68	443.599	Hóa đấy. Thì cứ tưởng mọi chuyện đã xong xuôi nhưng mà đến năm 1790 thì quân Tây	@HUE	data\processed_transcripts\qyannyc5FeA.json
data\raw_audio\qyannyc5FeA.wav	443.599	449.0	Sơn vì muốn triệt phá phù yểm những cái ngôi mộ của nhà Nguyễn. Chính vì vậy mà	@HUE	data\processed_transcripts\qyannyc5FeA.json
data\raw_audio\qyannyc5FeA.wav	449.0	452.08	đã đào sới cái khu lăng mộ của Vương Tử Nguyễn Phúc	@HUE	data\processed_transcripts\qyannyc5FeA.json
data\raw_audio\qyannyc5FeA.wav	452.08	456.96	Lưng lên sau đó thì đem hai cốt vứt xuống sông Hương là cái nơi mà vị trí	@HUE	data\processed_transcripts\qyannyc5FeA.json
data\raw_audio\qyannyc5FeA.wav	456.96	461.199	lúc nãy Huế Review cũng đã chỉ cho quý vị. Vào ngày nọ thì có một ngư dân tên	@HUE	data\processed_transcripts\qyannyc5FeA.json
data\raw_audio\qyannyc5FeA.wav	461.199	467.479	là Nguyễn Ngọc Huyên. Đấy, trong cái quá trình đi đánh bắt cá thì	@HUE	data\processed_transcripts\qyannyc5FeA.json
data\raw_audio\qyannyc5FeA.wav	467.479	472.84	khi kéo vó lên á thì phát hiện một cái hộp sọ đó, một cái hộp sọ người. Thì lúc	@HUE	data\processed_transcripts\qyannyc5FeA.json
data\raw_audio\qyannyc5FeA.wav	472.84	477.36	đầu ông rất là hoảng hốt nhưng mà cũng không có biết rằng là cái hộp sọ đó của	@HUE	data\processed_transcripts\qyannyc5FeA.json
data\raw_audio\qyannyc5FeA.wav	477.36	482.759	ai. Chính vì vậy mà ông đã vứt ra lại ngoài k ngoài sông. Ngày hôm sau khi mà	@HUE	data\processed_transcripts\qyannyc5FeA.json
data\raw_audio\qyannyc5FeA.wav	482.759	488.199	Nguyễn Ngọc Huyền đến kéo vó lần thứ hai thì cái hộp sọ đó vẫn nằm trong võ	@HUE	data\processed_transcripts\qyannyc5FeA.json
data\raw_audio\qyannyc5FeA.wav	488.199	493.0	đến lần thứ ba thì nó cũng là đông võ mặc dù là ông đã đôi ra rất là xa. Đấy	@HUE	data\processed_transcripts\qyannyc5FeA.json
data\raw_audio\qyannyc5FeA.wav	493.0	498.72	thì chính vì điều đó làm cho Nguyễn Học Hiên à cảm thấy có một sự bất thường và	@HUE	data\processed_transcripts\qyannyc5FeA.json
data\raw_audio\qyannyc5FeA.wav	498.72	502.44	nghĩ rằng đây chính là một cái hộp sọ của một cái một cái vị nào đó linh	@HUE	data\processed_transcripts\qyannyc5FeA.json
data\raw_audio\qyannyc5FeA.wav	502.44	506.08	thiên. Chính vì vậy mà ông đã đem cái hộp sọ này về chốn cất rất là đàng	@HUE	data\processed_transcripts\qyannyc5FeA.json
data\raw_audio\qyannyc5FeA.wav	506.08	511.479	hoàng, rất là kỹ lưỡng. Đến năm 1802 như quý vị biết Nguyễn Ảnh lên ngồi lấy hiệu	@HUE	data\processed_transcripts\qyannyc5FeA.json
data\raw_audio\qyannyc5FeA.wav	511.479	515.919	là Gia Long. Nguyễn Ánh là một trong những cái người con của Vương Tử Nguyễn	@HUE	data\processed_transcripts\qyannyc5FeA.json
data\raw_audio\qyannyc5FeA.wav	515.919	520.919	Phúc Luân. Thì cái điều đầu tiên mà ông sau khi lên ngồi đó ông là muốn truy tìm	@HUE	data\processed_transcripts\qyannyc5FeA.json
data\raw_audio\qyannyc5FeA.wav	520.919	527.839	cái giáo tích của à người thân à của mình, các cái lăng mộ, các cái nơi mà	@HUE	data\processed_transcripts\qyannyc5FeA.json
data\raw_audio\qyannyc5FeA.wav	527.839	532.279	chôn cất người thân của mình. Thì biết được điều đó thì ngư dân Nguyễn Ngọc	@HUE	data\processed_transcripts\qyannyc5FeA.json
data\raw_audio\qyannyc5FeA.wav	532.279	538.24	Huyên đã tìm đến gặp vua Gia Long và đã chỉ dẫn để vua Gia Long tìm đến cái khu	@HUE	data\processed_transcripts\qyannyc5FeA.json
data\raw_audio\qyannyc5FeA.wav	538.24	542.36	vực mà ông chôn các cái hộp sọ trước kia. thoạt đầu thì vua Gia Long vẫn	@HUE	data\processed_transcripts\qyannyc5FeA.json
data\raw_audio\qyannyc5FeA.wav	542.36	547.079	không tin nhưng mà sau khi vua Gia Long cắt máu của tay mình đổ vào hộp sọ thì	@HUE	data\processed_transcripts\qyannyc5FeA.json
data\raw_audio\qyannyc5FeA.wav	547.079	552.56	biết rằng cái hộp sọ đó hút hết máu của mình thì ông tin rằng đó chính là hộp sò	@HUE	data\processed_transcripts\qyannyc5FeA.json
data\raw_audio\qyannyc5FeA.wav	552.56	558.44	của người cha thân sinh ra mình và cuối cùng ông quyết định là lấy cái hộp sò đó	@HUE	data\processed_transcripts\qyannyc5FeA.json
data\raw_audio\qyannyc5FeA.wav	558.44	566.88	trốn lại cái huyệt mộ cũ và mái tán an tản tại cái làng cứ hóa đó và chính	@HUE	data\processed_transcripts\qyannyc5FeA.json
data\raw_audio\qyannyc5FeA.wav	566.88	573.2	video này mà người dân ở làng cứ hóa á có rất là nhiều cái lợi ích. Trước tiên	@HUE	data\processed_transcripts\qyannyc5FeA.json
data\raw_audio\qyannyc5FeA.wav	573.2	576.92	là vua Gia Long đã đổi tên làng Cư Hóa thành làng Cư Chánh. Chánh có nghĩa ở	@HUE	data\processed_transcripts\qyannyc5FeA.json
data\raw_audio\qyannyc5FeA.wav	576.92	582.2	đây là chánh nghĩa đó. Và thứ hai là vua đã đã miễn thuế cho cái khu vực làng cư	@HUE	data\processed_transcripts\qyannyc5FeA.json
data\raw_audio\qyannyc5FeA.wav	582.2	586.64	chính này một thời gian rất là dài. Và cái điều thứ ba đó chính là cái người mà	@HUE	data\processed_transcripts\qyannyc5FeA.json
data\raw_audio\qyannyc5FeA.wav	586.64	591.2	cái người ngư dân mà đã vớt cái hộp sọ đó là ông Nguyễn Ngọc Huyền thì đã được	@HUE	data\processed_transcripts\qyannyc5FeA.json
data\raw_audio\qyannyc5FeA.wav	591.2	595.6	trọng thưởng rất là hậu hình. Đặc biệt thì một cái tỉnh nhân văn thể hiện trong	@HUE	data\processed_transcripts\qyannyc5FeA.json
data\raw_audio\qyannyc5FeA.wav	595.6	600.8	cái quyết định của vua Giao Long đó chính là ông đã cho xây miếu của người	@HUE	data\processed_transcripts\qyannyc5FeA.json
data\raw_audio\qyannyc5FeA.wav	600.8	605.68	ngư dân Nguyễn Ngọc Huyền sát bên cạnh cái khu lăng mổ của vương	@HUE	data\processed_transcripts\qyannyc5FeA.json
data\raw_audio\qyannyc5FeA.wav	605.68	612.0	tử Nguyễn Phúc Luân để cho nhân dân à ngày ngày tới đến thấp hương thờ tử. Và	@HUE	data\processed_transcripts\qyannyc5FeA.json
data\raw_audio\qyannyc5FeA.wav	612.0	615.72	điều đó thật sự mà nói là thể hiện một cái tính nhân văn và một cái sự công	@HUE	data\processed_transcripts\qyannyc5FeA.json
data\raw_audio\qyannyc5FeA.wav	615.72	620.72	công minh của một cái ông vua đứng đầ thiên hạ đó là Vu Gia Long. Kể đến đây	@HUE	data\processed_transcripts\qyannyc5FeA.json
data\raw_audio\qyannyc5FeA.wav	620.72	624.32	thì chắc quý vị cũng đã hiểu rằng cái ngôi mộ này nó có những cái điều gì đặc	@HUE	data\processed_transcripts\qyannyc5FeA.json
data\raw_audio\qyannyc5FeA.wav	624.32	630.68	biệt. Vậy thì cái điều mà Huế cái điều mà Huế Review muốn dẫn quý vị đến đó	@HUE	data\processed_transcripts\qyannyc5FeA.json
data\raw_audio\qyannyc5FeA.wav	630.68	634.399	chính là chúng ta sẽ xem thử cái cấu trúc của cái khu lăng mộ này như thế	@HUE	data\processed_transcripts\qyannyc5FeA.json
data\raw_audio\qyannyc5FeA.wav	634.399	640.959	nào. Cái thứ hai là nó ẩn chứa những cái bí ẩn gì còn xấu xa nữa không và những	@HUE	data\processed_transcripts\qyannyc5FeA.json
data\raw_audio\qyannyc5FeA.wav	640.959	646.6	cái vị trí mà à các cái thông tin à báo đài những cái thông tin được đưa trên	@HUE	data\processed_transcripts\qyannyc5FeA.json
data\raw_audio\qyannyc5FeA.wav	646.6	650.48	mạng á xem thử là những cái vị trí đó nó có đúng hay không. Và bây giờ thì không	@HUE	data\processed_transcripts\qyannyc5FeA.json
data\raw_audio\qyannyc5FeA.wav	650.48	655.079	để quý vị chờ lâu nữa, sau khi nghe cái sự chia sẻ của Huế Review thì Huế Review	@HUE	data\processed_transcripts\qyannyc5FeA.json
data\raw_audio\qyannyc5FeA.wav	655.079	660.959	kính mời quý vị chúng ta cùng tham quan khám phá cái ngôi lăng mộ của Vương Tử	@HUE	data\processed_transcripts\qyannyc5FeA.json
data\raw_audio\qyannyc5FeA.wav	660.959	665.079	Nguyễn Phúc Luân hay còn gọi là lăng cơ thánh hay còn gọi là lăng xó. Thưa quý	@HUE	data\processed_transcripts\qyannyc5FeA.json
data\raw_audio\qyannyc5FeA.wav	665.079	669.48	vị, kính mời quý vị chúng ta tiếp tục. Đây kính thưa quý vị, sau khi mà chúng	@HUE	data\processed_transcripts\qyannyc5FeA.json
data\raw_audio\qyannyc5FeA.wav	672.92	676.48	ta đi vào cái khu lăng mộ thì ở đây á nếu như chúng ta đi qua cái cổng này thì	@HUE	data\processed_transcripts\qyannyc5FeA.json
data\raw_audio\qyannyc5FeA.wav	676.48	682.8	sẽ có cái lối đi vào thưa quý vị. Và bên kia là một cái khoảng đất trống. Đấy. Và	@HUE	data\processed_transcripts\qyannyc5FeA.json
data\raw_audio\qyannyc5FeA.wav	682.8	685.8	trên kia thì dường như cũng có một cái công trình gì đó nhưng mà có vẻ nó đã	@HUE	data\processed_transcripts\qyannyc5FeA.json
data\raw_audio\qyannyc5FeA.wav	685.8	692.0	sụp đổ. Và hiện tại thì nó một có một cái bậc cấp ở trên cao rất là cao. Đấy.	@HUE	data\processed_transcripts\qyannyc5FeA.json
data\raw_audio\qyannyc5FeA.wav	692.0	696.48	Sau đó thì chúng ta sẽ phát hiện rằng là có một cái bức bình phong ở đây thô quý	@HUE	data\processed_transcripts\qyannyc5FeA.json
data\raw_audio\qyannyc5FeA.wav	696.48	701.959	vị. Đây chính là cái bức tường thành ngoài của cái khu vực lăng mũ này. Và ở	@HUE	data\processed_transcripts\qyannyc5FeA.json
data\raw_audio\qyannyc5FeA.wav	701.959	706.839	đây có một cái bức bình phong đó. là một cái bưng bức bình phong rất là dài. Ở	@HUE	data\processed_transcripts\qyannyc5FeA.json
data\raw_audio\qyannyc5FeA.wav	706.839	710.12	giữa bức bình phong thì chúng ta không thấy bất cứ một cái họa tiết trang trí	@HUE	data\processed_transcripts\qyannyc5FeA.json
data\raw_audio\qyannyc5FeA.wav	710.12	714.32	nào. Tuy nhiên thì ở xung quanh cái bình phong thì chúng ta thấy những cái họa	@HUE	data\processed_transcripts\qyannyc5FeA.json
data\raw_audio\qyannyc5FeA.wav	714.32	717.959	tiết trang trí hết sức là đơn giản, những cái trang trí hết sức là đơn	@HUE	data\processed_transcripts\qyannyc5FeA.json
data\raw_audio\qyannyc5FeA.wav	717.959	722.76	thuần. Đấy, ngoài ra thì quý vị thấy là cái khu vực này nó như như cũng có một	@HUE	data\processed_transcripts\qyannyc5FeA.json
data\raw_audio\qyannyc5FeA.wav	722.76	726.48	cái sự đổ vỡ. Đấy, dường như nó cũng có một cái sự đổ	@HUE	data\processed_transcripts\qyannyc5FeA.json
data\raw_audio\qyannyc5FeA.wav	726.48	731.32	vỡ ở đây rồi quý vị. Đó cái khu vực tường bao quanh bây giờ	@HUE	data\processed_transcripts\qyannyc5FeA.json
data\raw_audio\qyannyc5FeA.wav	731.32	737.68	cũng đã được chốn cọc này quý vị thấy được chốn cả cái cọc và được trồng a các	@HUE	data\processed_transcripts\qyannyc5FeA.json
data\raw_audio\qyannyc5FeA.wav	737.68	741.6	cái tre cái trúc đ bên này thì cũng có những cái loại hoa vàng rồi nhìn rất là	@HUE	data\processed_transcripts\qyannyc5FeA.json
data\raw_audio\qyannyc5FeA.wav	741.6	745.92	đẹp đó và tiếp theo là cái khoảng sân đấy cái	@HUE	data\processed_transcripts\qyannyc5FeA.json
data\raw_audio\qyannyc5FeA.wav	748.399	751.959	khoảng sân chầu thì như quý vị thấy bên trong cái sân chầu này thì được trồng	@HUE	data\processed_transcripts\qyannyc5FeA.json
data\raw_audio\qyannyc5FeA.wav	751.959	756.36	rất là nhiều các cái loại cây và được bố trí rất nhiều các cái chậu cây. Đây quý	@HUE	data\processed_transcripts\qyannyc5FeA.json
data\raw_audio\qyannyc5FeA.wav	756.36	761.36	vị này. Đó. Ở đây quý vị biết chắc cây này là cây gì quý vị biết không? Ở đây	@HUE	data\processed_transcripts\qyannyc5FeA.json
data\raw_audio\qyannyc5FeA.wav	761.36	768.36	thì chính là cây ngâu này. Đó, cây ngâu rồi cây mai đấy. Rồi những cái cây loại	@HUE	data\processed_transcripts\qyannyc5FeA.json
data\raw_audio\qyannyc5FeA.wav	768.36	777.12	cây khác. Và bên kia chính là hai cái cây sứ ở cuối mã sân chầu. Và đây chính	@HUE	data\processed_transcripts\qyannyc5FeA.json
data\raw_audio\qyannyc5FeA.wav	777.12	781.92	là cái a sân chầu cuối trước khi mà chúng ta bước	@HUE	data\processed_transcripts\qyannyc5FeA.json
data\raw_audio\qyannyc5FeA.wav	781.92	786.24	vào cái khu vực Bử Thành và khu vực Huyền Cung. Đó.	@HUE	data\processed_transcripts\qyannyc5FeA.json
data\raw_audio\qyannyc5FeA.wav	786.24	792.32	Ở đây thì quý vị thấy là cái khu vực này dường như là ở các cái	@HUE	data\processed_transcripts\qyannyc5FeA.json
data\raw_audio\qyannyc5FeA.wav	792.32	800.0	đường chàu đi lên thì quý vị thấy là nó được trang trí rất là đơn giản. Nhưng mà	@HUE	data\processed_transcripts\qyannyc5FeA.json
data\raw_audio\qyannyc5FeA.wav	800.0	804.88	theo Huy Review thấy, theo Huy Review nghĩ thì ở đây đáng lẽ là sẽ có bốn con	@HUE	data\processed_transcripts\qyannyc5FeA.json
data\raw_audio\qyannyc5FeA.wav	804.88	811.36	rồng đấy. Nhưng mà qua quá trình thời gian thì nó vỡ đổ vỡ này. Quý vị này	@HUE	data\processed_transcripts\qyannyc5FeA.json
data\raw_audio\qyannyc5FeA.wav	811.36	817.56	thấy có những cái dấu hiệu của sự đổ vỡ này. Đó. Bốn con rong chầu ba cái bậc ba	@HUE	data\processed_transcripts\qyannyc5FeA.json
data\raw_audio\qyannyc5FeA.wav	817.56	823.8	cái bậc đi lên đấy. Đây có cái khoảng hai khoảng hai bên	@HUE	data\processed_transcripts\qyannyc5FeA.json
data\raw_audio\qyannyc5FeA.wav	823.8	827.519	đấy. Và ở đây là khoảng giữa đi lên thì Huế Review sẽ đi ở cái khoảng giữa này	@HUE	data\processed_transcripts\qyannyc5FeA.json
data\raw_audio\qyannyc5FeA.wav	827.519	833.6	để đi lên. Và sau cái bậc thang sau cái bậc cấp đi lên	@HUE	data\processed_transcripts\qyannyc5FeA.json
data\raw_audio\qyannyc5FeA.wav	833.6	838.48	là sẽ có một cái khoảng xương chầu cuối. Một cái khoảng xương chầu thứ ba nữa	@HUE	data\processed_transcripts\qyannyc5FeA.json
data\raw_audio\qyannyc5FeA.wav	838.48	844.48	thưa quý vị. Đấy và chúng ta sẽ nhìn thấy một cái bũ thành và có cái huyền	@HUE	data\processed_transcripts\qyannyc5FeA.json
data\raw_audio\qyannyc5FeA.wav	844.48	853.519	công một cái cửa màu vàng đó là nơi à bên trong chôn cất à cái hộp sọ của	@HUE	data\processed_transcripts\qyannyc5FeA.json
data\raw_audio\qyannyc5FeA.wav	853.519	857.199	Vương Tử Nguyễn Phúc Luân. Ở đây chúng ta sẽ thấy có những cái bức	@HUE	data\processed_transcripts\qyannyc5FeA.json
data\raw_audio\qyannyc5FeA.wav	860.0	865.959	tương thành đó, những bức tương thành bao quanh ở phía sân chầu thì Huế R phát	@HUE	data\processed_transcripts\qyannyc5FeA.json
data\raw_audio\qyannyc5FeA.wav	865.959	873.759	hiện là nó cũng à được xây dựng rất là đơn sơ, giảng dị. Và như quý vị thấy thì	@HUE	data\processed_transcripts\qyannyc5FeA.json
data\raw_audio\qyannyc5FeA.wav	873.759	877.72	xem những cái video về cái lăng thoại thánh hay là về lăng vua Gia Long thì	@HUE	data\processed_transcripts\qyannyc5FeA.json
data\raw_audio\qyannyc5FeA.wav	877.72	883.079	cái cấu trúc này nó phản ánh kiến trúc của Việt Nam cái thời mà	@HUE	data\processed_transcripts\qyannyc5FeA.json
data\raw_audio\qyannyc5FeA.wav	883.079	888.04	vị vua đầu tiên của nhà Nguyễn Trị Vị. Thì ở đây được siêu được sơn sơn sơn màu	@HUE	data\processed_transcripts\qyannyc5FeA.json
data\raw_audio\qyannyc5FeA.wav	888.04	893.759	đỏ nhìn rất là đẹp và tất cả đều được xây bằng gạch và vôi vữa đấy như quý vị	@HUE	data\processed_transcripts\qyannyc5FeA.json
data\raw_audio\qyannyc5FeA.wav	893.759	901.32	thấy này. Đó mức độ liên kết thì nó cũng đã dần dần nó à yếu đi rồi. Và quý vị	@HUE	data\processed_transcripts\qyannyc5FeA.json
data\raw_audio\qyannyc5FeA.wav	901.32	905.32	thấy là có những cái sự bong tróc của các cái lớp vôi vừa.	@HUE	data\processed_transcripts\qyannyc5FeA.json
data\raw_audio\qyannyc5FeA.wav	905.32	908.32	Đấy, sau cái khu vực Sơn Châu này là	@HUE	data\processed_transcripts\qyannyc5FeA.json
data\raw_audio\qyannyc5FeA.wav	913.839	917.8	tiếp đến là chúng ta sẽ thấy một cái bũ thành. Và như quý vị thấy thì ở đây B	@HUE	data\processed_transcripts\qyannyc5FeA.json
data\raw_audio\qyannyc5FeA.wav	917.8	922.56	thành nó được xây dựng bằng các cái loại đá đó bằng	@HUE	data\processed_transcripts\qyannyc5FeA.json
data\raw_audio\qyannyc5FeA.wav	922.56	925.92	các cái cục đá này. Đá này thì thường thường là theo Huy Review thấy là dường	@HUE	data\processed_transcripts\qyannyc5FeA.json
data\raw_audio\qyannyc5FeA.wav	925.92	932.56	như đá trầm tích và các cái đá này được à gắn kết bằng các cái vôi vựa. Ở đây	@HUE	data\processed_transcripts\qyannyc5FeA.json
data\raw_audio\qyannyc5FeA.wav	932.56	937.0	cũng có một số các cái yếu tố gạch đây quý vị này. Đó và tiếp theo là cái cọng	@HUE	data\processed_transcripts\qyannyc5FeA.json
data\raw_audio\qyannyc5FeA.wav	937.0	942.079	bụ thành. Ở đây thì cái cọc màu vàng này nó bị lủng bộc lỗ rồi. Và quý vị có thể	@HUE	data\processed_transcripts\qyannyc5FeA.json
data\raw_audio\qyannyc5FeA.wav	942.079	946.839	thấy bên trong đấy. Bên trong thì chúng ta sẽ thấy rõ ràng	@HUE	data\processed_transcripts\qyannyc5FeA.json
data\raw_audio\qyannyc5FeA.wav	946.839	951.88	là một cái bức bình phong có một cái hình con rồng. Wow, một con rồng rất là	@HUE	data\processed_transcripts\qyannyc5FeA.json
data\raw_audio\qyannyc5FeA.wav	951.88	955.279	lớn thôi quý vị. một cái bức bình phong hết sức là đẹp	@HUE	data\processed_transcripts\qyannyc5FeA.json
data\raw_audio\qyannyc5FeA.wav	955.279	960.639	luôn đấy. Và dường như quý vị thấy là ở phía sau á ở phía sau dường như là có	@HUE	data\processed_transcripts\qyannyc5FeA.json
data\raw_audio\qyannyc5FeA.wav	960.639	966.68	một cái hướng đi lên để có thể là đi vào. Thì bây giờ Huế Reviw sẽ lui sau để	@HUE	data\processed_transcripts\qyannyc5FeA.json
data\raw_audio\qyannyc5FeA.wav	966.68	972.0	xem như thế nào. Đó, ở đây cái cửa nó bị loang lỗ rất là	@HUE	data\processed_transcripts\qyannyc5FeA.json
data\raw_audio\qyannyc5FeA.wav	972.0	977.24	nhiều rồi quý vị. Đấy, lủng rất là nhiều lỗ.	@HUE	data\processed_transcripts\qyannyc5FeA.json
data\raw_audio\qyannyc5FeA.wav	977.48	982.6	Đó, còn cái cọc bổ thành thì như quý vị thấy	@HUE	data\processed_transcripts\qyannyc5FeA.json
data\raw_audio\qyannyc5FeA.wav	982.6	990.04	là nó chỉ có một tầng thôi. Và ở phía trên là cái họa tiết hết sức là đơn	@HUE	data\processed_transcripts\qyannyc5FeA.json
data\raw_audio\qyannyc5FeA.wav	990.04	996.519	giản. Đó là hết sức à một cái hòa tiết về hoa lá. Rồi các cái ô học trong cái	@HUE	data\processed_transcripts\qyannyc5FeA.json
data\raw_audio\qyannyc5FeA.wav	996.519	1002.8	cổng bụ thành thì nó không có một cái chi tiết nào trang trí cả. Đấy và rõ	@HUE	data\processed_transcripts\qyannyc5FeA.json
data\raw_audio\qyannyc5FeA.wav	1002.8	1008.56	ràng thì nó thể hiện được cái yếu tố kiến trúc đơn giản của thời Nguyễn lúc	@HUE	data\processed_transcripts\qyannyc5FeA.json
data\raw_audio\qyannyc5FeA.wav	1008.56	1014.56	700 là mới cái thời buổi sơ khai của triều đình nhà Nguyễn đấy. Và bên này	@HUE	data\processed_transcripts\qyannyc5FeA.json
data\raw_audio\qyannyc5FeA.wav	1014.56	1020.0	thì nó cũng có cái cấu trúc tương tự đó. À nhìn ra phía ngoài thì quý vị thấy là	@HUE	data\processed_transcripts\qyannyc5FeA.json
data\raw_audio\qyannyc5FeA.wav	1023.079	1030.48	nó cũng có các cái đường à các cái lớp đá để mà gọi là chèn chóng để cho nó giả	@HUE	data\processed_transcripts\qyannyc5FeA.json
data\raw_audio\qyannyc5FeA.wav	1030.48	1034.839	giảm đi cái độ sói mòn và cái độ sục lúng.	@HUE	data\processed_transcripts\qyannyc5FeA.json
data\raw_audio\qyannyc5FeA.wav	1034.839	1039.16	Rồi bây giờ chúng ta sẽ lui phía sau xem xem thử như thế nào.	@HUE	data\processed_transcripts\qyannyc5FeA.json
data\raw_audio\qyannyc5FeA.wav	1039.16	1043.559	Vâng kính thưa quý vị thì hôm nay thì Huế Review cũng có mang nhang theo đây	@HUE	data\processed_transcripts\qyannyc5FeA.json
data\raw_audio\qyannyc5FeA.wav	1043.559	1048.4	nhưng mà do lúc nãy đi vội quá do đó là cũng không mang theo bậc lửa. Đấy chính	@HUE	data\processed_transcripts\qyannyc5FeA.json
data\raw_audio\qyannyc5FeA.wav	1048.4	1053.16	vì vậy mà cũng không thể thấp nhang ở cái khu vực này được. Tuy nhiên thì Huế	@HUE	data\processed_transcripts\qyannyc5FeA.json
data\raw_audio\qyannyc5FeA.wav	1053.16	1056.44	Review sẽ đến để thấp nhang ở đây khi mà có dịp	@HUE	data\processed_transcripts\qyannyc5FeA.json
data\raw_audio\qyannyc5FeA.wav	1059.32	1063.919	ghé lại ở đây một lần nữa thì chắc có lẽ là bây giờ chúng ta sẽ lui phía sau. cái	@HUE	data\processed_transcripts\qyannyc5FeA.json
data\raw_audio\qyannyc5FeA.wav	1063.919	1067.32	khu vực lăng mộ này để xem thử phía sau có cái gì không nha quý vị. Xin mời quý	@HUE	data\processed_transcripts\qyannyc5FeA.json
data\raw_audio\qyannyc5FeA.wav	1067.32	1070.84	vị. Vâng thưa quý vị, đây là khu vực bên	@HUE	data\processed_transcripts\qyannyc5FeA.json
data\raw_audio\qyannyc5FeA.wav	1070.84	1074.84	ngoài đây quý vị này. Thì như quý vị thấy ở đây chúng ta cũng có thể thấy có	@HUE	data\processed_transcripts\qyannyc5FeA.json
data\raw_audio\qyannyc5FeA.wav	1074.84	1079.12	một cái đường thoạt nước đi ra đây. Đấy và do là cái quá trình thoát nước nó xảy	@HUE	data\processed_transcripts\qyannyc5FeA.json
data\raw_audio\qyannyc5FeA.wav	1079.12	1082.84	ra nhiều tức là tới chắc là có lẽ là những cái mùa mưa đấy. Thì thoát nhiều	@HUE	data\processed_transcripts\qyannyc5FeA.json
data\raw_audio\qyannyc5FeA.wav	1082.84	1086.88	quá là bây giờ ở đây nó cũng sói mòn và co như đá ở đây nó cũng bị mất liên kết	@HUE	data\processed_transcripts\qyannyc5FeA.json
data\raw_audio\qyannyc5FeA.wav	1086.88	1091.64	rồi quý vị này. Đó còn như ở bên ngoài thì cái bức tương thành này đó nhìn cái	@HUE	data\processed_transcripts\qyannyc5FeA.json
data\raw_audio\qyannyc5FeA.wav	1091.64	1098.08	móng không là rất là cao thôi quý vị. Và sau đó là cái lớp bức tường. Nhìn cũng	@HUE	data\processed_transcripts\qyannyc5FeA.json
data\raw_audio\qyannyc5FeA.wav	1098.08	1103.2	quá là đơn giản luôn, rất chi là đơn giản nhưng mà nó cũng thể hiện được cái	@HUE	data\processed_transcripts\qyannyc5FeA.json
data\raw_audio\qyannyc5FeA.wav	1103.2	1110.0	kiến trúc của lăng tẩm triều Nguyễn đó cái thời mà sơ khai.	@HUE	data\processed_transcripts\qyannyc5FeA.json
data\raw_audio\qyannyc5FeA.wav	1110.0	1117.24	Đây quý vị này rất nhiều các cái khe thuật nước đó được à xây dựng. chứng	@HUE	data\processed_transcripts\qyannyc5FeA.json
data\raw_audio\qyannyc5FeA.wav	1117.24	1123.799	tỏ một điều rằng là trước kia thì việc xây dựng lăng mổ tính toán rất là kỹ đó	@HUE	data\processed_transcripts\qyannyc5FeA.json
data\raw_audio\qyannyc5FeA.wav	1123.799	1128.88	để có thể là bảo tồn những cái ngôi lòng mố này lâu dài.	@HUE	data\processed_transcripts\qyannyc5FeA.json
data\raw_audio\qyannyc5FeA.wav	1128.88	1134.76	Đó tuy nhiên thì ở đây cũng có những cái sự đổ vỡ đó. Đây quý vị thấy cái gạch	@HUE	data\processed_transcripts\qyannyc5FeA.json
data\raw_audio\qyannyc5FeA.wav	1134.76	1138.24	ngày xưa. Quý vị thấy cái gạch ngày xưa không là nhìn thấy rất là chắc chắn này.	@HUE	data\processed_transcripts\qyannyc5FeA.json
data\raw_audio\qyannyc5FeA.wav	1138.24	1143.32	Đó một cái viên gạch rất là dài. Những cái viên vặt rất là chi là dài. Rồi	@HUE	data\processed_transcripts\qyannyc5FeA.json
data\raw_audio\qyannyc5FeA.wav	1143.32	1149.039	chúng ta sẽ đi lên phía sau này. Ở đây thì cũng đã được rào xung quanh rồi quý	@HUE	data\processed_transcripts\qyannyc5FeA.json
data\raw_audio\qyannyc5FeA.wav	1149.039	1154.48	vị. Đó được rào trắng xung quanh rất là kỹ để phân định cái ranh giới rồi. Vì ở	@HUE	data\processed_transcripts\qyannyc5FeA.json
data\raw_audio\qyannyc5FeA.wav	1154.48	1160.44	đây sau cái ngoài cái khu vực lộ này thì quý vị thấy là cũng có rất nhiều các cái	@HUE	data\processed_transcripts\qyannyc5FeA.json
data\raw_audio\qyannyc5FeA.wav	1160.44	1164.6	vườn tược được người ta trồng. Đây quý vị, quý vị có thể xem qua cái	@HUE	data\processed_transcripts\qyannyc5FeA.json
data\raw_audio\qyannyc5FeA.wav	1168.48	1173.919	khu vực phía sau này chúng ta đi lên là được cái bức hành đây quý vị này. Đấy nó	@HUE	data\processed_transcripts\qyannyc5FeA.json
data\raw_audio\qyannyc5FeA.wav	1173.919	1179.559	khác với những cái khu lăng bộ khác là chúng ta sẽ không nhìn thấy, chúng ta sẽ	@HUE	data\processed_transcripts\qyannyc5FeA.json
data\raw_audio\qyannyc5FeA.wav	1179.559	1183.08	không đi lên được cái khu vực tường thành. Nhưng mà ở đây á thì chúng ta có	@HUE	data\processed_transcripts\qyannyc5FeA.json
data\raw_audio\qyannyc5FeA.wav	1183.08	1187.159	thể đi lên khu vực tường thành này. Và ở đây theo Huế Review nghĩ thì ở đây đ đã	@HUE	data\processed_transcripts\qyannyc5FeA.json
data\raw_audio\qyannyc5FeA.wav	1187.159	1192.48	đã được bồi đắp đất ở đây sẽ được đã được bồi đắp lên rất là cao như thế này.	@HUE	data\processed_transcripts\qyannyc5FeA.json
data\raw_audio\qyannyc5FeA.wav	1192.48	1196.88	Nó lên cái mặt bức hành như thế này luôn đó. Và chúng ta có thể leo lên cái bức	@HUE	data\processed_transcripts\qyannyc5FeA.json
data\raw_audio\qyannyc5FeA.wav	1196.88	1201.919	tường thành này. À rất là đáng tiếc là Huế Review cũng không thể đi vào trong	@HUE	data\processed_transcripts\qyannyc5FeA.json
data\raw_audio\qyannyc5FeA.wav	1201.919	1207.76	này được bởi vì nếu như quý vị chúng ta đi vào chúng ta nhảy xuống thì sẽ không	@HUE	data\processed_transcripts\qyannyc5FeA.json
data\raw_audio\qyannyc5FeA.wav	1207.76	1212.72	có đường ra luôn. Do đó là Huế Review cũng chỉ có thể là	@HUE	data\processed_transcripts\qyannyc5FeA.json
data\raw_audio\qyannyc5FeA.wav	1212.72	1219.12	quay cho quý vị thấy ờ những cái hình ảnh ở xa xa như thế này thôi. Tuy nhiên	@HUE	data\processed_transcripts\qyannyc5FeA.json
data\raw_audio\qyannyc5FeA.wav	1219.12	1222.48	thì như thế này thì chúng ta cũng đã nhìn thấy rất là kỹ rồi quý vị. À như	@HUE	data\processed_transcripts\qyannyc5FeA.json
data\raw_audio\qyannyc5FeA.wav	1222.48	1227.36	quý vị thấy thì sau cái cổng Bổ Thành chính là cái bức bình phong. Và như lúc	@HUE	data\processed_transcripts\qyannyc5FeA.json
data\raw_audio\qyannyc5FeA.wav	1227.36	1232.039	nãy thì Huy Review cũng đã có quay cho quý vị xem cái bức bình phong mà cái mặt	@HUE	data\processed_transcripts\qyannyc5FeA.json
data\raw_audio\qyannyc5FeA.wav	1232.039	1237.76	trước của bức bình phong. Đấy là có một cái con rồng nhìn	@HUE	data\processed_transcripts\qyannyc5FeA.json
data\raw_audio\qyannyc5FeA.wav	1237.76	1243.36	rất là uy nghiêm. Đấy. Đây chúng ta có thể đi trên thành này	@HUE	data\processed_transcripts\qyannyc5FeA.json
data\raw_audio\qyannyc5FeA.wav	1243.36	1248.559	luôn được luôn luôn quý vị nhá. Chắc là Huy Review cũng phải xin phép để	@HUE	data\processed_transcripts\qyannyc5FeA.json
data\raw_audio\qyannyc5FeA.wav	1248.559	1254.24	mà có thể là đi được trên thành này. Đó. Nhưng mà Huế Review phát hiện là một cái	@HUE	data\processed_transcripts\qyannyc5FeA.json
data\raw_audio\qyannyc5FeA.wav	1254.24	1260.48	con rồng và nó được à nhìn nó có vẻ là rất là óng ánh thôi quý vị. Nó có một	@HUE	data\processed_transcripts\qyannyc5FeA.json
data\raw_audio\qyannyc5FeA.wav	1260.48	1264.28	cái nét ống ánh ở đây nó thể hiện được cái uy nghiêm của hoàng gia đây. Hoàng	@HUE	data\processed_transcripts\qyannyc5FeA.json
data\raw_audio\qyannyc5FeA.wav	1264.28	1270.799	tộc đây quý vị. Đó quý vị có thể thấy kỹ và sau cái bức bên phong thì chính là	@HUE	data\processed_transcripts\qyannyc5FeA.json
data\raw_audio\qyannyc5FeA.wav	1270.799	1275.679	cái ngôi lăng mổ chốn cái hộp sọt của Vương Tử Nguyễn Phúc Luân. Rồi sau đó là	@HUE	data\processed_transcripts\qyannyc5FeA.json
data\raw_audio\qyannyc5FeA.wav	1275.679	1281.2	sẽ là có một cái bức bình phù hậu. Rồi tiếp à sau cái sau cái ngôi mộ đó chính	@HUE	data\processed_transcripts\qyannyc5FeA.json
data\raw_audio\qyannyc5FeA.wav	1281.2	1287.2	là cái án hương đây. Áng án hương để thấp thấp nhang cho cái ngôi lăng mổ.	@HUE	data\processed_transcripts\qyannyc5FeA.json
data\raw_audio\qyannyc5FeA.wav	1287.2	1290.96	Nhìn nó có vẻ là cũng rất là ít người đến đây bởi vì các cái chân hương nó	@HUE	data\processed_transcripts\qyannyc5FeA.json
data\raw_audio\qyannyc5FeA.wav	1290.96	1297.72	nhìn rất là ít đó. Cái cấu trúc của cái khu lăng mộ thì nó	@HUE	data\processed_transcripts\qyannyc5FeA.json
data\raw_audio\qyannyc5FeA.wav	1297.72	1307.48	phản án được cái tính chất của lăng tẩm chúng cái chú nguyện thời đó. Đó,	@HUE	data\processed_transcripts\qyannyc5FeA.json
data\raw_audio\qyannyc5FeA.wav	1307.48	1311.919	nhìn như thế này thì quý vị cũng có thể hình dung ra được là cái cấu trúc nó khá	@HUE	data\processed_transcripts\qyannyc5FeA.json
data\raw_audio\qyannyc5FeA.wav	1311.919	1319.4	là đơn giản rồi thưa quý vị. đó nhưng mà những cái họa tiết rồng trên các cái bức	@HUE	data\processed_transcripts\qyannyc5FeA.json
data\raw_audio\qyannyc5FeA.wav	1319.4	1324.24	bình phong thì cho Huy review một cái cảm giác hết sức là uy nghiêm và thật sự	@HUE	data\processed_transcripts\qyannyc5FeA.json
data\raw_audio\qyannyc5FeA.wav	1324.24	1329.039	nó rất là đẹp thưa quý vị. Cái họa tiết rất là tỉ mỹ và tinh xảo.	@HUE	data\processed_transcripts\qyannyc5FeA.json
data\raw_audio\qyannyc5FeA.wav	1329.039	1332.799	Ở thường m chỗ của các chú nguyện thì nó hết sức là đơn sơ và giảng dị như thế	@HUE	data\processed_transcripts\qyannyc5FeA.json
data\raw_audio\qyannyc5FeA.wav	1332.799	1339.0	này. Nó có như quý vị thấy thì cái ngôi lăng mộ này nó cũng có ba tầng đấy và ba	@HUE	data\processed_transcripts\qyannyc5FeA.json
data\raw_audio\qyannyc5FeA.wav	1339.0	1346.32	tầng hình chữ nhật như thế này được phân tầng lên. Còn ở sau cái bức bên phong	@HUE	data\processed_transcripts\qyannyc5FeA.json
data\raw_audio\qyannyc5FeA.wav	1346.32	1352.6	phía trước cũng là một cây đầu rồng. Đây quý vị này. Đó một cái con rồng. Nhìn kỹ	@HUE	data\processed_transcripts\qyannyc5FeA.json
data\raw_audio\qyannyc5FeA.wav	1352.6	1356.2	thì chúng ta cũng thể thấy là có một cái con rồng.	@HUE	data\processed_transcripts\qyannyc5FeA.json
data\raw_audio\qyannyc5FeA.wav	1356.2	1360.64	Bởi vì rõ ràng ở đây thì như quý vị biết thì Vương Tử Nguyễn Phúc	@HUE	data\processed_transcripts\qyannyc5FeA.json
data\raw_audio\qyannyc5FeA.wav	1360.64	1367.32	Luân là nam giới. Chính vì vậy mà ở các cái lăng mộ thì sẽ	@HUE	data\processed_transcripts\qyannyc5FeA.json
data\raw_audio\qyannyc5FeA.wav	1367.32	1372.559	trang trí các cái họa tiết là các cái con rồng. Đây ở bức bình phong hậu cũng	@HUE	data\processed_transcripts\qyannyc5FeA.json
data\raw_audio\qyannyc5FeA.wav	1372.559	1378.2	vậy. Nhưng mà quý vị để ý thấy này, cái bức bình phong hậu nó có vẻ dày hơn so	@HUE	data\processed_transcripts\qyannyc5FeA.json
data\raw_audio\qyannyc5FeA.wav	1378.2	1384.559	với cái bức bình phong trước. Và cái khu vực này, cái huyệt mù này	@HUE	data\processed_transcripts\qyannyc5FeA.json
data\raw_audio\qyannyc5FeA.wav	1384.559	1388.679	trước kia cũng đã từng bị quân Tây Sơn đào sở thôi quý vị. Và hiện tại thì như	@HUE	data\processed_transcripts\qyannyc5FeA.json
data\raw_audio\qyannyc5FeA.wav	1388.679	1392.88	quý vị thấy là cái khu vực này nó cũng đã xuống cấp rất là nghiêm trọng. Đấy,	@HUE	data\processed_transcripts\qyannyc5FeA.json
data\raw_audio\qyannyc5FeA.wav	1392.88	1397.72	cái bực các cái bức tường thành này như quý vị thấy là qua quá trình phong hóa	@HUE	data\processed_transcripts\qyannyc5FeA.json
data\raw_audio\qyannyc5FeA.wav	1397.72	1404.36	của mưa gió thì nó có phong hóa ra những cái hạt sạn như thế này rồi. Đây. Đấy.	@HUE	data\processed_transcripts\qyannyc5FeA.json
data\raw_audio\qyannyc5FeA.wav	1404.36	1407.08	Và hiện tại nó đang xuống cấp khá là nghiêm trọng.	@HUE	data\processed_transcripts\qyannyc5FeA.json
data\raw_audio\qyannyc5FeA.wav	1407.08	1412.08	Còn lại cái bức bình phong của cái bũ thành thì như quý vị thấy nó cũng không	@HUE	data\processed_transcripts\qyannyc5FeA.json
data\raw_audio\qyannyc5FeA.wav	1412.08	1417.12	có trang trí gì cả, rất là đơn sơ và giảng dĩ.	@HUE	data\processed_transcripts\qyannyc5FeA.json
data\raw_audio\qyannyc5FeA.wav	1417.12	1420.799	Thường ở đây quý vị sẽ có một cái phép so sánh. Trước kia thì đối với cái lăng	@HUE	data\processed_transcripts\qyannyc5FeA.json
data\raw_audio\qyannyc5FeA.wav	1420.799	1426.279	mộ của vua Gia Long thì nhìn nó cũng rất là đơn giản. Và chính vì có lẽ như vậy	@HUE	data\processed_transcripts\qyannyc5FeA.json
data\raw_audio\qyannyc5FeA.wav	1426.279	1429.76	thì những cái ngôi lăng mộ mà vua Gia Long xây cho Hoàng Thân Quốc Thích thì	@HUE	data\processed_transcripts\qyannyc5FeA.json
data\raw_audio\qyannyc5FeA.wav	1429.76	1434.52	nó cũng tương tự như vậy thôi. Bởi vì ông vua Gia Long là một ông a vua rất là	@HUE	data\processed_transcripts\qyannyc5FeA.json
data\raw_audio\qyannyc5FeA.wav	1434.52	1438.559	giảng dị, rất là chất phát. Chính vì vậy mà những cái điều ông làm r cũng mang	@HUE	data\processed_transcripts\qyannyc5FeA.json
data\raw_audio\qyannyc5FeA.wav	1438.559	1444.24	cái tính giảng dị và rất là gần gũi đó. Ngay cả cái việc mà xây miếu cho cái	@HUE	data\processed_transcripts\qyannyc5FeA.json
data\raw_audio\qyannyc5FeA.wav	1444.24	1448.88	người ngư dân đã từng vớt cái hộp sọ của vương tử Nguyễn Phúc Luân lên là tức là	@HUE	data\processed_transcripts\qyannyc5FeA.json
data\raw_audio\qyannyc5FeA.wav	1448.88	1452.4	ông Nguyễn Ngọc Huyên cũng đã thể hiện được cái đạo đức của vua Gia Long rồi	@HUE	data\processed_transcripts\qyannyc5FeA.json
data\raw_audio\qyannyc5FeA.wav	1452.4	1458.039	thưa quý vị. Mức độ hư hại của cái bức tường bên này nó có vẻ là nó nặng hơn so	@HUE	data\processed_transcripts\qyannyc5FeA.json
data\raw_audio\qyannyc5FeA.wav	1458.039	1461.919	với cái bức tường bên này thưa quý vị. Đấy.	@HUE	data\processed_transcripts\qyannyc5FeA.json
data\raw_audio\qyannyc5FeA.wav	1461.919	1469.88	Rồi còn bây giờ thì chúng ta sẽ tiếp tục đi a khám phá cái miếu thờ của nhà họ	@HUE	data\processed_transcripts\qyannyc5FeA.json
data\raw_audio\qyannyc5FeA.wav	1469.88	1475.399	Ngọc Nguyễn và miếu thờ của ông Nguyễn Ngọc Huyên người đã	@HUE	data\processed_transcripts\qyannyc5FeA.json
data\raw_audio\qyannyc5FeA.wav	1475.399	1482.12	vớt cái hộp sò của Vương Tử Nguyễn Phúc luôn để chốn cất à rất là kỹ và để sau	@HUE	data\processed_transcripts\qyannyc5FeA.json
data\raw_audio\qyannyc5FeA.wav	1482.12	1489.88	đó thì vua Gia Long à nhận lại được cái người thân phụ đã sinh ra mình đấy. Mời	@HUE	data\processed_transcripts\qyannyc5FeA.json
data\raw_audio\qyannyc5FeA.wav	1489.88	1494.679	quý vị. Thì như quý như Huế Review lúc đầu cũng	@HUE	data\processed_transcripts\qyannyc5FeA.json
data\raw_audio\qyannyc5FeA.wav	1494.679	1501.32	đã giới thiệu cho quý vị là cái miếu của ông Nguyễn Ngọc Huyền cũng được chôn cất	@HUE	data\processed_transcripts\qyannyc5FeA.json
data\raw_audio\qyannyc5FeA.wav	1501.32	1506.76	gần khu lăng mộ của Vương Tử Nguyễn Phúc Luân. Đấy	@HUE	data\processed_transcripts\qyannyc5FeA.json
data\raw_audio\qyannyc5FeA.wav	1506.76	1510.399	đường đi xuống này. Và như quý vị thấy thì cái ngôi mộ của	@HUE	data\processed_transcripts\qyannyc5FeA.json
data\raw_audio\qyannyc5FeA.wav	1514.279	1519.64	Vương Tử Nguyễn Phúc Lưng có thể nói là một cái ngôi mộ mà có cái quy mô nhỏ	@HUE	data\processed_transcripts\qyannyc5FeA.json
data\raw_audio\qyannyc5FeA.wav	1519.64	1523.48	nhất đó. trong các cái ngôi mộ của Vương Triều	@HUE	data\processed_transcripts\qyannyc5FeA.json
data\raw_audio\qyannyc5FeA.wav	1523.48	1532.08	Nguyện đấy. Và ở đây bên cạnh là quý vị thấy có một cái miếu. Đây	@HUE	data\processed_transcripts\qyannyc5FeA.json
data\raw_audio\qyannyc5FeA.wav	1532.08	1536.64	có một cái miếu thờ nhưng mà rất tiếc thì hôm nay là do đi vội đó là Huế	@HUE	data\processed_transcripts\qyannyc5FeA.json
data\raw_audio\qyannyc5FeA.wav	1536.64	1540.039	Review quên đi cái bậc lửa chính vì vậy mà cũng không thể thấp nhang thấp hương	@HUE	data\processed_transcripts\qyannyc5FeA.json
data\raw_audio\qyannyc5FeA.wav	1540.039	1546.08	cho những cái vị tiền bối ở đây được. Chính vì vậy mà chắc chắn thì Huế Review	@HUE	data\processed_transcripts\qyannyc5FeA.json
data\raw_audio\qyannyc5FeA.wav	1546.08	1550.48	sẽ ghé lại thêm một lần nữa để mà có thể thắp một nén nhang tử nhớ. Đây là miếu	@HUE	data\processed_transcripts\qyannyc5FeA.json
data\raw_audio\qyannyc5FeA.wav	1550.48	1554.84	thờ của ngư nhân Nguyễn Ngọc Huyên đây quý vị. Như quý vị thấy thì bên trong	@HUE	data\processed_transcripts\qyannyc5FeA.json
data\raw_audio\qyannyc5FeA.wav	1554.84	1560.039	miếu nó cũng được thấp nhang thường xuyên nhưng mà các cái hòa tiết trong	@HUE	data\processed_transcripts\qyannyc5FeA.json
data\raw_audio\qyannyc5FeA.wav	1560.039	1565.679	miếu là dường như là đã bị gọi là đã bị xuống cấp. Đó.	@HUE	data\processed_transcripts\qyannyc5FeA.json
data\raw_audio\qyannyc5FeA.wav	1565.679	1571.36	Ở đây thì có cái dấu vết của cái việc mà lợp lại cái mái. Còn lại các cái chữ	@HUE	data\processed_transcripts\qyannyc5FeA.json
data\raw_audio\qyannyc5FeA.wav	1571.36	1576.64	nghĩa ở trong cái miếu này thì dường như là đã bị file mờ khá là nhiều.	@HUE	data\processed_transcripts\qyannyc5FeA.json
data\raw_audio\qyannyc5FeA.wav	1576.64	1582.76	Đấy đa đa phần khoảng 90% là b file mờ chữ rồi quý vị. Đây rất nhiều cái bạc	@HUE	data\processed_transcripts\qyannyc5FeA.json
data\raw_audio\qyannyc5FeA.wav	1582.76	1586.559	nhang ở trong này thì chắc cũng có lẽ là cũng người thân của ông Nguyễn Ngọc	@HUE	data\processed_transcripts\qyannyc5FeA.json
data\raw_audio\qyannyc5FeA.wav	1586.559	1592.76	Huyên hay là như thế nào đó. Ở bên này cũng có những cái	@HUE	data\processed_transcripts\qyannyc5FeA.json
data\raw_audio\qyannyc5FeA.wav	1592.76	1596.76	đây là cũng có những cái miếu của thổ địa đây này. Miếu thổ thần đức đai ở	@HUE	data\processed_transcripts\qyannyc5FeA.json
data\raw_audio\qyannyc5FeA.wav	1596.76	1601.919	đây. Ở bên kia cũng có vậy thưa quý vị. Đấy những cái miếu am nhưng mà đây có	@HUE	data\processed_transcripts\qyannyc5FeA.json
data\raw_audio\qyannyc5FeA.wav	1601.919	1606.36	cái miếu thờ này của cái ông Nguyễn Ngọc Hiên là bởi vì như quý vị thấy là ở đây	@HUE	data\processed_transcripts\qyannyc5FeA.json
data\raw_audio\qyannyc5FeA.wav	1606.36	1611.039	có một cái bức bình phong đấy và chắc chắn rằng thì Huế R chắc chắn rằng đây	@HUE	data\processed_transcripts\qyannyc5FeA.json
data\raw_audio\qyannyc5FeA.wav	1611.039	1616.44	chính là cái miếu thờ của ông Nguyễn Ngọc Huyên đó	@HUE	data\processed_transcripts\qyannyc5FeA.json
data\raw_audio\qyannyc5FeA.wav	1616.44	1621.2	nhìn cái kiến trúc rõ ràng là kiến trúc của	@HUE	data\processed_transcripts\qyannyc5FeA.json
data\raw_audio\qyannyc5FeA.wav	1621.2	1627.679	Triều Nguyễn Sơ Khai nhìn rất là chất phát và rất là giảng dĩ các cái ngói	@HUE	data\processed_transcripts\qyannyc5FeA.json
data\raw_audio\qyannyc5FeA.wav	1627.679	1630.399	liệt được lợp lên thì như quý vị thấy là nó	@HUE	data\processed_transcripts\qyannyc5FeA.json
data\raw_audio\qyannyc5FeA.wav	1630.399	1636.08	cũng đã xuống cấp này. Nói chung là cái gì tồn tại giữa không gian mà giữa trời	@HUE	data\processed_transcripts\qyannyc5FeA.json
data\raw_audio\qyannyc5FeA.wav	1636.08	1640.88	mưa gió như thế này thì chắc chắn là sẽ xuống cấp rất là nghiêm trọng rồi đó.	@HUE	data\processed_transcripts\qyannyc5FeA.json
data\raw_audio\qyannyc5FeA.wav	1640.88	1645.2	Làm sao mà có thể chóng chọi được với thời gian được. Đấy những cái miếu bên	@HUE	data\processed_transcripts\qyannyc5FeA.json
data\raw_audio\qyannyc5FeA.wav	1645.2	1650.08	kia có một ngu bên kia ở bên này cũng có những cái cây cổ thụ rất là lớn. Đây quý	@HUE	data\processed_transcripts\qyannyc5FeA.json
data\raw_audio\qyannyc5FeA.wav	1650.08	1656.279	vị này. Đó thì không biết à cái công trình này là gì mà thấy có vẻ là đập đá	@HUE	data\processed_transcripts\qyannyc5FeA.json
data\raw_audio\qyannyc5FeA.wav	1656.279	1659.84	lên rất là cao, một cái móng rất là cao. Nhưng mà bây giờ thì nó dường như là nó	@HUE	data\processed_transcripts\qyannyc5FeA.json
data\raw_audio\qyannyc5FeA.wav	1659.84	1665.6	cũng đã là nó bị sụp đổ rồi, hoa tàng rồi.	@HUE	data\processed_transcripts\qyannyc5FeA.json
data\raw_audio\qyannyc5FeA.wav	1665.6	1670.72	Wow. Đây quý vị này.	@HUE	data\processed_transcripts\qyannyc5FeA.json
data\raw_audio\qyannyc5FeA.wav	1671.6	1674.6	Đó một cái vải đứt trống. Và quý vị thấy là	@HUE	data\processed_transcripts\qyannyc5FeA.json
data\raw_audio\qyannyc5FeA.wav	1677.279	1682.72	ở đó là có cái núi đá này. Đây núi đá lên rất là cao.	@HUE	data\processed_transcripts\qyannyc5FeA.json
data\raw_audio\qyannyc5FeA.wav	1682.72	1689.6	Đó bây giờ mời quý vị nhìn lại một lần nữa cái khu vực lăng mộ của vương tử	@HUE	data\processed_transcripts\qyannyc5FeA.json
data\raw_audio\qyannyc5FeA.wav	1689.6	1694.48	Nguyễn Phúc Lưng. Một cái hộp sọ được nằm trong được chôn	@HUE	data\processed_transcripts\qyannyc5FeA.json
data\raw_audio\qyannyc5FeA.wav	1694.48	1699.159	cất trong lăng mổ và được xác định đó chính là thân phụ của vua Gia Long.	@HUE	data\processed_transcripts\qyannyc5FeA.json
data\raw_audio\qyannyc5FeA.wav	1699.159	1704.159	Đấy, ngoài ra thì cũng có những cái miếu của	@HUE	data\processed_transcripts\qyannyc5FeA.json
data\raw_audio\qyannyc5FeA.wav	1704.159	1710.399	người ngư dân đã vớt cái hộp sò cũng như là miếu thổ thân thổ địa ở đây.	@HUE	data\processed_transcripts\qyannyc5FeA.json
data\raw_audio\qyannyc5FeA.wav	1710.399	1715.72	Và đến đây thì chắc có lẽ là Huy Review cũng xin kết thúc video à khi mà đã giới	@HUE	data\processed_transcripts\qyannyc5FeA.json
data\raw_audio\qyannyc5FeA.wav	1715.72	1720.96	thiệu cho quý vị đến cái ngôi lăng mổ mà có rất nhiều cái biến ứng này. Trong đó	@HUE	data\processed_transcripts\qyannyc5FeA.json
data\raw_audio\qyannyc5FeA.wav	1720.96	1725.519	là có một cái điều mà Huế Review cảm thấy rất là tâm đắc đó chính là cái ngôi	@HUE	data\processed_transcripts\qyannyc5FeA.json
data\raw_audio\qyannyc5FeA.wav	1725.519	1729.64	mộ này. chôn cất của người người chết nhưng mà	@HUE	data\processed_transcripts\qyannyc5FeA.json
data\raw_audio\qyannyc5FeA.wav	1729.64	1734.32	sau khi chết vẫn không được yên khi mà tiếp tục lại bị quân tây sơn đào sới.	@HUE	data\processed_transcripts\qyannyc5FeA.json
data\raw_audio\qyannyc5FeA.wav	1734.32	1739.76	Đấy lấy kỳ mà chuyện việc ngư dân Nguyễn Ngọc Huyên sau khi ba lần mà đi cất rỡ	@HUE	data\processed_transcripts\qyannyc5FeA.json
data\raw_audio\qyannyc5FeA.wav	1739.76	1745.679	thì cũng đã à bắt gặp ba lần cái hộp sọ này nằm trong	@HUE	data\processed_transcripts\qyannyc5FeA.json
data\raw_audio\qyannyc5FeA.wav	1745.679	1750.44	trong võ. Thì theo như quý vị là cái câu chuyện này nó có thật hay không? Bởi vì	@HUE	data\processed_transcripts\qyannyc5FeA.json
data\raw_audio\qyannyc5FeA.wav	1750.44	1755.0	Huế Review cũng đọc được một cái tư liệu cũng nói rằng là ngư dân Nguyễn Học	@HUE	data\processed_transcripts\qyannyc5FeA.json
data\raw_audio\qyannyc5FeA.wav	1755.0	1760.44	Huyên sau khi mà thấy quân Tây Sơn đó đào mộ và đem xương cốt	@HUE	data\processed_transcripts\qyannyc5FeA.json
data\raw_audio\qyannyc5FeA.wav	1760.44	1766.84	v xuống sông hương à đem xương cốt đém xuống sông Hương thì đêm hôm đó đêm hôm	@HUE	data\processed_transcripts\qyannyc5FeA.json
data\raw_audio\qyannyc5FeA.wav	1766.84	1772.32	đó thì Nguyễn Ngọc Huyên cũng đã à lặn xuống để mà vớt cái hộp sọ lên và chôn	@HUE	data\processed_transcripts\qyannyc5FeA.json
data\raw_audio\qyannyc5FeA.wav	1772.32	1776.32	cất rất là kỹ ở một nơi nào đó sau đó thì mới b sau khi mà Vu Gia Long lên	@HUE	data\processed_transcripts\qyannyc5FeA.json
data\raw_audio\qyannyc5FeA.wav	1776.32	1779.48	ngồi thì cũng đã báo cho Vu Gia Long biết đấy cũng có rất nhiều cái giả thiết	@HUE	data\processed_transcripts\qyannyc5FeA.json
data\raw_audio\qyannyc5FeA.wav	1779.48	1785.32	thưa quý vị. Tuy nhiên thì việc mà chúng ta đưa ra những cái giai thoại, những	@HUE	data\processed_transcripts\qyannyc5FeA.json
data\raw_audio\qyannyc5FeA.wav	1785.32	1789.32	cái câu chuyện mà mang c tính cổ tích thì đôi lúc nó cũng à có một cái sự ly	@HUE	data\processed_transcripts\qyannyc5FeA.json
data\raw_audio\qyannyc5FeA.wav	1789.32	1794.88	kỳ ở trong đó. Chính vì vậy mà Huế Rio nghĩ là nó đang đã cường điều hóa hơi đã	@HUE	data\processed_transcripts\qyannyc5FeA.json
data\raw_audio\qyannyc5FeA.wav	1794.88	1798.679	có cái sự cương điều hóa trong cái câu chuyện này. Tuy nhiên thì là lịch sử thì	@HUE	data\processed_transcripts\qyannyc5FeA.json
data\raw_audio\qyannyc5FeA.wav	1798.679	1803.6	chúng ta cũng đôi lúc chúng ta cũng có thể vẽ nên những cái bức tranh như thế	@HUE	data\processed_transcripts\qyannyc5FeA.json
data\raw_audio\qyannyc5FeA.wav	1803.6	1807.96	để có thể nói về lịch sử. Còn lại thì bây giờ hôm nay thì Huyết R cũng đã giới	@HUE	data\processed_transcripts\qyannyc5FeA.json
data\raw_audio\qyannyc5FeA.wav	1807.96	1812.24	thiệu cho quý vị về ngôi lăng mộ của Vương Tử Nguyễn Phúc Lân à gọi là lăng	@HUE	data\processed_transcripts\qyannyc5FeA.json
data\raw_audio\qyannyc5FeA.wav	1812.24	1816.64	cơ thánh hay còn gọi là lăng sỏ. Thì nếu quý vị thấy video này hay và ý nghĩa thì	@HUE	data\processed_transcripts\qyannyc5FeA.json
data\raw_audio\qyannyc5FeA.wav	1816.64	1819.919	cũng mong quý vị cho Huế Review một like, một chia sẻ cũng như là một cái	@HUE	data\processed_transcripts\qyannyc5FeA.json
data\raw_audio\qyannyc5FeA.wav	1819.919	1824.6	lượt đăng ký để nhận được những cái video mới nhất về trên kênh Huế Review.	@HUE	data\processed_transcripts\qyannyc5FeA.json
data\raw_audio\qyannyc5FeA.wav	1824.6	1828.96	Xin kính chào và kính chúc quý vị luôn sức khỏe và bình an. Hẹn gặp lại quý vị	@HUE	data\processed_transcripts\qyannyc5FeA.json
data\raw_audio\qyannyc5FeA.wav	1828.96	1832.0	ở những video tiếp theo.	@HUE	data\processed_transcripts\qyannyc5FeA.json
data\raw_audio\r04R2nOFkA4.wav	0.96	7.2	Vâng, mến chào quý vị đã quay lại với Huế Review. Quý vị và các bạn thân mến	@HUE	data\processed_transcripts\r04R2nOFkA4.json
data\raw_audio\r04R2nOFkA4.wav	7.2	14.0	thì hiện tại Huế Review đang ở cái chỗ ngã ba giữa đường Võ Văn Kiệt và cái	@HUE	data\processed_transcripts\r04R2nOFkA4.json
data\raw_audio\r04R2nOFkA4.wav	14.0	20.279	đường này là đường Tam Thai quý vị. Đây đường Tam Thai là đi theo hướng này lên.	@HUE	data\processed_transcripts\r04R2nOFkA4.json
data\raw_audio\r04R2nOFkA4.wav	20.279	25.359	Thì à hôm nay Huế Review sẽ giới thiệu cho quý	@HUE	data\processed_transcripts\r04R2nOFkA4.json
data\raw_audio\r04R2nOFkA4.wav	25.359	29.88	vị cái đường đến một cái ngôi lăng mộ và cũng sẽ giới thiệu cho quý vị cái ngôi	@HUE	data\processed_transcripts\r04R2nOFkA4.json
data\raw_audio\r04R2nOFkA4.wav	29.88	36.64	lăng mộ của một trong Tử Nguyệt Tam Vương, một cái thời kỳ đen tối nhất của	@HUE	data\processed_transcripts\r04R2nOFkA4.json
data\raw_audio\r04R2nOFkA4.wav	36.64	41.68	triều Nguyễn trong cái lịch sử triều Nguyễn thưa quý vị. Và chúng ta sẽ menem	@HUE	data\processed_transcripts\r04R2nOFkA4.json
data\raw_audio\r04R2nOFkA4.wav	41.68	48.199	theo cái đường Tam thai để đến cái ngôi mộ của nhân vật đó.	@HUE	data\processed_transcripts\r04R2nOFkA4.json
data\raw_audio\r04R2nOFkA4.wav	48.199	54.44	Đây ờ cái đường Võ Bắc Kiệt này thì một hướng nếu như mà đi theo hướng này vào	@HUE	data\processed_transcripts\r04R2nOFkA4.json
data\raw_audio\r04R2nOFkA4.wav	54.44	59.079	Nam thì sẽ dẫn quý vị đến cầu Vực Thị Dương. Còn hướng này thì sẽ dẫn quý vị	@HUE	data\processed_transcripts\r04R2nOFkA4.json
data\raw_audio\r04R2nOFkA4.wav	59.079	65.96	đến cầu lim đấy. Và không để quý vị chờ lâu thì bây giờ mời quý vị cùng đồng	@HUE	data\processed_transcripts\r04R2nOFkA4.json
data\raw_audio\r04R2nOFkA4.wav	65.96	71.04	hành với H review Review cùng khám phá cái ngôi lă mộ của một trong Tử Nguyệt	@HUE	data\processed_transcripts\r04R2nOFkA4.json
data\raw_audio\r04R2nOFkA4.wav	71.04	77.119	Tam Vương nha quý vị. Xin mời quý vị.	@HUE	data\processed_transcripts\r04R2nOFkA4.json
data\raw_audio\r04R2nOFkA4.wav	84.96	90.88	Cũng à xin giới thiệu qua với quý vị thì cái con đường Tam Thai này là	@HUE	data\processed_transcripts\r04R2nOFkA4.json
data\raw_audio\r04R2nOFkA4.wav	90.88	97.88	hình thành vào à thế kỷ thứ 18 cùng à với à cái thời điểm hình thành	@HUE	data\processed_transcripts\r04R2nOFkA4.json
data\raw_audio\r04R2nOFkA4.wav	97.88	103.079	lên cái chùa Thiền Tôn thưa quý vị. Và nguyên trước đây thì con đường Tam	@HUE	data\processed_transcripts\r04R2nOFkA4.json
data\raw_audio\r04R2nOFkA4.wav	103.079	109.439	Thay này là một cái con đường à gọi là một cái lối mòn	@HUE	data\processed_transcripts\r04R2nOFkA4.json
data\raw_audio\r04R2nOFkA4.wav	109.439	114.24	rất là nhỏ. Tuy nhiên thì sau này khi xác nhập vào	@HUE	data\processed_transcripts\r04R2nOFkA4.json
data\raw_audio\r04R2nOFkA4.wav	114.24	118.24	thành phố thì con đường này được mở rộng ra	@HUE	data\processed_transcripts\r04R2nOFkA4.json
data\raw_audio\r04R2nOFkA4.wav	118.24	123.32	và bây giờ được cái thực trạng như ngày hôm nay	@HUE	data\processed_transcripts\r04R2nOFkA4.json
data\raw_audio\r04R2nOFkA4.wav	123.32	130.44	trước năm 1995 á thì cái con đường này được bà con gọi là đường nghĩa trang	@HUE	data\processed_transcripts\r04R2nOFkA4.json
data\raw_audio\r04R2nOFkA4.wav	130.44	135.16	thành phố. Bởi vì trên cái con đường này thì sẽ	@HUE	data\processed_transcripts\r04R2nOFkA4.json
data\raw_audio\r04R2nOFkA4.wav	135.16	139.84	có một cái nghĩa trang của thành phố nằm ở cái khu vực của con đường Tam Thai	@HUE	data\processed_transcripts\r04R2nOFkA4.json
data\raw_audio\r04R2nOFkA4.wav	139.84	147.239	này. Như quý vị đã thấy thì ở đây có rất nhiều các cái mù mã, các cái mộ được	@HUE	data\processed_transcripts\r04R2nOFkA4.json
data\raw_audio\r04R2nOFkA4.wav	147.239	150.8	chôn cức. Chính vì vậy mà cái nghĩa trang thành phố nó cũng nằm trên con	@HUE	data\processed_transcripts\r04R2nOFkA4.json
data\raw_audio\r04R2nOFkA4.wav	150.8	159.319	đường này. Và từ năm 1996 thì được đổi tên đường Tam Thái và được dùng cho tới	@HUE	data\processed_transcripts\r04R2nOFkA4.json
data\raw_audio\r04R2nOFkA4.wav	159.319	163.04	ngày hôm nay. Như quý vị thấy thì đường Tam Thai bây	@HUE	data\processed_transcripts\r04R2nOFkA4.json
data\raw_audio\r04R2nOFkA4.wav	163.04	169.879	giờ nó cũng là một cái con đường bê tông và rãy được rãi nhựa nhìn đi cũng rất là	@HUE	data\processed_transcripts\r04R2nOFkA4.json
data\raw_audio\r04R2nOFkA4.wav	169.879	174.4	đẹp. trước kia mà cái thời điểm mà Huế Review	@HUE	data\processed_transcripts\r04R2nOFkA4.json
data\raw_audio\r04R2nOFkA4.wav	174.4	180.92	còn nhỏ thì cũng đã từng đến cái con đường này và	@HUE	data\processed_transcripts\r04R2nOFkA4.json
data\raw_audio\r04R2nOFkA4.wav	180.92	186.48	à cũng có một số à các cái a	@HUE	data\processed_transcripts\r04R2nOFkA4.json
data\raw_audio\r04R2nOFkA4.wav	186.48	193.48	bà con à tổ tiên a cũng như là ông bà của Huế Review cũng có chôn cất trên cái	@HUE	data\processed_transcripts\r04R2nOFkA4.json
data\raw_audio\r04R2nOFkA4.wav	193.48	197.599	khu vực à đường Tam Thai này thưa quý vị.	@HUE	data\processed_transcripts\r04R2nOFkA4.json
data\raw_audio\r04R2nOFkA4.wav	197.599	201.599	Đây ở đây là nghĩa nghĩa trang rất nhiều cái nghĩa trang của các cái dòng họ được	@HUE	data\processed_transcripts\r04R2nOFkA4.json
data\raw_audio\r04R2nOFkA4.wav	201.599	206.64	chung cức. Chính vì vậy mà cái con đường tam thai này trước kia cũng được gọi là	@HUE	data\processed_transcripts\r04R2nOFkA4.json
data\raw_audio\r04R2nOFkA4.wav	206.64	212.439	cái con đường nghĩa trang thành phố. À nhờ quý vị nhìn ra thì quý vị cũng có	@HUE	data\processed_transcripts\r04R2nOFkA4.json
data\raw_audio\r04R2nOFkA4.wav	212.439	219.159	thể thấy là các cái lăng mộ của các cái dòng tộc, các cái dòng họ	@HUE	data\processed_transcripts\r04R2nOFkA4.json
data\raw_audio\r04R2nOFkA4.wav	219.159	225.2	đấy. Rất là nhiều lăng mộ luôn quý vị.	@HUE	data\processed_transcripts\r04R2nOFkA4.json
data\raw_audio\r04R2nOFkA4.wav	228.48	237.36	Ở đây thì cũng có một số các cái ngôi chùa có tiếng của Hu à được gọi là	@HUE	data\processed_transcripts\r04R2nOFkA4.json
data\raw_audio\r04R2nOFkA4.wav	237.36	243.0	các cái tổ đình ấy. Trong đó có cái tổ đình Tây Thiên	@HUE	data\processed_transcripts\r04R2nOFkA4.json
data\raw_audio\r04R2nOFkA4.wav	246.48	254.159	đây. Bao la rất là bao la luôn quý vị. toàn bộ là nghĩa tang là rất là nhiều,	@HUE	data\processed_transcripts\r04R2nOFkA4.json
data\raw_audio\r04R2nOFkA4.wav	254.159	259.519	những ngành lăng mộ rất là nhiều. Và ở đây thì	@HUE	data\processed_transcripts\r04R2nOFkA4.json
data\raw_audio\r04R2nOFkA4.wav	259.519	266.84	à các cái nhà cửa của người dân thì cũng sống chung với các cái ngôi mộ như thế	@HUE	data\processed_transcripts\r04R2nOFkA4.json
data\raw_audio\r04R2nOFkA4.wav	266.84	272.56	này. Và cái không khí bây giờ mà Huế Review cảm nhận là rất chi là mát thôi.	@HUE	data\processed_transcripts\r04R2nOFkA4.json
data\raw_audio\r04R2nOFkA4.wav	272.56	282.6	vị tại cái thời điểm này là 4:30 chiều và cái không khí bây giờ khi	@HUE	data\processed_transcripts\r04R2nOFkA4.json
data\raw_audio\r04R2nOFkA4.wav	282.6	290.919	đi trên cái con đường này trên các cái ngọn đồi thì cảm giác rất là mát mẻ.	@HUE	data\processed_transcripts\r04R2nOFkA4.json
data\raw_audio\r04R2nOFkA4.wav	294.52	297.52	Đây thì không biết à trên kênh khán giả Huế	@HUE	data\processed_transcripts\r04R2nOFkA4.json
data\raw_audio\r04R2nOFkA4.wav	304.8	310.52	Review thì có ai là ông bà tổ tiên là cũng được chôn cực ở nơi đây hay không?	@HUE	data\processed_transcripts\r04R2nOFkA4.json
data\raw_audio\r04R2nOFkA4.wav	310.52	315.88	Bởi vì à ở đây là cái khu quy hoạch lăng ngộ	@HUE	data\processed_transcripts\r04R2nOFkA4.json
data\raw_audio\r04R2nOFkA4.wav	315.88	320.56	nghĩa trang thành phố. Đấy, chính vì vậy mà sẽ có rất nhiều các	@HUE	data\processed_transcripts\r04R2nOFkA4.json
data\raw_audio\r04R2nOFkA4.wav	320.56	327.319	cái ngôi lăng ngủ được chôn cất ở đây. Và H review cũng chắc chắn rằng cũng sẽ	@HUE	data\processed_transcripts\r04R2nOFkA4.json
data\raw_audio\r04R2nOFkA4.wav	327.319	333.479	có một số ông bà tổ tiên của một số quý vị là cũng được chôn cất ở nơi này. Thì	@HUE	data\processed_transcripts\r04R2nOFkA4.json
data\raw_audio\r04R2nOFkA4.wav	333.479	340.4	nếu như có thì cũng mong quý vị chúng ta xem thử là lăng ngộ của ông bà tổ tiên	@HUE	data\processed_transcripts\r04R2nOFkA4.json
data\raw_audio\r04R2nOFkA4.wav	340.4	345.96	có nằm trong cái video này hay không thì chúng ta có thể chia sẻ.	@HUE	data\processed_transcripts\r04R2nOFkA4.json
data\raw_audio\r04R2nOFkA4.wav	345.96	352.24	Bởi vì Huy Viw thấy thì các cái lăng mộ rất là nhiều và xây dựng cũng rất chi là	@HUE	data\processed_transcripts\r04R2nOFkA4.json
data\raw_audio\r04R2nOFkA4.wav	352.24	356.16	đẹp luôn đấy.	@HUE	data\processed_transcripts\r04R2nOFkA4.json
data\raw_audio\r04R2nOFkA4.wav	356.16	363.12	Và nằm trên một cái độ thông. Tuy nó không nhiều cây thông lắm nhưng mà nhìn	@HUE	data\processed_transcripts\r04R2nOFkA4.json
data\raw_audio\r04R2nOFkA4.wav	363.12	367.479	chung nó sẽ nó rất là đẹp. và được chôn cất ở nơi đây thì coi như	@HUE	data\processed_transcripts\r04R2nOFkA4.json
data\raw_audio\r04R2nOFkA4.wav	370.24	376.199	cũng là một cái điều gì đó nó cũng được an ủi phầ nào đối với những người đã	@HUE	data\processed_transcripts\r04R2nOFkA4.json
data\raw_audio\r04R2nOFkA4.wav	376.199	380.919	khuất. Bởi vì bây giờ thì như quý vị đã biết	@HUE	data\processed_transcripts\r04R2nOFkA4.json
data\raw_audio\r04R2nOFkA4.wav	380.919	386.88	thì cái đất mà để chôn cất thì bây giờ nó cũng đã đang rất là hiếm và cũng đang	@HUE	data\processed_transcripts\r04R2nOFkA4.json
data\raw_audio\r04R2nOFkA4.wav	386.88	391.72	được quy hoạch lại rất là nhiều. nó không có bừa bãi như trước kia nữa.	@HUE	data\processed_transcripts\r04R2nOFkA4.json
data\raw_audio\r04R2nOFkA4.wav	391.72	397.319	Chính vì vậy mà bây giờ kiếm được một cái miếng đất để mà chôn cất thì cũng	@HUE	data\processed_transcripts\r04R2nOFkA4.json
data\raw_audio\r04R2nOFkA4.wav	397.319	401.96	rất chi là khó. Và quý vị thấy thì cái con đường Tam	@HUE	data\processed_transcripts\r04R2nOFkA4.json
data\raw_audio\r04R2nOFkA4.wav	401.96	406.96	Thai nhìn cũng rất là đẹp thô quý vị. Đây rất nhiều là lăng mổ.	@HUE	data\processed_transcripts\r04R2nOFkA4.json
data\raw_audio\r04R2nOFkA4.wav	415.319	421.96	Cái khu vực này thì Huế vi thấy là nó càng lăng mộ nó càng nhiều hơn nữa.	@HUE	data\processed_transcripts\r04R2nOFkA4.json
data\raw_audio\r04R2nOFkA4.wav	426.36	431.039	Đấy, về cái số liệu mà bao nhiêu lăng mộ thì quý vị cũng có thể là tham khảo phía	@HUE	data\processed_transcripts\r04R2nOFkA4.json
data\raw_audio\r04R2nOFkA4.wav	431.039	437.479	ở trên internet hoặc Huế Review vẫn chưa cập nhật được cái số liệu cụ thể bởi vì	@HUE	data\processed_transcripts\r04R2nOFkA4.json
data\raw_audio\r04R2nOFkA4.wav	437.479	442.56	lăng mộ thì mỗi ngày nó móc càng nhiều. Khu vực này là thông cũng khá là dày rồi	@HUE	data\processed_transcripts\r04R2nOFkA4.json
data\raw_audio\r04R2nOFkA4.wav	448.12	451.36	đây quý vị. Và tam thai là tên của một cái ngọn núi	@HUE	data\processed_transcripts\r04R2nOFkA4.json
data\raw_audio\r04R2nOFkA4.wav	458.4	464.24	cũng rất là nổi tiếng ở Thừa Thiên Huế. Và không biết thì quý vị có bao giờ đến	@HUE	data\processed_transcripts\r04R2nOFkA4.json
data\raw_audio\r04R2nOFkA4.wav	464.24	468.56	núi Tam Thai chưa? À nếu như quý vị muốn biết về núi Tam	@HUE	data\processed_transcripts\r04R2nOFkA4.json
data\raw_audio\r04R2nOFkA4.wav	468.56	472.12	Thai thì video sắp tới Huy Review cũng sẽ quay.	@HUE	data\processed_transcripts\r04R2nOFkA4.json
data\raw_audio\r04R2nOFkA4.wav	472.12	479.199	cái núi Tam Thai cho quý vị được chiêm ngưỡng cái vẻ đẹp của núi Tam Thai.	@HUE	data\processed_transcripts\r04R2nOFkA4.json
data\raw_audio\r04R2nOFkA4.wav	480.12	485.319	Và nói qua cái nội dung hôm nay video mà Huy Đường muốn	@HUE	data\processed_transcripts\r04R2nOFkA4.json
data\raw_audio\r04R2nOFkA4.wav	485.319	491.879	à truyền tải đến quý vị đó chính là một cái ngôi lăng mộ của một trong những cái	@HUE	data\processed_transcripts\r04R2nOFkA4.json
data\raw_audio\r04R2nOFkA4.wav	491.879	497.639	tử nguyệt tam vương là một cái thời kỳ đen tổ nhất của lịch sử triều Nguyễn	@HUE	data\processed_transcripts\r04R2nOFkA4.json
data\raw_audio\r04R2nOFkA4.wav	497.639	502.96	và nhân gian đã có hai câu thơ nói về cái	@HUE	data\processed_transcripts\r04R2nOFkA4.json
data\raw_audio\r04R2nOFkA4.wav	502.96	509.12	thời kỳ này nhất gian lượng quốc ngôn nan huyết	@HUE	data\processed_transcripts\r04R2nOFkA4.json
data\raw_audio\r04R2nOFkA4.wav	509.12	514.399	tám à Tứ Nguyệt Tam Vương Triệu Bất Tường	@HUE	data\processed_transcripts\r04R2nOFkA4.json
data\raw_audio\r04R2nOFkA4.wav	514.399	521.44	tức là dịch ra là muốn nói rằng một sông mà hai nước	@HUE	data\processed_transcripts\r04R2nOFkA4.json
data\raw_audio\r04R2nOFkA4.wav	521.44	530.839	à thì khó nói nên lời và 4 tháng mà có tới ba vua.	@HUE	data\processed_transcripts\r04R2nOFkA4.json
data\raw_audio\r04R2nOFkA4.wav	530.839	535.8	Đây là một cái điều rất là bất thường	@HUE	data\processed_transcripts\r04R2nOFkA4.json
data\raw_audio\r04R2nOFkA4.wav	535.8	540.8	và trong lịch sử cũng đã chứng minh rằng cái thời kỳ tử Nguyệt Tam Vương đó là	@HUE	data\processed_transcripts\r04R2nOFkA4.json
data\raw_audio\r04R2nOFkA4.wav	540.8	547.32	một cái thời kỳ hết sức đen tối, tối tm nhất của lịch sử triều nguyện.	@HUE	data\processed_transcripts\r04R2nOFkA4.json
data\raw_audio\r04R2nOFkA4.wav	547.36	553.56	Và cái ngôi mộ, ngôi lăng mổ của một cái vị vua, một cái vị vương trong Tam Vương	@HUE	data\processed_transcripts\r04R2nOFkA4.json
data\raw_audio\r04R2nOFkA4.wav	553.56	561.519	mà Huế Đ vi muốn giới thiệu với quý vị đây chính là mộ của vua Hiệp Hòa.	@HUE	data\processed_transcripts\r04R2nOFkA4.json
data\raw_audio\r04R2nOFkA4.wav	561.519	566.24	Để bắt đầu câu chuyện thì cũng như quý vị biết	@HUE	data\processed_transcripts\r04R2nOFkA4.json
data\raw_audio\r04R2nOFkA4.wav	566.24	571.88	à đất nước à triều đình nhà Nguyễn là bắt đầu	@HUE	data\processed_transcripts\r04R2nOFkA4.json
data\raw_audio\r04R2nOFkA4.wav	571.88	577.88	lung lay từ những năm cuối đời trước khi vua Tử Đức ban hạ.	@HUE	data\processed_transcripts\r04R2nOFkA4.json
data\raw_audio\r04R2nOFkA4.wav	577.88	583.88	Trước khi vua Tử Đức ban hạ thì như quý vị đã biết vua Tử Đức là một cái ông vua	@HUE	data\processed_transcripts\r04R2nOFkA4.json
data\raw_audio\r04R2nOFkA4.wav	583.88	589.959	mà không có con nối giỏi. Chính vì vậy mà ông phải nhận con nuôi.	@HUE	data\processed_transcripts\r04R2nOFkA4.json
data\raw_audio\r04R2nOFkA4.wav	589.959	599.079	Thì có rất nhiều người con được ông nhận nuôi. Mà đến lúc mà băng hạ thì à lúc đó	@HUE	data\processed_transcripts\r04R2nOFkA4.json
data\raw_audio\r04R2nOFkA4.wav	599.079	607.88	thì đất nước à triều đình à Nguyễn đang a trong quá trình là chống lại thực	@HUE	data\processed_transcripts\r04R2nOFkA4.json
data\raw_audio\r04R2nOFkA4.wav	607.88	611.079	dân Pháp. Và ở đây quý vị thấy	@HUE	data\processed_transcripts\r04R2nOFkA4.json
data\raw_audio\r04R2nOFkA4.wav	618.0	624.88	có một cái biển. Đây là chỉ vào lăng vua Hiệp Hòa	@HUE	data\processed_transcripts\r04R2nOFkA4.json
data\raw_audio\r04R2nOFkA4.wav	624.88	630.72	đây. Quý vị có thể thấy rõ và chắc có lẽ thì Huy Rio sẽ dừng xe ở	@HUE	data\processed_transcripts\r04R2nOFkA4.json
data\raw_audio\r04R2nOFkA4.wav	630.72	635.68	đây và đi bộ vào bên trong. Vâng, kính thưa quý vị và như vậy thì	@HUE	data\processed_transcripts\r04R2nOFkA4.json
data\raw_audio\r04R2nOFkA4.wav	638.079	644.24	chúng ta đang đứng ngay trước cái biển chỉ dẫn vào lăng vua Hiệp Hòa và chúng	@HUE	data\processed_transcripts\r04R2nOFkA4.json
data\raw_audio\r04R2nOFkA4.wav	644.24	652.04	ta sẽ men theo cái con đường dốc này để đi vào viếng lăng của vua Hiệp Hòa. Và	@HUE	data\processed_transcripts\r04R2nOFkA4.json
data\raw_audio\r04R2nOFkA4.wav	652.04	657.88	bây giờ thì mời quý vị cùng Huế review chúng ta cùng giào bộ đi vào để thâm	@HUE	data\processed_transcripts\r04R2nOFkA4.json
data\raw_audio\r04R2nOFkA4.wav	657.88	662.72	lăng vù Hiệp Hòa nha quý vị. Đây là một cái ngôi mổ, ngôi lăng mổ mà được nằm	@HUE	data\processed_transcripts\r04R2nOFkA4.json
data\raw_audio\r04R2nOFkA4.wav	662.72	667.32	sau trong cái rừng thông heo hút này. Chính vì vậy mà cũng có rất nhiều để	@HUE	data\processed_transcripts\r04R2nOFkA4.json
data\raw_audio\r04R2nOFkA4.wav	667.32	671.279	nhiều điều để chúng ta cảm nhận. Và bây giờ mời quý vị cùng đồng hành với Huế	@HUE	data\processed_transcripts\r04R2nOFkA4.json
data\raw_audio\r04R2nOFkA4.wav	671.279	675.92	Review. Vâng, từ cái khu vực này thì chúng ta sẽ	@HUE	data\processed_transcripts\r04R2nOFkA4.json
data\raw_audio\r04R2nOFkA4.wav	675.92	679.519	m men men theo cái con đường đất này để đi vào viếng lăng vui hẹp hòa nha quý	@HUE	data\processed_transcripts\r04R2nOFkA4.json
data\raw_audio\r04R2nOFkA4.wav	679.519	687.2	vị. Và như lúc nãy Huế Review cũng đã kể cho quý vị nghe ngang cái đoạn mà vua Tử	@HUE	data\processed_transcripts\r04R2nOFkA4.json
data\raw_audio\r04R2nOFkA4.wav	687.2	691.04	Đức băng hà. Đấy thì đó là cũng là một trong những	@HUE	data\processed_transcripts\r04R2nOFkA4.json
data\raw_audio\r04R2nOFkA4.wav	691.04	695.639	cái giai đoạn mà triều đình nhà Nguyễn đang	@HUE	data\processed_transcripts\r04R2nOFkA4.json
data\raw_audio\r04R2nOFkA4.wav	695.639	700.48	gồng mình để chống trọi lại với thực dân Pháp.	@HUE	data\processed_transcripts\r04R2nOFkA4.json
data\raw_audio\r04R2nOFkA4.wav	700.48	705.76	Và sau khi mà tương quan lực lượng của hai bên thì Quang Quân Triều Nguyễn lúc	@HUE	data\processed_transcripts\r04R2nOFkA4.json
data\raw_audio\r04R2nOFkA4.wav	705.76	713.24	đó là không thể nào mà đánh bại được thực chương Pháp. Do đó là cuối cùng	@HUE	data\processed_transcripts\r04R2nOFkA4.json
data\raw_audio\r04R2nOFkA4.wav	713.24	720.24	phải đồng ý ký cái điều ước hòa ước hát măng năm 1883.	@HUE	data\processed_transcripts\r04R2nOFkA4.json
data\raw_audio\r04R2nOFkA4.wav	720.24	728.12	Đấy. Và sau khi ký cái điều ước ấy, cái hòa ước ấy thì cũng đồng nghĩa với việc	@HUE	data\processed_transcripts\r04R2nOFkA4.json
data\raw_audio\r04R2nOFkA4.wav	728.12	732.04	là Triều Nguyện tức là Việt Nam chúng ta	@HUE	data\processed_transcripts\r04R2nOFkA4.json
data\raw_audio\r04R2nOFkA4.wav	732.04	739.839	đồng ý cho Pháp là bảo hộ. Và lúc đó thì tòa khâm xử trung trì đã cũng bắt đầu	@HUE	data\processed_transcripts\r04R2nOFkA4.json
data\raw_audio\r04R2nOFkA4.wav	739.839	746.12	nhúngm tay vào các cái công việc triều chính của nhà Nguyễn. Trong nội bộ	@HUE	data\processed_transcripts\r04R2nOFkA4.json
data\raw_audio\r04R2nOFkA4.wav	746.12	755.76	triều đình thì cũng đã xuất hiện hai phe đối lập. Một phe chủ chiếm do	@HUE	data\processed_transcripts\r04R2nOFkA4.json
data\raw_audio\r04R2nOFkA4.wav	755.76	761.56	Tôn Thất Huyết và Nguyễn Văn Tường đứng đầu và một bên là chủ hòa do Trần Tiễn	@HUE	data\processed_transcripts\r04R2nOFkA4.json
data\raw_audio\r04R2nOFkA4.wav	761.56	766.24	Thành đứng đầu. Tuy nhiên thì mọi quyền lực của Triều	@HUE	data\processed_transcripts\r04R2nOFkA4.json
data\raw_audio\r04R2nOFkA4.wav	766.24	771.16	Nguyễn á thì lại nằm trong tay của hai phụ chính đại thần đó là à ông Tôn Thất	@HUE	data\processed_transcripts\r04R2nOFkA4.json
data\raw_audio\r04R2nOFkA4.wav	771.16	776.76	Thuyết và ông Nguyễn Văn Tường. Kể đến đây thì quý vị cũng đã hiểu được	@HUE	data\processed_transcripts\r04R2nOFkA4.json
data\raw_audio\r04R2nOFkA4.wav	776.76	783.36	phần nào cái mức độ rối ren của triều đình nhà Nguyễn lúc đó bị Pháp bảo hộ	@HUE	data\processed_transcripts\r04R2nOFkA4.json
data\raw_audio\r04R2nOFkA4.wav	783.36	789.0	trong khi đó thì nội bộ lại lục đục. Thì phải nói rằng là đó là một cái thời kỳ	@HUE	data\processed_transcripts\r04R2nOFkA4.json
data\raw_audio\r04R2nOFkA4.wav	789.0	793.279	cực kỳ là đen tối tâm tối của triều nguyện.	@HUE	data\processed_transcripts\r04R2nOFkA4.json
data\raw_audio\r04R2nOFkA4.wav	793.279	800.0	Bây giờ chúng ta sẽ đi theo cái con đường này để vào lăng	@HUE	data\processed_transcripts\r04R2nOFkA4.json
data\raw_audio\r04R2nOFkA4.wav	800.0	803.44	của vua Hiệp Hòa. Đây, ở đây có một cái biển chỉ là lăng	@HUE	data\processed_transcripts\r04R2nOFkA4.json
data\raw_audio\r04R2nOFkA4.wav	807.32	814.079	vua Hiệp Hòa và cách 50 m. Thì như quý vị thấy ở đây là một cái	@HUE	data\processed_transcripts\r04R2nOFkA4.json
data\raw_audio\r04R2nOFkA4.wav	814.079	820.24	rừng thông rất là điều vắn bóng người và đương nhiên thì những cái ngôi lng mộ	@HUE	data\processed_transcripts\r04R2nOFkA4.json
data\raw_audio\r04R2nOFkA4.wav	820.24	827.199	nằm trong cái khu vực này phải nói rằng là sẽ rất là xót xa khi mà một cái sự	@HUE	data\processed_transcripts\r04R2nOFkA4.json
data\raw_audio\r04R2nOFkA4.wav	827.199	834.24	điều hươu này ít ai viễn thâm ít ai tới để cúngng bái thì đó là cũng là một cái	@HUE	data\processed_transcripts\r04R2nOFkA4.json
data\raw_audio\r04R2nOFkA4.wav	834.24	839.8	điều mà làm chúng ta phải cảm nhận về một cái vị vua thực sự là quá bi thương	@HUE	data\processed_transcripts\r04R2nOFkA4.json
data\raw_audio\r04R2nOFkA4.wav	839.8	845.56	này thưa quý vị. Và trong lịch sử cũng đã chứng minh rằng	@HUE	data\processed_transcripts\r04R2nOFkA4.json
data\raw_audio\r04R2nOFkA4.wav	845.56	850.72	cái điều bi thương này đối với vua Hiệp Hòa,	@HUE	data\processed_transcripts\r04R2nOFkA4.json
data\raw_audio\r04R2nOFkA4.wav	850.72	856.199	những cái gì mà lịch sử kể lại thì đương nhiên chúng ta phải trân quý. Nhưng mà	@HUE	data\processed_transcripts\r04R2nOFkA4.json
data\raw_audio\r04R2nOFkA4.wav	856.199	861.72	nói về vị vua Hiệp hòa này thì phải có phải có rất nhiều điều để nói. Tuy nhiên	@HUE	data\processed_transcripts\r04R2nOFkA4.json
data\raw_audio\r04R2nOFkA4.wav	861.72	867.0	thì trước tiên Huế Review cũng muốn quý vị chúng ta tham quan một cái bức bình	@HUE	data\processed_transcripts\r04R2nOFkA4.json
data\raw_audio\r04R2nOFkA4.wav	867.0	873.36	phong phía trước lăng mộ. Đây	@HUE	data\processed_transcripts\r04R2nOFkA4.json
data\raw_audio\r04R2nOFkA4.wav	873.36	878.639	ở đây thì quý vị cũng có thể thấy là cỏ dài mọc đầy	@HUE	data\processed_transcripts\r04R2nOFkA4.json
data\raw_audio\r04R2nOFkA4.wav	878.639	888.519	và chắc có lẽ thì con cháu của ngài cũng à đã hay cũng hay tới đây để chạp	@HUE	data\processed_transcripts\r04R2nOFkA4.json
data\raw_audio\r04R2nOFkA4.wav	888.519	893.56	tạo mộ. Chính vì vậy mà cây cối nó mọc không có có vươn lên được. Nếu như mà	@HUE	data\processed_transcripts\r04R2nOFkA4.json
data\raw_audio\r04R2nOFkA4.wav	893.56	898.12	không có chặt cây chặt cối như thế này thì bây giờ nó cái cây nó đã vươn lên	@HUE	data\processed_transcripts\r04R2nOFkA4.json
data\raw_audio\r04R2nOFkA4.wav	898.12	905.16	trên nóc của bình phong này rồi. Đây thì trước mặt cái bình phong trước	@HUE	data\processed_transcripts\r04R2nOFkA4.json
data\raw_audio\r04R2nOFkA4.wav	905.16	912.32	này thì nó có một cái chữ hỉ. Thì thực sự mà nói á không biết cái	@HUE	data\processed_transcripts\r04R2nOFkA4.json
data\raw_audio\r04R2nOFkA4.wav	912.32	917.44	nguyên do nào, lý do nào mà khắc cái chữ hỉ trên cái bình phong này. Bởi vì	@HUE	data\processed_transcripts\r04R2nOFkA4.json
data\raw_audio\r04R2nOFkA4.wav	917.44	923.44	thường là à đối với các bậc quân vương thì họ mong	@HUE	data\processed_transcripts\r04R2nOFkA4.json
data\raw_audio\r04R2nOFkA4.wav	923.44	930.72	rằng là thường là có những cái chữ thọ đấy, những cái chữ thọ để mà khắc trên	@HUE	data\processed_transcripts\r04R2nOFkA4.json
data\raw_audio\r04R2nOFkA4.wav	930.72	935.759	các cái bình phong hay là các cái họa tiết bên trong lăng mộ và mong cho triều	@HUE	data\processed_transcripts\r04R2nOFkA4.json
data\raw_audio\r04R2nOFkA4.wav	935.759	940.92	đại luôn luôn mãi mãi trường tồn. Tuy nhiên thì cái việc cắt chữ hỷ ở đây, các	@HUE	data\processed_transcripts\r04R2nOFkA4.json
data\raw_audio\r04R2nOFkA4.wav	940.92	946.88	chữ hỉ ở đây theo Huế Ru nghĩ nó có một cái lý do nào đó chắc là muốn an ủi cái	@HUE	data\processed_transcripts\r04R2nOFkA4.json
data\raw_audio\r04R2nOFkA4.wav	946.88	951.36	vị vua sáu số này, cái vị vua vắng số này để vị vua này có một cái niềm vui	@HUE	data\processed_transcripts\r04R2nOFkA4.json
data\raw_audio\r04R2nOFkA4.wav	951.36	958.92	nho nhỏ à biết rằng con cháu vẫn luôn quan tâm và phóng viễn à ngài. Ở đây quý	@HUE	data\processed_transcripts\r04R2nOFkA4.json
data\raw_audio\r04R2nOFkA4.wav	958.92	962.04	vị thấy [Vỗ tay]	@HUE	data\processed_transcripts\r04R2nOFkA4.json
data\raw_audio\r04R2nOFkA4.wav	962.04	969.079	các cái họa tiết này đều làm bằng xi măng đấy. trét ra cả quý vị à làm những	@HUE	data\processed_transcripts\r04R2nOFkA4.json
data\raw_audio\r04R2nOFkA4.wav	969.079	974.759	cái nhann hoa và các cái chú chim đang đậu trên a cây.	@HUE	data\processed_transcripts\r04R2nOFkA4.json
data\raw_audio\r04R2nOFkA4.wav	974.759	980.0	Còn lại thì à cái hộ vật dụng mà trang trí cho cái chữ hỉ này	@HUE	data\processed_transcripts\r04R2nOFkA4.json
data\raw_audio\r04R2nOFkA4.wav	980.0	986.24	thì cũng là mẻ sành mẻ sứ đấy. Có họa tiết long ẩng vân	@HUE	data\processed_transcripts\r04R2nOFkA4.json
data\raw_audio\r04R2nOFkA4.wav	986.24	991.24	đây. Và trước mặt quý vị kia chính là cái	@HUE	data\processed_transcripts\r04R2nOFkA4.json
data\raw_audio\r04R2nOFkA4.wav	991.24	997.68	khu vực à lăng mộ của vua Hiệp Hòa. Đấy,	@HUE	data\processed_transcripts\r04R2nOFkA4.json
data\raw_audio\r04R2nOFkA4.wav	997.68	1002.8	một cái ngôi lăng mộ hết sức là nhỏ bé trong một cái khu rừng thông hết sức là	@HUE	data\processed_transcripts\r04R2nOFkA4.json
data\raw_audio\r04R2nOFkA4.wav	1002.8	1009.8	rộng lớn này. Và khi nhìn vào cái ngôi lă mổ thì Huế	@HUE	data\processed_transcripts\r04R2nOFkA4.json
data\raw_audio\r04R2nOFkA4.wav	1009.8	1016.0	Review hết sức là xúc động, hết sức là cảm động khi mà nhìn ngôi mộ của một ông	@HUE	data\processed_transcripts\r04R2nOFkA4.json
data\raw_audio\r04R2nOFkA4.wav	1016.0	1022.36	vua mà lại nhỏ bé như thế này. Và có lẽ đây là một trong những cái ngôi	@HUE	data\processed_transcripts\r04R2nOFkA4.json
data\raw_audio\r04R2nOFkA4.wav	1022.36	1029.12	mộ nhỏ nhất của triều đình nhà Nguyễn của 13 vị vua triều Nguyễn so với các	@HUE	data\processed_transcripts\r04R2nOFkA4.json
data\raw_audio\r04R2nOFkA4.wav	1029.12	1034.199	cái lăng gia long, lăng Minh Mạn, lăng của Tử Đức rồi lăng thiểu trị vân vân	@HUE	data\processed_transcripts\r04R2nOFkA4.json
data\raw_audio\r04R2nOFkA4.wav	1034.199	1038.039	vân vân. Thì cái ngôi mộ này khuôn viên của ngôi mộ quả trước hết sức là nhỏ	@HUE	data\processed_transcripts\r04R2nOFkA4.json
data\raw_audio\r04R2nOFkA4.wav	1038.039	1044.799	luôn quý vị. Và theo như lịch sử thì vua Hiệp Hòa là một phế đế. Chính vì vậy mà	@HUE	data\processed_transcripts\r04R2nOFkA4.json
data\raw_audio\r04R2nOFkA4.wav	1044.799	1048.4	ông cũng không được thờ trong thể tổ miếu.	@HUE	data\processed_transcripts\r04R2nOFkA4.json
data\raw_audio\r04R2nOFkA4.wav	1048.4	1053.72	Và những cái ngôi lăng mộ như thế này thì trước kia là cũng rất là nhỏ nhưng	@HUE	data\processed_transcripts\r04R2nOFkA4.json
data\raw_audio\r04R2nOFkA4.wav	1053.72	1060.76	mà sau này thì con cháu của ngài đã trùng tu và xây dựng lại một cách khang	@HUE	data\processed_transcripts\r04R2nOFkA4.json
data\raw_audio\r04R2nOFkA4.wav	1060.76	1067.24	trang à như thế này để cho an ủi vong linh của ngài mà thôi. Và quý vị có thể	@HUE	data\processed_transcripts\r04R2nOFkA4.json
data\raw_audio\r04R2nOFkA4.wav	1067.24	1076.08	thấy là đi lên cái khu lă mổ thì có một cái bậc cấp rất là chắc chắn bằng đá như	@HUE	data\processed_transcripts\r04R2nOFkA4.json
data\raw_audio\r04R2nOFkA4.wav	1076.08	1081.76	thế này. Và đập vào mắt chúng ta đầu tiên đó	@HUE	data\processed_transcripts\r04R2nOFkA4.json
data\raw_audio\r04R2nOFkA4.wav	1081.76	1089.679	chính là cái bậc cấp đi lên được à cách điệu bằng hai cái con vật hai bên	@HUE	data\processed_transcripts\r04R2nOFkA4.json
data\raw_audio\r04R2nOFkA4.wav	1089.679	1094.72	trào hai bên. Đấy hai con vật đối xứng trào hai bên.	@HUE	data\processed_transcripts\r04R2nOFkA4.json
data\raw_audio\r04R2nOFkA4.wav	1094.72	1099.36	Và không biết thì quý vị có nhận ra cái hình hài của công vật này hay không? Huy	@HUE	data\processed_transcripts\r04R2nOFkA4.json
data\raw_audio\r04R2nOFkA4.wav	1099.36	1104.84	review không phải là thách đố mà chỉ là muốn cho quý vị chúng ta cùng tương tác	@HUE	data\processed_transcripts\r04R2nOFkA4.json
data\raw_audio\r04R2nOFkA4.wav	1104.84	1109.48	để chúng ta hiểu thêm về một cái kiểu kiến trúc lăng mộ của các cái vua chúa	@HUE	data\processed_transcripts\r04R2nOFkA4.json
data\raw_audio\r04R2nOFkA4.wav	1109.48	1115.4	triều Nguyễn. Bởi vì mỗi ngày mỗi người đều có một cái kiểu kiến trúc khác nhau.	@HUE	data\processed_transcripts\r04R2nOFkA4.json
data\raw_audio\r04R2nOFkA4.wav	1115.4	1120.88	Tuy là quy rằng tuy là quy chuẩn về kiến trúc của cung đình triều nguyện nhưng mà	@HUE	data\processed_transcripts\r04R2nOFkA4.json
data\raw_audio\r04R2nOFkA4.wav	1120.88	1125.039	mỗi cái ngôi lă mộ lại có một cái đặc điểm và đặc trưng riêng thôi quý vị. Và	@HUE	data\processed_transcripts\r04R2nOFkA4.json
data\raw_audio\r04R2nOFkA4.wav	1125.039	1131.039	mong quý vị chúng ta comment phía dưới video xem cái họa tiết này, cái hình hài	@HUE	data\processed_transcripts\r04R2nOFkA4.json
data\raw_audio\r04R2nOFkA4.wav	1131.039	1136.0	này là nói về cái con vật gì và quý vị có thể comment phía dưới video. Đương	@HUE	data\processed_transcripts\r04R2nOFkA4.json
data\raw_audio\r04R2nOFkA4.wav	1136.0	1140.64	nhiên thì Huế Review cũng đã tìm hiểu trước rồi và không biết thì quý vị có	@HUE	data\processed_transcripts\r04R2nOFkA4.json
data\raw_audio\r04R2nOFkA4.wav	1140.64	1146.08	trả lời đúng và giống so với cái những gì mà Huế Review biết hay không thì quý	@HUE	data\processed_transcripts\r04R2nOFkA4.json
data\raw_audio\r04R2nOFkA4.wav	1146.08	1151.559	vị có thể comment phía dưới video nha quý vị. Vâng. À thưa quý vị thì như quý	@HUE	data\processed_transcripts\r04R2nOFkA4.json
data\raw_audio\r04R2nOFkA4.wav	1151.559	1158.12	vị thấy thì sau khi mà chúng ta đi lên cái bậc cấp thì chúng ta sẽ thấy hai cái	@HUE	data\processed_transcripts\r04R2nOFkA4.json
data\raw_audio\r04R2nOFkA4.wav	1158.12	1165.48	trụ biểu hai bên đây quý vị. Đấy và hai cái trụ biểu này được à khảm sàn sứ nhìn	@HUE	data\processed_transcripts\r04R2nOFkA4.json
data\raw_audio\r04R2nOFkA4.wav	1165.48	1171.84	rất là đẹp. Đấy có rất nhiều các cái họa tiết chữ rồi các cái họa tiết được à	@HUE	data\processed_transcripts\r04R2nOFkA4.json
data\raw_audio\r04R2nOFkA4.wav	1171.84	1179.32	khảm sàn xứ. Và theo như à Huyết Đị Viếp tìm hiểu thì hai cái trụ biểu này là nó	@HUE	data\processed_transcripts\r04R2nOFkA4.json
data\raw_audio\r04R2nOFkA4.wav	1179.32	1187.799	cao khoảng hơn 10 m đấy. Và ừ hai trụ biểu đó chính là một cái ranh giới để	@HUE	data\processed_transcripts\r04R2nOFkA4.json
data\raw_audio\r04R2nOFkA4.wav	1187.799	1197.32	chúng ta bước vào cái ngôi l mộ của một cái vị vua. Và sau cái à hai cái trụ	@HUE	data\processed_transcripts\r04R2nOFkA4.json
data\raw_audio\r04R2nOFkA4.wav	1197.32	1201.64	biểu thì đây chính là cái lư hương. Thì như quý vị thấy cái lư hương này cũng	@HUE	data\processed_transcripts\r04R2nOFkA4.json
data\raw_audio\r04R2nOFkA4.wav	1201.64	1211.159	được trang trí bằng đá. Đấy, rất là đẹp. Đây quý vị có thể thấy rõ và cũng được	@HUE	data\processed_transcripts\r04R2nOFkA4.json
data\raw_audio\r04R2nOFkA4.wav	1211.159	1217.72	khắc các cái hình rồng, hai cái đầu rồng hai bên. Đây nhìn rất chi là đẹp luôn	@HUE	data\processed_transcripts\r04R2nOFkA4.json
data\raw_audio\r04R2nOFkA4.wav	1217.72	1221.679	quý vị. Đấy, ngoài ra thì quý vị cũng có thể thấy có những cái mặt rồng nó hiện	@HUE	data\processed_transcripts\r04R2nOFkA4.json
data\raw_audio\r04R2nOFkA4.wav	1221.679	1226.919	hữu phía trên cái lư hương. Và cái chất liệu mà làm cái lư này là bằng đá thôi	@HUE	data\processed_transcripts\r04R2nOFkA4.json
data\raw_audio\r04R2nOFkA4.wav	1226.919	1231.32	quý vị. Đá thật ăn. Như Huế R vi mà đoán không lầm thì đây	@HUE	data\processed_transcripts\r04R2nOFkA4.json
data\raw_audio\r04R2nOFkA4.wav	1231.32	1237.6	là đá thật ăn này. Nhìn rất là cứng cáp và chắc chắn.	@HUE	data\processed_transcripts\r04R2nOFkA4.json
data\raw_audio\r04R2nOFkA4.wav	1237.6	1243.6	Đây và nhìn vào những cái chân hương như thế này thì chúng ta cũng có thể đoạn	@HUE	data\processed_transcripts\r04R2nOFkA4.json
data\raw_audio\r04R2nOFkA4.wav	1243.6	1249.64	biết rằng ở đây ngôi mộ là cũng đã được cũng rất cũng khá là nhiều người đến để	@HUE	data\processed_transcripts\r04R2nOFkA4.json
data\raw_audio\r04R2nOFkA4.wav	1249.64	1254.44	cống viếng để thắp nhang đây chứ không phải là ít đâu. Chắc có lẽ là cái thời	@HUE	data\processed_transcripts\r04R2nOFkA4.json
data\raw_audio\r04R2nOFkA4.wav	1254.44	1262.52	điểm mà sau này khi nhiều người biết đến thì à cũng đã tới đây để ví ngài và thắp	@HUE	data\processed_transcripts\r04R2nOFkA4.json
data\raw_audio\r04R2nOFkA4.wav	1262.52	1267.72	hương cho ngài. Tiếp theo là cái bi đình. Đấy, cái bi	@HUE	data\processed_transcripts\r04R2nOFkA4.json
data\raw_audio\r04R2nOFkA4.wav	1267.72	1273.039	đình thì như quý vị thấy nó cũng rất chi là đơn giản và sơ xài.	@HUE	data\processed_transcripts\r04R2nOFkA4.json
data\raw_audio\r04R2nOFkA4.wav	1273.039	1279.799	Và bốn cột của Bi Đình thì cũng được à khắc các cái họa tiết rồng ửng long ẩn	@HUE	data\processed_transcripts\r04R2nOFkA4.json
data\raw_audio\r04R2nOFkA4.wav	1279.799	1283.96	vừng rộng bài trên mây. Ở trên thì quý vị cũng thấy là cũng lợp hợp theo cái	@HUE	data\processed_transcripts\r04R2nOFkA4.json
data\raw_audio\r04R2nOFkA4.wav	1283.96	1292.12	kiểu kiến trúc cung định đó các cái ngói hoàng lưu ly và ở phía trên là có	@HUE	data\processed_transcripts\r04R2nOFkA4.json
data\raw_audio\r04R2nOFkA4.wav	1292.12	1297.799	hai con long mã. Đấy, hai Long Mã đang chầu	@HUE	data\processed_transcripts\r04R2nOFkA4.json
data\raw_audio\r04R2nOFkA4.wav	1297.799	1301.559	và không biết thì cái dĩa đó nó hình hài đó thì không biết có phải là của Pháp	@HUE	data\processed_transcripts\r04R2nOFkA4.json
data\raw_audio\r04R2nOFkA4.wav	1301.559	1309.88	hay không nhưng mà Huế Review nghĩ thì thời đó thì vua Hiệp Hòa cũng à được xem	@HUE	data\processed_transcripts\r04R2nOFkA4.json
data\raw_audio\r04R2nOFkA4.wav	1309.88	1315.4	như là cũng à đối nghịch với là hai phụ chính đại thần là Tôn Thất Thuyết và	@HUE	data\processed_transcripts\r04R2nOFkA4.json
data\raw_audio\r04R2nOFkA4.wav	1315.4	1321.039	Nguyễn Vân Tường và cũng muốn là cầu hòa với Pháp. Đấy,	@HUE	data\processed_transcripts\r04R2nOFkA4.json
data\raw_audio\r04R2nOFkA4.wav	1321.039	1326.279	chính vì vậy mà cái lỗi kiến trúc này đôi lúc cũng có một cái phần nào đó ăn	@HUE	data\processed_transcripts\r04R2nOFkA4.json
data\raw_audio\r04R2nOFkA4.wav	1326.279	1332.559	vào cái kiến trúc của Pháp. Đấy, và quý vị thấy thì các cái cột kèo như	@HUE	data\processed_transcripts\r04R2nOFkA4.json
data\raw_audio\r04R2nOFkA4.wav	1332.559	1339.12	thế này, các cái cột bi đình đây, những cái ảnh mặt trời chiếu quá đẹp quý vị.	@HUE	data\processed_transcripts\r04R2nOFkA4.json
data\raw_audio\r04R2nOFkA4.wav	1339.12	1344.559	Đấy, buổi chiều hoàng hôn và đến những cái ngôi lăng mộ như thế này để tưởng	@HUE	data\processed_transcripts\r04R2nOFkA4.json
data\raw_audio\r04R2nOFkA4.wav	1344.559	1353.159	nhớ người xưa thì quá tuyệt vời. Quý vị cũng có thể thấy cái bia đấy. Vừa	@HUE	data\processed_transcripts\r04R2nOFkA4.json
data\raw_audio\r04R2nOFkA4.wav	1353.159	1357.559	rồi thì một số khán giả của Huế Review cũng đã góp ý là hai cái hình mà con	@HUE	data\processed_transcripts\r04R2nOFkA4.json
data\raw_audio\r04R2nOFkA4.wav	1357.559	1362.76	rồng chầu vào cái viên ngọc này thì được gọi là sông Long Tranh Châu. Hai con	@HUE	data\processed_transcripts\r04R2nOFkA4.json
data\raw_audio\r04R2nOFkA4.wav	1362.76	1368.36	rồng tranh một cái viên ngọc. xung quanh cái bia thì cũng được	@HUE	data\processed_transcripts\r04R2nOFkA4.json
data\raw_audio\r04R2nOFkA4.wav	1368.36	1377.08	khảm những cái hòa tiết về các cái rồng. Và đây chính là cái bia à mổ của	@HUE	data\processed_transcripts\r04R2nOFkA4.json
data\raw_audio\r04R2nOFkA4.wav	1377.08	1383.12	vua Hiệp Hòa. Các cái chân đế rồi cũng được lót bằng	@HUE	data\processed_transcripts\r04R2nOFkA4.json
data\raw_audio\r04R2nOFkA4.wav	1383.12	1387.4	các cái đá granit.	@HUE	data\processed_transcripts\r04R2nOFkA4.json
data\raw_audio\r04R2nOFkA4.wav	1387.4	1392.12	Rõ ràng thì cái lăng này cũng mới được xây lại đây quý vị. Trước kia nó không	@HUE	data\processed_transcripts\r04R2nOFkA4.json
data\raw_audio\r04R2nOFkA4.wav	1392.12	1397.08	được đẹp như thế này đâu quý vị. Đấy và rõ ràng thì nó mang trong mình một cái	@HUE	data\processed_transcripts\r04R2nOFkA4.json
data\raw_audio\r04R2nOFkA4.wav	1397.08	1402.96	nắt hiện đại. Ở đây thì có hai con rồng trước khi mà chúng ta đi	@HUE	data\processed_transcripts\r04R2nOFkA4.json
data\raw_audio\r04R2nOFkA4.wav	1402.96	1410.48	vào cái khu vực bổ thành bên trong. Quả sức là nhỏ bé luôn. Ở đây thì cái	@HUE	data\processed_transcripts\r04R2nOFkA4.json
data\raw_audio\r04R2nOFkA4.wav	1410.48	1416.6	lăng vua Hiệp Hòa được xếp hạng là di tích cấp tỉnh và thành phố	@HUE	data\processed_transcripts\r04R2nOFkA4.json
data\raw_audio\r04R2nOFkA4.wav	1416.6	1420.2	và nó thuộc phường An Tây, thành phố Huế.	@HUE	data\processed_transcripts\r04R2nOFkA4.json
data\raw_audio\r04R2nOFkA4.wav	1420.2	1425.72	Bên này thì một tấm bia ghi là Hiệp Hòa là niên hiệu vị vua thứ sáu của Triều	@HUE	data\processed_transcripts\r04R2nOFkA4.json
data\raw_audio\r04R2nOFkA4.wav	1425.72	1432.96	Nguyễn sinh ngày 24 tháng 9 năm Đinh Mùi tức ngày mùng 01 tháng 11 năm 1847	@HUE	data\processed_transcripts\r04R2nOFkA4.json
data\raw_audio\r04R2nOFkA4.wav	1432.96	1439.24	là con thứ 29 của vua thủ trị. Lúc còn hoàng tử tên là Hồng Dật ngài	@HUE	data\processed_transcripts\r04R2nOFkA4.json
data\raw_audio\r04R2nOFkA4.wav	1439.24	1445.88	lên ngôi ngày 27 tháng 6 năm Quý Mùi mất ngày 30 tháng 10 năm Quý Mùi.	@HUE	data\processed_transcripts\r04R2nOFkA4.json
data\raw_audio\r04R2nOFkA4.wav	1445.88	1449.52	Và cái mặt trước văng bia như cái dòng chữ màu vàng lúc nãy Huế review quay cho	@HUE	data\processed_transcripts\r04R2nOFkA4.json
data\raw_audio\r04R2nOFkA4.wav	1449.52	1454.84	quý vị xem thì có ghi là Phùng Vị Đại Nam Hiệp hòa hoàng đế thủy trang cung	@HUE	data\processed_transcripts\r04R2nOFkA4.json
data\raw_audio\r04R2nOFkA4.wav	1454.84	1461.32	chi tẩm tức là tẩm của hoàng đế Hiệp Hòa tên Thụy là Trang Cung của nước Đại Nam	@HUE	data\processed_transcripts\r04R2nOFkA4.json
data\raw_audio\r04R2nOFkA4.wav	1461.32	1465.52	và mặt sau vang bia thì ghi một cái ngự chế thi	@HUE	data\processed_transcripts\r04R2nOFkA4.json
data\raw_audio\r04R2nOFkA4.wav	1465.52	1468.52	đấy. Và đây chính là cái mặt sau của vă bia.	@HUE	data\processed_transcripts\r04R2nOFkA4.json
data\raw_audio\r04R2nOFkA4.wav	1474.12	1481.64	thì ghi là một cái bài thơ như thế này. Đấy, ở đây là vừa rồi Huế Review có quay	@HUE	data\processed_transcripts\r04R2nOFkA4.json
data\raw_audio\r04R2nOFkA4.wav	1481.64	1486.6	cái lăng mộ của Kiên Thái Vương thì cái cọc bổ thành có hai tầng. Ở đây quý vị	@HUE	data\processed_transcripts\r04R2nOFkA4.json
data\raw_audio\r04R2nOFkA4.wav	1486.6	1491.0	thấy cũng có hai tầng tuy nhiên thì nó không có chữ mà chỉ là những cái hòa	@HUE	data\processed_transcripts\r04R2nOFkA4.json
data\raw_audio\r04R2nOFkA4.wav	1491.0	1497.12	tiết ở phía trên đấy. Những cái hòa tiết rồng đó	@HUE	data\processed_transcripts\r04R2nOFkA4.json
data\raw_audio\r04R2nOFkA4.wav	1497.12	1501.159	nhìn à rất chi là đa màu sắc luôn quý vị.	@HUE	data\processed_transcripts\r04R2nOFkA4.json
data\raw_audio\r04R2nOFkA4.wav	1501.159	1506.799	Đấy được kháp bằng thủy tinh màu. Nhìn cũng rất là đẹp.	@HUE	data\processed_transcripts\r04R2nOFkA4.json
data\raw_audio\r04R2nOFkA4.wav	1506.919	1512.84	Như quý vị thấy thì được làm bằng bê tông và tô tre.	@HUE	data\processed_transcripts\r04R2nOFkA4.json
data\raw_audio\r04R2nOFkA4.wav	1512.84	1517.08	Nó không giống như những cái lăng tắm khác.	@HUE	data\processed_transcripts\r04R2nOFkA4.json
data\raw_audio\r04R2nOFkA4.wav	1517.08	1523.279	Đấy và rõ ràng thì nó cũng mới được làm lại xe mới đây thôi làm mới lại đây. Bên	@HUE	data\processed_transcripts\r04R2nOFkA4.json
data\raw_audio\r04R2nOFkA4.wav	1523.279	1527.799	trong và bên ngoài thì nó hoàn toàn giống nhau.	@HUE	data\processed_transcripts\r04R2nOFkA4.json
data\raw_audio\r04R2nOFkA4.wav	1528.08	1532.96	Những cái hòa tiết thì như quý vị thấy cũng khảm sàn sứ. Những cái sàn sứ này	@HUE	data\processed_transcripts\r04R2nOFkA4.json
data\raw_audio\r04R2nOFkA4.wav	1532.96	1539.48	thì nó cũng khá là mới rồi đấy. Và cái bổ thành thì chỉ có một vòng mà	@HUE	data\processed_transcripts\r04R2nOFkA4.json
data\raw_audio\r04R2nOFkA4.wav	1539.48	1544.279	thôi. Vòng bổ thành này thì cũng được xây bằng đá.	@HUE	data\processed_transcripts\r04R2nOFkA4.json
data\raw_audio\r04R2nOFkA4.wav	1544.279	1547.64	Kết cấu cũng rất là chắc chắn. Có thể nói thì lăng của vua Hiệp Hòa thì	@HUE	data\processed_transcripts\r04R2nOFkA4.json
data\raw_audio\r04R2nOFkA4.wav	1551.039	1557.279	tuy là nhỏ nhưng mà cũng là rất là bền, rất là lâu, rất là là vền vững với thời	@HUE	data\processed_transcripts\r04R2nOFkA4.json
data\raw_audio\r04R2nOFkA4.wav	1557.279	1564.679	gian. Và quý vị thấy thì cái cổng của Bũ Thành thì chúng ta sẽ thấy một cái bình	@HUE	data\processed_transcripts\r04R2nOFkA4.json
data\raw_audio\r04R2nOFkA4.wav	1564.679	1572.559	phong, một cái kiến trúc rất chi là đúng chất triều triều đình nhà Nguyễn. Đấy,	@HUE	data\processed_transcripts\r04R2nOFkA4.json
data\raw_audio\r04R2nOFkA4.wav	1572.559	1576.44	cứ sau bụ thành là chúng ta sẽ thấy một cái bình phong. Và rõ ràng thì bình	@HUE	data\processed_transcripts\r04R2nOFkA4.json
data\raw_audio\r04R2nOFkA4.wav	1576.44	1582.44	phong này ghi là cái chữ này là chữ thọ đây quý vị. Và như quý vị thấy thì các	@HUE	data\processed_transcripts\r04R2nOFkA4.json
data\raw_audio\r04R2nOFkA4.wav	1582.44	1587.679	cái họa tiết trang trí nó cũng là các cái họa tiết được làm	@HUE	data\processed_transcripts\r04R2nOFkA4.json
data\raw_audio\r04R2nOFkA4.wav	1587.679	1596.48	mới. Chính vì vậy mà nhìn chung thì nó cũng được à	@HUE	data\processed_transcripts\r04R2nOFkA4.json
data\raw_audio\r04R2nOFkA4.wav	1596.48	1602.32	khảm các cái loại sàn sứ. Và rõ ràng thì quý vị có thể hình dung	@HUE	data\processed_transcripts\r04R2nOFkA4.json
data\raw_audio\r04R2nOFkA4.wav	1602.32	1607.52	ra hình hai của một chú rồng. Và đây quý vị cũng có thể thấy là nó có tới tầng	@HUE	data\processed_transcripts\r04R2nOFkA4.json
data\raw_audio\r04R2nOFkA4.wav	1607.52	1617.2	năm móng. 1 2 3 4 5. Ở đây này 1 2 3 4 5. Đấy quý vị để ý kỹ thì bên lăng của	@HUE	data\processed_transcripts\r04R2nOFkA4.json
data\raw_audio\r04R2nOFkA4.wav	1617.2	1621.48	Kiên Hải Vương các cái hòa tiết rồng cũng có năm móng. Và ở đây thì quý vị	@HUE	data\processed_transcripts\r04R2nOFkA4.json
data\raw_audio\r04R2nOFkA4.wav	1621.48	1625.64	thấy cũng có năm móng đó. Đây	@HUE	data\processed_transcripts\r04R2nOFkA4.json
data\raw_audio\r04R2nOFkA4.wav	1627.76	1633.36	những cái hình xoắn như thế này nhìn xoắn ốc rất là đẹp.	@HUE	data\processed_transcripts\r04R2nOFkA4.json
data\raw_audio\r04R2nOFkA4.wav	1633.36	1638.799	Và sau cái bức bình phong thì chúng ta sẽ đến à	@HUE	data\processed_transcripts\r04R2nOFkA4.json
data\raw_audio\r04R2nOFkA4.wav	1638.799	1646.64	khu mộ của nơi chôn cất vua Hiệp Hòa. Đây thì cũng làm 1 2 3 4 tầng thôi quý	@HUE	data\processed_transcripts\r04R2nOFkA4.json
data\raw_audio\r04R2nOFkA4.wav	1646.64	1651.799	vị. bốn tầng và	@HUE	data\processed_transcripts\r04R2nOFkA4.json
data\raw_audio\r04R2nOFkA4.wav	1652.039	1658.52	cái phía sau mặt sau của cái bức bình phong thì nó lại có một cái chữ khác.	@HUE	data\processed_transcripts\r04R2nOFkA4.json
data\raw_audio\r04R2nOFkA4.wav	1658.52	1663.279	Thì à thật sự mà nói là Huế Review còn chưa nghiên cứu về các cái chữ Hán. Do	@HUE	data\processed_transcripts\r04R2nOFkA4.json
data\raw_audio\r04R2nOFkA4.wav	1663.279	1667.72	đó là quý vị có thể biết là cái chữ này là chữ gì hay không thì quý vị có thể	@HUE	data\processed_transcripts\r04R2nOFkA4.json
data\raw_audio\r04R2nOFkA4.wav	1667.72	1671.84	comment phía dưới video giúp Huế review. Quý vị review chỉ biết cái chữ thọ là	@HUE	data\processed_transcripts\r04R2nOFkA4.json
data\raw_audio\r04R2nOFkA4.wav	1671.84	1677.96	nằm ở phía trước thôi. Đấy. Và đây chính là cái khu vực lăng mộ của	@HUE	data\processed_transcripts\r04R2nOFkA4.json
data\raw_audio\r04R2nOFkA4.wav	1677.96	1683.799	vu Hiệp Hòa đấy. Và chắc có lẽ thì bây giờ Huy Review cũng sẽ thấp nhang để	@HUE	data\processed_transcripts\r04R2nOFkA4.json
data\raw_audio\r04R2nOFkA4.wav	1683.799	1689.48	củng bãi cùng viếng cái lăng mộ của ngài. Mời quý vị chúng ta cùng đồng hành	@HUE	data\processed_transcripts\r04R2nOFkA4.json
data\raw_audio\r04R2nOFkA4.wav	1689.48	1696.519	để thắp một cái nến nhang để à triềng tới cái vị vu hiệp hòa này. một	@HUE	data\processed_transcripts\r04R2nOFkA4.json
data\raw_audio\r04R2nOFkA4.wav	1696.519	1699.84	cái nén nhang để tưởng tưởng nhớ tưởng niệm đến vị vua hiệp hò này nha thưa quý	@HUE	data\processed_transcripts\r04R2nOFkA4.json
data\raw_audio\r04R2nOFkA4.wav	1699.84	1702.84	vị. À vâng quý vị thân mến thì vừa rồi Huế	@HUE	data\processed_transcripts\r04R2nOFkA4.json
data\raw_audio\r04R2nOFkA4.wav	1735.08	1741.519	Review đã thập nhang để tưởng niệm tới cái vị vua vắng số này một cái vị vua mà	@HUE	data\processed_transcripts\r04R2nOFkA4.json
data\raw_audio\r04R2nOFkA4.wav	1741.519	1747.72	có thể nói là mang trong mình rất nhiều cái uấtc khi mà còn sống cũng như là khi	@HUE	data\processed_transcripts\r04R2nOFkA4.json
data\raw_audio\r04R2nOFkA4.wav	1747.72	1753.399	đã mất. Và quý vị thấy thì cái khuôn viên của khu lăng mộ của ngài cũng rất	@HUE	data\processed_transcripts\r04R2nOFkA4.json
data\raw_audio\r04R2nOFkA4.wav	1753.399	1759.32	chi là nhỏ nhỏ bé nói chung là một trong những cái khu lăng mộ nhỏ nhất của 13	@HUE	data\processed_transcripts\r04R2nOFkA4.json
data\raw_audio\r04R2nOFkA4.wav	1759.32	1762.96	triệu vua nhà Nguyễn. Tuy nhiên thì những cái hóa tiết rồi	@HUE	data\processed_transcripts\r04R2nOFkA4.json
data\raw_audio\r04R2nOFkA4.wav	1762.96	1771.399	những cái trang trí xung quanh lăng mộ nó cũng à được thể hiện một bậc à à đế	@HUE	data\processed_transcripts\r04R2nOFkA4.json
data\raw_audio\r04R2nOFkA4.wav	1771.399	1779.2	vương. Và như quý vị thấy thì ở đây được à xây bằng các cái loại đá rất là cứng.	@HUE	data\processed_transcripts\r04R2nOFkA4.json
data\raw_audio\r04R2nOFkA4.wav	1779.2	1785.2	Nó có một cái lớp vôi lớp trơn nhưng mà bây giờ thì theo thời gian nó cũng đã bị	@HUE	data\processed_transcripts\r04R2nOFkA4.json
data\raw_audio\r04R2nOFkA4.wav	1785.2	1790.679	phai mờ rồi. Đấy có tới 1 2 3 4 bậc luôn th quý vị.	@HUE	data\processed_transcripts\r04R2nOFkA4.json
data\raw_audio\r04R2nOFkA4.wav	1790.679	1796.84	Và quý vị thấy thì cái lư cẩm hương, lư cẩm nhang thì nó cũng rất chi là đẹp,	@HUE	data\processed_transcripts\r04R2nOFkA4.json
data\raw_audio\r04R2nOFkA4.wav	1796.84	1804.039	được làm bằng đá và cũng có hai cái đầu rồng hai pin. Đấy nhìn hết sức là đẹp.	@HUE	data\processed_transcripts\r04R2nOFkA4.json
data\raw_audio\r04R2nOFkA4.wav	1804.039	1809.88	Và phía sau là một cái bức bình phong hậu. Đấy cũng có cái chữ thọ rồi cũng	@HUE	data\processed_transcripts\r04R2nOFkA4.json
data\raw_audio\r04R2nOFkA4.wav	1809.88	1814.519	được xây bằng bê tông xi măng đấy. Và cũng được trang trí bằng các cái họa	@HUE	data\processed_transcripts\r04R2nOFkA4.json
data\raw_audio\r04R2nOFkA4.wav	1814.519	1821.96	tiết đó. các cái ô học như thế này rất là đơn giản nhưng mà cũng không kém	@HUE	data\processed_transcripts\r04R2nOFkA4.json
data\raw_audio\r04R2nOFkA4.wav	1821.96	1828.88	phần sang trọng thôi quý vị. Đây là sông Long Tranh Châu nằm ở	@HUE	data\processed_transcripts\r04R2nOFkA4.json
data\raw_audio\r04R2nOFkA4.wav	1828.88	1833.72	cái khu vực Bình Phong Hậu này. Đấy một cái khu lăng mộ hết sức là đơn	@HUE	data\processed_transcripts\r04R2nOFkA4.json
data\raw_audio\r04R2nOFkA4.wav	1833.72	1842.36	giản, rất là đơn sơ và nó cũng à phản ánh một cái tính cách của vua Hiệp Hòa	@HUE	data\processed_transcripts\r04R2nOFkA4.json
data\raw_audio\r04R2nOFkA4.wav	1842.36	1850.12	thời đó. Vua là một cái người rất là phóng khoáng, rất là nhân từ và cũng là	@HUE	data\processed_transcripts\r04R2nOFkA4.json
data\raw_audio\r04R2nOFkA4.wav	1850.12	1857.24	một người rất là ham thích học hỏi. Chính vì vậy mà vua Tử Đức cũng à khá là	@HUE	data\processed_transcripts\r04R2nOFkA4.json
data\raw_audio\r04R2nOFkA4.wav	1857.24	1861.919	yêu mến cái hoàng đệ của mình. Vua Hiệp Hòa chính là hoàng đệ của vua Tử Đức	@HUE	data\processed_transcripts\r04R2nOFkA4.json
data\raw_audio\r04R2nOFkA4.wav	1861.919	1868.559	thưa quý vị là cùng đều là con của vua Thiếu Trì cả. Và chính vì điều này mà	@HUE	data\processed_transcripts\r04R2nOFkA4.json
data\raw_audio\r04R2nOFkA4.wav	1868.559	1875.48	vua Tử Đức cũng đã từng có mong muốn lập vua Hiệp Hòa lên ngôi vua. Tuy nhiên là	@HUE	data\processed_transcripts\r04R2nOFkA4.json
data\raw_audio\r04R2nOFkA4.wav	1875.48	1880.84	vì lúc đó là vua Hiệp Hòa còn rất là nhỏ và vua Tử Đức nghĩ ra là không có kham	@HUE	data\processed_transcripts\r04R2nOFkA4.json
data\raw_audio\r04R2nOFkA4.wav	1880.84	1887.08	nổi công việc của triều đình. Chính vì vậy mà cuối cùng thì vua đã lập vua Dục	@HUE	data\processed_transcripts\r04R2nOFkA4.json
data\raw_audio\r04R2nOFkA4.wav	1887.08	1894.08	Đức tức là Nguyễn Phúc Ưng Chân đấy lên làm vua.	@HUE	data\processed_transcripts\r04R2nOFkA4.json
data\raw_audio\r04R2nOFkA4.wav	1894.08	1901.08	Và kính thưa quý vị, để tiếp tục cái câu chuyện mà tại vì sao Huế Review lại à	@HUE	data\processed_transcripts\r04R2nOFkA4.json
data\raw_audio\r04R2nOFkA4.wav	1901.08	1905.08	nói rằng đây là một trong những cái tử nguyệt tam vương, một cái thời kỳ đen	@HUE	data\processed_transcripts\r04R2nOFkA4.json
data\raw_audio\r04R2nOFkA4.wav	1905.08	1909.799	tối của Triều Nguyệt. Bởi vì chúng ta tiếp tục cái câu chuyện mà lúc nãy Huy	@HUE	data\processed_transcripts\r04R2nOFkA4.json
data\raw_audio\r04R2nOFkA4.wav	1909.799	1915.36	Review cũng đã kể cho quý vị nghe đó chính là khi cái thời điểm mà vua Tử Đức	@HUE	data\processed_transcripts\r04R2nOFkA4.json
data\raw_audio\r04R2nOFkA4.wav	1915.36	1920.279	băng hạ thì như quý vị đã biết vua Tử Đức là một cái vị vua không có con.	@HUE	data\processed_transcripts\r04R2nOFkA4.json
data\raw_audio\r04R2nOFkA4.wav	1920.279	1925.679	Chính vì vậy mà để tìm được một cái người con nối ngôi thì phải thực sự là	@HUE	data\processed_transcripts\r04R2nOFkA4.json
data\raw_audio\r04R2nOFkA4.wav	1925.679	1931.32	phải đủ đức đủ tài để lãnh đạo triều đình. Tuy nhiên thì cái thời điểm đó tất	@HUE	data\processed_transcripts\r04R2nOFkA4.json
data\raw_audio\r04R2nOFkA4.wav	1931.32	1939.2	cả các vị hoàng tử đều nhỏ tuổi. Ở đây có một cái vị thái tử à được vua à tự	@HUE	data\processed_transcripts\r04R2nOFkA4.json
data\raw_audio\r04R2nOFkA4.wav	1939.2	1943.279	đức lập tức tức là vua dục đức sau này thôi quý vị. Lúc đó Ứng Chân là người	@HUE	data\processed_transcripts\r04R2nOFkA4.json
data\raw_audio\r04R2nOFkA4.wav	1943.279	1949.559	lớn tuổi nhất tuy là có một số các cái điểm yếu khuyết điểm nhưng vua Tự Đức vì	@HUE	data\processed_transcripts\r04R2nOFkA4.json
data\raw_audio\r04R2nOFkA4.wav	1949.559	1954.799	non song xả tắc đã lập Nguyễn Phúc Ưng chân lên ngôi vua. Tuy nhiên thì trong	@HUE	data\processed_transcripts\r04R2nOFkA4.json
data\raw_audio\r04R2nOFkA4.wav	1954.799	1961.48	cái chiếu mà nhường ngôi thì vua Tử Đức cũng lưu ý với ba cái vị chính phủ đại	@HUE	data\processed_transcripts\r04R2nOFkA4.json
data\raw_audio\r04R2nOFkA4.wav	1961.48	1966.559	thần đó là Tôn Thất Thuyết, Nguyễn Vân Tường và Trần Tiến Thành. Vua Dục Đức	@HUE	data\processed_transcripts\r04R2nOFkA4.json
data\raw_audio\r04R2nOFkA4.wav	1966.559	1973.559	tức là Nguyễn Phúc Ưng Chân là có những cái tậc xấu. Đó là tính là có cái tậc ở	@HUE	data\processed_transcripts\r04R2nOFkA4.json
data\raw_audio\r04R2nOFkA4.wav	1973.559	1980.039	mắt rồi cũng có cái tính hiữu dâm và điều đó sẽ làm cho con người nó trở nên	@HUE	data\processed_transcripts\r04R2nOFkA4.json
data\raw_audio\r04R2nOFkA4.wav	1980.039	1984.6	là không có hoàn hảo và không có tốt. Và vua cũng muốn để trong cái chiếu nhường	@HUE	data\processed_transcripts\r04R2nOFkA4.json
data\raw_audio\r04R2nOFkA4.wav	1984.6	1990.799	ngôi đó để cho bá quan văn võ đại thần được biết để coi như là một cái điều gì	@HUE	data\processed_transcripts\r04R2nOFkA4.json
data\raw_audio\r04R2nOFkA4.wav	1990.799	1995.039	đó làm thức tỉnh vua dục đức. Tuy nhiên thì	@HUE	data\processed_transcripts\r04R2nOFkA4.json
data\raw_audio\r04R2nOFkA4.wav	1995.039	2001.36	đến cái thời điểm mà làm lễ lên ngồi thì vua Dục Đức tức là Nguyễn Phúc Ứng Chân	@HUE	data\processed_transcripts\r04R2nOFkA4.json
data\raw_audio\r04R2nOFkA4.wav	2001.36	2009.48	đã yêu cầu ông Trần Tiễn Thành lúc đó là bên phe chủ hòa đọc nhỏ cái đoạn mà vua	@HUE	data\processed_transcripts\r04R2nOFkA4.json
data\raw_audio\r04R2nOFkA4.wav	2009.48	2015.36	Tự Đức đã lưu ý về cái tính cách không tốt của vua Dục Đức. Chính vì vậy mà lợi	@HUE	data\processed_transcripts\r04R2nOFkA4.json
data\raw_audio\r04R2nOFkA4.wav	2015.36	2020.32	dụng điều đó thì ông Tô Thất Thuyết và ông Nguyễn Vân Tường cho rằng là vua Dục	@HUE	data\processed_transcripts\r04R2nOFkA4.json
data\raw_audio\r04R2nOFkA4.wav	2020.32	2025.84	Đức không có thật thà gọi là làm sai với di chiếu của vua Tử Đức. Chính vì vậy mà	@HUE	data\processed_transcripts\r04R2nOFkA4.json
data\raw_audio\r04R2nOFkA4.wav	2025.84	2031.36	đã tâu lên Thái Hoàng Thái Hậu tự dũ à phế trúc dục đức. Trong đó thì có những	@HUE	data\processed_transcripts\r04R2nOFkA4.json
data\raw_audio\r04R2nOFkA4.wav	2031.36	2037.24	cái tội đó là thứ nhất sữa di chiếu, thứ hai là mặc áo màu trong đám tang rồi thứ	@HUE	data\processed_transcripts\r04R2nOFkA4.json
data\raw_audio\r04R2nOFkA4.wav	2037.24	2042.559	ba là hư hỏng và ham chơi. Chính những điều đó tạo một cái cớ để cho hai ông	@HUE	data\processed_transcripts\r04R2nOFkA4.json
data\raw_audio\r04R2nOFkA4.wav	2042.559	2048.399	chính phủ đại thần à dâng biểu lên, dâng tàu lên để phế xuất vua dục đức. Chỉ vọn	@HUE	data\processed_transcripts\r04R2nOFkA4.json
data\raw_audio\r04R2nOFkA4.wav	2048.399	2053.159	vẹn trong 3 ngày vua dục đức lên ngôi trong 3 ngày và sau đó thì đã bị phế	@HUE	data\processed_transcripts\r04R2nOFkA4.json
data\raw_audio\r04R2nOFkA4.wav	2053.159	2057.079	trúc. Vô dục đức được xem là ông vua có cái thời gian trị vì ngắn nhất trong	@HUE	data\processed_transcripts\r04R2nOFkA4.json
data\raw_audio\r04R2nOFkA4.wav	2057.079	2063.72	lịch sử triều Nguyễn. Thưa quý vị, tiếp sau khi mà vua dục đức qua đời triều	@HUE	data\processed_transcripts\r04R2nOFkA4.json
data\raw_audio\r04R2nOFkA4.wav	2063.72	2068.879	chính một ngày không thể không có vua. Chính vì vậy mà	@HUE	data\processed_transcripts\r04R2nOFkA4.json
data\raw_audio\r04R2nOFkA4.wav	2068.879	2075.0	Tôn Thất Thuyết và Nguyễn Văn Tường đã đề nghị lập Nguyễn Phúc Hồng Dật tức là	@HUE	data\processed_transcripts\r04R2nOFkA4.json
data\raw_audio\r04R2nOFkA4.wav	2075.0	2081.32	vua Hiệp Hòa đây, lên làm ngôi vua. Nguyễn Phúc Hồng Dật thì là đệ đệ ruột,	@HUE	data\processed_transcripts\r04R2nOFkA4.json
data\raw_audio\r04R2nOFkA4.wav	2081.32	2087.24	hoàng đệ ruột của vua Tử Đức và là con thứ 29 của vua Thiếu Trị.	@HUE	data\processed_transcripts\r04R2nOFkA4.json
data\raw_audio\r04R2nOFkA4.wav	2087.24	2094.56	À trước kia thì vua Tử Đức cũng đã có ý định là lập vua Hiệp hòa lên ngôi vua.	@HUE	data\processed_transcripts\r04R2nOFkA4.json
data\raw_audio\r04R2nOFkA4.wav	2094.56	2099.079	Tuy nhiên thì do cái tuổi của vua Hiệp Hòa còn nhỏ chính vì vậy mà chưa đủ sức	@HUE	data\processed_transcripts\r04R2nOFkA4.json
data\raw_audio\r04R2nOFkA4.wav	2099.079	2103.92	để gánh bác triều đình và cuối cùng đã chọn vua Dục Đức. Tuy nhiên thì sau một	@HUE	data\processed_transcripts\r04R2nOFkA4.json
data\raw_audio\r04R2nOFkA4.wav	2103.92	2107.839	thời gian thì vua Dục Đức cũng đã bị phế trức.	@HUE	data\processed_transcripts\r04R2nOFkA4.json
data\raw_audio\r04R2nOFkA4.wav	2107.839	2113.32	Để yên ổn lòng dân và lòng quân thì ông Tô Thất Thuyết và ông Nguyễn Văn Tường	@HUE	data\processed_transcripts\r04R2nOFkA4.json
data\raw_audio\r04R2nOFkA4.wav	2113.32	2118.96	cuối cùng cũng đã dâng táu lên à Thái Hoàng Tho Dũng để lập Nguyễn Phúc Hồng	@HUE	data\processed_transcripts\r04R2nOFkA4.json
data\raw_audio\r04R2nOFkA4.wav	2118.96	2125.599	Dật tức là vua Hiệp Hòa lên ngồi và lấy niên hiệu là Hiệp Hòa. Tuy nhiên có một	@HUE	data\processed_transcripts\r04R2nOFkA4.json
data\raw_audio\r04R2nOFkA4.wav	2125.599	2132.119	cái điều lưu ý mà trước khi mà vua Hiệp hòa lên ngồi thì hai vị phụ chính đại	@HUE	data\processed_transcripts\r04R2nOFkA4.json
data\raw_audio\r04R2nOFkA4.wav	2132.119	2138.48	thần cũng đã cử người lên Kim Long để thuyết phục Nguyễn Phúc Hồng Dật về	@HUE	data\processed_transcripts\r04R2nOFkA4.json
data\raw_audio\r04R2nOFkA4.wav	2138.48	2143.96	triều đình để lên làm vua. Tuy nhiên cái ngai vàng lúc đó có thể nói là một cái	@HUE	data\processed_transcripts\r04R2nOFkA4.json
data\raw_audio\r04R2nOFkA4.wav	2143.96	2148.119	chốn hết sức là nguy hiểm mà bây giờ người ta gọi là ghế nóng. Đây quý vị	@HUE	data\processed_transcripts\r04R2nOFkA4.json
data\raw_audio\r04R2nOFkA4.wav	2148.119	2155.119	nhận biết được cái điều đó thì à Nguyễn Phúc à Hồng Dật đã hết sức từ chối nói	@HUE	data\processed_transcripts\r04R2nOFkA4.json
data\raw_audio\r04R2nOFkA4.wav	2155.119	2160.56	rằng là tôi tuổi còn nhỏ à không có hiểu được đạo lý thì làm sao mà có thể là lên	@HUE	data\processed_transcripts\r04R2nOFkA4.json
data\raw_audio\r04R2nOFkA4.wav	2160.56	2167.8	ngôi được. Tuy nhiên thì dưới cái sự áp bức bằng vũ lực thì cuối cùng à hai vị	@HUE	data\processed_transcripts\r04R2nOFkA4.json
data\raw_audio\r04R2nOFkA4.wav	2167.8	2176.319	đại thần cũng đã đưa à Nguyễn Phô Hồng Dật về đến đại nội và đăng quang lễ ngôi	@HUE	data\processed_transcripts\r04R2nOFkA4.json
data\raw_audio\r04R2nOFkA4.wav	2176.319	2179.839	vua. và lấy niên hiệu là hiệp hòa. Tuy nhiên	@HUE	data\processed_transcripts\r04R2nOFkA4.json
data\raw_audio\r04R2nOFkA4.wav	2179.839	2185.56	thì vua Hiệp Hòa lên ngồi cũng không có thực quyền. Tất cả các cái quyền lực đều	@HUE	data\processed_transcripts\r04R2nOFkA4.json
data\raw_audio\r04R2nOFkA4.wav	2185.56	2190.599	rơi vào tay của hai cái phụ chính đại thần. Lúc đầu Vu Hiệp Hòa suy nghĩ rằng	@HUE	data\processed_transcripts\r04R2nOFkA4.json
data\raw_audio\r04R2nOFkA4.wav	2190.599	2198.24	là nếu như muốn tồn tại và muốn dễ bị cai trị thì cũng nên à chiều lòng hai	@HUE	data\processed_transcripts\r04R2nOFkA4.json
data\raw_audio\r04R2nOFkA4.wav	2198.24	2201.44	ông phủ chính đại thần là Tôn Thất Thuyết và Nguyễn Văn Tường. Tuy nhiên	@HUE	data\processed_transcripts\r04R2nOFkA4.json
data\raw_audio\r04R2nOFkA4.wav	2201.44	2206.88	sau khi mà nhận thấy hai ông là hết sức là	@HUE	data\processed_transcripts\r04R2nOFkA4.json
data\raw_audio\r04R2nOFkA4.wav	2206.88	2212.48	làm dụng quyền lợi của mình để làm những cái tư lợi cá nhân và làm rối loạn triều	@HUE	data\processed_transcripts\r04R2nOFkA4.json
data\raw_audio\r04R2nOFkA4.wav	2212.48	2216.72	đình. Bên ông Tôn Thất Thuyết thì lập ra một cái đội nghĩa quân, lập ra một đội	@HUE	data\processed_transcripts\r04R2nOFkA4.json
data\raw_audio\r04R2nOFkA4.wav	2216.72	2221.68	quân riêng chuyên xử lý những cái công việc mà ảnh hưởng đến quyền lợi của ông.	@HUE	data\processed_transcripts\r04R2nOFkA4.json
data\raw_audio\r04R2nOFkA4.wav	2221.68	2227.56	Rồi còn bên ông Nguyễn Văn Tường thì lại cấu kết với Trung Hoa để	@HUE	data\processed_transcripts\r04R2nOFkA4.json
data\raw_audio\r04R2nOFkA4.wav	2227.56	2232.76	mua bán và đưa về những cái sản phẩm hết sức là à kém chất lượng. Bắt buộc dân	@HUE	data\processed_transcripts\r04R2nOFkA4.json
data\raw_audio\r04R2nOFkA4.wav	2232.76	2237.76	chúng là phải lưu hành những cái sản phẩm đó. Chính vì vậy mà hai ông tư lời	@HUE	data\processed_transcripts\r04R2nOFkA4.json
data\raw_audio\r04R2nOFkA4.wav	2237.76	2243.92	riêng và tạo ra một cái điều bất bình đối với Vu Hiệp Hòa. Trong đầu Vu Hiệp	@HUE	data\processed_transcripts\r04R2nOFkA4.json
data\raw_audio\r04R2nOFkA4.wav	2243.92	2249.119	Hòa dưới sự tư vấn của ông Trần Tiễn Thành cũng như	@HUE	data\processed_transcripts\r04R2nOFkA4.json
data\raw_audio\r04R2nOFkA4.wav	2249.119	2253.28	là con trai của Tuy Lý Vương và Tùng Thiện Vương thì vua Hiệp Hòa đã quyết	@HUE	data\processed_transcripts\r04R2nOFkA4.json
data\raw_audio\r04R2nOFkA4.wav	2253.28	2261.04	định là cấu kết với Pháp để lực độ à Tôn Thất Thuyết và Nguyễn Vân	@HUE	data\processed_transcripts\r04R2nOFkA4.json
data\raw_audio\r04R2nOFkA4.wav	2261.04	2266.599	Tường. Tuy nhiên thì đến cái thời điểm mà hai người con trai của Tùng Thị Vương	@HUE	data\processed_transcripts\r04R2nOFkA4.json
data\raw_audio\r04R2nOFkA4.wav	2266.599	2274.04	và Tuy Lý Vương tức là Hồng Sâm và Hồng Phi vừa mới chuẩn bị đi ra khỏi phủ để	@HUE	data\processed_transcripts\r04R2nOFkA4.json
data\raw_audio\r04R2nOFkA4.wav	2274.04	2279.52	đến gặp sứ Quang Pháp thì à Tôn Thấtc Thuyết đã biết và cử cái đội quân của	@HUE	data\processed_transcripts\r04R2nOFkA4.json
data\raw_audio\r04R2nOFkA4.wav	2279.52	2285.2	mình đến để khử hai người này và bí mật của vua Hiệp Hòa đã bị bại lộ. Nhận thấy	@HUE	data\processed_transcripts\r04R2nOFkA4.json
data\raw_audio\r04R2nOFkA4.wav	2285.2	2289.68	những ảnh hưởng của vua Hiệp Hòa đến hai chủ chiến. Chính vì vậy mà ông Tô Thất	@HUE	data\processed_transcripts\r04R2nOFkA4.json
data\raw_audio\r04R2nOFkA4.wav	2289.68	2295.359	Thiết và ông Nguyễn Vân Tường đã cấu kết với nhau và tâu lên Thái Hòa Thảo Từ Dũ.	@HUE	data\processed_transcripts\r04R2nOFkA4.json
data\raw_audio\r04R2nOFkA4.wav	2295.359	2302.68	Phế Trúc ngài Hiệp Hòa đã cử ông ích Khiêm dẫn 50 binh lính đến để bắt ép vua	@HUE	data\processed_transcripts\r04R2nOFkA4.json
data\raw_audio\r04R2nOFkA4.wav	2302.68	2309.8	Hiệp Hòa tự vận. Lúc đó thì ông ích Khiêm đã mang đến đặt trước mặt vua Hiệp	@HUE	data\processed_transcripts\r04R2nOFkA4.json
data\raw_audio\r04R2nOFkA4.wav	2309.8	2316.04	Hòa tại cung Càn Thành nơi vua đang nghỉ là một cái chén thuộc độc, một sợ dây và	@HUE	data\processed_transcripts\r04R2nOFkA4.json
data\raw_audio\r04R2nOFkA4.wav	2316.04	2320.28	một cái kiếm. Sau một hồi thuyết phục thì vua Hiệp Hòa là không có đồng ý,	@HUE	data\processed_transcripts\r04R2nOFkA4.json
data\raw_audio\r04R2nOFkA4.wav	2320.28	2326.56	không có chịu tự vận. Chính vì vậy mà đã ông ích khiêm đã cho người ép buộc vua	@HUE	data\processed_transcripts\r04R2nOFkA4.json
data\raw_audio\r04R2nOFkA4.wav	2326.56	2332.2	là bức vua phải chết và vua Hiệp Hòa cũng bán hà	@HUE	data\processed_transcripts\r04R2nOFkA4.json
data\raw_audio\r04R2nOFkA4.wav	2332.2	2336.76	ngay sau đó. Và đó chính là một cái kết cục hết sức	@HUE	data\processed_transcripts\r04R2nOFkA4.json
data\raw_audio\r04R2nOFkA4.wav	2336.76	2341.52	là gọi là hết sức là đáng thương, hết sức là bi thảm đối với một cái ông vua	@HUE	data\processed_transcripts\r04R2nOFkA4.json
data\raw_audio\r04R2nOFkA4.wav	2341.52	2348.88	vãng số như vua Hiệp Hoàng. Một ông vua mà thật sự mà nói là lúc đầu không có hề	@HUE	data\processed_transcripts\r04R2nOFkA4.json
data\raw_audio\r04R2nOFkA4.wav	2348.88	2354.119	muốn lên cái ngay vàng đó bao giờ nhưng mà vì cái sự ép buộc cũng chính vì sự ép	@HUE	data\processed_transcripts\r04R2nOFkA4.json
data\raw_audio\r04R2nOFkA4.wav	2354.119	2358.76	buộc do đó cũng lên ngay vàng và đến khi chết thì cũng bị ép buộc.	@HUE	data\processed_transcripts\r04R2nOFkA4.json
data\raw_audio\r04R2nOFkA4.wav	2358.76	2363.56	Ông được xem như là một phía đế, chính vì vậy mà cũng không được thờ trong thể	@HUE	data\processed_transcripts\r04R2nOFkA4.json
data\raw_audio\r04R2nOFkA4.wav	2363.56	2369.319	miếu. Và con cháu của ông sau này bây giờ thì cũng đã à xây một cái ngôi lăng	@HUE	data\processed_transcripts\r04R2nOFkA4.json
data\raw_audio\r04R2nOFkA4.wav	2369.319	2375.8	ngủ à cũng an ủi phần nào đến vong linh của vua Hiệp Hoa. Và hôm nay Huế Review	@HUE	data\processed_transcripts\r04R2nOFkA4.json
data\raw_audio\r04R2nOFkA4.wav	2375.8	2382.359	cũng đến để thắp cho ngài một cái nén nhang, một cái nén hương à để an ủi cái	@HUE	data\processed_transcripts\r04R2nOFkA4.json
data\raw_audio\r04R2nOFkA4.wav	2382.359	2387.64	vong linh vãng số này. Và Huế Review cũng mong rằng quý vị khi nghe đến cuâu	@HUE	data\processed_transcripts\r04R2nOFkA4.json
data\raw_audio\r04R2nOFkA4.wav	2387.64	2393.72	chuyện này cũng có thể cảm nhận và cũng có thể đồng cảm với một cái vị vua vắng	@HUE	data\processed_transcripts\r04R2nOFkA4.json
data\raw_audio\r04R2nOFkA4.wav	2393.72	2400.96	số như thế này. Và nếu như quý vị à có lúc nào đó và đi ngang ừ cái khu vực này	@HUE	data\processed_transcripts\r04R2nOFkA4.json
data\raw_audio\r04R2nOFkA4.wav	2400.96	2408.04	thì cũng mong đến để thấp cho ngài một cái nén hương để an ủi vong linh.	@HUE	data\processed_transcripts\r04R2nOFkA4.json
data\raw_audio\r04R2nOFkA4.wav	2408.04	2412.88	Thì đương nhiên Tử Nguyệt Tam Vương tức là trong 4 tháng ba ông vua lên ngồi thì	@HUE	data\processed_transcripts\r04R2nOFkA4.json
data\raw_audio\r04R2nOFkA4.wav	2412.88	2417.0	cái vị vua thứ ba thì như vừa rồi Huế Review cũng đã quay cái lăng kiên Thái	@HUE	data\processed_transcripts\r04R2nOFkA4.json
data\raw_audio\r04R2nOFkA4.wav	2417.0	2422.92	Vương cho quý vị xem thì cũng đã có nói qua về cái vị vua này đó chính là Nguyễn	@HUE	data\processed_transcripts\r04R2nOFkA4.json
data\raw_audio\r04R2nOFkA4.wav	2422.92	2428.68	Phúc Ưng Đăng tức là lên vua lên ngôi vua lấy niên hiệu là Kiến Phúc là một	@HUE	data\processed_transcripts\r04R2nOFkA4.json
data\raw_audio\r04R2nOFkA4.wav	2428.68	2434.44	trong những người con nuôi à của vua Tử Đức Nguyễn Phúc Ứng Đăng tức là vua Kiến	@HUE	data\processed_transcripts\r04R2nOFkA4.json
data\raw_audio\r04R2nOFkA4.wav	2434.44	2439.359	Phúc cũng là một cái ông vua hệ là tài hoa cũng há học hỏi, cũng rất là thận	@HUE	data\processed_transcripts\r04R2nOFkA4.json
data\raw_audio\r04R2nOFkA4.wav	2439.359	2447.319	trọng trong tất cả các việc. Tuy nhiên thì ông lại là cái vị vua mà có thể nói	@HUE	data\processed_transcripts\r04R2nOFkA4.json
data\raw_audio\r04R2nOFkA4.wav	2447.319	2453.92	là mất trong cái lứa tuổi sớm nhất, nhỏ nhất của 13 triệu vô đệ Nguyễn. Ông ra	@HUE	data\processed_transcripts\r04R2nOFkA4.json
data\raw_audio\r04R2nOFkA4.wav	2453.92	2462.4	đi lúc đó mới 15 tuổi đấy. Và câu chuyện của vua kiến Phúc thì chắc có lẽ à sau	@HUE	data\processed_transcripts\r04R2nOFkA4.json
data\raw_audio\r04R2nOFkA4.wav	2462.4	2467.24	này khi Huế Review quay về cái lăng mộ của Vu Kiến Phúc nằm trong cái khu viên	@HUE	data\processed_transcripts\r04R2nOFkA4.json
data\raw_audio\r04R2nOFkA4.wav	2467.24	2472.16	của lăng Vu Tử Đức tức là nằm trong Khiêm Lăng và khu vực lăng của ông thì	@HUE	data\processed_transcripts\r04R2nOFkA4.json
data\raw_audio\r04R2nOFkA4.wav	2472.16	2477.119	được gọi là Bùi Lăng. Thì Huế Review sẽ kể cái câu chuyện này nhiều hơn cho quý	@HUE	data\processed_transcripts\r04R2nOFkA4.json
data\raw_audio\r04R2nOFkA4.wav	2477.119	2480.839	vị xem. Ở đây Huế Review chỉ lưu ý cho quý vị đó	@HUE	data\processed_transcripts\r04R2nOFkA4.json
data\raw_audio\r04R2nOFkA4.wav	2480.839	2486.599	chính là Tam Vương. Ở đây là vua Dục Đức, vua Hiệp Hòa và vua Kiến Phúc. Tử	@HUE	data\processed_transcripts\r04R2nOFkA4.json
data\raw_audio\r04R2nOFkA4.wav	2486.599	2492.359	Nguyệt tức là 4 tháng đấy. Trong 4 tháng thì có ba ông vua à lên ngôi và phế	@HUE	data\processed_transcripts\r04R2nOFkA4.json
data\raw_audio\r04R2nOFkA4.wav	2492.359	2496.0	trước. Và cái giai đoạn Tử Nguyệt Tam Vương được xem là một cái thời kỳ đen	@HUE	data\processed_transcripts\r04R2nOFkA4.json
data\raw_audio\r04R2nOFkA4.wav	2496.0	2501.0	tối nhất của lịch sử Trịu Nguyệt như Huế Review nãy giờ đã nhắc cho quý vị. Đây	@HUE	data\processed_transcripts\r04R2nOFkA4.json
data\raw_audio\r04R2nOFkA4.wav	2501.0	2505.4	chính là ngôi lăng mổ của một trong cái tử nguyệt tam vương ấy, lăng của vua	@HUE	data\processed_transcripts\r04R2nOFkA4.json
data\raw_audio\r04R2nOFkA4.wav	2505.4	2511.48	Hiệp Hòa tên thật là Nguyễn Phúc Hồng Dật. Thưa quý vị đến đây thì Huế Review	@HUE	data\processed_transcripts\r04R2nOFkA4.json
data\raw_audio\r04R2nOFkA4.wav	2511.48	2517.119	sau khi đã tâm sự đã chia sẻ với quý vị thì Huế Review cũng xin kết thúc video ở	@HUE	data\processed_transcripts\r04R2nOFkA4.json
data\raw_audio\r04R2nOFkA4.wav	2517.119	2522.48	đây. À rất mong quý vị khi chúng ta đi đến cái khu vực này phường Tây nha quý	@HUE	data\processed_transcripts\r04R2nOFkA4.json
data\raw_audio\r04R2nOFkA4.wav	2522.48	2527.599	vị đồng cảm để đến đây thắp cho ngài một cái nén nhang, một cái nén nhang để an	@HUE	data\processed_transcripts\r04R2nOFkA4.json
data\raw_audio\r04R2nOFkA4.wav	2527.599	2533.0	ủi vong linh một cái của một ông vi vắn của một vị vị vua vãn số. Tuy rằng cái	@HUE	data\processed_transcripts\r04R2nOFkA4.json
data\raw_audio\r04R2nOFkA4.wav	2533.0	2536.64	số phận nó vẫn chưa hẩm hươu bằng một cái vị vua mà được gọi là rất là hẩm	@HUE	data\processed_transcripts\r04R2nOFkA4.json
data\raw_audio\r04R2nOFkA4.wav	2536.64	2541.88	hiêu à trong lịch sử triều Nguyễn. Nhưng mà dù sao thì những cái nén nhan, những	@HUE	data\processed_transcripts\r04R2nOFkA4.json
data\raw_audio\r04R2nOFkA4.wav	2541.88	2546.599	cái lời cầu chúc của quý vị đến vị vua vãn số này cũng là một cái niềm an ủi	@HUE	data\processed_transcripts\r04R2nOFkA4.json
data\raw_audio\r04R2nOFkA4.wav	2546.599	2552.52	rất lớn đối với những cái người hậu thế liên tưởng nhớ đến các bậc tiề nhân. Có	@HUE	data\processed_transcripts\r04R2nOFkA4.json
data\raw_audio\r04R2nOFkA4.wav	2552.52	2557.48	lẽ rằng Huế review trong cái không gian này à cái thời điểm này thì chắc cũng sẽ	@HUE	data\processed_transcripts\r04R2nOFkA4.json
data\raw_audio\r04R2nOFkA4.wav	2557.48	2561.599	kết thúc video ở đây bởi vì nó cũng đã đến lúc xế chiều.	@HUE	data\processed_transcripts\r04R2nOFkA4.json
data\raw_audio\r04R2nOFkA4.wav	2561.599	2566.8	Ở đây Huế Review cũng bật Mỹ cho quý vị. Khi quý vị mà chúng ta đến viện lăng của	@HUE	data\processed_transcripts\r04R2nOFkA4.json
data\raw_audio\r04R2nOFkA4.wav	2566.8	2571.119	các vị vua hay là những cái lăng khác thì quý vị nên đến vào những cái buổi	@HUE	data\processed_transcripts\r04R2nOFkA4.json
data\raw_audio\r04R2nOFkA4.wav	2571.119	2575.64	sĩa chiều như thế này thì quý vị sẽ cảm nhận được có một cái sự đồng cảm nào đó	@HUE	data\processed_transcripts\r04R2nOFkA4.json
data\raw_audio\r04R2nOFkA4.wav	2575.64	2580.52	đối với những à vị vua, đối với những cái bậc tiền nhân như thế này. Cũng mong	@HUE	data\processed_transcripts\r04R2nOFkA4.json
data\raw_audio\r04R2nOFkA4.wav	2580.52	2586.0	là quý vị xem video thấy video này hay thì mong quý vị like và chia sẻ video à	@HUE	data\processed_transcripts\r04R2nOFkA4.json
data\raw_audio\r04R2nOFkA4.wav	2586.0	2589.44	cũng như đăng ký kênh Huế Review để nhận những cái thông tin mới nhất, những	@HUE	data\processed_transcripts\r04R2nOFkA4.json
data\raw_audio\r04R2nOFkA4.wav	2589.44	2595.119	video mới nhất về Huế nha quý vị. Chúc quý vị luôn vui vẻ, sức khỏe và bình an.	@HUE	data\processed_transcripts\r04R2nOFkA4.json
data\raw_audio\r04R2nOFkA4.wav	2595.119	2602.16	Hẹn gặp lại quý vị ở những video tiếp theo. Xin chào và hẹn gặp lại quý vị.	@HUE	data\processed_transcripts\r04R2nOFkA4.json
data\raw_audio\rCsV8trcKqI.wav	0.719	5.799	Mến chào quý vị đã quay trở lại với Huế hôm nay thôi quý vị ơi.	@HUE	data\processed_transcripts\rCsV8trcKqI.json
data\raw_audio\rCsV8trcKqI.wav	5.799	12.639	Hôm nay là ngày đầu tháng cũng là ngày đầu tuần	@HUE	data\processed_transcripts\rCsV8trcKqI.json
data\raw_audio\rCsV8trcKqI.wav	12.639	20.24	ngày 2 tháng năm 2026 và là 14 tháng Giêng năm Bính Ngọ. Tết Bến Ngọ thưa quý	@HUE	data\processed_transcripts\rCsV8trcKqI.json
data\raw_audio\rCsV8trcKqI.wav	20.24	26.16	vị. Như vậy thì đã hết tết, đã hết 3 ngày 7	@HUE	data\processed_transcripts\rCsV8trcKqI.json
data\raw_audio\rCsV8trcKqI.wav	26.16	32.68	à đã hết ba ngày tết 7 ngày xuân và hôm nay đã là ngày 14	@HUE	data\processed_transcripts\rCsV8trcKqI.json
data\raw_audio\rCsV8trcKqI.wav	32.68	39.239	thì bà con lại quay trở về với cuộc sống bình thường tiếp tục cày cuốc để	@HUE	data\processed_transcripts\rCsV8trcKqI.json
data\raw_audio\rCsV8trcKqI.wav	39.239	48.8	kiếm tiền cho một cái năm mới. À năm sau đó năm sau là năm mùi rồi đấy quý vị.	@HUE	data\processed_transcripts\rCsV8trcKqI.json
data\raw_audio\rCsV8trcKqI.wav	48.8	56.879	thì à còn hơn 300 ngày nữa thì sẽ tới Tết. Và	@HUE	data\processed_transcripts\rCsV8trcKqI.json
data\raw_audio\rCsV8trcKqI.wav	56.879	64.439	em xin tiếp tục cập nhật cảnh đường phố Huy à trong những ngày sau Tết xem thử	@HUE	data\processed_transcripts\rCsV8trcKqI.json
data\raw_audio\rCsV8trcKqI.wav	64.439	68.4	tình hình bây giờ đường phố bây giờ đã thay đổi như thế nào cũng như là cuộc	@HUE	data\processed_transcripts\rCsV8trcKqI.json
data\raw_audio\rCsV8trcKqI.wav	68.4	74.68	sống quay lại với cái nhịp độ bình thường thì sẽ ra sao. Thì đương nhiên	@HUE	data\processed_transcripts\rCsV8trcKqI.json
data\raw_audio\rCsV8trcKqI.wav	74.68	78.0	rồi quý vị. Sau tết thì bà con lại tiếp tục trở về	@HUE	data\processed_transcripts\rCsV8trcKqI.json
data\raw_audio\rCsV8trcKqI.wav	82.68	87.84	lại cái cuộc sống bình thường thì đường phố chắc chắn là sẽ vắng vẻ, nó sẽ không	@HUE	data\processed_transcripts\rCsV8trcKqI.json
data\raw_audio\rCsV8trcKqI.wav	87.84	93.68	còn à rộn ràng đó như những ngày Tết.	@HUE	data\processed_transcripts\rCsV8trcKqI.json
data\raw_audio\rCsV8trcKqI.wav	93.68	97.24	Chính vì thế mà quý vị thấy là những cái khu vực này này như những khu vực đây	@HUE	data\processed_transcripts\rCsV8trcKqI.json
data\raw_audio\rCsV8trcKqI.wav	97.24	107.719	đường đi bộ từ biến tòa khâm tới đập đá. Và ngược lại thì quý vị thấy là	@HUE	data\processed_transcripts\rCsV8trcKqI.json
data\raw_audio\rCsV8trcKqI.wav	107.719	113.399	vắng vẻ. Tuy nhiên thì cái thời điểm này cũng đã là gần trưa, do đó là ít người	@HUE	data\processed_transcripts\rCsV8trcKqI.json
data\raw_audio\rCsV8trcKqI.wav	113.399	117.799	đi thì cũng là chuyện bình thường. Đối với những cái đường đi bộ này thì khả	@HUE	data\processed_transcripts\rCsV8trcKqI.json
data\raw_audio\rCsV8trcKqI.wav	117.799	123.039	năng là buổi sáng sớm hoặc là buổi xế chiều thì sẽ rất đông.	@HUE	data\processed_transcripts\rCsV8trcKqI.json
data\raw_audio\rCsV8trcKqI.wav	123.039	128.2	Những người bạn nước ngoài thì họ cũng đến đây cứ lưu trú tại những cái khu vực	@HUE	data\processed_transcripts\rCsV8trcKqI.json
data\raw_audio\rCsV8trcKqI.wav	128.2	134.92	khách sạn xung quanh đây thì họ cũng thích thú khi mà được ngắm sông hương à	@HUE	data\processed_transcripts\rCsV8trcKqI.json
data\raw_audio\rCsV8trcKqI.wav	134.92	140.28	trôi lửng lờ. Phía xa kia chính là khu vực cầu Trường Tiền à một trong những	@HUE	data\processed_transcripts\rCsV8trcKqI.json
data\raw_audio\rCsV8trcKqI.wav	140.28	149.08	cái cầu quốc dân đẹp nhất sự Huế. Thì à quý vị cũng có thể thấy rằng là	@HUE	data\processed_transcripts\rCsV8trcKqI.json
data\raw_audio\rCsV8trcKqI.wav	149.08	156.519	các cái biến thuyền tòa khâm này bây giờ là cũng đã làm các cái bậc cấp đá và	@HUE	data\processed_transcripts\rCsV8trcKqI.json
data\raw_audio\rCsV8trcKqI.wav	156.519	163.76	chuẩn bị lót đá à những cái khu vực à lân cận để tạo ra cái tuyến đường đi dạo	@HUE	data\processed_transcripts\rCsV8trcKqI.json
data\raw_audio\rCsV8trcKqI.wav	163.76	171.0	từ biến tòa khâm tới cầu lim. có thể nói rằng là à rất nhiều những cái	@HUE	data\processed_transcripts\rCsV8trcKqI.json
data\raw_audio\rCsV8trcKqI.wav	171.0	179.08	dự án đang được triển khai và chuẩn bị đi vào hoạt động trong năm 2026 này.	@HUE	data\processed_transcripts\rCsV8trcKqI.json
data\raw_audio\rCsV8trcKqI.wav	179.08	187.0	Đồng thời thì thời tiết ở Huế bây giờ quý vị thấy là trời cũng đã nắng nóng.	@HUE	data\processed_transcripts\rCsV8trcKqI.json
data\raw_audio\rCsV8trcKqI.wav	187.0	193.08	Em đi trên đường thì cũng đã thấy rằng là biến ve kêu răm rang rồi, báo hiệu	@HUE	data\processed_transcripts\rCsV8trcKqI.json
data\raw_audio\rCsV8trcKqI.wav	193.08	201.239	một cái mùa hè sắp đến và những cái khu vực à công viên có linh vật bệnh ngọ thì	@HUE	data\processed_transcripts\rCsV8trcKqI.json
data\raw_audio\rCsV8trcKqI.wav	201.239	208.68	quý vị cũng có thể thấy rằng là không còn bóng dáng người qua lại.	@HUE	data\processed_transcripts\rCsV8trcKqI.json
data\raw_audio\rCsV8trcKqI.wav	208.68	214.239	ở những cái thời điểm mà Tết và những cái thời điểm mà còn mùng á thì em	@HUE	data\processed_transcripts\rCsV8trcKqI.json
data\raw_audio\rCsV8trcKqI.wav	214.239	220.28	thấy là bà con dù là khá trưa nhưng mà vẫn còn đến đây để chụp hình check in à	@HUE	data\processed_transcripts\rCsV8trcKqI.json
data\raw_audio\rCsV8trcKqI.wav	220.28	226.76	chụp hình để mà lưu lự lưu giữ những cái hình ảnh về thủ	@HUE	data\processed_transcripts\rCsV8trcKqI.json
data\raw_audio\rCsV8trcKqI.wav	226.76	232.64	về tết thì bây giờ cũng vắng vẽ thì đương nhiên là bà con bây giờ là bựn	@HUE	data\processed_transcripts\rCsV8trcKqI.json
data\raw_audio\rCsV8trcKqI.wav	232.64	238.439	đi làm với là hơn nữa là ngày đầu tuần thì cũng sẽ vắng người là chuyện đư Tuy	@HUE	data\processed_transcripts\rCsV8trcKqI.json
data\raw_audio\rCsV8trcKqI.wav	238.439	247.159	nhiên, tuy nhiên thì những bạn học sinh đ giờ tiếtc học thể dục thì cũng à đến à	@HUE	data\processed_transcripts\rCsV8trcKqI.json
data\raw_audio\rCsV8trcKqI.wav	247.159	253.879	quanh cái khu vực này để à học thể dục với là chơi cầu long. Đấy	@HUE	data\processed_transcripts\rCsV8trcKqI.json
data\raw_audio\rCsV8trcKqI.wav	253.879	258.88	quý chị thấy là những bộ môn thể dục rất là à tuyệt vời để rèn luyện sức khỏe cho	@HUE	data\processed_transcripts\rCsV8trcKqI.json
data\raw_audio\rCsV8trcKqI.wav	258.88	264.88	các em, các cháu và phía	@HUE	data\processed_transcripts\rCsV8trcKqI.json
data\raw_audio\rCsV8trcKqI.wav	264.88	273.44	lĩnh vực à Bến Ngọ ở khu vực bia quốc học thì cũng đã chuẩn bị được à hạ gii.	@HUE	data\processed_transcripts\rCsV8trcKqI.json
data\raw_audio\rCsV8trcKqI.wav	273.44	281.28	Thường thì em thấy là sẽ để trong khoảng thời gian từ 15 tới 30 ngày gì đó à hoặc	@HUE	data\processed_transcripts\rCsV8trcKqI.json
data\raw_audio\rCsV8trcKqI.wav	281.28	288.479	là hơn thì chắc chắn là sẽ hạ giải cái khu vực này để trả lại cái sân	@HUE	data\processed_transcripts\rCsV8trcKqI.json
data\raw_audio\rCsV8trcKqI.wav	288.479	296.4	trước bia quốc học và những cái hoa tươi trang trí trong các cái khu vực công	@HUE	data\processed_transcripts\rCsV8trcKqI.json
data\raw_audio\rCsV8trcKqI.wav	296.4	301.96	viên dọc bờ sông Hương thì quý vị thấy là cũng đã được đem về để dưỡng cho	@HUE	data\processed_transcripts\rCsV8trcKqI.json
data\raw_audio\rCsV8trcKqI.wav	301.96	307.199	những cái năm sau. và trả lại cái khu vực công viên cỏ xanh	@HUE	data\processed_transcripts\rCsV8trcKqI.json
data\raw_audio\rCsV8trcKqI.wav	307.199	311.24	rất là đẹp và phải nói rằng là Huế bây giờ rất yên	@HUE	data\processed_transcripts\rCsV8trcKqI.json
data\raw_audio\rCsV8trcKqI.wav	311.24	316.639	bình, yên bình và đẹp nữa quý vị.	@HUE	data\processed_transcripts\rCsV8trcKqI.json
data\raw_audio\rCsV8trcKqI.wav	316.639	320.52	À đợt trước thì cũng có một quý vị khán	@HUE	data\processed_transcripts\rCsV8trcKqI.json
data\raw_audio\rCsV8trcKqI.wav	320.52	326.28	giả là yêu cầu em quay cái đường An Dương Vương à từ chợ ăn cụ tới bến xe	@HUE	data\processed_transcripts\rCsV8trcKqI.json
data\raw_audio\rCsV8trcKqI.wav	326.28	332.6	thì em đang ở khu vực bến xe phía Nam thì đáp ứng được cái yêu cầu đó của vị	@HUE	data\processed_transcripts\rCsV8trcKqI.json
data\raw_audio\rCsV8trcKqI.wav	332.6	338.44	khán giả thì em cũng quay cho quý vị xem luôn từ khu vực bến xe phía Nam thì như	@HUE	data\processed_transcripts\rCsV8trcKqI.json
data\raw_audio\rCsV8trcKqI.wav	338.44	343.88	quý vị thấy là khu vực bến xe bây giờ cũng rất đông người. Thứ nhất là bà con	@HUE	data\processed_transcripts\rCsV8trcKqI.json
data\raw_audio\rCsV8trcKqI.wav	343.88	350.24	đón tết song là đi làm ăn xa những cái khu vực như Sài Gòn, Hà Nội	@HUE	data\processed_transcripts\rCsV8trcKqI.json
data\raw_audio\rCsV8trcKqI.wav	350.24	356.28	vân vân à thì sẽ đến bến xe rất là đông. Huế và Đà	@HUE	data\processed_transcripts\rCsV8trcKqI.json
data\raw_audio\rCsV8trcKqI.wav	356.28	361.44	Nẵng cũng thế. À còn khu vực đường An Dương Vương thì	@HUE	data\processed_transcripts\rCsV8trcKqI.json
data\raw_audio\rCsV8trcKqI.wav	361.44	367.28	phải nói rằng là một trong những cái con đường đô hội của xứ Huế. Bởi vì ở đây	@HUE	data\processed_transcripts\rCsV8trcKqI.json
data\raw_audio\rCsV8trcKqI.wav	367.28	372.4	cũng gần bến xe phía Nam là thứ nhất. Cái thứ hai thì cũng gần các cái khu chợ	@HUE	data\processed_transcripts\rCsV8trcKqI.json
data\raw_audio\rCsV8trcKqI.wav	372.4	381.599	lớn như trong đó có chợ ăn cụ thì lát em cũng sẽ cũ để quay cho quý vị xem luôn.	@HUE	data\processed_transcripts\rCsV8trcKqI.json
data\raw_audio\rCsV8trcKqI.wav	382.16	389.319	Đấy à đường An Nhân Vương trong một à buổi sáng rộn ràng cho ta một cái cảm	@HUE	data\processed_transcripts\rCsV8trcKqI.json
data\raw_audio\rCsV8trcKqI.wav	389.319	396.8	giác à cũng có gì đó mà còn một sự nhộn nhịp của những ngày Tết.	@HUE	data\processed_transcripts\rCsV8trcKqI.json
data\raw_audio\rCsV8trcKqI.wav	396.8	403.199	Tuy nhiên thì với cái thời tiết nóng nực như thế này thì bà con chúng ta cần phải	@HUE	data\processed_transcripts\rCsV8trcKqI.json
data\raw_audio\rCsV8trcKqI.wav	403.199	409.479	có một cái sự chuẩn bị sớm để đón cái mùa hè. Vì em nghe dự báo thì nói năm	@HUE	data\processed_transcripts\rCsV8trcKqI.json
data\raw_audio\rCsV8trcKqI.wav	409.479	417.28	nay cũng trời cũng sẽ rất là nóng đấy và nóng sớm hơn so với năm ngoái.	@HUE	data\processed_transcripts\rCsV8trcKqI.json
data\raw_audio\rCsV8trcKqI.wav	417.28	421.52	Thì à sức nóng đó thì bây giờ quý vị thấy là	@HUE	data\processed_transcripts\rCsV8trcKqI.json
data\raw_audio\rCsV8trcKqI.wav	421.52	428.0	được tới vừa rồi đó. Trời tuy là có lạnh nhưng mà cũng đã à nắng rồi. So với	@HUE	data\processed_transcripts\rCsV8trcKqI.json
data\raw_audio\rCsV8trcKqI.wav	428.0	436.52	những năm trước thì năm nay đúng là nắng sớm hơn so với à những năm trở về trước.	@HUE	data\processed_transcripts\rCsV8trcKqI.json
data\raw_audio\rCsV8trcKqI.wav	436.879	440.68	Hiện tại thì bây giờ quý vị thấy là xung quanh nhà của bà con thì vẫn còn những	@HUE	data\processed_transcripts\rCsV8trcKqI.json
data\raw_audio\rCsV8trcKqI.wav	440.68	446.44	cái cháu hoa cúc còn nở rất là rực rỡ. Đó là nguyên nhân mà tại vì sao mà Hoa	@HUE	data\processed_transcripts\rCsV8trcKqI.json
data\raw_audio\rCsV8trcKqI.wav	446.44	451.879	Cúc luôn là một cái sự lựa chọn tuyệt đối trong những ngày Tết mà bà con muốn	@HUE	data\processed_transcripts\rCsV8trcKqI.json
data\raw_audio\rCsV8trcKqI.wav	451.879	456.8	à mua ở chợ Hoa Tết. Chính vì thế mà năm nay thì em thấy quý vị cũng thể thấy là	@HUE	data\processed_transcripts\rCsV8trcKqI.json
data\raw_audio\rCsV8trcKqI.wav	456.8	464.56	chợ Hoa Tết vừa rồi đó thì cũng à đã bán hết rất là sớm	@HUE	data\processed_transcripts\rCsV8trcKqI.json
data\raw_audio\rCsV8trcKqI.wav	464.56	469.879	và đương nhiên thì nhắc với bờ Nam thì không thể quên chợ ăn cụ một trong những	@HUE	data\processed_transcripts\rCsV8trcKqI.json
data\raw_audio\rCsV8trcKqI.wav	469.879	477.159	cái ngôi chợ lớn nhất bờ Nam. à chợ ăn cựu trong những ngày đầu năm à	@HUE	data\processed_transcripts\rCsV8trcKqI.json
data\raw_audio\rCsV8trcKqI.wav	477.159	484.0	thì cũng buôn bán rộn ràng. Những tiệm vàng thì vẫn sặc sỡ rực rỡ. Bà con đi	@HUE	data\processed_transcripts\rCsV8trcKqI.json
data\raw_audio\rCsV8trcKqI.wav	484.0	490.759	chợ cũng rất là đông mặc dù là đã gần trưa	@HUE	data\processed_transcripts\rCsV8trcKqI.json
data\raw_audio\rCsV8trcKqI.wav	490.759	498.039	thì ngày mai là ngày rằm tháng giêng rồi đó thì bà con cũng đi chợ để mua hoa	@HUE	data\processed_transcripts\rCsV8trcKqI.json
data\raw_audio\rCsV8trcKqI.wav	498.039	506.56	cũng rầm đó. mới đó mà đã qua Tết nửa tháng rồi nha quý vị.	@HUE	data\processed_transcripts\rCsV8trcKqI.json
data\raw_audio\rCsV8trcKqI.wav	506.56	511.919	Thời gian trôi rất là nhanh và cuộc sống thì diễn ra liên tục liên tục như thế.	@HUE	data\processed_transcripts\rCsV8trcKqI.json
data\raw_audio\rCsV8trcKqI.wav	511.919	517.839	Tuy nhiên có một sự tồn tại mà nó luôn bền vững và thời gian đó là vẻ đẹp của	@HUE	data\processed_transcripts\rCsV8trcKqI.json
data\raw_audio\rCsV8trcKqI.wav	517.839	524.6	Huế. Vẻ đẹp của Huế thì không nơi nào có được và nó đã đi vào thi ca, nó đã đi	@HUE	data\processed_transcripts\rCsV8trcKqI.json
data\raw_audio\rCsV8trcKqI.wav	524.6	532.0	vào âm nhạc. Và đương nhiên thì những bà con mà đã	@HUE	data\processed_transcripts\rCsV8trcKqI.json
data\raw_audio\rCsV8trcKqI.wav	532.0	538.48	rời xa quê hương lâu năm thì không thể không	@HUE	data\processed_transcripts\rCsV8trcKqI.json
data\raw_audio\rCsV8trcKqI.wav	538.48	545.36	à theo dõi từng cái thay đổi của Huế bởi vì bây giờ nó khác xưa rất là nhiều. Vẻ	@HUE	data\processed_transcripts\rCsV8trcKqI.json
data\raw_audio\rCsV8trcKqI.wav	545.36	551.92	đẹp, nó có một cái gì đó pha lửng sự hiện đại nhưng mà vẫn giữ trong à	@HUE	data\processed_transcripts\rCsV8trcKqI.json
data\raw_audio\rCsV8trcKqI.wav	551.92	559.92	lòng những cái sự truyền thống cổ điện. Rất là Huế đấy. Giữ chút gì rất Huế đi	@HUE	data\processed_transcripts\rCsV8trcKqI.json
data\raw_audio\rCsV8trcKqI.wav	559.92	565.279	em. Và đây chính là nét đẹp đó của Huế. Những ngôi chợ	@HUE	data\processed_transcripts\rCsV8trcKqI.json
data\raw_audio\rCsV8trcKqI.wav	565.279	573.48	giống như chợ quê trong lòng thành phố. Một cái nét đẹp mà không pha lửng vào	@HUE	data\processed_transcripts\rCsV8trcKqI.json
data\raw_audio\rCsV8trcKqI.wav	573.48	579.68	bất cứ một nơi nào trên đất nước Việt Nam.	@HUE	data\processed_transcripts\rCsV8trcKqI.json
data\raw_audio\rCsV8trcKqI.wav	579.88	584.36	Đó là nguyên nhân tại vì sao mà em cũng muốn gửi đến cho quý vị những hình ảnh	@HUE	data\processed_transcripts\rCsV8trcKqI.json
data\raw_audio\rCsV8trcKqI.wav	584.36	591.16	về Huế sau Tết. trong đó phải ghé tất cả các chợ để cập nhật cho quý vị. Thì sắp	@HUE	data\processed_transcripts\rCsV8trcKqI.json
data\raw_audio\rCsV8trcKqI.wav	591.16	596.68	tới em cũng sẽ có một cái series làm về chợ Huế. Thì mong bà con chúng ta ủng hộ	@HUE	data\processed_transcripts\rCsV8trcKqI.json
data\raw_audio\rCsV8trcKqI.wav	596.68	600.92	theo dõi. Đây là đường Hà Tập à một trong những	@HUE	data\processed_transcripts\rCsV8trcKqI.json
data\raw_audio\rCsV8trcKqI.wav	600.92	606.24	cái con đường cũng có thay đổi rất lớn. Bây giờ quý vị thấy là cũng có rất nhiều	@HUE	data\processed_transcripts\rCsV8trcKqI.json
data\raw_audio\rCsV8trcKqI.wav	606.24	613.04	những cái quán xá à mọc lên quanh cái khu vực đường hào y tập này và đặc biệt	@HUE	data\processed_transcripts\rCsV8trcKqI.json
data\raw_audio\rCsV8trcKqI.wav	613.04	620.2	là chuẩn bị chúng ta được khánh thành một trong những cái quảng trường lớn	@HUE	data\processed_transcripts\rCsV8trcKqI.json
data\raw_audio\rCsV8trcKqI.wav	620.2	624.519	nhất sử Huế quảng trường văn hóa thể thao thành phố với tổng vốn đầu tư gần	@HUE	data\processed_transcripts\rCsV8trcKqI.json
data\raw_audio\rCsV8trcKqI.wav	624.519	629.8	200 tỷ đồng và theo như dự kiến thì tháng ba này là	@HUE	data\processed_transcripts\rCsV8trcKqI.json
data\raw_audio\rCsV8trcKqI.wav	629.8	635.68	sẽ khánh thành tuy nhiên em thấy là hiện tại cái tòa nhà trung tâm thì vẫn còn	@HUE	data\processed_transcripts\rCsV8trcKqI.json
data\raw_audio\rCsV8trcKqI.wav	635.68	642.399	ngủ ngang đấy, chưa có cái sự à thay đổi nào lớn.	@HUE	data\processed_transcripts\rCsV8trcKqI.json
data\raw_audio\rCsV8trcKqI.wav	645.32	653.04	Tuy nhiên hy vọng rằng thì cũng sẽ sớm khảnh thành cái khu vực quảng trường này	@HUE	data\processed_transcripts\rCsV8trcKqI.json
data\raw_audio\rCsV8trcKqI.wav	653.04	659.959	và nhà trung tâm này để à tôn lên cái vẻ đẹp của một cái quảng	@HUE	data\processed_transcripts\rCsV8trcKqI.json
data\raw_audio\rCsV8trcKqI.wav	659.959	667.519	trường với tỷ giá gần 200 tỷ đồng. Ấy thì vừa rồi trong một cái buổi sáng	@HUE	data\processed_transcripts\rCsV8trcKqI.json
data\raw_audio\rCsV8trcKqI.wav	667.519	672.399	ngày đầu tuần đầu tháng à thì em cũng gửi đến cho quý vị một vài	@HUE	data\processed_transcripts\rCsV8trcKqI.json
data\raw_audio\rCsV8trcKqI.wav	672.399	678.88	hình ảnh đường phố cũng như là những cái dự án đang thi công sắp khắnh thành. Thì	@HUE	data\processed_transcripts\rCsV8trcKqI.json
data\raw_audio\rCsV8trcKqI.wav	678.88	683.56	mong quý vị chúng ta vào xem, like, chia sẻ và đăng ký kênh Huế hôm nay để có thể	@HUE	data\processed_transcripts\rCsV8trcKqI.json
data\raw_audio\rCsV8trcKqI.wav	683.56	686.8	tiếp tục cập nhật những hình ảnh mới nhất về Huế.	@HUE	data\processed_transcripts\rCsV8trcKqI.json
data\raw_audio\rCsV8trcKqI.wav	686.8	691.04	Và quý vị có yêu cầu gì thì cũng đừng quên bình luận dưới phần comment để cho	@HUE	data\processed_transcripts\rCsV8trcKqI.json
data\raw_audio\rCsV8trcKqI.wav	691.04	697.68	em có thể tiếp thu và thực hiện theo yêu cầu của quý vị nhé. Còn bây giờ kính	@HUE	data\processed_transcripts\rCsV8trcKqI.json
data\raw_audio\rCsV8trcKqI.wav	697.68	702.04	chúc quý vị xem video thật là vui vẻ. Xin chào và hẹn gặp lại quý vị ở những	@HUE	data\processed_transcripts\rCsV8trcKqI.json
data\raw_audio\rCsV8trcKqI.wav	702.04	704.56	video tiếp theo.	@HUE	data\processed_transcripts\rCsV8trcKqI.json
data\raw_audio\tjllnJX0Bc4.wav	0.16	4.16	Hủy review tìm hiểu thì nhìn như là chỉ có duy nhất một cái con đường này để qua	@HUE	data\processed_transcripts\tjllnJX0Bc4.json
data\raw_audio\tjllnJX0Bc4.wav	4.16	7.64	thôi. Ồ không biết tình hình là có đi qua được	@HUE	data\processed_transcripts\tjllnJX0Bc4.json
data\raw_audio\tjllnJX0Bc4.wav	7.64	10.759	hay không. Nếu như không qua được thì chắc cũng	@HUE	data\processed_transcripts\tjllnJX0Bc4.json
data\raw_audio\tjllnJX0Bc4.wav	14.36	20.24	không dám quay đâu quý vị. Đường này rất là nguy hiểm luôn. Wow.	@HUE	data\processed_transcripts\tjllnJX0Bc4.json
data\raw_audio\tjllnJX0Bc4.wav	20.24	25.08	Và chúng ta phải vượt qua thêm một cái, chúng ta phải vượt qua thêm một cái rừng	@HUE	data\processed_transcripts\tjllnJX0Bc4.json
data\raw_audio\tjllnJX0Bc4.wav	25.08	29.84	keo nữa. Ồ	@HUE	data\processed_transcripts\tjllnJX0Bc4.json
data\raw_audio\tjllnJX0Bc4.wav	29.84	35.719	đây quý vị thấy cái ngôi lăng mộ nó nằm ở đây rồi. Mến chào quý vị đã quay trở	@HUE	data\processed_transcripts\tjllnJX0Bc4.json
data\raw_audio\tjllnJX0Bc4.wav	35.719	38.8	lại với Huế Review. Quý vị và các bạn thân mến, hiện tại thì Huế Review đang	@HUE	data\processed_transcripts\tjllnJX0Bc4.json
data\raw_audio\tjllnJX0Bc4.wav	38.8	44.079	đứng ở bờ sông Hương và phía trên kia chính là chúng ta sẽ đi lên cầu tuần	@HUE	data\processed_transcripts\tjllnJX0Bc4.json
data\raw_audio\tjllnJX0Bc4.wav	44.079	48.239	thưa quý vị. Và cái phía này chính là lăng cơ thánh tức là hay người ta còn	@HUE	data\processed_transcripts\tjllnJX0Bc4.json
data\raw_audio\tjllnJX0Bc4.wav	48.239	53.44	gọi là lăng sọ. Đây chính là cái ngôi lăng mộ mà người thân sinh ra vua Gia	@HUE	data\processed_transcripts\tjllnJX0Bc4.json
data\raw_audio\tjllnJX0Bc4.wav	53.44	57.64	Long thưa quý vị. Tuy nhiên thì hôm nay Huế Review không phải quay lăng sọ cũng	@HUE	data\processed_transcripts\tjllnJX0Bc4.json
data\raw_audio\tjllnJX0Bc4.wav	57.64	62.12	không phải là lăng cơ thánh mà tại vì là cái con đường này chính là một cái con	@HUE	data\processed_transcripts\tjllnJX0Bc4.json
data\raw_audio\tjllnJX0Bc4.wav	62.12	65.88	đường dẫn chúng ta sẽ đi khám phá một cái lăng của vị chúa thứ hai của nhà	@HUE	data\processed_transcripts\tjllnJX0Bc4.json
data\raw_audio\tjllnJX0Bc4.wav	65.88	69.24	Nguyễn đó chính là chúa Nguyễn Phúc Nguyên. Có một số quý vị là hỏi thời	@HUE	data\processed_transcripts\tjllnJX0Bc4.json
data\raw_audio\tjllnJX0Bc4.wav	69.24	73.56	gian vừa rồi sao lại ít đăng video vậy? Thì thật ra mà nói là do cái quá trình	@HUE	data\processed_transcripts\tjllnJX0Bc4.json
data\raw_audio\tjllnJX0Bc4.wav	73.56	77.92	mà đi lội nắng cũng như là đi quay rất nhiều cái lăng trước kia thì Huế Review	@HUE	data\processed_transcripts\tjllnJX0Bc4.json
data\raw_audio\tjllnJX0Bc4.wav	77.92	84.119	có không khỏe trong người. Chính vì vậy mà vừa vừa rồi là cũng nghỉ mấy ngày và	@HUE	data\processed_transcripts\tjllnJX0Bc4.json
data\raw_audio\tjllnJX0Bc4.wav	84.119	88.96	cảm ơn những cái quý vị đã hỏi thăm sức khỏe của Huy Review trong thời gian qua.	@HUE	data\processed_transcripts\tjllnJX0Bc4.json
data\raw_audio\tjllnJX0Bc4.wav	88.96	93.84	Và hôm nay sau khi khỏe lại thì tôi đã tiến hành đi quay à tiếp cái ngôi lăng	@HUE	data\processed_transcripts\tjllnJX0Bc4.json
data\raw_audio\tjllnJX0Bc4.wav	93.84	99.399	mộ của cái chuỗi series chín chúa. Theo như tôi định vị thì cái lăng của chú	@HUE	data\processed_transcripts\tjllnJX0Bc4.json
data\raw_audio\tjllnJX0Bc4.wav	99.399	103.04	Nguyễn Phúc Nguyên nó nằm ở phía đối diện của cái bờ sông này. Đó là tính là	@HUE	data\processed_transcripts\tjllnJX0Bc4.json
data\raw_audio\tjllnJX0Bc4.wav	103.04	107.28	phía bên kia thuộc cái địa phận là hải cát. Và bây giờ chúng ta sẽ đi tìm ngôi	@HUE	data\processed_transcripts\tjllnJX0Bc4.json
data\raw_audio\tjllnJX0Bc4.wav	107.28	112.88	lăng mộ của ngài xem thử là có đối diện được với cái khu vực này hay không hay	@HUE	data\processed_transcripts\tjllnJX0Bc4.json
data\raw_audio\tjllnJX0Bc4.wav	112.88	118.399	là tôi định vị sai. Và không để quý vị chờ lâu, mời quý vị theo chân Huế Review	@HUE	data\processed_transcripts\tjllnJX0Bc4.json
data\raw_audio\tjllnJX0Bc4.wav	118.399	124.0	chúng ta cùng khám phá ngôi lăng ngộ của vị chú thứ hai của nhà Nguyễn. có thể	@HUE	data\processed_transcripts\tjllnJX0Bc4.json
data\raw_audio\tjllnJX0Bc4.wav	124.0	129.119	nói có rất nhiều cái bí ẩn và rất nhiều cái điều thú vị nằm phía sau cái ngôi	@HUE	data\processed_transcripts\tjllnJX0Bc4.json
data\raw_audio\tjllnJX0Bc4.wav	129.119	134.28	lăng mộ này. Xin kính mời quý vị. Vâng c kính thưa quý vị thì hiện tại tôi	@HUE	data\processed_transcripts\tjllnJX0Bc4.json
data\raw_audio\tjllnJX0Bc4.wav	148.64	155.36	đang có mặt ở ngay cái thôn Hải Cát đây quý vị. thì không hải cát thuộc xã Hương	@HUE	data\processed_transcripts\tjllnJX0Bc4.json
data\raw_audio\tjllnJX0Bc4.wav	155.36	159.44	Khó, thị xã Hương Trà, tỉnh Thư Thiên Huế. Và cái con đường này sẽ dẫn chúng	@HUE	data\processed_transcripts\tjllnJX0Bc4.json
data\raw_audio\tjllnJX0Bc4.wav	159.44	165.28	ta đến ngôi lăng mộ của chúa sải Nguyễn Phúc Nguyên có tên gọi là lăng Trường	@HUE	data\processed_transcripts\tjllnJX0Bc4.json
data\raw_audio\tjllnJX0Bc4.wav	165.28	170.879	Diễn. Và quý vị thấy thì cái ngôi làng này có lạc bên bờ sâ hương nhìn khung	@HUE	data\processed_transcripts\tjllnJX0Bc4.json
data\raw_audio\tjllnJX0Bc4.wav	170.879	175.239	cảnh thì thật là nên thơ. Nếu như chỗ quý vị nhìn qua phía bên kia thì chúng	@HUE	data\processed_transcripts\tjllnJX0Bc4.json
data\raw_audio\tjllnJX0Bc4.wav	175.239	181.08	ta có thể thấy là cái đường đi lên phía cầu tùm. Đấy,	@HUE	data\processed_transcripts\tjllnJX0Bc4.json
data\raw_audio\tjllnJX0Bc4.wav	181.08	186.44	ở đây thì đường xá nhìn cũng rất là đẹp đây quý vị.	@HUE	data\processed_transcripts\tjllnJX0Bc4.json
data\raw_audio\tjllnJX0Bc4.wav	186.44	191.68	Đấy, những cái hàng cây hai bên là những con đường làng có thể nói thì ở Huế là	@HUE	data\processed_transcripts\tjllnJX0Bc4.json
data\raw_audio\tjllnJX0Bc4.wav	191.68	197.799	những cái khung cảnh làng quê thì rất là êm dễu và cũng rất là thơ mỏng. Và nếu	@HUE	data\processed_transcripts\tjllnJX0Bc4.json
data\raw_audio\tjllnJX0Bc4.wav	197.799	202.72	như mà quý vị đến Huế rồi thì rõ ràng là quý vị sẽ không thể quên được những cái	@HUE	data\processed_transcripts\tjllnJX0Bc4.json
data\raw_audio\tjllnJX0Bc4.wav	202.72	207.28	con đường làng như thế này. Đặc biệt thì cái dòng sông Hương Thơ Mộng, một cái	@HUE	data\processed_transcripts\tjllnJX0Bc4.json
data\raw_audio\tjllnJX0Bc4.wav	207.28	213.12	dòng sông Hương huyền thoại đó. Và trước giờ thì chúng ta	@HUE	data\processed_transcripts\tjllnJX0Bc4.json
data\raw_audio\tjllnJX0Bc4.wav	213.12	218.56	chỉ ở cái khu vực à hạ lưu của sông Hương nhưng mà bây giờ ở	@HUE	data\processed_transcripts\tjllnJX0Bc4.json
data\raw_audio\tjllnJX0Bc4.wav	218.56	223.159	đây là thuộc khu vực thường lưu. Thì con đường này sẽ dẫn đến một cái	@HUE	data\processed_transcripts\tjllnJX0Bc4.json
data\raw_audio\tjllnJX0Bc4.wav	223.159	228.04	cánh đồng rất là lớn. Và trong cái cản đồng đó thì đi vào cái ngôi lăng ngộ	@HUE	data\processed_transcripts\tjllnJX0Bc4.json
data\raw_audio\tjllnJX0Bc4.wav	228.04	232.76	theo như Huế Review tìm hiểu thì vào cái ngôi lăng trường diện á thì cũng rất là	@HUE	data\processed_transcripts\tjllnJX0Bc4.json
data\raw_audio\tjllnJX0Bc4.wav	232.76	237.319	khó đi. Đấy, nhìn khung cảnh ở đây thì quý vị cũng à	@HUE	data\processed_transcripts\tjllnJX0Bc4.json
data\raw_audio\tjllnJX0Bc4.wav	240.72	245.439	có thể thấy rõ rằng là người dân à sống trong cái không khí rất	@HUE	data\processed_transcripts\tjllnJX0Bc4.json
data\raw_audio\tjllnJX0Bc4.wav	245.439	251.439	là yên bình. Con đường này cũng dẫn chúng ta đến điểm hòn chén thô quý vị.	@HUE	data\processed_transcripts\tjllnJX0Bc4.json
data\raw_audio\tjllnJX0Bc4.wav	251.439	255.959	vào những cái ngày tháng 3 âm lịch hay là những cái ngày tháng bả người ta gọi	@HUE	data\processed_transcripts\tjllnJX0Bc4.json
data\raw_audio\tjllnJX0Bc4.wav	255.959	263.72	là tháng bả vía cha tháng ba vía mẹ thì ở khu vực làng hải cát thường tổ chức à	@HUE	data\processed_transcripts\tjllnJX0Bc4.json
data\raw_audio\tjllnJX0Bc4.wav	263.72	269.56	cái lễ hội đi hòng chén một cái lễ hội có thể nói là tâm linh lớn nhất của Việt	@HUE	data\processed_transcripts\tjllnJX0Bc4.json
data\raw_audio\tjllnJX0Bc4.wav	269.56	272.56	Nam ở đây là cái khu vực à	@HUE	data\processed_transcripts\tjllnJX0Bc4.json
data\raw_audio\tjllnJX0Bc4.wav	281.12	287.88	đinh làng Hải Cát đây quý vị. Đấy, một cái đinh làng rất là đẹp và cũng có rất	@HUE	data\processed_transcripts\tjllnJX0Bc4.json
data\raw_audio\tjllnJX0Bc4.wav	287.88	292.72	nhiều cái sự tích quanh cái ngôi đình làng này.	@HUE	data\processed_transcripts\tjllnJX0Bc4.json
data\raw_audio\tjllnJX0Bc4.wav	292.72	296.6	Do là hôm nay cái con đường này là dẫn chúng ta đến một cái ngôi lăng mộ của vị	@HUE	data\processed_transcripts\tjllnJX0Bc4.json
data\raw_audio\tjllnJX0Bc4.wav	296.6	302.4	trú thứ hai. Chính vì vậy mà Huế Riew cũng luôn tiện muốn quay cho quý vị xem	@HUE	data\processed_transcripts\tjllnJX0Bc4.json
data\raw_audio\tjllnJX0Bc4.wav	302.4	307.84	cái khung cảnh đường làng ở cái phía thượng nguồn sông Hương	@HUE	data\processed_transcripts\tjllnJX0Bc4.json
data\raw_audio\tjllnJX0Bc4.wav	307.84	312.52	đó. những cái lũ t làng nhìn rất là đẹp. Thời tiết hôm nay cũng khá là âm u thưa	@HUE	data\processed_transcripts\tjllnJX0Bc4.json
data\raw_audio\tjllnJX0Bc4.wav	315.039	320.0	quý vị. Đấy, Huế Review đi nhưng mà thực sự cũng	@HUE	data\processed_transcripts\tjllnJX0Bc4.json
data\raw_audio\tjllnJX0Bc4.wav	320.0	325.919	rất là sợ là sẽ gặp mưa. Nhưng mà vì lâu ngày rồi không có đăng	@HUE	data\processed_transcripts\tjllnJX0Bc4.json
data\raw_audio\tjllnJX0Bc4.wav	325.919	330.6	video chính vì vậy mà cũng có nhiều quý vị là	@HUE	data\processed_transcripts\tjllnJX0Bc4.json
data\raw_audio\tjllnJX0Bc4.wav	330.6	335.479	muốn xem video của Huế Review. Do đó là hôm nay bất chấp dù có mưa như thế nào	@HUE	data\processed_transcripts\tjllnJX0Bc4.json
data\raw_audio\tjllnJX0Bc4.wav	335.479	341.44	thì Huế Review cũng sẽ cố gắng. để tìm đến cái ngôi lăng mộ của vị trú thứ hai	@HUE	data\processed_transcripts\tjllnJX0Bc4.json
data\raw_audio\tjllnJX0Bc4.wav	341.44	347.52	đấy trong cái series chuỗi tìm kiếm lăng mộ của chín chú Nguyễn	@HUE	data\processed_transcripts\tjllnJX0Bc4.json
data\raw_audio\tjllnJX0Bc4.wav	347.52	353.12	đây cũng có lẽ là lần đầu tiên để review đến cái ngôi lăng mù này do đó là phải	@HUE	data\processed_transcripts\tjllnJX0Bc4.json
data\raw_audio\tjllnJX0Bc4.wav	353.12	358.6	trải qua một cái quá trình tìm kiếp sau đó mong quý vị cùng theo chân huế đ	@HUE	data\processed_transcripts\tjllnJX0Bc4.json
data\raw_audio\tjllnJX0Bc4.wav	358.6	363.36	video việ chúng ta khám phá và tìm kiếm cái ngôi lă mộ	@HUE	data\processed_transcripts\tjllnJX0Bc4.json
data\raw_audio\tjllnJX0Bc4.wav	363.36	367.52	như như là chúng ta đã đến cái khu vực đối diện với cái lăng a cơ thánh nằm	@HUE	data\processed_transcripts\tjllnJX0Bc4.json
data\raw_audio\tjllnJX0Bc4.wav	367.52	371.84	phía bên kia quý vị này. Đấy và dường như là ngôi lăng mộ nó nằm ở đâu quanh	@HUE	data\processed_transcripts\tjllnJX0Bc4.json
data\raw_audio\tjllnJX0Bc4.wav	371.84	377.08	khu vực này. Thế thì vi sẽ check lại bảng đồ để xem	@HUE	data\processed_transcripts\tjllnJX0Bc4.json
data\raw_audio\tjllnJX0Bc4.wav	377.08	382.44	thử nó nằm ở đâu quan cái khu vực này nha quý vị. À nhìn ra cái bờ sông Hương	@HUE	data\processed_transcripts\tjllnJX0Bc4.json
data\raw_audio\tjllnJX0Bc4.wav	382.44	386.96	nhìn rất là đẹp luôn quý vị. Phung cảnh rất là tuyệt vời.	@HUE	data\processed_transcripts\tjllnJX0Bc4.json
data\raw_audio\tjllnJX0Bc4.wav	386.96	391.4	Nhìn rất là hùng vị luôn. Nhưng như ở đây là cũng có đang thi công	@HUE	data\processed_transcripts\tjllnJX0Bc4.json
data\raw_audio\tjllnJX0Bc4.wav	391.4	396.639	một cái công trình gì đây. Đấy,	@HUE	data\processed_transcripts\tjllnJX0Bc4.json
data\raw_audio\tjllnJX0Bc4.wav	396.639	403.88	những chiếc xe tại cửa lớn đang chuyên trở đất.	@HUE	data\processed_transcripts\tjllnJX0Bc4.json
data\raw_audio\tjllnJX0Bc4.wav	407.28	411.0	Nhưng như nó nằm cái lăng mộ mà nếu như theo định vị thì nó sẽ nằm đâu ở phía	@HUE	data\processed_transcripts\tjllnJX0Bc4.json
data\raw_audio\tjllnJX0Bc4.wav	411.0	416.039	đăng kia quý vị. Bên kia chính là	@HUE	data\processed_transcripts\tjllnJX0Bc4.json
data\raw_audio\tjllnJX0Bc4.wav	416.039	419.879	cái lăng sổ. Cái vị trí lúc nãy mà Huế Review đứng là	@HUE	data\processed_transcripts\tjllnJX0Bc4.json
data\raw_audio\tjllnJX0Bc4.wav	419.879	424.759	ở đường này quý vị. Một con đường quá đẹp quý vị. Thực sự mà	@HUE	data\processed_transcripts\tjllnJX0Bc4.json
data\raw_audio\tjllnJX0Bc4.wav	428.72	433.56	nói luôn quá đẹp. Ở đây nhà cửa của bà con thì nhìn cũng	@HUE	data\processed_transcripts\tjllnJX0Bc4.json
data\raw_audio\tjllnJX0Bc4.wav	433.56	438.919	rất là cao, cái móng rất là cao. Ở đây thì Huế Ria cũng thấy có nhiều	@HUE	data\processed_transcripts\tjllnJX0Bc4.json
data\raw_audio\tjllnJX0Bc4.wav	444.479	448.8	miếu mổ, nhiều cái miếu, những con đường rất là đẹp.	@HUE	data\processed_transcripts\tjllnJX0Bc4.json
data\raw_audio\tjllnJX0Bc4.wav	457.879	461.759	Không biết nó có nằm quanh khu vực này hay không. Bây giờ chúng ta sẽ chét bạc	@HUE	data\processed_transcripts\tjllnJX0Bc4.json
data\raw_audio\tjllnJX0Bc4.wav	461.759	465.319	đồ xem như thế nào. Vâng kính thưa quý vị thì theo như định	@HUE	data\processed_transcripts\tjllnJX0Bc4.json
data\raw_audio\tjllnJX0Bc4.wav	467.56	471.319	vị thì cái ngôi lăng mộ của chúng ta là ngôi lăng trường diễn nó sẽ nằm theo cái	@HUE	data\processed_transcripts\tjllnJX0Bc4.json
data\raw_audio\tjllnJX0Bc4.wav	471.319	475.039	đường này. Và ở đây là xung quanh là quý vị thấy là có nhà của người dân ở đây	@HUE	data\processed_transcripts\tjllnJX0Bc4.json
data\raw_audio\tjllnJX0Bc4.wav	475.039	480.479	này. Do đó là Huy Vi gửi xe ở đây và sẽ băng theo cái con đường này để chúng ta	@HUE	data\processed_transcripts\tjllnJX0Bc4.json
data\raw_audio\tjllnJX0Bc4.wav	480.479	485.479	di chuyển đến ngôi long mổ. Đó	@HUE	data\processed_transcripts\tjllnJX0Bc4.json
data\raw_audio\tjllnJX0Bc4.wav	485.479	490.879	một cái con đường chúng ta phải đi bộ vào một đoạn mới tới lăng mộ được quý	@HUE	data\processed_transcripts\tjllnJX0Bc4.json
data\raw_audio\tjllnJX0Bc4.wav	490.879	493.879	vị. Nhìn như là ở đây con đường này là cũng	@HUE	data\processed_transcripts\tjllnJX0Bc4.json
data\raw_audio\tjllnJX0Bc4.wav	498.44	504.08	có cây cối bằng rừng đây quý vị.	@HUE	data\processed_transcripts\tjllnJX0Bc4.json
data\raw_audio\tjllnJX0Bc4.wav	504.08	508.24	Thì không biết cái con đường này là cái con đường đã được tối ưu hóa chưa? Không	@HUE	data\processed_transcripts\tjllnJX0Bc4.json
data\raw_audio\tjllnJX0Bc4.wav	508.24	511.759	biết là cái con đường này con đường ngắn nhất chưa? Nhưng mà theo như Huế Review	@HUE	data\processed_transcripts\tjllnJX0Bc4.json
data\raw_audio\tjllnJX0Bc4.wav	511.759	518.36	thì à Huế Review sẽ đi cái con đường này để qua cái ngôi lăng mộ đó.	@HUE	data\processed_transcripts\tjllnJX0Bc4.json
data\raw_audio\tjllnJX0Bc4.wav	519.599	524.839	Hiện tại thì bên này là đang dự định làm con đường mở để đi qua thôi quý vị này.	@HUE	data\processed_transcripts\tjllnJX0Bc4.json
data\raw_audio\tjllnJX0Bc4.wav	524.839	529.56	Nhưng mà quý vị thấy là ở đây dường như là Thủy review tìm hiểu thì nhìn như là	@HUE	data\processed_transcripts\tjllnJX0Bc4.json
data\raw_audio\tjllnJX0Bc4.wav	529.56	535.32	chỉ có duy nhất một cái con đường này để qua thôi. Do đó là đ phải phải chấp nhận	@HUE	data\processed_transcripts\tjllnJX0Bc4.json
data\raw_audio\tjllnJX0Bc4.wav	535.32	541.2	là để à lừng mò xem thử. Ui giờ bây giờ cy cối nó tm lm tm lá	@HUE	data\processed_transcripts\tjllnJX0Bc4.json
data\raw_audio\tjllnJX0Bc4.wav	541.2	544.56	luôn quý vị này. Ồ	@HUE	data\processed_transcripts\tjllnJX0Bc4.json
data\raw_audio\tjllnJX0Bc4.wav	547.48	551.959	không biết tần hình là có đi qua được hay không.	@HUE	data\processed_transcripts\tjllnJX0Bc4.json
data\raw_audio\tjllnJX0Bc4.wav	554.32	558.12	Nếu như không qua được thì chắc cũng không dám quay đâu quý vị. Đường này rất	@HUE	data\processed_transcripts\tjllnJX0Bc4.json
data\raw_audio\tjllnJX0Bc4.wav	558.12	562.88	là nguy hiểm luôn. Wow. Wow.	@HUE	data\processed_transcripts\tjllnJX0Bc4.json
data\raw_audio\tjllnJX0Bc4.wav	565.12	569.36	Nhưng như ở đây là có một cái con suối. Có một cái con suối nhưng mà bây giờ nó	@HUE	data\processed_transcripts\tjllnJX0Bc4.json
data\raw_audio\tjllnJX0Bc4.wav	569.36	574.56	cũng đã bị dập luôn rồi. Wow,	@HUE	data\processed_transcripts\tjllnJX0Bc4.json
data\raw_audio\tjllnJX0Bc4.wav	579.44	586.24	khá là giang n quý vị. Chúng ta sẽ đạp lên cỏ đi thôi.	@HUE	data\processed_transcripts\tjllnJX0Bc4.json
data\raw_audio\tjllnJX0Bc4.wav	586.24	591.56	Bây giờ chỉ cần vượt qua cái đoạn này là có thể qua được.	@HUE	data\processed_transcripts\tjllnJX0Bc4.json
data\raw_audio\tjllnJX0Bc4.wav	595.959	601.04	Ô đi được quý vị không biết là đi cái hộ lỗi này như thế	@HUE	data\processed_transcripts\tjllnJX0Bc4.json
data\raw_audio\tjllnJX0Bc4.wav	601.04	607.24	nào. Hình như có người cũng mở lỗi cái đường này để đi rồi.	@HUE	data\processed_transcripts\tjllnJX0Bc4.json
data\raw_audio\tjllnJX0Bc4.wav	607.36	610.36	Wow lăng mà nằm ở vị thế nó như thế này mà	@HUE	data\processed_transcripts\tjllnJX0Bc4.json
data\raw_audio\tjllnJX0Bc4.wav	612.92	617.2	nếu như không làm đường thì chắc cũng không ai dám đến để đi tham quan luôn	@HUE	data\processed_transcripts\tjllnJX0Bc4.json
data\raw_audio\tjllnJX0Bc4.wav	617.2	622.279	quý vị ơi. Và chúng ta phải vượt qua thêm một cái,	@HUE	data\processed_transcripts\tjllnJX0Bc4.json
data\raw_audio\tjllnJX0Bc4.wav	622.279	625.24	chúng ta phải vượt qua thêm một cái rừng keo nữa.	@HUE	data\processed_transcripts\tjllnJX0Bc4.json
data\raw_audio\tjllnJX0Bc4.wav	625.24	630.6	Đây quý vị thấy là Huế Review từ sắm cho cái gậy để chống đi luôn này.	@HUE	data\processed_transcripts\tjllnJX0Bc4.json
data\raw_audio\tjllnJX0Bc4.wav	630.6	633.6	Đây đôi đôi giày nó hư rồi. Do đó là cũng	@HUE	data\processed_transcripts\tjllnJX0Bc4.json
data\raw_audio\tjllnJX0Bc4.wav	635.48	638.519	mang theo cái đuôi dép thôi. Quý vị chúng ta phải vượt qua cái rừng keo này	@HUE	data\processed_transcripts\tjllnJX0Bc4.json
data\raw_audio\tjllnJX0Bc4.wav	638.519	644.24	nữa mới có thể tìm qua được cái ngôi lăng mổ.	@HUE	data\processed_transcripts\tjllnJX0Bc4.json
data\raw_audio\tjllnJX0Bc4.wav	650.959	656.6	Thật ra thì có nhiều quý vị nói là quay lăng thôi đừng có quay đường đi.	@HUE	data\processed_transcripts\tjllnJX0Bc4.json
data\raw_audio\tjllnJX0Bc4.wav	656.6	661.12	Nhưng mà thực sự mà nếu như mà quý vị không có coi những cái thử phim này thì	@HUE	data\processed_transcripts\tjllnJX0Bc4.json
data\raw_audio\tjllnJX0Bc4.wav	661.12	667.0	quý vị cũng sẽ không có thể hiểu được là cái việc mà đi tìm những cái ngôi lăng	@HUE	data\processed_transcripts\tjllnJX0Bc4.json
data\raw_audio\tjllnJX0Bc4.wav	667.0	672.079	mộ như thế này nó vất vả như thế nào. Đâu quý vị.	@HUE	data\processed_transcripts\tjllnJX0Bc4.json
data\raw_audio\tjllnJX0Bc4.wav	672.6	678.56	Bởi vậy mà chúng ta phải chấp nhận,	@HUE	data\processed_transcripts\tjllnJX0Bc4.json
data\raw_audio\tjllnJX0Bc4.wav	679.16	686.0	muốn tìm về nguồn cội thì phải chấp nhận thôi quý vị. Đây, ở đây người ta cũng	@HUE	data\processed_transcripts\tjllnJX0Bc4.json
data\raw_audio\tjllnJX0Bc4.wav	686.0	689.92	rào kín lại luôn rồi này. Ồ,	@HUE	data\processed_transcripts\tjllnJX0Bc4.json
data\raw_audio\tjllnJX0Bc4.wav	695.48	699.6	vẫn chưa có lối ra thôi quý vị. Ồ!	@HUE	data\processed_transcripts\tjllnJX0Bc4.json
data\raw_audio\tjllnJX0Bc4.wav	703.04	707.88	Đây quý vị thấy cái ngôi lăng mộ nó nằm ở đây rồi.	@HUE	data\processed_transcripts\tjllnJX0Bc4.json
data\raw_audio\tjllnJX0Bc4.wav	707.88	713.519	Cũng có người mở lối để đi qua khu vực này.	@HUE	data\processed_transcripts\tjllnJX0Bc4.json
data\raw_audio\tjllnJX0Bc4.wav	714.68	719.8	W tiếp tục quý v ơi. Đây	@HUE	data\processed_transcripts\tjllnJX0Bc4.json
data\raw_audio\tjllnJX0Bc4.wav	722.68	727.639	review đã tìm tới ngôi lă mộ rồi quý vị. Quý vị thân mến thì ở đây cũng có rất	@HUE	data\processed_transcripts\tjllnJX0Bc4.json
data\raw_audio\tjllnJX0Bc4.wav	729.72	733.839	nhiều cái lối đi vào nhưng mà rõ ràng thì cái khu vực này cái ngôi lăng mộ của	@HUE	data\processed_transcripts\tjllnJX0Bc4.json
data\raw_audio\tjllnJX0Bc4.wav	733.839	740.639	chúng ta nó nằm ở cái phía khu vực rất là sâu ở phía trong này rất là hẻo lánh	@HUE	data\processed_transcripts\tjllnJX0Bc4.json
data\raw_audio\tjllnJX0Bc4.wav	740.639	745.48	luôn. Đây điều này chứng tỏ là khi mà quá trình tìm ra được cái ngôi lăng mộ	@HUE	data\processed_transcripts\tjllnJX0Bc4.json
data\raw_audio\tjllnJX0Bc4.wav	745.48	751.16	này thì con cháu của Nguyễn Phước Tộc cũng rất là vất vả khi mà	@HUE	data\processed_transcripts\tjllnJX0Bc4.json
data\raw_audio\tjllnJX0Bc4.wav	751.16	755.12	tìm đến và trùng tu cái ngôi lăng mộ này thôi quý vị. Và ngôi lăng mộ này bây giờ	@HUE	data\processed_transcripts\tjllnJX0Bc4.json
data\raw_audio\tjllnJX0Bc4.wav	755.12	758.839	cũng đã được trùng tu. Phần nào	@HUE	data\processed_transcripts\tjllnJX0Bc4.json
data\raw_audio\tjllnJX0Bc4.wav	758.839	766.12	đây? Xin mời quý vị chúng ta có một cái tấm bia trước khi vào lăng mổ. Đấy như	@HUE	data\processed_transcripts\tjllnJX0Bc4.json
data\raw_audio\tjllnJX0Bc4.wav	766.12	770.92	quý vị thấy thì ở đây là có cái bia là Nguyễn Phúc tộc Hệ Ba, Lăng Trường Diễn,	@HUE	data\processed_transcripts\tjllnJX0Bc4.json
data\raw_audio\tjllnJX0Bc4.wav	770.92	776.92	Đức H tông Hiếu Văn Hoàng Đế, Huy là Nguyễn Phúc Nguyên. Năm 1563 đến năm	@HUE	data\processed_transcripts\tjllnJX0Bc4.json
data\raw_audio\tjllnJX0Bc4.wav	776.92	781.199	1635 thời gian trị vị 163 đến 1635 thôi quý	@HUE	data\processed_transcripts\tjllnJX0Bc4.json
data\raw_audio\tjllnJX0Bc4.wav	781.199	786.32	vị. Hội đồng trị sự Nguyễn Phúc Cọc Phùng Lập năm 2004.	@HUE	data\processed_transcripts\tjllnJX0Bc4.json
data\raw_audio\tjllnJX0Bc4.wav	786.32	792.76	Đấy, như vậy là năm 2004 là có trùng tu lại và quý vị thấy cái tấm bia đấy.	@HUE	data\processed_transcripts\tjllnJX0Bc4.json
data\raw_audio\tjllnJX0Bc4.wav	792.76	795.519	Không biết cái chữ này là chữ gì quý vị thì quý vị có thể dịch ra giúp Huy	@HUE	data\processed_transcripts\tjllnJX0Bc4.json
data\raw_audio\tjllnJX0Bc4.wav	795.519	802.56	review. Đây à bia mổ. Đây là cái cái đế bia đó.	@HUE	data\processed_transcripts\tjllnJX0Bc4.json
data\raw_audio\tjllnJX0Bc4.wav	802.56	808.6	Ở đây thì về mặt cấu trúc và kiến trúc thì theo	@HUE	data\processed_transcripts\tjllnJX0Bc4.json
data\raw_audio\tjllnJX0Bc4.wav	808.6	812.959	như Huế R tìm hiểu ngôi làng mộ này cũng khá là giống cái lăng trường cơ chỉ có	@HUE	data\processed_transcripts\tjllnJX0Bc4.json
data\raw_audio\tjllnJX0Bc4.wav	812.959	818.56	một vài khác biệt nhỏ và lát nữa Huế R vi cũng sẽ phân tích cho quý vị xem thì	@HUE	data\processed_transcripts\tjllnJX0Bc4.json
data\raw_audio\tjllnJX0Bc4.wav	818.56	824.839	ở phía ngoài cái bụ thành ngoài là rõ ràng chúng ta thấy là cái cột của cái bụ	@HUE	data\processed_transcripts\tjllnJX0Bc4.json
data\raw_audio\tjllnJX0Bc4.wav	824.839	831.759	thành nó rất là to bên này là đá này đó bộ thần ngoài được xây Đây làm	@HUE	data\processed_transcripts\tjllnJX0Bc4.json
data\raw_audio\tjllnJX0Bc4.wav	831.759	835.88	bằng đá hết quý vị. Ở trên thì được à cái mái vòm là được	@HUE	data\processed_transcripts\tjllnJX0Bc4.json
data\raw_audio\tjllnJX0Bc4.wav	835.88	842.36	xây bằng gạch vô. Tuy nhiên thì bây giờ cũng đã được xi măng hóa.	@HUE	data\processed_transcripts\tjllnJX0Bc4.json
data\raw_audio\tjllnJX0Bc4.wav	842.36	847.88	Sau cái à bũ thành đó chính là cái cổng bũ thành.	@HUE	data\processed_transcripts\tjllnJX0Bc4.json
data\raw_audio\tjllnJX0Bc4.wav	847.88	852.36	Nói về cái mặt cộc bụ thành thì so với lăng trường cơ thì khu vực này vẫn chưa	@HUE	data\processed_transcripts\tjllnJX0Bc4.json
data\raw_audio\tjllnJX0Bc4.wav	852.36	857.0	được trùng tu lại. Đấy, chính vì vậy mà quý vị vẫn có thể thấy được cái nét cổ	@HUE	data\processed_transcripts\tjllnJX0Bc4.json
data\raw_audio\tjllnJX0Bc4.wav	857.0	863.279	xưa và rõ ràng thì cái cổng bũ thành nó cũng rất là đơn giản, không có gì cầu kỳ	@HUE	data\processed_transcripts\tjllnJX0Bc4.json
data\raw_audio\tjllnJX0Bc4.wav	863.279	867.72	phức tạp. những cái hoa văn ở phía trên đó thậm	@HUE	data\processed_transcripts\tjllnJX0Bc4.json
data\raw_audio\tjllnJX0Bc4.wav	867.72	872.639	chí là những cái cách điệu ở phía trên dường như nó cũng đã bị bong tróc rồi.	@HUE	data\processed_transcripts\tjllnJX0Bc4.json
data\raw_audio\tjllnJX0Bc4.wav	872.639	875.839	Không biết có hay không nhưng mà nếu có thì bây giờ nó cũng bị bong tróc và nó	@HUE	data\processed_transcripts\tjllnJX0Bc4.json
data\raw_audio\tjllnJX0Bc4.wav	875.839	881.519	trở thành cái máy bằng rồi quý vị. Các cái ô học thì cũng không có cái gì trang	@HUE	data\processed_transcripts\tjllnJX0Bc4.json
data\raw_audio\tjllnJX0Bc4.wav	881.519	886.92	trí bị biến trong. Hầu hết các cái lăng của chúa đó các cái lăng của chúa Nguyễn	@HUE	data\processed_transcripts\tjllnJX0Bc4.json
data\raw_audio\tjllnJX0Bc4.wav	886.92	891.8	thì đều là như vậy. Quý vị thấy ngày xưa nó cũng có những cái vết sơn đỏ này xe	@HUE	data\processed_transcripts\tjllnJX0Bc4.json
data\raw_audio\tjllnJX0Bc4.wav	891.8	896.959	bằng gạch này. Hôm nay thì rõ ràng là không có chìa khóa.	@HUE	data\processed_transcripts\tjllnJX0Bc4.json
data\raw_audio\tjllnJX0Bc4.wav	896.959	902.68	H review cũng không thể nào vào bên trong. Nhưng mà	@HUE	data\processed_transcripts\tjllnJX0Bc4.json
data\raw_audio\tjllnJX0Bc4.wav	905.12	911.519	nếu mà nhìn sơ bộ phía cái bức bình phong tiện thì cái mặt trước quý vị thấy	@HUE	data\processed_transcripts\tjllnJX0Bc4.json
data\raw_audio\tjllnJX0Bc4.wav	911.519	917.959	là không có cái hình long mã giống như lăng trường cơ. À và rõ ràng là nó không	@HUE	data\processed_transcripts\tjllnJX0Bc4.json
data\raw_audio\tjllnJX0Bc4.wav	917.959	924.959	có cái trang trí gì ở phía trên mặt cả. Đó thì làm thì vật liệu thì được xây	@HUE	data\processed_transcripts\tjllnJX0Bc4.json
data\raw_audio\tjllnJX0Bc4.wav	924.959	929.68	dựng bằng gạch vô. Khác với	@HUE	data\processed_transcripts\tjllnJX0Bc4.json
data\raw_audio\tjllnJX0Bc4.wav	929.68	934.8	cái bổ thần trong của lăng trường cơ thì cái bụ thần trong của lăng trường diễn	@HUE	data\processed_transcripts\tjllnJX0Bc4.json
data\raw_audio\tjllnJX0Bc4.wav	934.8	937.88	nó đủ cũng được làm bằng đá chứ không phải là làm bằng gạch vô như là lăng	@HUE	data\processed_transcripts\tjllnJX0Bc4.json
data\raw_audio\tjllnJX0Bc4.wav	937.88	945.92	trường cơ. Rồi ở đây á là cái chân của bình trước là nó rất là đơn giản	@HUE	data\processed_transcripts\tjllnJX0Bc4.json
data\raw_audio\tjllnJX0Bc4.wav	945.92	952.0	không có cái gì cầu kỳ phức tạp. Bây giờ chúng ta sẽ bay Fly Cam lên cao	@HUE	data\processed_transcripts\tjllnJX0Bc4.json
data\raw_audio\tjllnJX0Bc4.wav	952.0	956.56	để xem thử là có gì bên trong hay không và Huế Review cũng sẽ chia sẻ về tiểu sử	@HUE	data\processed_transcripts\tjllnJX0Bc4.json
data\raw_audio\tjllnJX0Bc4.wav	956.56	960.639	của cái vị chúa thứ hai của nhà Nguyễn này. Xin kính mời quý vị. Kính thưa quý	@HUE	data\processed_transcripts\tjllnJX0Bc4.json
data\raw_audio\tjllnJX0Bc4.wav	960.639	965.759	vị, vừa rồi thì Huế Review cũng đã thấp một cái nén nhang ngay cái chỗ khu vực	@HUE	data\processed_transcripts\tjllnJX0Bc4.json
data\raw_audio\tjllnJX0Bc4.wav	965.759	970.88	bia lăng này để tưởng niệm ngài. Bởi vì bây giờ Huế Review không vào bên trong	@HUE	data\processed_transcripts\tjllnJX0Bc4.json
data\raw_audio\tjllnJX0Bc4.wav	970.88	974.48	được do đó chúng ta chỉ có thể là thấp ở phía ngoài này thôi thôi quý vị. Và bây	@HUE	data\processed_transcripts\tjllnJX0Bc4.json
data\raw_audio\tjllnJX0Bc4.wav	974.48	978.68	giờ chúng ta sẽ bay Fly Gam lên cao xem thử có gì bên trong.	@HUE	data\processed_transcripts\tjllnJX0Bc4.json
data\raw_audio\tjllnJX0Bc4.wav	978.68	983.88	Như quý vị thấy thì sau cái bụ th ngoài đó chính là bức bình phong. Đấy thì cái	@HUE	data\processed_transcripts\tjllnJX0Bc4.json
data\raw_audio\tjllnJX0Bc4.wav	983.88	990.04	bức bình phong này ở phía trên mặt thì cũng không có cái họa tiết gì đáng chú	@HUE	data\processed_transcripts\tjllnJX0Bc4.json
data\raw_audio\tjllnJX0Bc4.wav	990.04	994.0	ý. Sau cái bức bình phong chính là cái bộ thành trong và sau cái bụ thành trong	@HUE	data\processed_transcripts\tjllnJX0Bc4.json
data\raw_audio\tjllnJX0Bc4.wav	994.0	998.48	đó chính là cái ngôi mộ của vị chúa thứ hai của nhà Nguyễn chúa xã Nguyễn Phúc	@HUE	data\processed_transcripts\tjllnJX0Bc4.json
data\raw_audio\tjllnJX0Bc4.wav	998.48	1002.759	Nguyên. Cái năm mộ này nó cũng hai tầng giống	@HUE	data\processed_transcripts\tjllnJX0Bc4.json
data\raw_audio\tjllnJX0Bc4.wav	1002.759	1010.36	như chỗ lăng trường cơ thôi quý vị. Và sau cái nắm mổ đó chính là	@HUE	data\processed_transcripts\tjllnJX0Bc4.json
data\raw_audio\tjllnJX0Bc4.wav	1010.36	1014.199	một bức bình phong của cái bũ thanh ngoài. Nhìn chung thì cấu trúc lăng,	@HUE	data\processed_transcripts\tjllnJX0Bc4.json
data\raw_audio\tjllnJX0Bc4.wav	1014.199	1018.8	kiến trúc lăng rất chi là đơn giản, không có gì phức tạp. Tuy nhiên điều	@HUE	data\processed_transcripts\tjllnJX0Bc4.json
data\raw_audio\tjllnJX0Bc4.wav	1018.8	1023.0	đáng nói ở đây chính là phía sau cái ngôi lăng mùa này là một con người rất	@HUE	data\processed_transcripts\tjllnJX0Bc4.json
data\raw_audio\tjllnJX0Bc4.wav	1023.0	1028.36	là giỏi và rất là được người dân tôn sùng ở cái thời điểm đó. Ông tên thật là	@HUE	data\processed_transcripts\tjllnJX0Bc4.json
data\raw_audio\tjllnJX0Bc4.wav	1028.36	1032.48	Nguyễn Phúc Nguyên, là vị con thứ sáu của chúa Nguyễn Hoàng. Chúa Nguyễn Hoàng	@HUE	data\processed_transcripts\tjllnJX0Bc4.json
data\raw_audio\tjllnJX0Bc4.wav	1032.48	1035.839	là cái người mà nằm trong cái lăng trường cơ mà Huế Review vừa rồi đã quay	@HUE	data\processed_transcripts\tjllnJX0Bc4.json
data\raw_audio\tjllnJX0Bc4.wav	1035.839	1041.679	cho quý vị xem ở video đầu tiên của lăng Chí Chủ Nguyễn. Ngài sinh năm 1563 và	@HUE	data\processed_transcripts\tjllnJX0Bc4.json
data\raw_audio\tjllnJX0Bc4.wav	1041.679	1046.4	mức năm 1635. Năm 1613 thì sau khi mà chỗ tiên Nguyễn	@HUE	data\processed_transcripts\tjllnJX0Bc4.json
data\raw_audio\tjllnJX0Bc4.wav	1046.4	1054.36	Hoàng ôm và muốn tìm người kế vị thì đã gọi ngài từ Quảng Nam để kế vị. Ngài	@HUE	data\processed_transcripts\tjllnJX0Bc4.json
data\raw_audio\tjllnJX0Bc4.wav	1054.36	1056.96	Nguyễn Phúc Nguyên từ nhỏ là một người rất là thông minh, lanh lợi và rất là	@HUE	data\processed_transcripts\tjllnJX0Bc4.json
data\raw_audio\tjllnJX0Bc4.wav	1056.96	1061.76	can đảm. Năm 1585. lúc đó ngài chỉ mới hai mươi mấy tuổi	@HUE	data\processed_transcripts\tjllnJX0Bc4.json
data\raw_audio\tjllnJX0Bc4.wav	1061.76	1069.16	thôi nhưng mà đã chỉ huy à một cái đội quân đánh thắng hai cái chiếc thuyền mà	@HUE	data\processed_transcripts\tjllnJX0Bc4.json
data\raw_audio\tjllnJX0Bc4.wav	1069.16	1074.36	gọi là cướp biển của Nhật và được chủ tiên Nguyễn Hoàng rất là khen ngợi và	@HUE	data\processed_transcripts\tjllnJX0Bc4.json
data\raw_audio\tjllnJX0Bc4.wav	1074.36	1080.28	ngài đã thuốt ra rằng là con ta đúng là anh Kiệt. đến năm 1602	@HUE	data\processed_transcripts\tjllnJX0Bc4.json
data\raw_audio\tjllnJX0Bc4.wav	1080.28	1088.64	đấy thì ngài được cử vào trấn thủ dân Quảng Nam và ngài đã ngày đêm chăm lo	@HUE	data\processed_transcripts\tjllnJX0Bc4.json
data\raw_audio\tjllnJX0Bc4.wav	1088.64	1093.32	việc quân bình cũng như là chăm lo việc cải cách xây dựng quân đội và làm cho	@HUE	data\processed_transcripts\tjllnJX0Bc4.json
data\raw_audio\tjllnJX0Bc4.wav	1093.32	1099.2	chủ tiên Nguyễn Hoàng rất là hài lòng. Đến năm 1613 sau khi kế vị từ chú tiên	@HUE	data\processed_transcripts\tjllnJX0Bc4.json
data\raw_audio\tjllnJX0Bc4.wav	1099.2	1103.76	Nguyễn Hoàng thì chúa xã Nguyễn Phúc Nguyên cũng đã chăm lo cuộc sống của	@HUE	data\processed_transcripts\tjllnJX0Bc4.json
data\raw_audio\tjllnJX0Bc4.wav	1103.76	1108.159	người dân rất là cần mng cũng như là rất thương yêu người dân chúng. lo cuộc sống	@HUE	data\processed_transcripts\tjllnJX0Bc4.json
data\raw_audio\tjllnJX0Bc4.wav	1108.159	1113.36	của quân và dân. Chính vì vậy mà người dân cũng như là quân đội cũng hay gọi	@HUE	data\processed_transcripts\tjllnJX0Bc4.json
data\raw_audio\tjllnJX0Bc4.wav	1113.36	1118.0	ngài là Phật Chúa. Và ngài chính là cái người mà khởi sướng cái việc ly khai	@HUE	data\processed_transcripts\tjllnJX0Bc4.json
data\raw_audio\tjllnJX0Bc4.wav	1118.0	1123.0	khỏi chính quyền của nhà Lê và đà ngoài à	@HUE	data\processed_transcripts\tjllnJX0Bc4.json
data\raw_audio\tjllnJX0Bc4.wav	1123.0	1127.6	bằng việc là ngài đã không nộp thuế cho cái khu vực phía đang ngoài. Vì vậy mà	@HUE	data\processed_transcripts\tjllnJX0Bc4.json
data\raw_audio\tjllnJX0Bc4.wav	1127.6	1130.84	cuộc chiến giữa đang trong và đang ngoài, giữa họ Trịnh và họ Nguyễn là	@HUE	data\processed_transcripts\tjllnJX0Bc4.json
data\raw_audio\tjllnJX0Bc4.wav	1130.84	1136.12	ngày càng gây gắt. Thưa quý vị, ngài cũng chính là cái người đầu tiên ấy đặt	@HUE	data\processed_transcripts\tjllnJX0Bc4.json
data\raw_audio\tjllnJX0Bc4.wav	1136.12	1140.2	nền móng cho việc xây dựng à cái sự lớn mạnh của đàng trong. Và điều đặc biệt	@HUE	data\processed_transcripts\tjllnJX0Bc4.json
data\raw_audio\tjllnJX0Bc4.wav	1140.2	1144.039	hơn nữa thưa quý vị thì à ngài chính là cái người đầu tiên mà mang họ kép Nguyễn	@HUE	data\processed_transcripts\tjllnJX0Bc4.json
data\raw_audio\tjllnJX0Bc4.wav	1144.039	1147.559	Phúc. Thật ra có một cái giai thoại mà liên quan đến cái việc mà ngài mang tên	@HUE	data\processed_transcripts\tjllnJX0Bc4.json
data\raw_audio\tjllnJX0Bc4.wav	1147.559	1152.84	của họ kép Nguyễn Phúc đó chính là thân mẫu của ngài sau khi mà nằm mơ đấy thì	@HUE	data\processed_transcripts\tjllnJX0Bc4.json
data\raw_audio\tjllnJX0Bc4.wav	1152.84	1158.32	có một cái vị thần đã à ban cho một cái tờ giấy và trên tờ giấy đó viết một cái	@HUE	data\processed_transcripts\tjllnJX0Bc4.json
data\raw_audio\tjllnJX0Bc4.wav	1158.32	1162.4	chữ là chữ phúc. Sau khi tỉnh giấc mộng thì thân mẫu của ngài mới nói cho tất cả	@HUE	data\processed_transcripts\tjllnJX0Bc4.json
data\raw_audio\tjllnJX0Bc4.wav	1162.4	1166.2	mọi người thì mọi người mới khuyên rằng là nên đặt chữ phúc. Tuy nhiên thân mẫu	@HUE	data\processed_transcripts\tjllnJX0Bc4.json
data\raw_audio\tjllnJX0Bc4.wav	1166.2	1169.96	của ngài nói rằng nếu như đã phúc thì cả dòng họ cũng hưởng chứ không thể là một	@HUE	data\processed_transcripts\tjllnJX0Bc4.json
data\raw_audio\tjllnJX0Bc4.wav	1169.96	1174.88	riêng ai hưởng. Chính vì vậy mà lấy cái chữ phúc đó làm cái chữ lót cho tất cả	@HUE	data\processed_transcripts\tjllnJX0Bc4.json
data\raw_audio\tjllnJX0Bc4.wav	1174.88	1179.36	các cái tên. Thì chính vì vậy mà ngài sau khi sinh ra đã được đặt tên là	@HUE	data\processed_transcripts\tjllnJX0Bc4.json
data\raw_audio\tjllnJX0Bc4.wav	1179.36	1184.2	Nguyễn Phúc Nguyên. Sau khi kế vị thì ngài đã không làm phụ lòng người cha của	@HUE	data\processed_transcripts\tjllnJX0Bc4.json
data\raw_audio\tjllnJX0Bc4.wav	1184.2	1188.28	mình đó chính là chú Tiên Nguyễn Hoàng. ngài đã ra sức xây thành đắp lũy cũng	@HUE	data\processed_transcripts\tjllnJX0Bc4.json
data\raw_audio\tjllnJX0Bc4.wav	1188.28	1193.96	như là các cái quan ải và đặc biệt là cái quan hệ giao thương buôn bán với các	@HUE	data\processed_transcripts\tjllnJX0Bc4.json
data\raw_audio\tjllnJX0Bc4.wav	1193.96	1198.84	nước như nhật bản thì cũng rất là thuận lợi. Ở cái thời kỳ của ngài thì cái	@HUE	data\processed_transcripts\tjllnJX0Bc4.json
data\raw_audio\tjllnJX0Bc4.wav	1198.84	1202.12	thương cảng Hội An được xem như là cái thương cảng lớn nhất và đô hội nhất thời	@HUE	data\processed_transcripts\tjllnJX0Bc4.json
data\raw_audio\tjllnJX0Bc4.wav	1202.12	1207.159	đó. Ngài cũng ra sức ổn định cái khu vực phía Nam bằng việc là gã con gái ngọc	@HUE	data\processed_transcripts\tjllnJX0Bc4.json
data\raw_audio\tjllnJX0Bc4.wav	1207.159	1212.039	Vạn cho vua Chân Lạp. Chân Lạp chính là đất nước Campuchia ngày nay rồi quý vị.	@HUE	data\processed_transcripts\tjllnJX0Bc4.json
data\raw_audio\tjllnJX0Bc4.wav	1212.039	1217.36	Đồng thời thì cũng đã giúp vua Chân Lạp đem quân để mà hỗ trợ vua Chân Lạp đánh	@HUE	data\processed_transcripts\tjllnJX0Bc4.json
data\raw_audio\tjllnJX0Bc4.wav	1217.36	1221.919	lại cái sự xâm lửng của quân Xiêm La. Ngài cũng đã gả con gái Ngọc Khoa cho	@HUE	data\processed_transcripts\tjllnJX0Bc4.json
data\raw_audio\tjllnJX0Bc4.wav	1221.919	1226.32	vua Châm Ba và chính điều đó cũng đã ổn định được cái phần bờ cỏi ở phía nam để	@HUE	data\processed_transcripts\tjllnJX0Bc4.json
data\raw_audio\tjllnJX0Bc4.wav	1226.32	1231.159	ngài dốc sức toàn lực đánh ra phía đàn ngoài và cuộc diễn giữa đàn ngoài và	@HUE	data\processed_transcripts\tjllnJX0Bc4.json
data\raw_audio\tjllnJX0Bc4.wav	1231.159	1236.799	đàng trong cứ thế tiếp diễn cho những cái đời Chúa về sau. Đến năm 1635 thì	@HUE	data\processed_transcripts\tjllnJX0Bc4.json
data\raw_audio\tjllnJX0Bc4.wav	1236.799	1242.24	ngài qua đời và người kế vị chính là chú Nguyễn Phúc Lang. hay còn gọi là chủ	@HUE	data\processed_transcripts\tjllnJX0Bc4.json
data\raw_audio\tjllnJX0Bc4.wav	1242.24	1246.799	thượng và cái tên Nguyễn Phúc Nguyên thưa quý vị cũng đã được đặt tên cho một	@HUE	data\processed_transcripts\tjllnJX0Bc4.json
data\raw_audio\tjllnJX0Bc4.wav	1246.799	1252.159	cái con đường ở quận 3, thành phố Hồ Chí Minh ngày nay. Và sau ngài Nguyễn Hoàng	@HUE	data\processed_transcripts\tjllnJX0Bc4.json
data\raw_audio\tjllnJX0Bc4.wav	1252.159	1255.76	tức là vị chúa tiên của chúng ta đã di dân và đặt nền móng cho việc mở cõi	@HUE	data\processed_transcripts\tjllnJX0Bc4.json
data\raw_audio\tjllnJX0Bc4.wav	1255.76	1259.559	xuống phía Nam thì ngài Nguyễn Phúc Nguyên chính là vị chúa đầu tiên xây	@HUE	data\processed_transcripts\tjllnJX0Bc4.json
data\raw_audio\tjllnJX0Bc4.wav	1259.559	1264.12	dựng thành một cái chính quyền đằng trong độc lập để có thể đấu tranh và	@HUE	data\processed_transcripts\tjllnJX0Bc4.json
data\raw_audio\tjllnJX0Bc4.wav	1264.12	1270.64	chống lại à đàng ngoài tức là họ Trị và nhà Lê những cái chúa về sau và sau đó	@HUE	data\processed_transcripts\tjllnJX0Bc4.json
data\raw_audio\tjllnJX0Bc4.wav	1270.64	1275.559	là chúa Nguyễn Phúc Lang tức là vị chúa thứ ba mà sắp tới Huy Rươ sẽ quay cái lă	@HUE	data\processed_transcripts\tjllnJX0Bc4.json
data\raw_audio\tjllnJX0Bc4.wav	1275.559	1279.96	mộ của ngài để cho quý vị thưởng thức tiếp tục ké dựng cơ đồ của đang trong và	@HUE	data\processed_transcripts\tjllnJX0Bc4.json
data\raw_audio\tjllnJX0Bc4.wav	1279.96	1283.799	tiếp tục đấu tranh chống lại cái lực lượng của đang ngoài. Có thể nói là chúa	@HUE	data\processed_transcripts\tjllnJX0Bc4.json
data\raw_audio\tjllnJX0Bc4.wav	1283.799	1288.12	sải Nguyễn Phúc Nguyên là một con người rất là tuyệt vời. Ông cũng không có phụ	@HUE	data\processed_transcripts\tjllnJX0Bc4.json
data\raw_audio\tjllnJX0Bc4.wav	1288.12	1294.76	lòng mong mỏi của cha mình đã gày dựng một cái sự đăng trong là tạo tiền đề cho	@HUE	data\processed_transcripts\tjllnJX0Bc4.json
data\raw_audio\tjllnJX0Bc4.wav	1294.76	1298.36	việc mở rộng bờ cõi xuống phía Nam càng về sau thưa quý vị. Và hôm nay thì trời	@HUE	data\processed_transcripts\tjllnJX0Bc4.json
data\raw_audio\tjllnJX0Bc4.wav	1298.36	1303.52	cũng khá là mu tuy nhiên thì do một cái số lý do khách quan vừa rồi thì Huế	@HUE	data\processed_transcripts\tjllnJX0Bc4.json
data\raw_audio\tjllnJX0Bc4.wav	1303.52	1306.799	Review cũng có một thời gian là bị ốm mấy ngày. Chính vì vậy mà cũng không	@HUE	data\processed_transcripts\tjllnJX0Bc4.json
data\raw_audio\tjllnJX0Bc4.wav	1306.799	1310.52	quay tiếp tục cho quý vị xem được. Do đó là mong quý vị thông cảm nếu như thời	@HUE	data\processed_transcripts\tjllnJX0Bc4.json
data\raw_audio\tjllnJX0Bc4.wav	1310.52	1314.08	tiết bây giờ tốt hơn thì Huế Review sẽ tiếp tục đi quay những cái lăng tẩm liên	@HUE	data\processed_transcripts\tjllnJX0Bc4.json
data\raw_audio\tjllnJX0Bc4.wav	1314.08	1318.12	quan tới vua chúa nhà Nguyễn cho quý vị xem. Và cũng rất mong quý vị là luôn ủng	@HUE	data\processed_transcripts\tjllnJX0Bc4.json
data\raw_audio\tjllnJX0Bc4.wav	1318.12	1322.919	hộ Huế Review. Mong quý vị khi chúng ta xem video thì mong chúng ta xem hết	@HUE	data\processed_transcripts\tjllnJX0Bc4.json
data\raw_audio\tjllnJX0Bc4.wav	1322.919	1328.6	video để hiểu được cái bối cảnh lịch sử. Đấy, ngoài việc cái quay lăng mộ thì Huế	@HUE	data\processed_transcripts\tjllnJX0Bc4.json
data\raw_audio\tjllnJX0Bc4.wav	1328.6	1331.76	Review cũng muốn chia sẻ cho quý vị những cái điều liên quan tới lịch sử,	@HUE	data\processed_transcripts\tjllnJX0Bc4.json
data\raw_audio\tjllnJX0Bc4.wav	1331.76	1335.48	những cái tiểu sử mà liên quan tới nhân vật nằm trong lă mộ cũng như là muốn	@HUE	data\processed_transcripts\tjllnJX0Bc4.json
data\raw_audio\tjllnJX0Bc4.wav	1335.48	1338.919	chia sẻ cái bối cảnh lịch sử lúc đó để chúng ta hiểu rõ hơn chứ không phải là	@HUE	data\processed_transcripts\tjllnJX0Bc4.json
data\raw_audio\tjllnJX0Bc4.wav	1338.919	1343.32	Huy Review dài dòng hay là như thế nào cả. Nếu như là lịch sử mà chúng ta hiểu	@HUE	data\processed_transcripts\tjllnJX0Bc4.json
data\raw_audio\tjllnJX0Bc4.wav	1343.32	1349.0	không tương tử thì nó sẽ gây ra những cái sai lịch trong cái vấn đề nhận thức.	@HUE	data\processed_transcripts\tjllnJX0Bc4.json
data\raw_audio\tjllnJX0Bc4.wav	1349.0	1352.919	Và cũng mong quý vị thông cảm cái điều đó. Và rõ ràng thì có con đường đi mà để	@HUE	data\processed_transcripts\tjllnJX0Bc4.json
data\raw_audio\tjllnJX0Bc4.wav	1352.919	1356.32	chúng ta đi đến ngôi làng mùa này cũng khá là vất vả đây thưa quý vị. Nếu như	@HUE	data\processed_transcripts\tjllnJX0Bc4.json
data\raw_audio\tjllnJX0Bc4.wav	1356.32	1360.08	mà muốn đưa vào du lịch thì cũng phải cất công để mà xây dựng đường xá rất là	@HUE	data\processed_transcripts\tjllnJX0Bc4.json
data\raw_audio\tjllnJX0Bc4.wav	1360.08	1365.039	nhiều. Và rõ ràng thì quý vị thấy rằng cái ngôi lă mộ này bây giờ nó cũng đã	@HUE	data\processed_transcripts\tjllnJX0Bc4.json
data\raw_audio\tjllnJX0Bc4.wav	1365.039	1368.96	được trùng tu khá là tốt rồi. Ngày xưa thì không có những cái cổng hay là những	@HUE	data\processed_transcripts\tjllnJX0Bc4.json
data\raw_audio\tjllnJX0Bc4.wav	1368.96	1373.039	cái bức tường phía sau á là nó đã bị sụp đổ hết rồi thư quý vị. Đấy nhưng mà bây	@HUE	data\processed_transcripts\tjllnJX0Bc4.json
data\raw_audio\tjllnJX0Bc4.wav	1373.039	1376.44	giờ thì đã được trung tu rất là đẹp và đầy điều này cũng rất là đáng mừng. à	@HUE	data\processed_transcripts\tjllnJX0Bc4.json
data\raw_audio\tjllnJX0Bc4.wav	1376.44	1383.12	nhất là con cháu nhà Nguyễn nói riêng và con cháu mà khu vực từ Thanh Hóa đổ vào	@HUE	data\processed_transcripts\tjllnJX0Bc4.json
data\raw_audio\tjllnJX0Bc4.wav	1383.12	1386.64	trong. Thực ra thì những cái vị chúa này chính là những cái người mà tổ tiên của	@HUE	data\processed_transcripts\tjllnJX0Bc4.json
data\raw_audio\tjllnJX0Bc4.wav	1386.64	1390.4	chúng ta đây thưa quý vị. Đấy chính những ngày này đã cất công lãng lội để	@HUE	data\processed_transcripts\tjllnJX0Bc4.json
data\raw_audio\tjllnJX0Bc4.wav	1390.4	1393.96	xây dựng cơ đồ và để có đất nước hình chữ ép nhà ngày hôm nay và có chúng ta	@HUE	data\processed_transcripts\tjllnJX0Bc4.json
data\raw_audio\tjllnJX0Bc4.wav	1393.96	1398.36	ngày hôm nay. Do đó là mong quý vị chúng ta tôn trọng tiền nhân và có thể nói	@HUE	data\processed_transcripts\tjllnJX0Bc4.json
data\raw_audio\tjllnJX0Bc4.wav	1398.36	1402.799	rằng à hãy giúp Huế Review lan tỏa những cái video	@HUE	data\processed_transcripts\tjllnJX0Bc4.json
data\raw_audio\tjllnJX0Bc4.wav	1402.799	1407.36	như thế này để cho nhiều người biết và nhiều người có thể hiểu được ấy tổ tiên	@HUE	data\processed_transcripts\tjllnJX0Bc4.json
data\raw_audio\tjllnJX0Bc4.wav	1407.36	1411.159	chúng ta đã xây dựng cơ nghiệp như thế nào. Kính chúc quý vị luôn sức khỏe vui	@HUE	data\processed_transcripts\tjllnJX0Bc4.json
data\raw_audio\tjllnJX0Bc4.wav	1411.159	1417.159	vẻ và xem video thật là giải trí. Hẹn gặp lại quý vị ở những video tiếp theo.	@HUE	data\processed_transcripts\tjllnJX0Bc4.json
data\raw_audio\vOOql70PN8E.wav	0.56	4.48	Mến chào quý vị đã quay trở lại với Huế hôm nay.	@HUE	data\processed_transcripts\vOOql70PN8E.json
data\raw_audio\vOOql70PN8E.wav	4.48	7.72	Quý vị và các bạn thân mến thì hôm nay là ngày 8 tháng	@HUE	data\processed_transcripts\vOOql70PN8E.json
data\raw_audio\vOOql70PN8E.wav	7.72	13.08	ngày Quốc Tế Phụ nữ và trong khuôn khổ video này thì em cũng	@HUE	data\processed_transcripts\vOOql70PN8E.json
data\raw_audio\vOOql70PN8E.wav	13.08	20.48	xin kính chúc những quý vị là nữ giới trên kênh Huy hôm nay một ngày quốc tế	@HUE	data\processed_transcripts\vOOql70PN8E.json
data\raw_audio\vOOql70PN8E.wav	20.48	25.88	thủ nữ thật là vui vẻ và ngập tràng may mắn hạnh phúc.	@HUE	data\processed_transcripts\vOOql70PN8E.json
data\raw_audio\vOOql70PN8E.wav	25.88	34.44	À và quay trở lại với video ngày hôm nay thì em xin cập nhật cho quý vị cái dự án	@HUE	data\processed_transcripts\vOOql70PN8E.json
data\raw_audio\vOOql70PN8E.wav	34.44	39.6	VN đại ba và nằm trong khuôn khổ của cái dự án này	@HUE	data\processed_transcripts\vOOql70PN8E.json
data\raw_audio\vOOql70PN8E.wav	39.6	45.64	thì cái dự án mở rộng đường Nguyễn Hoàng thông qua cầu Nguyễn Hoàng đây quý vị và	@HUE	data\processed_transcripts\vOOql70PN8E.json
data\raw_audio\vOOql70PN8E.wav	45.64	53.44	cầu An Ninh Hạ là một trong những à cái nút thắc rất là quan trọng trong a cái	@HUE	data\processed_transcripts\vOOql70PN8E.json
data\raw_audio\vOOql70PN8E.wav	53.44	60.039	tuyển đường VN Đà Bắc Đây và quý vị đang di chuyển trên bờ của	@HUE	data\processed_transcripts\vOOql70PN8E.json
data\raw_audio\vOOql70PN8E.wav	60.039	65.159	sông Hương phía cầu Nguyễn Hoàng và sắp tới ở đây thì cũng sẽ có một cái công	@HUE	data\processed_transcripts\vOOql70PN8E.json
data\raw_audio\vOOql70PN8E.wav	65.159	71.96	viên à Nguyễn Hoàng đấy. Công viên bên bời sông Hương kiểu tựa tựa giống như	@HUE	data\processed_transcripts\vOOql70PN8E.json
data\raw_audio\vOOql70PN8E.wav	71.96	77.159	cái công viên à bia quốc học vậy quý vị. Sau thành công của cái công viên Bộ Học	@HUE	data\processed_transcripts\vOOql70PN8E.json
data\raw_audio\vOOql70PN8E.wav	77.159	83.24	thì sẽ có một cái dự án công viên kiểu Bán Nguyệt. Có cái cầu bán nguyệt sân	@HUE	data\processed_transcripts\vOOql70PN8E.json
data\raw_audio\vOOql70PN8E.wav	83.24	87.24	khấu bán nguyệt ở phía trước cầu Nguyễn Hoàng.	@HUE	data\processed_transcripts\vOOql70PN8E.json
data\raw_audio\vOOql70PN8E.wav	87.24	91.759	Và đây chính là cái khu vực chúng ta đang đi trên cầu Nguyễn Hoàng một trong	@HUE	data\processed_transcripts\vOOql70PN8E.json
data\raw_audio\vOOql70PN8E.wav	91.759	100.479	những cái cầu có thể nói là rất đẹp, mới khánh thành à trong thời gian gần nhất.	@HUE	data\processed_transcripts\vOOql70PN8E.json
data\raw_audio\vOOql70PN8E.wav	101.2	106.079	Thì trên kênh Huế hôm nay thì em cũng đã có những cái video cập nhật từ cái quá	@HUE	data\processed_transcripts\vOOql70PN8E.json
data\raw_audio\vOOql70PN8E.wav	106.079	112.04	trình xây dựng à thi công cho tới cái quá trình à khánh thành khai trương cái	@HUE	data\processed_transcripts\vOOql70PN8E.json
data\raw_audio\vOOql70PN8E.wav	112.04	118.759	cầu này. Và quý vị thấy thì cũng đã hơn 1 năm trời	@HUE	data\processed_transcripts\vOOql70PN8E.json
data\raw_audio\vOOql70PN8E.wav	118.759	123.52	cái cầu Nguyễn Hoàng đi vào hoạt động và cầu vẫn vững mã vững chắc theo thời	@HUE	data\processed_transcripts\vOOql70PN8E.json
data\raw_audio\vOOql70PN8E.wav	123.52	129.28	gian. Đấy cái lúc mà cầu mới thi công và	@HUE	data\processed_transcripts\vOOql70PN8E.json
data\raw_audio\vOOql70PN8E.wav	129.28	133.16	mới khánh thành thì cũng có rất nhiều luồng ý kiến trái chiều. Tuy nhiên bây	@HUE	data\processed_transcripts\vOOql70PN8E.json
data\raw_audio\vOOql70PN8E.wav	133.16	137.2	giờ thì cầu Nguyễn Hoàng đã trở thành một trong những cây cầu đặc trưng của	@HUE	data\processed_transcripts\vOOql70PN8E.json
data\raw_audio\vOOql70PN8E.wav	137.2	142.319	Siêu Huế với những cái chiếc lòng vàng và những cái	@HUE	data\processed_transcripts\vOOql70PN8E.json
data\raw_audio\vOOql70PN8E.wav	142.319	147.879	cung đó những cái hình vòng cung kiểu thiết kế theo kiểu lòng vàng đặc trưng	@HUE	data\processed_transcripts\vOOql70PN8E.json
data\raw_audio\vOOql70PN8E.wav	147.879	153.56	cho thời kỳ vua chúa ngày xưa của Kinh Thành	@HUE	data\processed_transcripts\vOOql70PN8E.json
data\raw_audio\vOOql70PN8E.wav	153.56	157.959	Huế. với cái kiến trúc là hạt chàu thiên mù	@HUE	data\processed_transcripts\vOOql70PN8E.json
data\raw_audio\vOOql70PN8E.wav	157.959	162.84	thì à chúng ta vừa đi qua cái cầu Nguyễn Hoàng	@HUE	data\processed_transcripts\vOOql70PN8E.json
data\raw_audio\vOOql70PN8E.wav	162.84	168.959	và nối dài với cái khu vực cầu Nguyễn Hoàng đó chính là đường Nguyễn Hoàng	@HUE	data\processed_transcripts\vOOql70PN8E.json
data\raw_audio\vOOql70PN8E.wav	168.959	175.64	thưa quý vị. Và con đường này hiện tại thì quý vị thấy là ở phía trước đường đó	@HUE	data\processed_transcripts\vOOql70PN8E.json
data\raw_audio\vOOql70PN8E.wav	175.64	180.0	thì cũng đã có rất nhiều những cái công trình mọc lên	@HUE	data\processed_transcripts\vOOql70PN8E.json
data\raw_audio\vOOql70PN8E.wav	180.0	184.879	mong công trình nhà ở của người dân và cầu này trong tương lai à và cái đường	@HUE	data\processed_transcripts\vOOql70PN8E.json
data\raw_audio\vOOql70PN8E.wav	184.879	190.28	này trong tương lai cũng sẽ được mở rộng.	@HUE	data\processed_transcripts\vOOql70PN8E.json
data\raw_audio\vOOql70PN8E.wav	190.519	195.239	Và vào tháng 7 năm 2025 thì thành phố Huế	@HUE	data\processed_transcripts\vOOql70PN8E.json
data\raw_audio\vOOql70PN8E.wav	195.239	200.28	cũng đã phê duyệt dự án mở rộng đường Nguyễn Hoàng với tổng mức đầu tư là	@HUE	data\processed_transcripts\vOOql70PN8E.json
data\raw_audio\vOOql70PN8E.wav	200.28	205.44	khoảng hơn 100 tỷ đồng nhằm hoàn thiện hệ thống giao thông kết nối với khu vực	@HUE	data\processed_transcripts\vOOql70PN8E.json
data\raw_audio\vOOql70PN8E.wav	205.44	212.599	trọng điểm và giảm tả cho quốc lộ 1A. Dự án mở rộng dài hơn 1 km đường Nguyễn	@HUE	data\processed_transcripts\vOOql70PN8E.json
data\raw_audio\vOOql70PN8E.wav	212.599	217.76	Hoàng với cái điểm đầu cầu kết nối với vòng xuyên phía bắc cầu Nguyễn Hoàng tức	@HUE	data\processed_transcripts\vOOql70PN8E.json
data\raw_audio\vOOql70PN8E.wav	217.76	223.519	là cái vị trí mà chúng ta vừa đi qua đấy với cái điểm cuối tại nút giao với cái	@HUE	data\processed_transcripts\vOOql70PN8E.json
data\raw_audio\vOOql70PN8E.wav	223.519	228.28	đường Lý 5D đấy. Như vậy là tại nút giao đường Lý Nam Đế phường Kim Long thành	@HUE	data\processed_transcripts\vOOql70PN8E.json
data\raw_audio\vOOql70PN8E.wav	228.28	233.239	phố Huế. Và tuyến đường này được thiết kế theo tiêu chuẩn đường phố chính đô	@HUE	data\processed_transcripts\vOOql70PN8E.json
data\raw_audio\vOOql70PN8E.wav	233.239	238.2	thị với cái vận tốc là khoảng 60 km/h mặt	@HUE	data\processed_transcripts\vOOql70PN8E.json
data\raw_audio\vOOql70PN8E.wav	238.2	246.599	cắt ngang rộng 43 m gồm sáu làng xe ô tô giải phân cách giữa rộng 5 m và vĩa hè	@HUE	data\processed_transcripts\vOOql70PN8E.json
data\raw_audio\vOOql70PN8E.wav	246.599	253.04	là rộng mỗi bên là 8,5 m. Như vậy thì nếu như mà cái khu vực đường	@HUE	data\processed_transcripts\vOOql70PN8E.json
data\raw_audio\vOOql70PN8E.wav	253.04	261.0	Nguyễn Hoàng này mở rộng ra thì các cái khu vực nhà ở này sẽ phải trả	@HUE	data\processed_transcripts\vOOql70PN8E.json
data\raw_audio\vOOql70PN8E.wav	261.0	270.639	mặt bằng. Thì với cái gọi là 1 km chiều dài thì nằm	@HUE	data\processed_transcripts\vOOql70PN8E.json
data\raw_audio\vOOql70PN8E.wav	270.639	275.4	trong cái dự án Vận đâ ba. Đường Nguyễn Hoàng mở rộng này sẽ cho chúng ta một	@HUE	data\processed_transcripts\vOOql70PN8E.json
data\raw_audio\vOOql70PN8E.wav	275.4	283.199	cái tuyến đường có bị rộng tới 43 m. Thưa quý vị, với à gọi là	@HUE	data\processed_transcripts\vOOql70PN8E.json
data\raw_audio\vOOql70PN8E.wav	283.199	288.68	thông số là nó là đạt theo tiêu chuẩn của đường phổ chính đô thị	@HUE	data\processed_transcripts\vOOql70PN8E.json
data\raw_audio\vOOql70PN8E.wav	288.68	295.52	thì cũng rất mong là tuyến đường này sẽ sớm hoàn thành với chiều dài 1 km thì em	@HUE	data\processed_transcripts\vOOql70PN8E.json
data\raw_audio\vOOql70PN8E.wav	295.52	302.44	nghĩ cũng sẽ nhanh thôi. Và cái dự án này sẽ bao gồm cái việc là xây dựng mới	@HUE	data\processed_transcripts\vOOql70PN8E.json
data\raw_audio\vOOql70PN8E.wav	302.44	307.24	cầu An Ninh Hạ bắt qua sông Bạch Yến, thay thế cái cầu hiện trạng. Và chúng ta	@HUE	data\processed_transcripts\vOOql70PN8E.json
data\raw_audio\vOOql70PN8E.wav	307.24	311.759	đang a di chuyển ngay khu vực trường trung học	@HUE	data\processed_transcripts\vOOql70PN8E.json
data\raw_audio\vOOql70PN8E.wav	311.759	317.44	cơ sở Nguyễn Hoàng. Đó thì quý vị thấy là cái tuyến đường này cũng đã đổ đất và	@HUE	data\processed_transcripts\vOOql70PN8E.json
data\raw_audio\vOOql70PN8E.wav	317.44	323.0	cho ra cái mặt bằng rộng rất là rộng 43 m. Thì như vậy thì cái tuyến đường	@HUE	data\processed_transcripts\vOOql70PN8E.json
data\raw_audio\vOOql70PN8E.wav	323.0	327.12	Nguyễn Hoàng này sau này là sẽ là một trong những cái tuyến đường chính và nó	@HUE	data\processed_transcripts\vOOql70PN8E.json
data\raw_audio\vOOql70PN8E.wav	327.12	334.52	sẽ giải tỏa cái áp lực cho tuyến quốc lộ 1A khi mà cái tuyến đường Vân Đài Bàn	@HUE	data\processed_transcripts\vOOql70PN8E.json
data\raw_audio\vOOql70PN8E.wav	334.52	341.36	thiện à 100%. Các cái khu vực à thi công thì vẫn đang	@HUE	data\processed_transcripts\vOOql70PN8E.json
data\raw_audio\vOOql70PN8E.wav	341.36	349.72	tiến hành à xúc đất đá à đổ à lè gọi là lưu lèn các cái khu vực đường	@HUE	data\processed_transcripts\vOOql70PN8E.json
data\raw_audio\vOOql70PN8E.wav	349.72	354.88	đó. Và quý vị thấy là những cây rào trắng cũng đã được	@HUE	data\processed_transcripts\vOOql70PN8E.json
data\raw_audio\vOOql70PN8E.wav	354.88	364.56	bổ bố trí để mà phân cách với các cái đoạn đường di chuyển của bà con.	@HUE	data\processed_transcripts\vOOql70PN8E.json
data\raw_audio\vOOql70PN8E.wav	364.56	369.639	Đấy. Quý vị thấy là các cái xe cẩu, xe múc người ta đang tiến hành xây dựng à	@HUE	data\processed_transcripts\vOOql70PN8E.json
data\raw_audio\vOOql70PN8E.wav	369.639	375.199	tiến hành múc đất này. Đó, đào các cái hố móng đường này. Đó, quý vị thấy là	@HUE	data\processed_transcripts\vOOql70PN8E.json
data\raw_audio\vOOql70PN8E.wav	375.199	381.199	cái móng rất là sâu và chắc chắn thì cái tuyến đường này sau này sẽ rất là chắc.	@HUE	data\processed_transcripts\vOOql70PN8E.json
data\raw_audio\vOOql70PN8E.wav	381.199	386.52	Và cái khu vực này chính là một trong những cái	@HUE	data\processed_transcripts\vOOql70PN8E.json
data\raw_audio\vOOql70PN8E.wav	386.52	391.88	thành phần của cái dự án đường vành đây bà. Và khi hoàn thành thì công trình này	@HUE	data\processed_transcripts\vOOql70PN8E.json
data\raw_audio\vOOql70PN8E.wav	391.88	397.28	sẽ kết nối liên thông từ cái núc giao quốc lộ 1A với đường Nguyễn Văn Linh đến	@HUE	data\processed_transcripts\vOOql70PN8E.json
data\raw_audio\vOOql70PN8E.wav	397.28	403.88	giao lộ Minh mạng Võ Văn Kiệt với tổng chiều dài khoảng 6,5 km.	@HUE	data\processed_transcripts\vOOql70PN8E.json
data\raw_audio\vOOql70PN8E.wav	404.24	408.0	nó sẽ giảm cái việc uống tắc giao thông rất là	@HUE	data\processed_transcripts\vOOql70PN8E.json
data\raw_audio\vOOql70PN8E.wav	408.0	415.8	nhiều cho khu vực thành phố Huế. Đây là khu vực cầu An Đinh Hà quý vị thấy là	@HUE	data\processed_transcripts\vOOql70PN8E.json
data\raw_audio\vOOql70PN8E.wav	415.8	422.84	hiện tại đang đổ đất để mà mở rộng thì cái cầu An Ninh Hạ này trong tương lai	@HUE	data\processed_transcripts\vOOql70PN8E.json
data\raw_audio\vOOql70PN8E.wav	422.84	428.16	cũng sẽ được xe mới. Thì cái thông số của cầu thì cũng chưa có em cũng chưa có	@HUE	data\processed_transcripts\vOOql70PN8E.json
data\raw_audio\vOOql70PN8E.wav	428.16	433.56	nắm thông tin. Tuy nhiên chắc chắn là sẽ cầu này sẽ được mở rộng ra với	@HUE	data\processed_transcripts\vOOql70PN8E.json
data\raw_audio\vOOql70PN8E.wav	433.56	440.52	à để đáp ứng được cái nhu cầu của tuyến đường Nguyễn Hoàng Mở Rộng.	@HUE	data\processed_transcripts\vOOql70PN8E.json
data\raw_audio\vOOql70PN8E.wav	440.52	445.52	Và cái không khí thi công sau Tết Bến Ngọ cũng đang rất là rộn ràng. Và đặc	@HUE	data\processed_transcripts\vOOql70PN8E.json
data\raw_audio\vOOql70PN8E.wav	445.52	454.4	biệt thì quý vị thấy là các cái xe tải chợ đất di chuyển à liên tục.	@HUE	data\processed_transcripts\vOOql70PN8E.json
data\raw_audio\vOOql70PN8E.wav	454.4	460.52	các cái xe ủi, các cái xe lù đó người ta cũng đang trong quá trình	@HUE	data\processed_transcripts\vOOql70PN8E.json
data\raw_audio\vOOql70PN8E.wav	460.52	470.36	đổ đức và tạm mặt bằng các cái tính điện thoại cũ máy hàng cũ	@HUE	data\processed_transcripts\vOOql70PN8E.json
data\raw_audio\vOOql70PN8E.wav	470.36	476.56	>> các cái công nhân điện lực người ta cũng đang tiến hành thi công	@HUE	data\processed_transcripts\vOOql70PN8E.json
data\raw_audio\vOOql70PN8E.wav	476.56	482.0	xử lý các cái đường dây điện xung quanh cái khu vực này để tạo mặt bằng để cho	@HUE	data\processed_transcripts\vOOql70PN8E.json
data\raw_audio\vOOql70PN8E.wav	482.0	488.319	công trình à thi công một cách thầng lợi nhất.	@HUE	data\processed_transcripts\vOOql70PN8E.json
data\raw_audio\vOOql70PN8E.wav	488.319	494.36	Đó quý vị thấy là cái cầu An Ninh Hạ thì với cái cầu An Ninh Hạ của hiện tràng á	@HUE	data\processed_transcripts\vOOql70PN8E.json
data\raw_audio\vOOql70PN8E.wav	494.36	499.68	thì nó khá nhỏ và nó không đáp ứng được cái nhu cầu di chuyển quanh cái khu vực	@HUE	data\processed_transcripts\vOOql70PN8E.json
data\raw_audio\vOOql70PN8E.wav	499.68	505.44	này. Chính vì thế mà đường Nguyễn Hoàng mở rộng tại ngay cái nút giao với Lý Nam	@HUE	data\processed_transcripts\vOOql70PN8E.json
data\raw_audio\vOOql70PN8E.wav	505.44	512.159	Đế này quý vị thì sẽ mở thẳng ra trong cái tuyến đường và N3 trong các cái giai	@HUE	data\processed_transcripts\vOOql70PN8E.json
data\raw_audio\vOOql70PN8E.wav	512.159	517.32	đoạn tiếp theo là chạy thẳng ra khu vực giao với Nguyễn Văn Linh.	@HUE	data\processed_transcripts\vOOql70PN8E.json
data\raw_audio\vOOql70PN8E.wav	517.32	523.32	để tạo thành cái tuyến đường VN B3 ở khu vực bơ bắc. Đấy	@HUE	data\processed_transcripts\vOOql70PN8E.json
data\raw_audio\vOOql70PN8E.wav	523.32	530.399	thì nằm trong cái nút dao giữa đường Nguyễn Hoàng và đường Lý Nam Đế thì cái	@HUE	data\processed_transcripts\vOOql70PN8E.json
data\raw_audio\vOOql70PN8E.wav	530.399	534.519	khu vực đường Lý Nam Đế cũng là một trong những cái tuyến đường cũng đã được	@HUE	data\processed_transcripts\vOOql70PN8E.json
data\raw_audio\vOOql70PN8E.wav	534.519	540.399	nâng cấp và xử lý.	@HUE	data\processed_transcripts\vOOql70PN8E.json
data\raw_audio\vOOql70PN8E.wav	540.399	546.76	Cái tuyến đường này thì nó nằm với bên cạnh bên bờ sông của sông Bạch	@HUE	data\processed_transcripts\vOOql70PN8E.json
data\raw_audio\vOOql70PN8E.wav	546.76	555.079	Yến. Sa Mạch Yến thì là một trong những con sông nhánh của sông Hương đó.	@HUE	data\processed_transcripts\vOOql70PN8E.json
data\raw_audio\vOOql70PN8E.wav	555.079	558.76	Nó là một cái phù lưu rất là quan trọng của dòng sông Hương Thơ Mộng. Nó chạy	@HUE	data\processed_transcripts\vOOql70PN8E.json
data\raw_audio\vOOql70PN8E.wav	558.76	562.959	qua phía Bắc kinh thành. Và cái dòng sông này cũng mang đậm một cái giá trị	@HUE	data\processed_transcripts\vOOql70PN8E.json
data\raw_audio\vOOql70PN8E.wav	562.959	569.839	lịch sử và văn hóa gắn liền với cái mảnh đất cổ đồ. Và quý vị thấy thì	@HUE	data\processed_transcripts\vOOql70PN8E.json
data\raw_audio\vOOql70PN8E.wav	569.839	574.88	một cái khung cảnh rất là bình yên, có thể nói là giống như một cái làng quê	@HUE	data\processed_transcripts\vOOql70PN8E.json
data\raw_audio\vOOql70PN8E.wav	574.88	580.92	giữa lòng thành phố khi mà ở đây vẫn còn tồn tại những cái hàng câu, những cái	@HUE	data\processed_transcripts\vOOql70PN8E.json
data\raw_audio\vOOql70PN8E.wav	580.92	589.16	hàng gia tàu nhìn rất là đẹp. Và phía hai bên bờ sông thì à những cái	@HUE	data\processed_transcripts\vOOql70PN8E.json
data\raw_audio\vOOql70PN8E.wav	589.16	595.24	tuyến đường được trải nhựa cũng đã tạo nên một cái vẻ đẹp bình yên vốn gọi là	@HUE	data\processed_transcripts\vOOql70PN8E.json
data\raw_audio\vOOql70PN8E.wav	595.24	599.92	hiếm có. à ở một cái khu vực thành phố bắt đầu	@HUE	data\processed_transcripts\vOOql70PN8E.json
data\raw_audio\vOOql70PN8E.wav	599.92	605.6	chuyển mình như là thành phố Huế đặt trứng hớt đặt trứng hướng hết đó	@HUE	data\processed_transcripts\vOOql70PN8E.json
data\raw_audio\vOOql70PN8E.wav	605.6	612.76	chính là những cái khu vực nhà thờ đó quý vị thấy là những cái nhà thờ rất là	@HUE	data\processed_transcripts\vOOql70PN8E.json
data\raw_audio\vOOql70PN8E.wav	612.76	620.76	đẹp và với cái quy mô cũng lớn và nó mọc sang sát sang sát trên cái tuyến đường	@HUE	data\processed_transcripts\vOOql70PN8E.json
data\raw_audio\vOOql70PN8E.wav	620.76	627.76	phía đi ra chỗ cầu An Hoa nha quý vị. Đó.	@HUE	data\processed_transcripts\vOOql70PN8E.json
data\raw_audio\vOOql70PN8E.wav	632.48	636.2	Thì cái dòng sông Bạch Yến này nó bắt đầu từ khu vực phía tây bắc của thành	@HUE	data\processed_transcripts\vOOql70PN8E.json
data\raw_audio\vOOql70PN8E.wav	636.2	641.079	phố Huế và nó chạy qua các cái phường Kim Long rồi Hương Long rồi An Hòa và	@HUE	data\processed_transcripts\vOOql70PN8E.json
data\raw_audio\vOOql70PN8E.wav	641.079	647.279	trước khi đổ ra sông Hương và các cái hệ thống học kinh rạch nội đồ.	@HUE	data\processed_transcripts\vOOql70PN8E.json
data\raw_audio\vOOql70PN8E.wav	647.279	652.56	Và cái đây là một phần của một cái hệ thống kinh ngoài dày đặc và nó từng đóng	@HUE	data\processed_transcripts\vOOql70PN8E.json
data\raw_audio\vOOql70PN8E.wav	652.56	656.68	một cái vai trò quan trọng trong việc thoát nước và giao thương đường thủy cho	@HUE	data\processed_transcripts\vOOql70PN8E.json
data\raw_audio\vOOql70PN8E.wav	656.68	660.72	phía Bắc Kinh thành. Chúng ta	@HUE	data\processed_transcripts\vOOql70PN8E.json
data\raw_audio\vOOql70PN8E.wav	660.72	665.16	vừa di chuyển vừa chiêm ngưỡng những cái hình ảnh có thể nói rằng là mọc mạc và	@HUE	data\processed_transcripts\vOOql70PN8E.json
data\raw_audio\vOOql70PN8E.wav	665.16	672.2	chân chất nhất của sự Huế. Nằm ở cái đoạn đường à ven sông có giá	@HUE	data\processed_transcripts\vOOql70PN8E.json
data\raw_audio\vOOql70PN8E.wav	672.2	678.399	trị lịch sửa lớn này. Và một trong những cái hình ảnh mà có thể nói rằng là cũng	@HUE	data\processed_transcripts\vOOql70PN8E.json
data\raw_audio\vOOql70PN8E.wav	678.399	682.6	đặc trưng cho cái khu vực này đó chính là khu vực Vạn Đỏ.	@HUE	data\processed_transcripts\vOOql70PN8E.json
data\raw_audio\vOOql70PN8E.wav	682.6	690.639	Thì ở đây vẫn còn tồn tại những bà con sinh sống bằng các cái nghề vãn đỏ. Thì	@HUE	data\processed_transcripts\vOOql70PN8E.json
data\raw_audio\vOOql70PN8E.wav	690.639	696.519	đối với ngày xưa, đối với những cái khu vực như là sông Đông, Ba cũ thì	@HUE	data\processed_transcripts\vOOql70PN8E.json
data\raw_audio\vOOql70PN8E.wav	696.519	700.839	các cái biến đò như thế này là rất là thịnh hành.	@HUE	data\processed_transcripts\vOOql70PN8E.json
data\raw_audio\vOOql70PN8E.wav	700.839	706.959	Và chúng ta nhìn thấy một cái phần nào đó của sông Đông Ba Đen ngay cầu Đông Ba	@HUE	data\processed_transcripts\vOOql70PN8E.json
data\raw_audio\vOOql70PN8E.wav	706.959	714.92	Đen đó và nằm ở đây là khu vực sông Bạch Yến. Thì đường Lý Nam Đế à	@HUE	data\processed_transcripts\vOOql70PN8E.json
data\raw_audio\vOOql70PN8E.wav	714.92	718.8	sẽ đi chạy thẳng ra khu vực cầu An Hòa nha quý vị.	@HUE	data\processed_transcripts\vOOql70PN8E.json
data\raw_audio\vOOql70PN8E.wav	718.8	725.8	Nó bắt đầu từ cái khu vực cầu An Hòa chạy lên trên phía Hương Long á. Đấy	@HUE	data\processed_transcripts\vOOql70PN8E.json
data\raw_audio\vOOql70PN8E.wav	725.8	730.68	là và sông Bạch Yến đục cũng được xem là một cái dấu tích liên quan đến	@HUE	data\processed_transcripts\vOOql70PN8E.json
data\raw_audio\vOOql70PN8E.wav	730.68	736.199	hồ Thanh Hà, tức là cái dòng sông bảo vệ kinh thành ngày xưa à nó gắn liền với	@HUE	data\processed_transcripts\vOOql70PN8E.json
data\raw_audio\vOOql70PN8E.wav	736.199	742.76	các cái làng cổ lâu đời như là làng An Hòa, nơi có bề dày lịch sử hơn 500 năm.	@HUE	data\processed_transcripts\vOOql70PN8E.json
data\raw_audio\vOOql70PN8E.wav	742.76	748.199	quê hương của các danh nhân nổi tiếng như là Nguyễn Cư Trình rồi Nguyễn Đăng	@HUE	data\processed_transcripts\vOOql70PN8E.json
data\raw_audio\vOOql70PN8E.wav	748.199	752.399	Thịnh rồi làng Lữu Bảo là nổi tiếng với nghề làm bánh tráng bánh nước truyền	@HUE	data\processed_transcripts\vOOql70PN8E.json
data\raw_audio\vOOql70PN8E.wav	752.399	758.16	thống cũng nằm trên bên dòng sông Bạch Yến này	@HUE	data\processed_transcripts\vOOql70PN8E.json
data\raw_audio\vOOql70PN8E.wav	758.16	762.519	thì sát bờ sông cũng có một cái chùa gọi là chùa Phước Duyên cũng rất là nổi	@HUE	data\processed_transcripts\vOOql70PN8E.json
data\raw_audio\vOOql70PN8E.wav	762.519	769.32	tiếng một cái không gian thiền định và tĩnh lặng nằm ở dưới chân độ R tạo nên	@HUE	data\processed_transcripts\vOOql70PN8E.json
data\raw_audio\vOOql70PN8E.wav	769.32	773.32	một cái cảnh quang sơn thủy rất là hữu tình đặc trưng cho sự Huế	@HUE	data\processed_transcripts\vOOql70PN8E.json
data\raw_audio\vOOql70PN8E.wav	773.32	780.32	Đấy và chúng ta thấy cái rõ nét hơn nữa khi mà ở đây vẫn còn lưu giữ những cái	@HUE	data\processed_transcripts\vOOql70PN8E.json
data\raw_audio\vOOql70PN8E.wav	780.32	787.48	hình ảnh rất là xưa cũ với những cái rằng gia tàu, những hàng cầu	@HUE	data\processed_transcripts\vOOql70PN8E.json
data\raw_audio\vOOql70PN8E.wav	787.48	796.639	và bên bờ sông Bạch Yến à cũng đang a ở cái đoạn này thì cũng đang làm một cái	@HUE	data\processed_transcripts\vOOql70PN8E.json
data\raw_audio\vOOql70PN8E.wav	796.639	801.16	trong những cái bờ kẻ. Đây là chúng ta đang di chuyển	@HUE	data\processed_transcripts\vOOql70PN8E.json
data\raw_audio\vOOql70PN8E.wav	801.16	806.76	với cái đường Lý Nam Đế ở cái đoạn nối với đường à	@HUE	data\processed_transcripts\vOOql70PN8E.json
data\raw_audio\vOOql70PN8E.wav	806.76	812.72	Vạn Xuân. Đây thì quý vị thấy là ở đoạn này thì	@HUE	data\processed_transcripts\vOOql70PN8E.json
data\raw_audio\vOOql70PN8E.wav	812.72	820.199	các cái bờ kè cũng đã được xây dựng rất là chắc chắn này. Thì trong tương lai	@HUE	data\processed_transcripts\vOOql70PN8E.json
data\raw_audio\vOOql70PN8E.wav	820.199	825.68	đảm bảo rằng là cái khu vực này sẽ mở rộng cái đường xá ở đây và cái bờ kè ở	@HUE	data\processed_transcripts\vOOql70PN8E.json
data\raw_audio\vOOql70PN8E.wav	825.68	837.92	đây cũng sẽ được làm lại để cho nó đảm bảo cái mức độ giữ đất của bên bờ sông.	@HUE	data\processed_transcripts\vOOql70PN8E.json
data\raw_audio\vOOql70PN8E.wav	837.92	842.199	Tuy nhiên thì chúng ta vẫn còn nhìn thấy những cái	@HUE	data\processed_transcripts\vOOql70PN8E.json
data\raw_audio\vOOql70PN8E.wav	842.199	852.079	bến đá, những cái đa, những cái sung cổ thủ ở phía bên bờ sông.	@HUE	data\processed_transcripts\vOOql70PN8E.json
data\raw_audio\vOOql70PN8E.wav	852.079	857.0	Và bà con cũng đã đang xây dựng rất là nhiều những cái	@HUE	data\processed_transcripts\vOOql70PN8E.json
data\raw_audio\vOOql70PN8E.wav	857.0	863.199	ngôi nhà và vách đá gọi là vạch xi măng rất là	@HUE	data\processed_transcripts\vOOql70PN8E.json
data\raw_audio\vOOql70PN8E.wav	863.199	868.959	đẹp quanh cái khu vực này. Và trước mặt quý vị đó chính là khu vực đình làng An	@HUE	data\processed_transcripts\vOOql70PN8E.json
data\raw_audio\vOOql70PN8E.wav	868.959	872.24	Hòa, một trong những cái ngôi đình có lịch sử	@HUE	data\processed_transcripts\vOOql70PN8E.json
data\raw_audio\vOOql70PN8E.wav	872.24	878.079	rất là lâu đời, trên 500 năm rồi đó.	@HUE	data\processed_transcripts\vOOql70PN8E.json
data\raw_audio\vOOql70PN8E.wav	878.079	883.24	những cái khu vực bến đá gọi là bến đình đây quý vị này cái bến này là trước đình	@HUE	data\processed_transcripts\vOOql70PN8E.json
data\raw_audio\vOOql70PN8E.wav	883.24	890.92	lạ và phía đối diện bên kia thì cũng đang gia cố cái bờ kè của sông bạch yến	@HUE	data\processed_transcripts\vOOql70PN8E.json
data\raw_audio\vOOql70PN8E.wav	890.92	895.839	đấy phía trước quý vị đó chính là khu vực cầu ăn hòa nha	@HUE	data\processed_transcripts\vOOql70PN8E.json
data\raw_audio\vOOql70PN8E.wav	895.839	901.16	và tàu đang di chuyển qua khu vực đường sắt.	@HUE	data\processed_transcripts\vOOql70PN8E.json
data\raw_audio\vOOql70PN8E.wav	901.16	908.72	Phải nói rằng là một cái hình ảnh rất là chấng quy trong lòng của thành phố. Quý	@HUE	data\processed_transcripts\vOOql70PN8E.json
data\raw_audio\vOOql70PN8E.wav	908.72	915.24	vị thấy có một cái chiếc giường tre này đó nằm ở phía trước	@HUE	data\processed_transcripts\vOOql70PN8E.json
data\raw_audio\vOOql70PN8E.wav	915.24	921.6	rất đẹp. Thưa quý vị thì à vừa rồi em cũng đã cập nhật cho quý vị những hình	@HUE	data\processed_transcripts\vOOql70PN8E.json
data\raw_audio\vOOql70PN8E.wav	921.6	925.68	ảnh về à dự án mở rộng đường Nguyễn Hoàng nằm	@HUE	data\processed_transcripts\vOOql70PN8E.json
data\raw_audio\vOOql70PN8E.wav	925.68	930.72	trong cái một phần của dự án Vận đai bà cũng như là một phần của cái dòng sông	@HUE	data\processed_transcripts\vOOql70PN8E.json
data\raw_audio\vOOql70PN8E.wav	930.72	937.639	Bạch Yến à nơi có làng An Hòa lâu đời hơn 500 năm. Thì quý vị nghĩ sao mong	@HUE	data\processed_transcripts\vOOql70PN8E.json
data\raw_audio\vOOql70PN8E.wav	937.639	941.759	quý vị like, chia sẻ và đăng ký kênh Huế hôm nay và quý vị cũng có thể chia sẻ	@HUE	data\processed_transcripts\vOOql70PN8E.json
data\raw_audio\vOOql70PN8E.wav	941.759	944.36	những ý kiến của mình giữa phần bình luận.	@HUE	data\processed_transcripts\vOOql70PN8E.json
data\raw_audio\vOOql70PN8E.wav	944.36	950.56	Còn bây giờ thì em cũng xin kết thúc video ở đây. Kính chúc quý vị xem video	@HUE	data\processed_transcripts\vOOql70PN8E.json
data\raw_audio\vOOql70PN8E.wav	950.56	954.839	thật là vui vẻ và thư giãn. Chúc quý vị một ngày cuối tuần thật nhiều niềm vui	@HUE	data\processed_transcripts\vOOql70PN8E.json
data\raw_audio\vOOql70PN8E.wav	954.839	961.319	và may mắn. Xin chào và hẹn gặp lại quý vị ở những video cập nhật tiếp theo về	@HUE	data\processed_transcripts\vOOql70PN8E.json
data\raw_audio\vOOql70PN8E.wav	961.319	971.519	Huế yêu thương sự mộng mơ kinh thành xưa. Xin chào và hẹn gặp lại quý vị.	@HUE	data\processed_transcripts\vOOql70PN8E.json
data\raw_audio\XavqlfDnS9I.wav	1.8	5.68	Vâng, mến chào quý vị đã quay lại với Huế Review. À quý vị và các bạn thân	@HUE	data\processed_transcripts\XavqlfDnS9I.json
data\raw_audio\XavqlfDnS9I.wav	5.68	11.96	mến, hiện tại thì Huế Review đang có mặt trên đường Thiên Thai rồi thưa quý vị.	@HUE	data\processed_transcripts\XavqlfDnS9I.json
data\raw_audio\XavqlfDnS9I.wav	11.96	16.76	Và để đi đến cái con đường Thiên Thai này thì nó cũng rất là dễ.	@HUE	data\processed_transcripts\XavqlfDnS9I.json
data\raw_audio\XavqlfDnS9I.wav	16.76	24.88	Nếu như quý vị đi từ dưới đường à Điện Biên Phủ đi lên đấy thì quý vị sẽ	@HUE	data\processed_transcripts\XavqlfDnS9I.json
data\raw_audio\XavqlfDnS9I.wav	24.88	30.8	thấy có con đường Tam Thai. và đi a	@HUE	data\processed_transcripts\XavqlfDnS9I.json
data\raw_audio\XavqlfDnS9I.wav	30.8	35.239	qua khúc cái cung đường Tam Thai đó thì chúng ta cũng sẽ thấy một cái ngã giao	@HUE	data\processed_transcripts\XavqlfDnS9I.json
data\raw_audio\XavqlfDnS9I.wav	35.239	41.48	với đại lộ Võ Văn Kiệt thì à quý vị sẽ thấy một cái bảng là đường Thiên Thai và	@HUE	data\processed_transcripts\XavqlfDnS9I.json
data\raw_audio\XavqlfDnS9I.wav	41.48	48.879	quý vị có thể đi theo cái bảng đó để lên cái được con đường Thiên Thai này.	@HUE	data\processed_transcripts\XavqlfDnS9I.json
data\raw_audio\XavqlfDnS9I.wav	49.36	53.28	Thì con đường Thiên Thai này là một cái con đường nó gắn liền với cái ngọn núi	@HUE	data\processed_transcripts\XavqlfDnS9I.json
data\raw_audio\XavqlfDnS9I.wav	53.28	57.76	Thiên Thai cũng rất nổi tiếng ở Thừa Thiên Hủy.	@HUE	data\processed_transcripts\XavqlfDnS9I.json
data\raw_audio\XavqlfDnS9I.wav	57.76	62.079	Tuy nhiên thì hôm nay Huế Review không phải giới thiệu cái con đường thiên th	@HUE	data\processed_transcripts\XavqlfDnS9I.json
data\raw_audio\XavqlfDnS9I.wav	62.079	68.28	này cho quý vị xem mà Huế Review muốn từ con đường Thiên Thái này Huyế Review sẽ	@HUE	data\processed_transcripts\XavqlfDnS9I.json
data\raw_audio\XavqlfDnS9I.wav	68.28	74.52	dẫn quý vị đến một cái ngôi biệt thự mà cái ngôi biệt thự đó là	@HUE	data\processed_transcripts\XavqlfDnS9I.json
data\raw_audio\XavqlfDnS9I.wav	74.52	81.439	hiện tại bây giờ đang bị bỏ hoang và là một di tích cấp quốc gia cũng được à	@HUE	data\processed_transcripts\XavqlfDnS9I.json
data\raw_audio\XavqlfDnS9I.wav	81.439	89.119	công nhận năm 1993 thưa quý vị và Khi nghe đến đây thì quý vị cũng đã	@HUE	data\processed_transcripts\XavqlfDnS9I.json
data\raw_audio\XavqlfDnS9I.wav	89.119	95.159	biết nơi đó là đâu rồi. Tuy nhiên thì cũng có một số quý vị chúng ta chưa biết	@HUE	data\processed_transcripts\XavqlfDnS9I.json
data\raw_audio\XavqlfDnS9I.wav	95.159	99.399	được cái địa điểm mà Huế Rio sắp tới sẽ muốn giới thiệu cho quý vị. Chính vì vậy	@HUE	data\processed_transcripts\XavqlfDnS9I.json
data\raw_audio\XavqlfDnS9I.wav	99.399	105.84	mà mời quý vị chúng ta cùng xem hết video để biết về một cái địa điểm đó. Và	@HUE	data\processed_transcripts\XavqlfDnS9I.json
data\raw_audio\XavqlfDnS9I.wav	105.84	112.719	cái địa điểm này bây giờ hiện tại thì cũng à khá là hoang vắng, hoang sơ và	@HUE	data\processed_transcripts\XavqlfDnS9I.json
data\raw_audio\XavqlfDnS9I.wav	112.719	119.479	cũng khá là rồng rợn. Đấy. Tuy nhiên thì nó là một cái di tích cấp quốc gia	@HUE	data\processed_transcripts\XavqlfDnS9I.json
data\raw_audio\XavqlfDnS9I.wav	119.479	124.399	và Huy Ru cũng muốn đến quay xem thử là cái mức độ	@HUE	data\processed_transcripts\XavqlfDnS9I.json
data\raw_audio\XavqlfDnS9I.wav	124.399	129.759	hoang tàn của nó là như thế nào rồi. Bởi vì Huy Review thông qua cũng được một số	@HUE	data\processed_transcripts\XavqlfDnS9I.json
data\raw_audio\XavqlfDnS9I.wav	129.759	134.2	thông tin á thì cái khu này bây giờ nó rất là hoàn toàn và rất là hoan vắn	@HUE	data\processed_transcripts\XavqlfDnS9I.json
data\raw_audio\XavqlfDnS9I.wav	134.2	140.12	dường như không có người lui tới. Còn như quý vị thấy thì cái con đường	@HUE	data\processed_transcripts\XavqlfDnS9I.json
data\raw_audio\XavqlfDnS9I.wav	140.12	145.48	Thiên Thai này bây giờ thì nó cũng đã được bê thông hóa và trước kia thì con	@HUE	data\processed_transcripts\XavqlfDnS9I.json
data\raw_audio\XavqlfDnS9I.wav	145.48	150.68	đường này cũng là một cái con đường đất thưa quý vị. Ở đây thì cũng có	@HUE	data\processed_transcripts\XavqlfDnS9I.json
data\raw_audio\XavqlfDnS9I.wav	150.68	155.56	cái trại giam. Như quý vị thấy thì con đường Thiên Thai	@HUE	data\processed_transcripts\XavqlfDnS9I.json
data\raw_audio\XavqlfDnS9I.wav	155.56	162.8	này tuy là nằm trên cái trường núi nhưng mà có vẻ là hoạt động sinh hoạt sinh	@HUE	data\processed_transcripts\XavqlfDnS9I.json
data\raw_audio\XavqlfDnS9I.wav	162.8	168.2	sống của bà con thì cũng khá là đông đúc.	@HUE	data\processed_transcripts\XavqlfDnS9I.json
data\raw_audio\XavqlfDnS9I.wav	168.2	172.68	Ở đây thì nhà cửa mọc cũng khá nhiều đây quý vị.	@HUE	data\processed_transcripts\XavqlfDnS9I.json
data\raw_audio\XavqlfDnS9I.wav	172.68	177.319	Thì không biết quý vị khán giả kinh hế review có ai ở cái khu vực con đường	@HUE	data\processed_transcripts\XavqlfDnS9I.json
data\raw_audio\XavqlfDnS9I.wav	177.319	180.879	thiên thà này hay không? Ở đây thì con đường này cũng có khá là	@HUE	data\processed_transcripts\XavqlfDnS9I.json
data\raw_audio\XavqlfDnS9I.wav	191.04	197.159	nhiều chùa và lúc nãy thì Huế Riv cũng đã đi qua cái tổ đình Thiền tô.	@HUE	data\processed_transcripts\XavqlfDnS9I.json
data\raw_audio\XavqlfDnS9I.wav	197.159	201.92	một cái cái tổ đinh cũng rất là lâu đời ở Huế	@HUE	data\processed_transcripts\XavqlfDnS9I.json
data\raw_audio\XavqlfDnS9I.wav	201.92	207.04	à và con đường này khá là nhỏ thôi quý vị.	@HUE	data\processed_transcripts\XavqlfDnS9I.json
data\raw_audio\XavqlfDnS9I.wav	207.48	214.0	Đấy và cây cối ở đây thì phần trên này thì cây cối cũng khá là nhiều.	@HUE	data\processed_transcripts\XavqlfDnS9I.json
data\raw_audio\XavqlfDnS9I.wav	214.0	222.56	Và cái con đường Thiên Thai này cũng dẫn quý vị đến một cái	@HUE	data\processed_transcripts\XavqlfDnS9I.json
data\raw_audio\XavqlfDnS9I.wav	222.599	228.439	di tích cũng rất là nổi tiếng đó là di tích Chín Hầm cũng như là đền công chúa	@HUE	data\processed_transcripts\XavqlfDnS9I.json
data\raw_audio\XavqlfDnS9I.wav	228.439	233.12	Hiền Trân một cái công vị một cái vị công chúa mà có công rất lớn trong việc	@HUE	data\processed_transcripts\XavqlfDnS9I.json
data\raw_audio\XavqlfDnS9I.wav	233.12	239.64	mở mang bờ cõi xuống phía Nam. Tuy nhiên thì nếu như quý vị muốn H review à quay	@HUE	data\processed_transcripts\XavqlfDnS9I.json
data\raw_audio\XavqlfDnS9I.wav	239.64	244.0	cái đề huyện Trân Công chúa thì quý vị cũng có thể comment phía dưới video để	@HUE	data\processed_transcripts\XavqlfDnS9I.json
data\raw_audio\XavqlfDnS9I.wav	244.0	251.879	Huế Review có thể biết được là cái mong muốn của quý vị để Huế Review có thể	@HUE	data\processed_transcripts\XavqlfDnS9I.json
data\raw_audio\XavqlfDnS9I.wav	251.879	255.159	review cái khu đền Huyền Trân đó cho quý vị xem.	@HUE	data\processed_transcripts\XavqlfDnS9I.json
data\raw_audio\XavqlfDnS9I.wav	255.159	261.519	Còn bây giờ thì chúng ta sẽ đến một cái di tích hiện tại bây giờ là cũng đang	@HUE	data\processed_transcripts\XavqlfDnS9I.json
data\raw_audio\XavqlfDnS9I.wav	261.519	268.08	rất là hoan văn để à quay cho vị xem cái di tích đó là	@HUE	data\processed_transcripts\XavqlfDnS9I.json
data\raw_audio\XavqlfDnS9I.wav	268.08	274.759	di tích gì. Và đảm bảo với quý vị thì khi quý vị xem	@HUE	data\processed_transcripts\XavqlfDnS9I.json
data\raw_audio\XavqlfDnS9I.wav	274.759	280.759	cái di tích này thì cũng cảm thấy khá là xót xa. Nhưng mà ở đây là có một cái	@HUE	data\processed_transcripts\XavqlfDnS9I.json
data\raw_audio\XavqlfDnS9I.wav	280.759	287.32	trung tâm gọi là trung tâm bảo trợ trẻ em phương An Tây đây quý vị.	@HUE	data\processed_transcripts\XavqlfDnS9I.json
data\raw_audio\XavqlfDnS9I.wav	287.32	292.16	Đây và bây giờ chúng ta đang đến gần cái khu di tích đó rừng	@HUE	data\processed_transcripts\XavqlfDnS9I.json
data\raw_audio\XavqlfDnS9I.wav	292.16	298.68	thưa quý vị. Hình như ở đây có một cái	@HUE	data\processed_transcripts\XavqlfDnS9I.json
data\raw_audio\XavqlfDnS9I.wav	298.68	303.639	nhà máy. Đây quý vị thấy thì	@HUE	data\processed_transcripts\XavqlfDnS9I.json
data\raw_audio\XavqlfDnS9I.wav	303.639	309.32	trời bây giờ hiện tại cũng khá là mù đấy. Có lẽ là sắp mưa rồi.	@HUE	data\processed_transcripts\XavqlfDnS9I.json
data\raw_audio\XavqlfDnS9I.wav	309.32	315.759	Và trên này thì cũng à đất ruộng cũng khá là nhiều. Đây	@HUE	data\processed_transcripts\XavqlfDnS9I.json
data\raw_audio\XavqlfDnS9I.wav	315.759	318.759	đó. Hàng ngoài kia thì có trồng một số cây	@HUE	data\processed_transcripts\XavqlfDnS9I.json
data\raw_audio\XavqlfDnS9I.wav	322.759	327.28	keo trên này thì đó vẫn là khá là nhiều chùa	@HUE	data\processed_transcripts\XavqlfDnS9I.json
data\raw_audio\XavqlfDnS9I.wav	327.28	333.199	thưa quý vị. Thì con đường này Huy Rác hiện thấy là khá là nhiều chùa.	@HUE	data\processed_transcripts\XavqlfDnS9I.json
data\raw_audio\XavqlfDnS9I.wav	333.199	337.12	Đấy trước kia thì Huy R cũng đã giới thiệu cái con đường mà nhiều chùa chiềng	@HUE	data\processed_transcripts\XavqlfDnS9I.json
data\raw_audio\XavqlfDnS9I.wav	337.12	343.319	nhất ở Huy đấy là cái đường địa bên phủ. Nhưng mà dường như là cái nhận định đó	@HUE	data\processed_transcripts\XavqlfDnS9I.json
data\raw_audio\XavqlfDnS9I.wav	343.319	347.96	là có có vẻ là sai lịch rồi. Phải nói là cái con đường nhiều chùa nhất là cái con	@HUE	data\processed_transcripts\XavqlfDnS9I.json
data\raw_audio\XavqlfDnS9I.wav	347.96	355.4	đường thiên thai này hay sao đó quý vị. Bởi vì từ khi đi từ đầu đường th giờ thì	@HUE	data\processed_transcripts\XavqlfDnS9I.json
data\raw_audio\XavqlfDnS9I.wav	355.4	359.4	phía đều phát hiện ở đây là rất là nhiều chùa. Và ở đây quý vị thấy cũng có một	@HUE	data\processed_transcripts\XavqlfDnS9I.json
data\raw_audio\XavqlfDnS9I.wav	359.4	364.24	cái con ngôi chùa cũng rất là lớn này. Wow.	@HUE	data\processed_transcripts\XavqlfDnS9I.json
data\raw_audio\XavqlfDnS9I.wav	364.24	368.919	Diện tích cũng khá rồng đấy quý vị này. Và chúng ta sắp đến à	@HUE	data\processed_transcripts\XavqlfDnS9I.json
data\raw_audio\XavqlfDnS9I.wav	374.08	379.24	[âm nhạc] đây chúng ta sắp đến à cái địa điểm mà	@HUE	data\processed_transcripts\XavqlfDnS9I.json
data\raw_audio\XavqlfDnS9I.wav	379.24	385.479	Huế R muốn giới thiệu cho quý vị rồi. Đây đường thiện thoại này.	@HUE	data\processed_transcripts\XavqlfDnS9I.json
data\raw_audio\XavqlfDnS9I.wav	385.639	390.12	Và cái địa điểm này thì cũng nằm à khá là hoang vu	@HUE	data\processed_transcripts\XavqlfDnS9I.json
data\raw_audio\XavqlfDnS9I.wav	390.12	397.72	chính vì vậy mà cũng ít người lui tới. Điều này cũng tạo nên một cái	@HUE	data\processed_transcripts\XavqlfDnS9I.json
data\raw_audio\XavqlfDnS9I.wav	397.72	404.0	sự hoang vu rùng rợn. Đấy, như quý vị thấy là cái con đường đi vào	@HUE	data\processed_transcripts\XavqlfDnS9I.json
data\raw_audio\XavqlfDnS9I.wav	404.0	410.919	đây không là quý vị thấy cũng à khá là hoang vu đây.	@HUE	data\processed_transcripts\XavqlfDnS9I.json
data\raw_audio\XavqlfDnS9I.wav	411.36	415.879	Tuy thuộc địa giới của thành phố nhưng mà	@HUE	data\processed_transcripts\XavqlfDnS9I.json
data\raw_audio\XavqlfDnS9I.wav	415.879	422.199	có vẻ rất là hoan ngắn, điều hiếu. Và bây giờ chúng ta đã đến được cái khu	@HUE	data\processed_transcripts\XavqlfDnS9I.json
data\raw_audio\XavqlfDnS9I.wav	422.199	425.879	di tích này rồi quý vị. Đây quý vị có thể thấy một cái biển chỉ	@HUE	data\processed_transcripts\XavqlfDnS9I.json
data\raw_audio\XavqlfDnS9I.wav	428.68	434.08	dẫn màu xanh. Đây	@HUE	data\processed_transcripts\XavqlfDnS9I.json
data\raw_audio\XavqlfDnS9I.wav	434.44	439.479	nhà trển tích Ngô Định Cận thưa quý vị. Đây là khu vực phía trước	@HUE	data\processed_transcripts\XavqlfDnS9I.json
data\raw_audio\XavqlfDnS9I.wav	443.039	448.72	quý vị thấy cây cối nó một mọc tâm tùm. Và ở đây là bên trong nhà chứng tích	@HUE	data\processed_transcripts\XavqlfDnS9I.json
data\raw_audio\XavqlfDnS9I.wav	448.72	451.72	này. Bây giờ thì Huế Review. Mời quý vị cùng	@HUE	data\processed_transcripts\XavqlfDnS9I.json
data\raw_audio\XavqlfDnS9I.wav	454.8	461.24	Huế review chúng ta khám phá cái ngôi nhà chứng tích này xem có cái gì đó mà	@HUE	data\processed_transcripts\XavqlfDnS9I.json
data\raw_audio\XavqlfDnS9I.wav	461.24	467.759	nó được nhiều người được cho là đây là một cái biệt thự bỏ hoang và rất chi là	@HUE	data\processed_transcripts\XavqlfDnS9I.json
data\raw_audio\XavqlfDnS9I.wav	467.759	474.24	rụng rỡ đây. Mời quý vị. Vâng kính thưa quý vị thì hiện tại Huế	@HUE	data\processed_transcripts\XavqlfDnS9I.json
data\raw_audio\XavqlfDnS9I.wav	474.24	481.52	Review đang đứng trước cái biệt thự Bỏ Hoàng một cái ngôi biệt thự bỏ hoàng của	@HUE	data\processed_transcripts\XavqlfDnS9I.json
data\raw_audio\XavqlfDnS9I.wav	481.52	487.36	Bào Chúa miền Trung đấy. Trước kia được mình danh là Bào Chúa miền Trung của à	@HUE	data\processed_transcripts\XavqlfDnS9I.json
data\raw_audio\XavqlfDnS9I.wav	487.36	492.24	ông Ngô Đình Cực đấy. Tuy nhiên thì cái vấn đề mà bào chủ hay không bào chú thì	@HUE	data\processed_transcripts\XavqlfDnS9I.json
data\raw_audio\XavqlfDnS9I.wav	492.24	497.12	Huế Review không xét ở đây và không có muốn tranh luận ở đây thưa quý vị. Bởi	@HUE	data\processed_transcripts\XavqlfDnS9I.json
data\raw_audio\XavqlfDnS9I.wav	497.12	500.199	vì đó là những cái điều trong lịch sử và Huế Review cũng không thực sự chứng	@HUE	data\processed_transcripts\XavqlfDnS9I.json
data\raw_audio\XavqlfDnS9I.wav	500.199	504.319	kiến. Do đó là Huy Review cũng không biết nó như thế nào. Nhưng mà Huy Rêu	@HUE	data\processed_transcripts\XavqlfDnS9I.json
data\raw_audio\XavqlfDnS9I.wav	504.319	508.759	muốn quay cho quý vị xem một cái khu chứng tích đấy, một cái nhà chứng tích	@HUE	data\processed_transcripts\XavqlfDnS9I.json
data\raw_audio\XavqlfDnS9I.wav	508.759	514.64	của ông Ngô Đình Cẩn. Và thông qua cái việc tìm hiểu trên báo đài cũng như là	@HUE	data\processed_transcripts\XavqlfDnS9I.json
data\raw_audio\XavqlfDnS9I.wav	514.64	519.88	trên Internet thì Huế Review cũng biết được là ở trước cái ngôi biệt thự này	@HUE	data\processed_transcripts\XavqlfDnS9I.json
data\raw_audio\XavqlfDnS9I.wav	519.88	524.68	cũng có một cái hồ. Đấy và cái hồ này thì như quý vị thấy bây giờ hiện tại thì	@HUE	data\processed_transcripts\XavqlfDnS9I.json
data\raw_audio\XavqlfDnS9I.wav	524.68	529.08	nó cũng đã được lắp đầy bởi các cái cây cối đấy giống như là một cái nơi hoang	@HUE	data\processed_transcripts\XavqlfDnS9I.json
data\raw_audio\XavqlfDnS9I.wav	529.08	534.8	vắng rồi. Nhưng mà chúng ta cũng sẽ xuống xem thử là cái hồ này nó có cái gì	@HUE	data\processed_transcripts\XavqlfDnS9I.json
data\raw_audio\XavqlfDnS9I.wav	534.8	540.8	đặc biệt hay không. Đây quý vị thấy này. Dây dở đấy. Dây điện, dây đài ở đây. Đây	@HUE	data\processed_transcripts\XavqlfDnS9I.json
data\raw_audio\XavqlfDnS9I.wav	540.8	548.839	quý vị thấy đó quý vị thấy là dưới này là có một cái hồ. Và như theo Huy Review	@HUE	data\processed_transcripts\XavqlfDnS9I.json
data\raw_audio\XavqlfDnS9I.wav	548.839	554.2	thấy thì cái kiến trúc của các cái hồ này dường như nó cũng khá là giống những	@HUE	data\processed_transcripts\XavqlfDnS9I.json
data\raw_audio\XavqlfDnS9I.wav	554.2	560.92	cái hồ bán nguyệt mà ở các cái công trình lăng tẩm của Triều Nguyễn à nó	@HUE	data\processed_transcripts\XavqlfDnS9I.json
data\raw_audio\XavqlfDnS9I.wav	560.92	565.519	thiết kế là bởi vì quý vị thấy là các cái lớp đã học ấy được thiết kế theo cái	@HUE	data\processed_transcripts\XavqlfDnS9I.json
data\raw_audio\XavqlfDnS9I.wav	565.519	571.8	dạng so le như thế này. Và ở đây nó cũng có một cái hòn trong bộ rất là to ở	@HUE	data\processed_transcripts\XavqlfDnS9I.json
data\raw_audio\XavqlfDnS9I.wav	571.8	577.56	giữa. Tuy nhiên thì bây giờ quý vị thấy thì các cái tre trúc đồ nó mọc lên và nó	@HUE	data\processed_transcripts\XavqlfDnS9I.json
data\raw_audio\XavqlfDnS9I.wav	577.56	584.12	rất là um tùm. Và phía dưới là một cái nền hồ nước. Và nếu như mà theo như Huế	@HUE	data\processed_transcripts\XavqlfDnS9I.json
data\raw_audio\XavqlfDnS9I.wav	584.12	587.48	Review không lầm thì trước kia ở đây là chắc chắn là nuôi những cái con cá cảnh	@HUE	data\processed_transcripts\XavqlfDnS9I.json
data\raw_audio\XavqlfDnS9I.wav	587.48	590.839	rất là đẹp. Bởi vì ông Ngô Đình Cẩn là một cái con	@HUE	data\processed_transcripts\XavqlfDnS9I.json
data\raw_audio\XavqlfDnS9I.wav	590.839	596.88	người mà gọi là thích chơi thú cây cảnh và thích chơi hòn đồng bộ. Chính vì vậy	@HUE	data\processed_transcripts\XavqlfDnS9I.json
data\raw_audio\XavqlfDnS9I.wav	596.88	602.959	mà việc mà ông trang trí cái ngôi biệt thự của mình nó lòng lẫy và nó đẹp cũng	@HUE	data\processed_transcripts\XavqlfDnS9I.json
data\raw_audio\XavqlfDnS9I.wav	602.959	607.0	như là nó rất là khang trang thì đó là cái điều hiển nhiên. Và bây giờ cái thú	@HUE	data\processed_transcripts\XavqlfDnS9I.json
data\raw_audio\XavqlfDnS9I.wav	607.0	611.04	vui bây giờ cũng vậy thôi quý vị. những cái những cái gia đình mà họ thích chơi	@HUE	data\processed_transcripts\XavqlfDnS9I.json
data\raw_audio\XavqlfDnS9I.wav	611.04	615.16	họ nông bộ thích chơi các cái loại hồ hồ cá thì thường thường là các cái sẽ nuôi	@HUE	data\processed_transcripts\XavqlfDnS9I.json
data\raw_audio\XavqlfDnS9I.wav	615.16	621.2	các cái cá coi và như Huế Rêu phát hiện thấy thì cái cấu	@HUE	data\processed_transcripts\XavqlfDnS9I.json
data\raw_audio\XavqlfDnS9I.wav	621.2	626.48	trúc của cái hồ là dường như là cũng là hình bá nguyệt.	@HUE	data\processed_transcripts\XavqlfDnS9I.json
data\raw_audio\XavqlfDnS9I.wav	626.48	632.88	Đấy một cái hình bá nguyệt như thế này không à như như là hình quạt quý vị. Đấy	@HUE	data\processed_transcripts\XavqlfDnS9I.json
data\raw_audio\XavqlfDnS9I.wav	632.88	639.24	như là hình hình cái cạnh quạt hay sao á. Đấy. Đấy. Ở đây là nó bè ra và nó	@HUE	data\processed_transcripts\XavqlfDnS9I.json
data\raw_audio\XavqlfDnS9I.wav	639.24	642.519	vòng cung ở giữa đấy. Nhưng mà ở giữa thì nó cũng không phải là một hình vòng	@HUE	data\processed_transcripts\XavqlfDnS9I.json
data\raw_audio\XavqlfDnS9I.wav	642.519	647.519	cung mà nó có một cái sự rít chắc nhẹ đây.	@HUE	data\processed_transcripts\XavqlfDnS9I.json
data\raw_audio\XavqlfDnS9I.wav	647.519	652.2	Đấy. Và nhìn vào bây giờ nhìn nhìn bây giờ thì	@HUE	data\processed_transcripts\XavqlfDnS9I.json
data\raw_audio\XavqlfDnS9I.wav	652.2	657.2	quý vị thấy là dường như là cái khu này nó đổ nát hoàn toàn và không có cái hình	@HUE	data\processed_transcripts\XavqlfDnS9I.json
data\raw_audio\XavqlfDnS9I.wav	657.2	661.2	thù rõ ràng. Rồi. Chính vì vậy mà chúng ta cũng không có thể xác định được là	@HUE	data\processed_transcripts\XavqlfDnS9I.json
data\raw_audio\XavqlfDnS9I.wav	661.2	667.6	cái diện tích của nó là bao nhiêu. Nhưng mà rõ ràng là một cái sự hoang phế.	@HUE	data\processed_transcripts\XavqlfDnS9I.json
data\raw_audio\XavqlfDnS9I.wav	668.04	672.44	Đây ở đây quý vị thấy này đó	@HUE	data\processed_transcripts\XavqlfDnS9I.json
data\raw_audio\XavqlfDnS9I.wav	672.44	678.079	một cái hòn non bộ rất là bự nằm ở phía trong này. Và ở đây nó có một cái đường	@HUE	data\processed_transcripts\XavqlfDnS9I.json
data\raw_audio\XavqlfDnS9I.wav	678.079	682.56	đi ra đây quý vị. Nhưng như Huế Đ Vi phát hiện thì ở dưới như không có cá gì	@HUE	data\processed_transcripts\XavqlfDnS9I.json
data\raw_audio\XavqlfDnS9I.wav	682.56	687.04	hết cả. Chắc cá cá cũng bự lắm rồi. Cá là cũng	@HUE	data\processed_transcripts\XavqlfDnS9I.json
data\raw_audio\XavqlfDnS9I.wav	687.04	691.639	bự lắm nhưng mà nằm ở phía dưới sâu rồi. Và ở đây là có một cái đường đi ra đây	@HUE	data\processed_transcripts\XavqlfDnS9I.json
data\raw_audio\XavqlfDnS9I.wav	691.639	696.36	quý vị. Đấy quý vị thấy kỹ một cái đường đi ra.	@HUE	data\processed_transcripts\XavqlfDnS9I.json
data\raw_audio\XavqlfDnS9I.wav	696.36	701.68	cái hòn đồng bộ đấy. Nhưng mà chắc có lẽ là Huế Review cũng sẽ không đi ra đó bởi	@HUE	data\processed_transcripts\XavqlfDnS9I.json
data\raw_audio\XavqlfDnS9I.wav	701.68	708.44	vì chúng ta bây giờ sẽ đi vào để review cái căn biệt thử xem thử là nó có gì đặc	@HUE	data\processed_transcripts\XavqlfDnS9I.json
data\raw_audio\XavqlfDnS9I.wav	708.44	714.2	biệt hay không. Bởi vì theo như sách báo thì cả báo đài thì cái khu biệt hự này	@HUE	data\processed_transcripts\XavqlfDnS9I.json
data\raw_audio\XavqlfDnS9I.wav	714.2	719.6	nó chất chữa rất là nhiều cái biển. Và những biến đó là gì thì mong quý vị cũng	@HUE	data\processed_transcripts\XavqlfDnS9I.json
data\raw_audio\XavqlfDnS9I.wav	719.6	724.8	ta xem hết video để cùng Huế review chúng ta theo dõi và tìm hiểu những cái	@HUE	data\processed_transcripts\XavqlfDnS9I.json
data\raw_audio\XavqlfDnS9I.wav	724.8	729.44	bí ẩn ẩn sau cái ngôi biệt thự này. Thưa quý vị, xin mời quý vị. Vâng, thưa quý	@HUE	data\processed_transcripts\XavqlfDnS9I.json
data\raw_audio\XavqlfDnS9I.wav	729.44	733.8	vị, như quý vị thấy thì để bước vào cái qua biệt thự thì chúng ta sẽ đi qua một	@HUE	data\processed_transcripts\XavqlfDnS9I.json
data\raw_audio\XavqlfDnS9I.wav	733.8	739.24	cái cổng. Thì ở đây quý vị thấy hai cái trụ cộng nó cũng được thiết kế cũng khá	@HUE	data\processed_transcripts\XavqlfDnS9I.json
data\raw_audio\XavqlfDnS9I.wav	739.24	743.76	là đặc biệt là bởi vì ở đây là Huế Viê thấy ngoài cái trụ chính ra thì ở đây có	@HUE	data\processed_transcripts\XavqlfDnS9I.json
data\raw_audio\XavqlfDnS9I.wav	743.76	749.24	một cái trụ phụ nhỏ ở đây này. Đấy và quý vị thấy là nếu như mà cái cổng lúc	@HUE	data\processed_transcripts\XavqlfDnS9I.json
data\raw_audio\XavqlfDnS9I.wav	749.24	754.839	trước còn thì cũng khá là to. Đấy cái mắt không á cái mắt xích để mà quay cái	@HUE	data\processed_transcripts\XavqlfDnS9I.json
data\raw_audio\XavqlfDnS9I.wav	754.839	760.76	để mà mở cổng đóng cổng thì cũng rất là to rồi thưa quý vị. Đây và đập vào mắt	@HUE	data\processed_transcripts\XavqlfDnS9I.json
data\raw_audio\XavqlfDnS9I.wav	760.76	765.36	chúng ta khi chúng ta bước vào là một cái con đường đấy, một cái con đường	@HUE	data\processed_transcripts\XavqlfDnS9I.json
data\raw_audio\XavqlfDnS9I.wav	765.36	772.079	chính như thế này. Và ở đây như quý vị thấy thì cây cối nó rất là um tùm và do	@HUE	data\processed_transcripts\XavqlfDnS9I.json
data\raw_audio\XavqlfDnS9I.wav	772.079	776.399	là không có ai chăm sóc. Đấy, chính vì vậy mà những cái cây này bây giờ nó cứ	@HUE	data\processed_transcripts\XavqlfDnS9I.json
data\raw_audio\XavqlfDnS9I.wav	776.399	782.199	mọc lên như thế này và rất nhiều cây dải, những cái cây cổ thụ. Đấy cũng có	@HUE	data\processed_transcripts\XavqlfDnS9I.json
data\raw_audio\XavqlfDnS9I.wav	782.199	787.399	những cái cây cổ thụ mọc ở đây luôn quý vị này. Và ở đây có một cái bảng đấy.	@HUE	data\processed_transcripts\XavqlfDnS9I.json
data\raw_audio\XavqlfDnS9I.wav	787.399	792.959	Một cái bảng ghi là di tích nhà Ngô Định Cửn đấy. Khu đất nhà Ngô Định Cửng	@HUE	data\processed_transcripts\XavqlfDnS9I.json
data\raw_audio\XavqlfDnS9I.wav	792.959	796.959	nguyên trước đây là của ông bác Tấng sau đó thì bán lại cho một vị quan triều	@HUE	data\processed_transcripts\XavqlfDnS9I.json
data\raw_audio\XavqlfDnS9I.wav	796.959	801.639	Nguyễn tên là Bùi Di Tín. Tiếp theo thì con cháu ông Tín lại bán cho một thương	@HUE	data\processed_transcripts\XavqlfDnS9I.json
data\raw_audio\XavqlfDnS9I.wav	801.639	806.68	nhân người Hoa ở đường Trần Hương Đạo tên là Lý Lâm Tinh để sử dụng khu đất	@HUE	data\processed_transcripts\XavqlfDnS9I.json
data\raw_audio\XavqlfDnS9I.wav	806.68	811.72	này lập vườn. Năm 1956 dưới áp lực của Ngô Đình Cẩn thì ông Lý Lâm Tinh buộc	@HUE	data\processed_transcripts\XavqlfDnS9I.json
data\raw_audio\XavqlfDnS9I.wav	811.72	816.68	phải nhường lại toàn bộ khu vườn này cho Ngô Định Cẩn. Sau đó thì cẩn đã cho xây	@HUE	data\processed_transcripts\XavqlfDnS9I.json
data\raw_audio\XavqlfDnS9I.wav	816.68	821.839	dựng khuôn viên vào một số công trình như là khu biệt thự, nhà thủy tạ, hồ	@HUE	data\processed_transcripts\XavqlfDnS9I.json
data\raw_audio\XavqlfDnS9I.wav	821.839	828.519	khảnh nguyệt, cổng vò, suối đá, giếng nước và vườn cây ăn họa biến nơi này	@HUE	data\processed_transcripts\XavqlfDnS9I.json
data\raw_audio\XavqlfDnS9I.wav	828.519	833.199	thành một địa điểm nghỉ ngơi, vui chơi, giải trí, đồng thời theo dõi, giám sát,	@HUE	data\processed_transcripts\XavqlfDnS9I.json
data\raw_audio\XavqlfDnS9I.wav	833.199	836.92	chỉ đạo các hoạt động tra tấn, đánh đập tù nhân của bọn tây sai đối với các	@HUE	data\processed_transcripts\XavqlfDnS9I.json
data\raw_audio\XavqlfDnS9I.wav	836.92	841.44	chiến sĩ cách mạng đang bị giam cầm đại ải trong khu vực chín hầm.	@HUE	data\processed_transcripts\XavqlfDnS9I.json
data\raw_audio\XavqlfDnS9I.wav	841.44	847.199	Đấy và cùng với di tích chín hầm thì ngô di tích nhà của Ngô Định Cửng cũng được	@HUE	data\processed_transcripts\XavqlfDnS9I.json
data\raw_audio\XavqlfDnS9I.wav	847.199	850.959	Bộ Văn hóa thông tin nay là Bộ Văn hóa Thể thao Du lịch xếp hạng là di tích	@HUE	data\processed_transcripts\XavqlfDnS9I.json
data\raw_audio\XavqlfDnS9I.wav	850.959	858.12	quốc gia ngày 16 tháng 12 năm 1993. Như vậy thì ở đây quý vị thấy có một cây	@HUE	data\processed_transcripts\XavqlfDnS9I.json
data\raw_audio\XavqlfDnS9I.wav	858.12	863.079	suối đá, một cái giếng nước, một cái vườn cây ăn quả, một cái cổng vò và một	@HUE	data\processed_transcripts\XavqlfDnS9I.json
data\raw_audio\XavqlfDnS9I.wav	863.079	867.24	cái hồ Khánh Nguyệt. Rồi hình nhà thủy tạ. Quý vị thân mến, như vậy là cái khu	@HUE	data\processed_transcripts\XavqlfDnS9I.json
data\raw_audio\XavqlfDnS9I.wav	867.24	873.36	vực à Huế Review mà mới quay cho quý vị xem có thể là Hồ Khánh Nguyệt cũng có	@HUE	data\processed_transcripts\XavqlfDnS9I.json
data\raw_audio\XavqlfDnS9I.wav	873.36	877.68	thể là cái suối đá. Đấy thì không biết là quý vị có phân biệt được cái suối đá	@HUE	data\processed_transcripts\XavqlfDnS9I.json
data\raw_audio\XavqlfDnS9I.wav	877.68	880.759	và cái hồ Khánh Nguyệt không thì quý vị có thể comment phía dưới video giúp Huế	@HUE	data\processed_transcripts\XavqlfDnS9I.json
data\raw_audio\XavqlfDnS9I.wav	880.759	885.0	review nha quý vị. À như vậy là sẽ có rất nhiều công trình đó là cái khu biệt	@HUE	data\processed_transcripts\XavqlfDnS9I.json
data\raw_audio\XavqlfDnS9I.wav	885.0	890.04	thự hai tầng nhà thủy tạ, hồ Khánh Nguyệt Cổng Vỏ. Rồi	@HUE	data\processed_transcripts\XavqlfDnS9I.json
data\raw_audio\XavqlfDnS9I.wav	890.04	894.12	như vậy thì ở đây là cái khu vực này chính là khu vực vườn cây ăn quả trước	@HUE	data\processed_transcripts\XavqlfDnS9I.json
data\raw_audio\XavqlfDnS9I.wav	894.12	899.839	kia. Thưa quý vị, còn bây giờ thì à có rất nhiều cái cây dài mọc lên rồi và quý	@HUE	data\processed_transcripts\XavqlfDnS9I.json
data\raw_audio\XavqlfDnS9I.wav	899.839	905.36	vị thấy đi vào là giống như rừng rằm Amazon đấy. Nhìn thời tiết âm u n nhìn	@HUE	data\processed_transcripts\XavqlfDnS9I.json
data\raw_audio\XavqlfDnS9I.wav	905.36	911.399	có vẻ rất là sợ đấy quý vị. Đấy nhìn giống như rừng Amazon nếu như mà	@HUE	data\processed_transcripts\XavqlfDnS9I.json
data\raw_audio\XavqlfDnS9I.wav	911.399	916.199	nói không quá thì cái khu vực này bây giờ nó là giống như một cái khu rừng rẫm	@HUE	data\processed_transcripts\XavqlfDnS9I.json
data\raw_audio\XavqlfDnS9I.wav	916.199	920.959	vì nó là bỏ hoang. Và nếu như mà cái khu vực này không được cải tạo, không được	@HUE	data\processed_transcripts\XavqlfDnS9I.json
data\raw_audio\XavqlfDnS9I.wav	920.959	925.92	tôn tạo lại thì có thể là nó sẽ trở thành một cái phế tích rất là đáng tiếc.	@HUE	data\processed_transcripts\XavqlfDnS9I.json
data\raw_audio\XavqlfDnS9I.wav	925.92	929.959	Thưa quý vị không biết à Trung tâm bảo tồn di tích có nghĩ đến cái phương án	@HUE	data\processed_transcripts\XavqlfDnS9I.json
data\raw_audio\XavqlfDnS9I.wav	929.959	933.959	trùng tu và bảo tồn lại cái khu vực này hay chưa. Đấy nhưng mà nếu như mà chúng	@HUE	data\processed_transcripts\XavqlfDnS9I.json
data\raw_audio\XavqlfDnS9I.wav	933.959	938.12	ta không có bả không có trung tu lại thì có lẽ là khu vực này cũng sẽ trở thành	@HUE	data\processed_transcripts\XavqlfDnS9I.json
data\raw_audio\XavqlfDnS9I.wav	938.12	941.8	phế tích mà thôi. Bởi vì hiện tại như quý vị thấy cái khu vực này nó đang	@HUE	data\processed_transcripts\XavqlfDnS9I.json
data\raw_audio\XavqlfDnS9I.wav	941.8	947.079	xuống cấp rất là nghiêm trọng nữa. Này đây nhìn ra cái con đường này thôi quý	@HUE	data\processed_transcripts\XavqlfDnS9I.json
data\raw_audio\XavqlfDnS9I.wav	947.079	952.279	vị. Nếu như mà thật sự mà nói là cái ngoài kia mà cái khu vực đó là nó nhiều	@HUE	data\processed_transcripts\XavqlfDnS9I.json
data\raw_audio\XavqlfDnS9I.wav	952.279	956.839	cây cối và cái cổng đó nó tối thì chẳng khác gì chúng ta đang lạc vào một cái	@HUE	data\processed_transcripts\XavqlfDnS9I.json
data\raw_audio\XavqlfDnS9I.wav	956.839	961.56	khu rừng đầy huyền bí. Thật sự mà nói là ở nơi đây rất phù hợp cho những ai yêu	@HUE	data\processed_transcripts\XavqlfDnS9I.json
data\raw_audio\XavqlfDnS9I.wav	961.56	970.92	thích khám phá và những ai mà yêu thích nhữ cái sự bí ẩn huyền bí.	@HUE	data\processed_transcripts\XavqlfDnS9I.json
data\raw_audio\XavqlfDnS9I.wav	970.92	976.92	Bên kia thì quý vị thấy những cái cây keo bây giờ nó đang lớn dần lớn dần và	@HUE	data\processed_transcripts\XavqlfDnS9I.json
data\raw_audio\XavqlfDnS9I.wav	976.92	982.959	nó đang lấn vào những cái diện tích của cái khu vườn ăn gọi là cái khu vườn cây	@HUE	data\processed_transcripts\XavqlfDnS9I.json
data\raw_audio\XavqlfDnS9I.wav	982.959	987.8	ăn quả. Đây mà bây giờ Huế Review phát hiện thì ở đây cây ăn quả thì chủ yếu là	@HUE	data\processed_transcripts\XavqlfDnS9I.json
data\raw_audio\XavqlfDnS9I.wav	987.8	991.279	có những cái cây mít mà thôi. Bởi vì những cái cây mít nó bây giờ nó lớn rất	@HUE	data\processed_transcripts\XavqlfDnS9I.json
data\raw_audio\XavqlfDnS9I.wav	991.279	997.12	là rất là to luôn. À có rất là nhiều trẻ mít này.	@HUE	data\processed_transcripts\XavqlfDnS9I.json
data\raw_audio\XavqlfDnS9I.wav	997.12	1002.48	Wow. Đấy quý vị có thể thấy là mít ở đây rất	@HUE	data\processed_transcripts\XavqlfDnS9I.json
data\raw_audio\XavqlfDnS9I.wav	1002.48	1006.44	là nhiều đó.	@HUE	data\processed_transcripts\XavqlfDnS9I.json
data\raw_audio\XavqlfDnS9I.wav	1006.44	1010.519	Có những trái là chín rồi quý vị này. Đấy nhưng mà cường như là cũng à chẳng	@HUE	data\processed_transcripts\XavqlfDnS9I.json
data\raw_audio\XavqlfDnS9I.wav	1010.519	1016.04	ai dám hái luôn. cũng không có ai tới đây, rất là ít	@HUE	data\processed_transcripts\XavqlfDnS9I.json
data\raw_audio\XavqlfDnS9I.wav	1016.04	1020.88	người tới đây. Thường thì các thường tới cái mùa du lịch mà phát triển á sẽ có	@HUE	data\processed_transcripts\XavqlfDnS9I.json
data\raw_audio\XavqlfDnS9I.wav	1020.88	1026.079	rất khá là nhiều người tới đây để mà chụp ảnh nhìn có vẻ hoang vu đấy. Nhưng	@HUE	data\processed_transcripts\XavqlfDnS9I.json
data\raw_audio\XavqlfDnS9I.wav	1026.079	1031.4	mà hiện tại thì cái tình hình dịch bệnh nó xảy ra chính vì vậy mà cũng không có	@HUE	data\processed_transcripts\XavqlfDnS9I.json
data\raw_audio\XavqlfDnS9I.wav	1031.4	1035.079	ai đến đây. Do đó là Huế Review cũng muốn quay cái khu vực này cho quý vị	@HUE	data\processed_transcripts\XavqlfDnS9I.json
data\raw_audio\XavqlfDnS9I.wav	1035.079	1038.839	xem. Hơn nữa thì có một số quý vị khán giả là	@HUE	data\processed_transcripts\XavqlfDnS9I.json
data\raw_audio\XavqlfDnS9I.wav	1038.839	1043.0	nói rằng là Huế Review có dám đi một mình vào đây hay không. để quay cái khu	@HUE	data\processed_transcripts\XavqlfDnS9I.json
data\raw_audio\XavqlfDnS9I.wav	1043.0	1047.72	vực chứng tích này hay không, cái nhà chứng tích này hay không. Đấy thì Huy	@HUE	data\processed_transcripts\XavqlfDnS9I.json
data\raw_audio\XavqlfDnS9I.wav	1047.72	1051.6	Review cũng xin thưa là Huy Review cũng à	@HUE	data\processed_transcripts\XavqlfDnS9I.json
data\raw_audio\XavqlfDnS9I.wav	1051.6	1055.72	đấy đem lòng nhũngng cạo của mình để đến đây để quay cho quý vị xem bởi vì đi vào	@HUE	data\processed_transcripts\XavqlfDnS9I.json
data\raw_audio\XavqlfDnS9I.wav	1055.72	1060.88	một mình luôn. Huế v đi một mình không không đi với ai cả và cảm thấy cũng khá	@HUE	data\processed_transcripts\XavqlfDnS9I.json
data\raw_audio\XavqlfDnS9I.wav	1060.88	1066.6	là bồi hồi, khá là sợ hãi. Nhưng mà dù sao thì cái máu khám phá, cái máu yêu	@HUE	data\processed_transcripts\XavqlfDnS9I.json
data\raw_audio\XavqlfDnS9I.wav	1066.6	1071.32	thích khám phá của H review Review nó cũng nổi lên rồi. Và như quý vị thấy ở	@HUE	data\processed_transcripts\XavqlfDnS9I.json
data\raw_audio\XavqlfDnS9I.wav	1071.32	1076.32	đây là có cái nhà thủy tạ. Theo như Huế Review tìm hiểu thì những	@HUE	data\processed_transcripts\XavqlfDnS9I.json
data\raw_audio\XavqlfDnS9I.wav	1076.32	1082.48	cái công trình kiến trúc ở đây nó được thiết kế theo kiểu phong kiến. Chính vì	@HUE	data\processed_transcripts\XavqlfDnS9I.json
data\raw_audio\XavqlfDnS9I.wav	1082.48	1087.799	vậy mà Huế Review cũng rất là tò mò và muốn đến đây để khám phá xem thử cái	@HUE	data\processed_transcripts\XavqlfDnS9I.json
data\raw_audio\XavqlfDnS9I.wav	1087.799	1093.64	thông tin đó có đúng hay không. Nhưng mà như quý vị thấy thì cái khu vực nhà thủy	@HUE	data\processed_transcripts\XavqlfDnS9I.json
data\raw_audio\XavqlfDnS9I.wav	1093.64	1097.84	tạ đấy, khu vực nhà thủy tạ thì các cái cột	@HUE	data\processed_transcripts\XavqlfDnS9I.json
data\raw_audio\XavqlfDnS9I.wav	1097.84	1103.96	kèo bây giờ nó cũng được trang trí. Đấy the như quý vị thấy không? Ở đây thì Huy	@HUE	data\processed_transcripts\XavqlfDnS9I.json
data\raw_audio\XavqlfDnS9I.wav	1103.96	1107.28	R cũng đã từng quay những cái lăng mộ triều Nguyễn cho quý vị xem. những cái	@HUE	data\processed_transcripts\XavqlfDnS9I.json
data\raw_audio\XavqlfDnS9I.wav	1107.28	1112.96	công trình về vua chúa triều nguyện thì rõ ràng ở đây chúng ta thấy là các cái	@HUE	data\processed_transcripts\XavqlfDnS9I.json
data\raw_audio\XavqlfDnS9I.wav	1112.96	1117.76	họa tiết rồng ửng vân long ẩn vân trong các cái cổ kèo đấy thậm chí là những cái	@HUE	data\processed_transcripts\XavqlfDnS9I.json
data\raw_audio\XavqlfDnS9I.wav	1117.76	1124.679	họa tiết cung đình nó vẫn hiện ở đây chứng tỏ là ông Ngô Đình Cẩn là một cái	@HUE	data\processed_transcripts\XavqlfDnS9I.json
data\raw_audio\XavqlfDnS9I.wav	1124.679	1131.919	ông cũng rất là hoài niệm và cũng à rất là câm câm ghét cái tòa không sử pháp	@HUE	data\processed_transcripts\XavqlfDnS9I.json
data\raw_audio\XavqlfDnS9I.wav	1131.919	1137.0	nhưng mà sau này vì cái hoàn cảnh đôi lúc nó có một cái sự gì đó bất rất dĩ.	@HUE	data\processed_transcripts\XavqlfDnS9I.json
data\raw_audio\XavqlfDnS9I.wav	1137.0	1141.24	Chính vì vậy mà ông a mới à bị người ta đặt cái biệt danh là bảo chúa miền	@HUE	data\processed_transcripts\XavqlfDnS9I.json
data\raw_audio\XavqlfDnS9I.wav	1141.24	1146.679	Trung. Thì cái ở ý sâu xa đó thì Huế Review cũng không a tiện để tìm hiểu và	@HUE	data\processed_transcripts\XavqlfDnS9I.json
data\raw_audio\XavqlfDnS9I.wav	1146.679	1151.84	cũng không tệ để phân tích bởi vì nó là lịch sử và nó liên quan đến những cái à	@HUE	data\processed_transcripts\XavqlfDnS9I.json
data\raw_audio\XavqlfDnS9I.wav	1151.84	1156.24	yếu tố nó không a nó ảnh hưởng tới chính trị. Chính vì vậy mà Huế Review cũng	@HUE	data\processed_transcripts\XavqlfDnS9I.json
data\raw_audio\XavqlfDnS9I.wav	1156.24	1162.84	không có đề cập ở đây. Nhưng mà quý vị thấy rõ ràng thì cái hòn non bộ đấy. Cái	@HUE	data\processed_transcripts\XavqlfDnS9I.json
data\raw_audio\XavqlfDnS9I.wav	1162.84	1170.039	hòn non bộ như thế này rất là bự, rất là to. được đặt dưới cái hồ như thế này thì	@HUE	data\processed_transcripts\XavqlfDnS9I.json
data\raw_audio\XavqlfDnS9I.wav	1170.039	1174.88	theo như Huệ Review thấy ở đây có một cái hồ thì chắc ở đây là hồ Khánh Nguyệt	@HUE	data\processed_transcripts\XavqlfDnS9I.json
data\raw_audio\XavqlfDnS9I.wav	1174.88	1179.679	nằm bên trong nhà thủy tạ còn ở ngoài kia chính là cái suối đá đấy. Cái suối	@HUE	data\processed_transcripts\XavqlfDnS9I.json
data\raw_audio\XavqlfDnS9I.wav	1179.679	1186.36	đó thì chắc là cũng để tắm à để tắm rửa vui chơi ở ngoài. Còn ở đây là cái khu	@HUE	data\processed_transcripts\XavqlfDnS9I.json
data\raw_audio\XavqlfDnS9I.wav	1186.36	1191.76	vực để giải trí như là ngồi đánh cờ hay như thế nào đó. Và trong cái hồ này thì	@HUE	data\processed_transcripts\XavqlfDnS9I.json
data\raw_audio\XavqlfDnS9I.wav	1191.76	1196.72	quý vị thấy nhìn vào cái mức độ của hòng non bộ thì chúng ta có thể cảm giác được	@HUE	data\processed_transcripts\XavqlfDnS9I.json
data\raw_audio\XavqlfDnS9I.wav	1196.72	1203.64	rằng ông Cẩn là một con người rất là đam mê gọi là đam mê thú vui những cái thổ	@HUE	data\processed_transcripts\XavqlfDnS9I.json
data\raw_audio\XavqlfDnS9I.wav	1203.64	1208.28	vui dân gian và những cái thổ vui hết sức là tao nhã này làm hòn n bộ này chơi	@HUE	data\processed_transcripts\XavqlfDnS9I.json
data\raw_audio\XavqlfDnS9I.wav	1208.28	1213.039	cây cảnh đấy như Huế Đ vi tìm hiểu thì ngoài những cái thú vui về cây cảnh và	@HUE	data\processed_transcripts\XavqlfDnS9I.json
data\raw_audio\XavqlfDnS9I.wav	1213.039	1218.84	nông bộ thì ông a còn à thích đá gà thích à	@HUE	data\processed_transcripts\XavqlfDnS9I.json
data\raw_audio\XavqlfDnS9I.wav	1218.84	1224.36	núi chim chính vì vậy mà nhà của ông lúc nào cũng rộn tiếng chim cả.	@HUE	data\processed_transcripts\XavqlfDnS9I.json
data\raw_audio\XavqlfDnS9I.wav	1224.36	1230.919	Nhưng mà mà như quý vị thấy thì các cái kiến trúc này bây giờ nó đã xuống cấp	@HUE	data\processed_transcripts\XavqlfDnS9I.json
data\raw_audio\XavqlfDnS9I.wav	1230.919	1235.88	hết sức là nghiêm trọng. Các cái lớp vẫy rồng nó bong tróc hết rồi đấy. Và quý vị	@HUE	data\processed_transcripts\XavqlfDnS9I.json
data\raw_audio\XavqlfDnS9I.wav	1235.88	1242.08	thấy này, nó vỡ vụn ra và nó lòi ra luôn cái dây thép này. Thì chứng tỏ là cái	@HUE	data\processed_transcripts\XavqlfDnS9I.json
data\raw_audio\XavqlfDnS9I.wav	1242.08	1247.039	khu di tích này nó đang a xuống cấp hết sức là nghiêm trọng. Và nếu như mà không	@HUE	data\processed_transcripts\XavqlfDnS9I.json
data\raw_audio\XavqlfDnS9I.wav	1247.039	1253.84	có tu sửa, không có tùng tu thì cũng có nguy cơ là sụp đổ làm phế tích. Bởi vì	@HUE	data\processed_transcripts\XavqlfDnS9I.json
data\raw_audio\XavqlfDnS9I.wav	1253.84	1257.4	do đó là nếu như mà khi quý vị tới đây thì quý vị hạn chế chúng ta đừng có nên	@HUE	data\processed_transcripts\XavqlfDnS9I.json
data\raw_audio\XavqlfDnS9I.wav	1257.4	1261.88	bước vào ở trong này. Lúc này Huế Review muốn quay chi tiết cho quý vị xem chứ	@HUE	data\processed_transcripts\XavqlfDnS9I.json
data\raw_audio\XavqlfDnS9I.wav	1261.88	1267.08	còn đôi lúc mà quý vị bước vào trong này nó tọa một cái là coi như là cũng khổ	@HUE	data\processed_transcripts\XavqlfDnS9I.json
data\raw_audio\XavqlfDnS9I.wav	1267.08	1270.919	lắm đó thưa quý vị. Đấy các cái hòa tiết trên đầu quyết đầu	@HUE	data\processed_transcripts\XavqlfDnS9I.json
data\raw_audio\XavqlfDnS9I.wav	1270.919	1276.159	hồi dường như là nó không còn rõ hình thù nhưng mà Huy Review đảm bảo chắc	@HUE	data\processed_transcripts\XavqlfDnS9I.json
data\raw_audio\XavqlfDnS9I.wav	1276.159	1282.159	chắn nó sẽ quy tụ rõ bốn con tử linh đó là quy tụ đủ bốn con tử linh đó là long	@HUE	data\processed_transcripts\XavqlfDnS9I.json
data\raw_audio\XavqlfDnS9I.wav	1282.159	1286.039	lân quy phụng thôi quý vị như quý vị thấy ở trên kia là có một con lưng rồi	@HUE	data\processed_transcripts\XavqlfDnS9I.json
data\raw_audio\XavqlfDnS9I.wav	1286.039	1292.24	đấy thì ở đây là có thể là con rồng hoặc là có thể là con phượng	@HUE	data\processed_transcripts\XavqlfDnS9I.json
data\raw_audio\XavqlfDnS9I.wav	1292.24	1296.88	bởi vì rồng ở đây là bốn cột rồi đấy và cái mái đình này đây cái mái đình thủy	@HUE	data\processed_transcripts\XavqlfDnS9I.json
data\raw_audio\XavqlfDnS9I.wav	1296.88	1302.08	tạ này nó sẽ quy tụ tự linh và rõ ràng thì đây là một cái kiến trúc kiểu phong	@HUE	data\processed_transcripts\XavqlfDnS9I.json
data\raw_audio\XavqlfDnS9I.wav	1302.08	1309.799	kiến nhà Nguyễn đây. Và cũng giới thiệu luôn quý vị đó là ông	@HUE	data\processed_transcripts\XavqlfDnS9I.json
data\raw_audio\XavqlfDnS9I.wav	1309.799	1314.24	Ngô Đình Cửng là con thứ tám của ông Ngô Đình Khả. Ông Ngô Đình Khả trước kia	@HUE	data\processed_transcripts\XavqlfDnS9I.json
data\raw_audio\XavqlfDnS9I.wav	1314.24	1319.52	cũng là một quan thượng thư của triều Nguyễn. Chính vì vậy mà cũng có một phần	@HUE	data\processed_transcripts\XavqlfDnS9I.json
data\raw_audio\XavqlfDnS9I.wav	1319.52	1325.559	nào đó ảnh hưởng đến các cái à tư tưởng của phong kiến.	@HUE	data\processed_transcripts\XavqlfDnS9I.json
data\raw_audio\XavqlfDnS9I.wav	1325.559	1329.88	Và được biết thì ông Cẩn cũng là một người rất là bảo thủ không biết là như	@HUE	data\processed_transcripts\XavqlfDnS9I.json
data\raw_audio\XavqlfDnS9I.wav	1329.88	1334.24	thế nào đó thì sau này thì ông lại có một cái	@HUE	data\processed_transcripts\XavqlfDnS9I.json
data\raw_audio\XavqlfDnS9I.wav	1334.24	1338.799	à biệt danh là bảo chỗ miền Trung. Thì nếu như quý vị nào biết thì quý vị cũng	@HUE	data\processed_transcripts\XavqlfDnS9I.json
data\raw_audio\XavqlfDnS9I.wav	1338.799	1342.44	có thể comment phía dưới video giúp Huế Review. Nhưng mà ở đây này chúng ta thấy	@HUE	data\processed_transcripts\XavqlfDnS9I.json
data\raw_audio\XavqlfDnS9I.wav	1342.44	1347.159	các cái đường đi lên đây, các cái bậc cấp đi lên ngay cả bậc cấp đi lên cũng	@HUE	data\processed_transcripts\XavqlfDnS9I.json
data\raw_audio\XavqlfDnS9I.wav	1347.159	1351.08	có được trang trí rất là đẹp luôn quý vị. Màu sắc rất là sặc sở được trang trí	@HUE	data\processed_transcripts\XavqlfDnS9I.json
data\raw_audio\XavqlfDnS9I.wav	1351.08	1356.12	bằng thủy tinh màu. Đấy những cái loại thủy tinh mà trước kia là chỉ có vua	@HUE	data\processed_transcripts\XavqlfDnS9I.json
data\raw_audio\XavqlfDnS9I.wav	1356.12	1362.32	chúa mới dùng được. Nhưng mà ông Cửng cũng chơi một cách rất là xa hoa. Đấy,	@HUE	data\processed_transcripts\XavqlfDnS9I.json
data\raw_audio\XavqlfDnS9I.wav	1362.32	1367.2	chơi những cái thủy tinh như thế này luôn rất là đẹp. Cái như vậy thì cái hồ	@HUE	data\processed_transcripts\XavqlfDnS9I.json
data\raw_audio\XavqlfDnS9I.wav	1367.2	1371.96	thủy tạ này ấy thì quý vị thấy là thuyết thiết kế theo cái kiểu kiến trúc à phong	@HUE	data\processed_transcripts\XavqlfDnS9I.json
data\raw_audio\XavqlfDnS9I.wav	1371.96	1378.159	kiến. Còn đây chính là cái biệt thự mà gọi là biệt thự hai tầng. một cái biệt	@HUE	data\processed_transcripts\XavqlfDnS9I.json
data\raw_audio\XavqlfDnS9I.wav	1378.159	1383.559	thự mà người quý vị bà con thường gọi là biệt thự bỏ hoang. Đây quý vị, bây giờ	@HUE	data\processed_transcripts\XavqlfDnS9I.json
data\raw_audio\XavqlfDnS9I.wav	1383.559	1387.799	chúng ta sẽ vào để khám phá xem thử nội thất bên trong nó như thế nào, nó có cái	@HUE	data\processed_transcripts\XavqlfDnS9I.json
data\raw_audio\XavqlfDnS9I.wav	1387.799	1393.159	gì nó đặc biệt hay không. Nhưng mà ở đây là Huế Review phát hiện	@HUE	data\processed_transcripts\XavqlfDnS9I.json
data\raw_audio\XavqlfDnS9I.wav	1393.159	1399.52	thấy là có dấu tích của chăn nuôi bò, trau bò.	@HUE	data\processed_transcripts\XavqlfDnS9I.json
data\raw_audio\XavqlfDnS9I.wav	1399.52	1405.039	Ở đây cũng có một cái hầm. Wow! Một cái hầm này thấy có cá đồng đầy	@HUE	data\processed_transcripts\XavqlfDnS9I.json
data\raw_audio\XavqlfDnS9I.wav	1405.039	1408.64	thô quý vị. Thì không biết cái hầm này là lúc trước có cái tác dụng gì hay	@HUE	data\processed_transcripts\XavqlfDnS9I.json
data\raw_audio\XavqlfDnS9I.wav	1408.64	1412.44	không. Vào đây cảm thấy rất là rung rung rợn	@HUE	data\processed_transcripts\XavqlfDnS9I.json
data\raw_audio\XavqlfDnS9I.wav	1412.44	1416.279	luôn. Nổi da gà luôn quý vị. Rất là lạnh luôn.	@HUE	data\processed_transcripts\XavqlfDnS9I.json
data\raw_audio\XavqlfDnS9I.wav	1416.279	1419.48	À này được trứng dụng để hiện tại là được trứng dụng để nuôi trâu bò. Đây quý	@HUE	data\processed_transcripts\XavqlfDnS9I.json
data\raw_audio\XavqlfDnS9I.wav	1419.48	1423.52	vị này. Đó các cái công trình thì bây giờ các	@HUE	data\processed_transcripts\XavqlfDnS9I.json
data\raw_audio\XavqlfDnS9I.wav	1423.52	1427.6	cái a vôi vữa bây giờ nó cũng đã xuống cấp	@HUE	data\processed_transcripts\XavqlfDnS9I.json
data\raw_audio\XavqlfDnS9I.wav	1427.6	1435.6	rồi. Đây quý vị thấy nó bể nước bể rồi. Thì như khu vực bên trong này thì được	@HUE	data\processed_transcripts\XavqlfDnS9I.json
data\raw_audio\XavqlfDnS9I.wav	1435.6	1440.88	dọn dẹp sạch sẽ để mà thả bò thả trâu. Chính vì vậy mà cũng không có cái gì bên	@HUE	data\processed_transcripts\XavqlfDnS9I.json
data\raw_audio\XavqlfDnS9I.wav	1440.88	1447.08	trong cả quý vị. Nhưng mà chúng ta nhìn bên ngoài thì rõ ràng là những cái viên	@HUE	data\processed_transcripts\XavqlfDnS9I.json
data\raw_audio\XavqlfDnS9I.wav	1447.08	1452.48	thủy tinh màu được thiết kế. rất là đẹp. Đây bây giờ vẫn còn lại những cái dấu	@HUE	data\processed_transcripts\XavqlfDnS9I.json
data\raw_audio\XavqlfDnS9I.wav	1452.48	1459.6	tích của các cái thủy tinh màu đây quý vị. Wow! Rồi bên ngoài thì các cái đá	@HUE	data\processed_transcripts\XavqlfDnS9I.json
data\raw_audio\XavqlfDnS9I.wav	1459.6	1467.48	được xây dựng rất là ngăn nắp đấy và xếp rất là đẹp. Đây. Wow!	@HUE	data\processed_transcripts\XavqlfDnS9I.json
data\raw_audio\XavqlfDnS9I.wav	1467.48	1473.0	Nếu như mà bây giờ thật sự mà cái công trình này được trùng tu thì cũng được	@HUE	data\processed_transcripts\XavqlfDnS9I.json
data\raw_audio\XavqlfDnS9I.wav	1473.0	1478.919	xem là cho rất là đẹp. Đây quý vị. Đây ở đây Huy R phát hiện có một cái cái	@HUE	data\processed_transcripts\XavqlfDnS9I.json
data\raw_audio\XavqlfDnS9I.wav	1478.919	1481.919	hầm đây. Một cái hầm này.	@HUE	data\processed_transcripts\XavqlfDnS9I.json
data\raw_audio\XavqlfDnS9I.wav	1485.48	1491.96	Cái hầm này chắc trước kia thì cũng à được à dùng để mà núp bom đạn hay sao	@HUE	data\processed_transcripts\XavqlfDnS9I.json
data\raw_audio\XavqlfDnS9I.wav	1491.96	1495.039	chứ. Theo quý vị thì quý vị có ngả nghĩ có	@HUE	data\processed_transcripts\XavqlfDnS9I.json
data\raw_audio\XavqlfDnS9I.wav	1495.039	1499.36	nghĩ như vậy hay không? Bởi vì Huủ Review nhận thấy thì cái cái	@HUE	data\processed_transcripts\XavqlfDnS9I.json
data\raw_audio\XavqlfDnS9I.wav	1499.36	1504.44	hầm này là dường như có cái đường đi vào đấy. Có cái đường có cái lỗ chui vô đây.	@HUE	data\processed_transcripts\XavqlfDnS9I.json
data\raw_audio\XavqlfDnS9I.wav	1504.44	1509.0	Đây có một cái cái lỗ để chui vô đây quý vị này.	@HUE	data\processed_transcripts\XavqlfDnS9I.json
data\raw_audio\XavqlfDnS9I.wav	1509.0	1513.039	Đấy nhưng mà quý vị thấy thì đứt nó lắp lên rồi do đó là nó che lên rất là	@HUE	data\processed_transcripts\XavqlfDnS9I.json
data\raw_audio\XavqlfDnS9I.wav	1513.039	1516.799	nhiều. Còn lại mà thực sự mà nói là nếu như cái hầm này trước kia thì chắc cũng	@HUE	data\processed_transcripts\XavqlfDnS9I.json
data\raw_audio\XavqlfDnS9I.wav	1516.799	1523.039	rất là cao. Đây thì chắc có vẻ là nơi trú ẩn hay là có cái ý đồ gì đó để ẩn	@HUE	data\processed_transcripts\XavqlfDnS9I.json
data\raw_audio\XavqlfDnS9I.wav	1523.039	1526.039	ấp. Rồi bây giờ chúng ta sẽ lên cái lầu thứ	@HUE	data\processed_transcripts\XavqlfDnS9I.json
data\raw_audio\XavqlfDnS9I.wav	1528.799	1532.44	hai để xem như thế nào. Quý vị thấy là cái cốt đứt ở đây nó cũng	@HUE	data\processed_transcripts\XavqlfDnS9I.json
data\raw_audio\XavqlfDnS9I.wav	1534.96	1541.2	rất là cao này. Và trên kia thì bà con cũng trưng dụng để mà trồng keo trạm.	@HUE	data\processed_transcripts\XavqlfDnS9I.json
data\raw_audio\XavqlfDnS9I.wav	1541.2	1548.2	Đây ở ngoài kia Huế Raia phát hiện thấy có một cái cái miếu gì đó thôi quý vị.	@HUE	data\processed_transcripts\XavqlfDnS9I.json
data\raw_audio\XavqlfDnS9I.wav	1548.2	1551.84	Lát nữa Huế Review sẽ ra xem thử như thế nào.	@HUE	data\processed_transcripts\XavqlfDnS9I.json
data\raw_audio\XavqlfDnS9I.wav	1551.84	1555.72	Cái đó dì như là một cái miếu. Rồi bây giờ chúng ta đi lên cái là tầng	@HUE	data\processed_transcripts\XavqlfDnS9I.json
data\raw_audio\XavqlfDnS9I.wav	1561.88	1568.919	thứ hai. Wow. Ở đây dường như là cũng có một cái	@HUE	data\processed_transcripts\XavqlfDnS9I.json
data\raw_audio\XavqlfDnS9I.wav	1568.919	1573.679	hầm à. À cái c này nó thông nó thông qua với	@HUE	data\processed_transcripts\XavqlfDnS9I.json
data\raw_audio\XavqlfDnS9I.wav	1573.679	1579.88	cái hầm kia thôi quý vị. Như vậy là cái này nó ở trên và cái hầm ở dưới.	@HUE	data\processed_transcripts\XavqlfDnS9I.json
data\raw_audio\XavqlfDnS9I.wav	1579.88	1582.72	Thì không biết là cái cái mục đích là như thế nào thì quý vị nào biết thì có	@HUE	data\processed_transcripts\XavqlfDnS9I.json
data\raw_audio\XavqlfDnS9I.wav	1582.72	1586.84	thể giải thích dưới video giúp cho Huế review được không? Để cho Huế review và	@HUE	data\processed_transcripts\XavqlfDnS9I.json
data\raw_audio\XavqlfDnS9I.wav	1586.84	1591.0	mọi người cũng biết là không biết là cái cái này là để làm cái gì đây. Bởi vì Huế	@HUE	data\processed_transcripts\XavqlfDnS9I.json
data\raw_audio\XavqlfDnS9I.wav	1591.0	1596.799	Review cũng không phải là người am hiểu về kiến trúc nhưng mà có những	@HUE	data\processed_transcripts\XavqlfDnS9I.json
data\raw_audio\XavqlfDnS9I.wav	1596.799	1601.44	cái phát hiện này thì quý Huế Review cũng muốn quay cho quý vị xem.	@HUE	data\processed_transcripts\XavqlfDnS9I.json
data\raw_audio\XavqlfDnS9I.wav	1601.44	1610.76	Ở đây quý vị thấy các cái cột keo này này. Đó, các cái keo này nó được thiết	@HUE	data\processed_transcripts\XavqlfDnS9I.json
data\raw_audio\XavqlfDnS9I.wav	1610.76	1615.399	kế theo dạng phong kiến. Đây quý vị nhìn rất là đẹp luôn.	@HUE	data\processed_transcripts\XavqlfDnS9I.json
data\raw_audio\XavqlfDnS9I.wav	1615.399	1618.36	Wow! Một cái công trình, một cái di tích rất	@HUE	data\processed_transcripts\XavqlfDnS9I.json
data\raw_audio\XavqlfDnS9I.wav	1618.36	1624.799	là chi là tuyệt vời nhưng mà hiện tại là đị bị bị bỏ hoang phế.	@HUE	data\processed_transcripts\XavqlfDnS9I.json
data\raw_audio\XavqlfDnS9I.wav	1624.799	1629.32	Đây Huế Đ vi phát hiện có một cái kim cái mền.	@HUE	data\processed_transcripts\XavqlfDnS9I.json
data\raw_audio\XavqlfDnS9I.wav	1629.32	1633.52	Như vậy là buổi tối dường như cũng có người tới đây ở thôi quý vị.	@HUE	data\processed_transcripts\XavqlfDnS9I.json
data\raw_audio\XavqlfDnS9I.wav	1633.52	1637.44	Như vậy là buổi tối cũng có người tới đây ngủ này.	@HUE	data\processed_transcripts\XavqlfDnS9I.json
data\raw_audio\XavqlfDnS9I.wav	1637.44	1645.159	Đây rõ ràng thì cái chỗ này mà dùng để ẩn thân thì cũng rất là tuyệt đây. Wow.	@HUE	data\processed_transcripts\XavqlfDnS9I.json
data\raw_audio\XavqlfDnS9I.wav	1645.159	1651.36	Chúng ta sẽ đi một vòng xem như thế nào. À bên này mà cũng có một cái cái hầm	@HUE	data\processed_transcripts\XavqlfDnS9I.json
data\raw_audio\XavqlfDnS9I.wav	1651.36	1657.84	đây. À như vậy là hai cái hầm thông nhau. Lúc nãy thì Huế Review cũng à phát	@HUE	data\processed_transcripts\XavqlfDnS9I.json
data\raw_audio\XavqlfDnS9I.wav	1657.84	1661.08	hiện bên kia là có cái hầm. Bên này cũng có cái hầm đây quý vị. Nhưng mà bên này	@HUE	data\processed_transcripts\XavqlfDnS9I.json
data\raw_audio\XavqlfDnS9I.wav	1661.08	1667.72	có nước còn bên kia lại không có nước. Đấy thì cái cái cái cái	@HUE	data\processed_transcripts\XavqlfDnS9I.json
data\raw_audio\XavqlfDnS9I.wav	1667.72	1671.919	chúng ta làm sao để giải thích được đây? Wow.	@HUE	data\processed_transcripts\XavqlfDnS9I.json
data\raw_audio\XavqlfDnS9I.wav	1671.919	1679.64	Đây như quý vị thấy thì à các cái hòa tiết trang trí đ bây giờ nó	@HUE	data\processed_transcripts\XavqlfDnS9I.json
data\raw_audio\XavqlfDnS9I.wav	1679.64	1683.88	cũng bị bom trọc rồi. Nhưng mà nhìn cái hòa tiết cũng khá là	@HUE	data\processed_transcripts\XavqlfDnS9I.json
data\raw_audio\XavqlfDnS9I.wav	1683.88	1691.88	tinh xảo đây. Rất chi là tinh xảo. Nhìn như sau kia thì cũng có một cái	@HUE	data\processed_transcripts\XavqlfDnS9I.json
data\raw_audio\XavqlfDnS9I.wav	1691.88	1695.519	đường đi ra. À nhưng mà quý vị thấy là nhìn cái các	@HUE	data\processed_transcripts\XavqlfDnS9I.json
data\raw_audio\XavqlfDnS9I.wav	1695.519	1699.919	cái bờ quyết đầu hồi đây. Các cái bờ quyết và cái đầu hồi thì như quý vị thấy	@HUE	data\processed_transcripts\XavqlfDnS9I.json
data\raw_audio\XavqlfDnS9I.wav	1699.919	1706.76	là bên này con rồng bên này cũng phượng. Đấy rồng và phượng hoàng. Con rồng đây	@HUE	data\processed_transcripts\XavqlfDnS9I.json
data\raw_audio\XavqlfDnS9I.wav	1706.76	1711.08	quý vị này. Con phường hoàng đây này. Nhưng mà nó bị bay đầu hết rồi. Thực sự	@HUE	data\processed_transcripts\XavqlfDnS9I.json
data\raw_audio\XavqlfDnS9I.wav	1711.08	1718.44	mà nói là nó bị bể rồi. Rất là uổng luôn. Nhìn cái trang trí rất là đẹp. Đấy	@HUE	data\processed_transcripts\XavqlfDnS9I.json
data\raw_audio\XavqlfDnS9I.wav	1718.44	1721.48	như quý vị thấy là cái mặt bên này là cái bình phong à không phải là bình	@HUE	data\processed_transcripts\XavqlfDnS9I.json
data\raw_audio\XavqlfDnS9I.wav	1721.48	1727.6	phong mà cái mặt trước á. Đây cũng được trang trí hòa tiết rất là	@HUE	data\processed_transcripts\XavqlfDnS9I.json
data\raw_audio\XavqlfDnS9I.wav	1727.6	1733.799	rất là tinh xảo nhưng mà lại dường như là lại bị	@HUE	data\processed_transcripts\XavqlfDnS9I.json
data\raw_audio\XavqlfDnS9I.wav	1733.799	1738.519	hủy hoại bởi thời gian rồi. Rất là tiếc, rất chi là đáng tiếc thô quý vị. Đây quá	@HUE	data\processed_transcripts\XavqlfDnS9I.json
data\raw_audio\XavqlfDnS9I.wav	1738.519	1744.559	đẹp luôn. Đây ở sau này có một cái công trình gì	@HUE	data\processed_transcripts\XavqlfDnS9I.json
data\raw_audio\XavqlfDnS9I.wav	1744.559	1751.96	đây? Chúng ta đi lui sau xem. Đây như có một cái chỗ thoạt nước này.	@HUE	data\processed_transcripts\XavqlfDnS9I.json
data\raw_audio\XavqlfDnS9I.wav	1751.96	1754.24	Wow. Đây trong này nhìn như là các cái nội	@HUE	data\processed_transcripts\XavqlfDnS9I.json
data\raw_audio\XavqlfDnS9I.wav	1759.32	1766.48	thất bên trong là như là bị dọn dẹp hết rồi. Không còn cái gì trong kìa.	@HUE	data\processed_transcripts\XavqlfDnS9I.json
data\raw_audio\XavqlfDnS9I.wav	1766.48	1771.799	Ồ sau này như là có một cái hầm gì đây rồi quý vị này. Một cái công trình phụ	@HUE	data\processed_transcripts\XavqlfDnS9I.json
data\raw_audio\XavqlfDnS9I.wav	1771.799	1777.48	gì đây. Đây có mô mạ đây quý vị.	@HUE	data\processed_transcripts\XavqlfDnS9I.json
data\raw_audio\XavqlfDnS9I.wav	1777.48	1781.32	W rất là lạnh người luôn quý vị ơi. Như	@HUE	data\processed_transcripts\XavqlfDnS9I.json
data\raw_audio\XavqlfDnS9I.wav	1781.32	1786.32	đây có mộ hay sao hay là cái dễm nước đó?	@HUE	data\processed_transcripts\XavqlfDnS9I.json
data\raw_audio\XQRcF9k1pjg.wav	2.84	8.679	Đường vô sử Huế quanh quanh non xanh nước biết như tranh họa đồ. Thương em	@HUE	data\processed_transcripts\XQRcF9k1pjg.json
data\raw_audio\XQRcF9k1pjg.wav	8.679	13.88	anh cũng muốn vô sợ trông nhà hồ sợ phá tam gian.	@HUE	data\processed_transcripts\XQRcF9k1pjg.json
data\raw_audio\XQRcF9k1pjg.wav	13.88	17.4	À vâng mến chào quý vị đã quay lại với Huế Review.	@HUE	data\processed_transcripts\XQRcF9k1pjg.json
data\raw_audio\XQRcF9k1pjg.wav	17.4	23.32	À quý vị và các bạn thân mến à như câu thơ lúc nãy Huế Review đã đọc	@HUE	data\processed_transcripts\XQRcF9k1pjg.json
data\raw_audio\XQRcF9k1pjg.wav	23.32	30.16	thì chắc quý vị cũng đã biết được Huế Review đang ở ở khu vực nào. Và hôm nay	@HUE	data\processed_transcripts\XQRcF9k1pjg.json
data\raw_audio\XQRcF9k1pjg.wav	30.16	35.04	thì Huế Review không phải giới thiệu cho quý vị về cái phá tam gian.	@HUE	data\processed_transcripts\XQRcF9k1pjg.json
data\raw_audio\XQRcF9k1pjg.wav	35.04	39.36	Tuy nhiên thì những cái con đường mà Huế Review hôm nay đi ngang thì nó cũng liên	@HUE	data\processed_transcripts\XQRcF9k1pjg.json
data\raw_audio\XQRcF9k1pjg.wav	39.36	47.239	quan tới cái đầm phá này. Và hiện tại thì Huế Review đang ở khu vực xã Vân An	@HUE	data\processed_transcripts\XQRcF9k1pjg.json
data\raw_audio\XQRcF9k1pjg.wav	47.239	53.16	đây quý vị. Xã Vân An thì thuộc huyện Phú Vang, tỉnh Thừ Thiên Huế. Và đây là	@HUE	data\processed_transcripts\XQRcF9k1pjg.json
data\raw_audio\XQRcF9k1pjg.wav	53.16	58.12	những cái con đường có lẽ nó sộc với một số quý vị khán giả trên kênh Huế	@HUE	data\processed_transcripts\XQRcF9k1pjg.json
data\raw_audio\XQRcF9k1pjg.wav	58.12	63.68	Review. Và hôm nay thì Huế Review sẽ dẫn quý vị	@HUE	data\processed_transcripts\XQRcF9k1pjg.json
data\raw_audio\XQRcF9k1pjg.wav	63.68	70.52	à đi từ Vinh An Vinh Thanh và ngược dòng Tam Giang chúng ta vượt qua cầu Trường	@HUE	data\processed_transcripts\XQRcF9k1pjg.json
data\raw_audio\XQRcF9k1pjg.wav	70.52	79.84	Hà. Sau đó chúng ta sẽ qua thị trấn Phú Đa để cho quý vị có một cái nhìn à	@HUE	data\processed_transcripts\XQRcF9k1pjg.json
data\raw_audio\XQRcF9k1pjg.wav	79.84	86.04	tổng quát về cái cầu Trường Hà là một cái chiếc cầu mà bắt ngang qua đầm Thủy	@HUE	data\processed_transcripts\XQRcF9k1pjg.json
data\raw_audio\XQRcF9k1pjg.wav	86.04	91.079	Tú. Và đầm Thủy Tú thì như quý vị đã biết thì nó thuộc hệ thống đầm phá Tam	@HUE	data\processed_transcripts\XQRcF9k1pjg.json
data\raw_audio\XQRcF9k1pjg.wav	91.079	97.439	Giang cầu hai. À nó bắt qua hai xã đó là xã	@HUE	data\processed_transcripts\XQRcF9k1pjg.json
data\raw_audio\XQRcF9k1pjg.wav	97.439	104.799	Vinh Thanh và xã Vinh Phú. Thưa quý vị thì như quý vị đã biết thì Vinh An là	@HUE	data\processed_transcripts\XQRcF9k1pjg.json
data\raw_audio\XQRcF9k1pjg.wav	104.799	111.0	nổi tiếng với cái thành phố Lăng tức là cái thành phố mà ở đó có những cái ngôi	@HUE	data\processed_transcripts\XQRcF9k1pjg.json
data\raw_audio\XQRcF9k1pjg.wav	111.0	115.84	lăng mộ được xây dựng bằng tiền tỷ chứ không phải là bằng tiền triệu thôi quý	@HUE	data\processed_transcripts\XQRcF9k1pjg.json
data\raw_audio\XQRcF9k1pjg.wav	115.84	122.159	vị. Bởi vì ở đây thì có rất nhiều	@HUE	data\processed_transcripts\XQRcF9k1pjg.json
data\raw_audio\XQRcF9k1pjg.wav	122.159	128.28	kiều bào sống ở nước ngoài và họ gửi tiền về để xây dựng những cái ngôi lăng	@HUE	data\processed_transcripts\XQRcF9k1pjg.json
data\raw_audio\XQRcF9k1pjg.wav	128.28	135.48	mộ à cho tổ tiên cũng như là cho mình sau này. Và như quý vị đã thấy thì đường	@HUE	data\processed_transcripts\XQRcF9k1pjg.json
data\raw_audio\XQRcF9k1pjg.wav	135.48	141.959	xá ở cái khu vực này bây giờ nó cũng đã thay đổi hơn trước kia rất là nhiều.	@HUE	data\processed_transcripts\XQRcF9k1pjg.json
data\raw_audio\XQRcF9k1pjg.wav	141.959	150.599	À đường xã thì được bê tông hóa và rẫy nhựa nhìn có vẻ rất là đẹp thôi quý vị.	@HUE	data\processed_transcripts\XQRcF9k1pjg.json
data\raw_audio\XQRcF9k1pjg.wav	150.599	157.36	Ngày xưa thì ở đây chỉ là những vùng cát trắng và bây giờ thì nó đã thay đổi và	@HUE	data\processed_transcripts\XQRcF9k1pjg.json
data\raw_audio\XQRcF9k1pjg.wav	157.36	161.959	được xây dựng rất rất là nhiều các cái công trình nhà ở cũng như là các cái	@HUE	data\processed_transcripts\XQRcF9k1pjg.json
data\raw_audio\XQRcF9k1pjg.wav	161.959	170.159	công trình về à cửa hàng vân vân và đời sống của bà con thì ở đây cũng	@HUE	data\processed_transcripts\XQRcF9k1pjg.json
data\raw_audio\XQRcF9k1pjg.wav	170.159	175.36	rất chi là phát triển so với trước kia. Như quý vị đã biết thì phá Tam Giang là	@HUE	data\processed_transcripts\XQRcF9k1pjg.json
data\raw_audio\XQRcF9k1pjg.wav	177.64	183.08	một cái phá nằm trong hệ đầm phá Tam Giang cầu 2 và diện tích của phá Tam	@HUE	data\processed_transcripts\XQRcF9k1pjg.json
data\raw_audio\XQRcF9k1pjg.wav	183.08	189.08	Giang tới 52 km² và nó trải dài từ cửa sông Ô Lâu đến cửa	@HUE	data\processed_transcripts\XQRcF9k1pjg.json
data\raw_audio\XQRcF9k1pjg.wav	189.08	194.599	sông Hương thuộc hai huyện Phòng Điện Quảng Điện tỉnh Thừ Thên Huế và nó kéo	@HUE	data\processed_transcripts\XQRcF9k1pjg.json
data\raw_audio\XQRcF9k1pjg.wav	194.599	201.4	về tới xã Vân Hiền đến cửa Tư Hiền của huyện Phú Lộc	@HUE	data\processed_transcripts\XQRcF9k1pjg.json
data\raw_audio\XQRcF9k1pjg.wav	201.4	203.72	và phá Tâm Giang được xem như là một [âm nhạc]	@HUE	data\processed_transcripts\XQRcF9k1pjg.json
data\raw_audio\XQRcF9k1pjg.wav	203.72	210.4	phá lớn của Việt Nam và nó chiếm khoảng 11% diện tích đầm phá à ven bờ của cả	@HUE	data\processed_transcripts\XQRcF9k1pjg.json
data\raw_audio\XQRcF9k1pjg.wav	210.4	215.519	nước. Và đây chính là cái con đường ven phá Tâ	@HUE	data\processed_transcripts\XQRcF9k1pjg.json
data\raw_audio\XQRcF9k1pjg.wav	215.519	220.2	Giang thôi quý vị. Và chúng ta chỉ có duy nhất một cái con đường này nằm ở	@HUE	data\processed_transcripts\XQRcF9k1pjg.json
data\raw_audio\XQRcF9k1pjg.wav	220.2	225.519	phía bên này mà thôi. Chúng ta đi ven phá thì hiện tại Huế Review đang đi lại	@HUE	data\processed_transcripts\XQRcF9k1pjg.json
data\raw_audio\XQRcF9k1pjg.wav	225.519	231.599	ngược chiều à so với Phá Tâm Giang và chúng ta sẽ ngược lên xã Vinh Thanh	@HUE	data\processed_transcripts\XQRcF9k1pjg.json
data\raw_audio\XQRcF9k1pjg.wav	231.599	236.48	huyện Phú Vàng. Sau đó thì chúng ta sẽ qua cầu Trường Hà. Thưa quý vị,	@HUE	data\processed_transcripts\XQRcF9k1pjg.json
data\raw_audio\XQRcF9k1pjg.wav	236.48	244.36	ở đây quý vị cũng có thể thấy là cái khu vực này à nhà cửa của bà con thì cũng à	@HUE	data\processed_transcripts\XQRcF9k1pjg.json
data\raw_audio\XQRcF9k1pjg.wav	244.36	248.76	nhiều dần rồi quý vị. Trước kia thì ở đây chỉ là những vùng đất cát trắng	@HUE	data\processed_transcripts\XQRcF9k1pjg.json
data\raw_audio\XQRcF9k1pjg.wav	248.76	254.28	hoang vu nhưng mà bây giờ thì công trình nhà ở được xây dựng và mọc sang sát	@HUE	data\processed_transcripts\XQRcF9k1pjg.json
data\raw_audio\XQRcF9k1pjg.wav	254.28	259.68	nhau. Đây cũng là một cái tín hiệu đáng mừng bởi vì cuộc sống của bà con thì bây	@HUE	data\processed_transcripts\XQRcF9k1pjg.json
data\raw_audio\XQRcF9k1pjg.wav	259.68	266.32	giờ nó là khá khá xưa và nó khá hương nhân rất là nhiều rồi.	@HUE	data\processed_transcripts\XQRcF9k1pjg.json
data\raw_audio\XQRcF9k1pjg.wav	266.32	272.483	Ở đây thì bà con cũng à có những cái nhà là trồng rau màu rồi	@HUE	data\processed_transcripts\XQRcF9k1pjg.json
data\raw_audio\XQRcF9k1pjg.wav	272.483	277.88	[âm nhạc] cũng có à một số hộ bà con là trồng lúa. Tuy	@HUE	data\processed_transcripts\XQRcF9k1pjg.json
data\raw_audio\XQRcF9k1pjg.wav	277.88	286.4	nhiên thì đây là những à xả ven biển và phen phá. Chính vì vậy thì cái	@HUE	data\processed_transcripts\XQRcF9k1pjg.json
data\raw_audio\XQRcF9k1pjg.wav	286.4	290.96	ngành nghề chính đó chính [âm nhạc] là nghề biển và nghề đánh bắc thủy hải sản.	@HUE	data\processed_transcripts\XQRcF9k1pjg.json
data\raw_audio\XQRcF9k1pjg.wav	290.96	295.919	Thưa quý vị có một số bà con thì nuôi trồng thủy hải	@HUE	data\processed_transcripts\XQRcF9k1pjg.json
data\raw_audio\XQRcF9k1pjg.wav	295.919	304.44	sản đây ví dụ như tôm rồi cá mực vân vân thì ở đây à cũng có rất nhiều bà con	@HUE	data\processed_transcripts\XQRcF9k1pjg.json
data\raw_audio\XQRcF9k1pjg.wav	304.44	312.08	sống bằng cái nghề sông nước và ắc hẳn thì quý vị cũng đã biết rằng là thường	@HUE	data\processed_transcripts\XQRcF9k1pjg.json
data\raw_audio\XQRcF9k1pjg.wav	312.08	317.44	thì ở trên phá tâm giang thì bà con hoạt động chợ nổi rất là nhiều và chợ ở đây	@HUE	data\processed_transcripts\XQRcF9k1pjg.json
data\raw_audio\XQRcF9k1pjg.wav	317.44	323.039	thì nó cũng không giống như các cái chợ miền Tây các cái chợ nội ở miền Tây rất	@HUE	data\processed_transcripts\XQRcF9k1pjg.json
data\raw_audio\XQRcF9k1pjg.wav	323.039	328.8	là lớn mà chỉ là những cái chợ tự phát à khoảng 4 5:00 sáng thì bà con là buôn	@HUE	data\processed_transcripts\XQRcF9k1pjg.json
data\raw_audio\XQRcF9k1pjg.wav	328.8	333.56	bán thủy hải sản mà thôi. Và như cái video trước mà Huế Review	@HUE	data\processed_transcripts\XQRcF9k1pjg.json
data\raw_audio\XQRcF9k1pjg.wav	333.56	340.24	cũng đã quay cho quý vị xem ở cái chợ nội Ngư Mỹ Thành thì 4:00 [âm nhạc] sáng	@HUE	data\processed_transcripts\XQRcF9k1pjg.json
data\raw_audio\XQRcF9k1pjg.wav	340.24	345.4	bà con đã bắt đầu hoạt động rồi buôn bán rồi trao đổi giao [âm nhạc] thương ở cái	@HUE	data\processed_transcripts\XQRcF9k1pjg.json
data\raw_audio\XQRcF9k1pjg.wav	345.4	349.16	khu vực Đồng Phá. Đây thì nó thuộc địa phận của xã Vinh	@HUE	data\processed_transcripts\XQRcF9k1pjg.json
data\raw_audio\XQRcF9k1pjg.wav	355.88	359.36	Thanh rồi quý vị. Và quý vị có thể thấy là ở đó chúng ta	@HUE	data\processed_transcripts\XQRcF9k1pjg.json
data\raw_audio\XQRcF9k1pjg.wav	365.319	371.88	mới thấy cái trường trung học cơ sở Vinh Thanh thì à Huế Review biết rằng á là	@HUE	data\processed_transcripts\XQRcF9k1pjg.json
data\raw_audio\XQRcF9k1pjg.wav	371.88	377.72	khán giả kênh Huế Review cũng có rất nhiều bà con ở cái khu vực xã Vinh Thanh	@HUE	data\processed_transcripts\XQRcF9k1pjg.json
data\raw_audio\XQRcF9k1pjg.wav	377.72	380.84	này. Ở đây là trạm y tế của xã [âm nhạc] Vinh	@HUE	data\processed_transcripts\XQRcF9k1pjg.json
data\raw_audio\XQRcF9k1pjg.wav	380.84	385.68	Thanh đây quý vị. chúng ta vừa đi qua thì ở đây cũng có một cái khu vui chơi	@HUE	data\processed_transcripts\XQRcF9k1pjg.json
data\raw_audio\XQRcF9k1pjg.wav	385.68	393.24	vào buổi tối à cũng rất là thu hút những à trẻ em cũng như là các cái quý vị phụ	@HUE	data\processed_transcripts\XQRcF9k1pjg.json
data\raw_audio\XQRcF9k1pjg.wav	393.24	399.44	huynh những em con em đến đây để chơi cưỡi ngựa vân vân.	@HUE	data\processed_transcripts\XQRcF9k1pjg.json
data\raw_audio\XQRcF9k1pjg.wav	399.44	402.96	Và trong cái thời gian vừa rồi thì Huế	@HUE	data\processed_transcripts\XQRcF9k1pjg.json
data\raw_audio\XQRcF9k1pjg.wav	402.96	409.16	Review cũng có quay cho quý vị xem cái chợ sáng cũng như chợ chiều ở Vinh Thanh	@HUE	data\processed_transcripts\XQRcF9k1pjg.json
data\raw_audio\XQRcF9k1pjg.wav	409.16	415.08	và cũng thu hút rất là nhiều bà con để xem cái khu vực chợ Vinh Thanh này.	@HUE	data\processed_transcripts\XQRcF9k1pjg.json
data\raw_audio\XQRcF9k1pjg.wav	415.08	420.879	Và chợ sáng chợ chiều được xem như là một cái những trong ngôi chợ lớn của	@HUE	data\processed_transcripts\XQRcF9k1pjg.json
data\raw_audio\XQRcF9k1pjg.wav	420.879	426.599	huyện Phú Vang luôn quý vị. Và Huế Review thật sự ấn tượng với trời sáng	@HUE	data\processed_transcripts\XQRcF9k1pjg.json
data\raw_audio\XQRcF9k1pjg.wav	426.599	431.84	của Vinh Thanh với rất nhiều các cái mặt hàng rau củ quả thủy hải sản tất tầng	@HUE	data\processed_transcripts\XQRcF9k1pjg.json
data\raw_audio\XQRcF9k1pjg.wav	431.84	437.039	tậc mọi thứ đầy đủ và rất là lớn. Đây trước mặt [âm nhạc] quý vị đây chính	@HUE	data\processed_transcripts\XQRcF9k1pjg.json
data\raw_audio\XQRcF9k1pjg.wav	437.039	442.879	là cái chợ chiều đây quý vị. Và chợ thường hoạt động vào lúc à 3 đến 4:00	@HUE	data\processed_transcripts\XQRcF9k1pjg.json
data\raw_audio\XQRcF9k1pjg.wav	442.879	450.319	chiều thì giờ đó rất là đông, rất là đông bà con đến để đi chợ.	@HUE	data\processed_transcripts\XQRcF9k1pjg.json
data\raw_audio\XQRcF9k1pjg.wav	450.319	459.599	Và tại cái khu vực ngã tư này thì chúng ta sẽ quẹo trái để đi qua một cái cầu mà	@HUE	data\processed_transcripts\XQRcF9k1pjg.json
data\raw_audio\XQRcF9k1pjg.wav	459.599	464.68	hôm nay Huế Review cũng muốn giới thiệu cho quý vị. Đó chính là cầu Trường Hà,	@HUE	data\processed_transcripts\XQRcF9k1pjg.json
data\raw_audio\XQRcF9k1pjg.wav	464.68	470.919	một cái cầu bắt qua đầm Thủy Tú thuộc hệ thống đầm phá tam gian cầu hai	@HUE	data\processed_transcripts\XQRcF9k1pjg.json
data\raw_audio\XQRcF9k1pjg.wav	470.919	479.0	và đầm Thủy Tú thì quý vị cũng à đã được Huế review à quay trong một cái cuộc đua	@HUE	data\processed_transcripts\XQRcF9k1pjg.json
data\raw_audio\XQRcF9k1pjg.wav	479.0	482.919	ghe truyền thống, một cuộc đô thuyền truyền thống ở xã Vinh Hưng trên đầm	@HUE	data\processed_transcripts\XQRcF9k1pjg.json
data\raw_audio\XQRcF9k1pjg.wav	482.919	486.12	Thủy Tú. À thì cái đầm Thủy Tú cũng là một trong	@HUE	data\processed_transcripts\XQRcF9k1pjg.json
data\raw_audio\XQRcF9k1pjg.wav	488.28	494.72	những cái đầm lớn của hệ thống đầm phá Tâm Giang cầu hai này. Và cuộc sống của	@HUE	data\processed_transcripts\XQRcF9k1pjg.json
data\raw_audio\XQRcF9k1pjg.wav	494.72	499.919	ba con thì cũng đánh bắc thủy hải sản trên đầm rất là nhiều.	@HUE	data\processed_transcripts\XQRcF9k1pjg.json
data\raw_audio\XQRcF9k1pjg.wav	499.919	508.24	Và cái trước mặt quý vị chính là cái con đường dẫn đến cầu Trường Hà.	@HUE	data\processed_transcripts\XQRcF9k1pjg.json
data\raw_audio\XQRcF9k1pjg.wav	509.08	515.399	Nếu như là quý vị ở cái khu vực ven đầm phá thì chắc hẳn là sẽ quen với những	@HUE	data\processed_transcripts\XQRcF9k1pjg.json
data\raw_audio\XQRcF9k1pjg.wav	515.399	521.56	cái chiếc cầu trường hà này. Và có trước kia có một cái video mà Huế	@HUE	data\processed_transcripts\XQRcF9k1pjg.json
data\raw_audio\XQRcF9k1pjg.wav	521.56	527.16	Review cũng quay cho quý vị xem là cầu Tư Hiền. Đó cũng là một trong những à	@HUE	data\processed_transcripts\XQRcF9k1pjg.json
data\raw_audio\XQRcF9k1pjg.wav	527.16	533.64	chiếc cầu mà bắt qua cái phá Tam Giang. Và trong những cái thời gian gần đây thì	@HUE	data\processed_transcripts\XQRcF9k1pjg.json
data\raw_audio\XQRcF9k1pjg.wav	533.64	537.36	việc bắt những cái cầu như thế này qua phá	@HUE	data\processed_transcripts\XQRcF9k1pjg.json
data\raw_audio\XQRcF9k1pjg.wav	537.36	542.48	Tam Giang nó là một cái điều kiện hết sức thuận lợi cho bà con.	@HUE	data\processed_transcripts\XQRcF9k1pjg.json
data\raw_audio\XQRcF9k1pjg.wav	542.48	548.64	Bởi vì trước kia khi mà chưa có những cái cầu Trường Hà hay là cầu Tư Hiền hay	@HUE	data\processed_transcripts\XQRcF9k1pjg.json
data\raw_audio\XQRcF9k1pjg.wav	548.64	559.2	là những cái cầu Thuận An thì việc à qua lại trên Đậm Phá chủ yếu là bằng các cái	@HUE	data\processed_transcripts\XQRcF9k1pjg.json
data\raw_audio\XQRcF9k1pjg.wav	559.2	565.2	con đò hay là những cái chuyến phà đi trên phá tam gian này để vận chuyển hàng	@HUE	data\processed_transcripts\XQRcF9k1pjg.json
data\raw_audio\XQRcF9k1pjg.wav	565.2	570.519	hóa cũng như là con người đi qua Phát Tâm Giang.	@HUE	data\processed_transcripts\XQRcF9k1pjg.json
data\raw_audio\XQRcF9k1pjg.wav	570.519	575.76	Nhưng kể từ khi có những cái cầu như thế này thì việc đi lại giao thông thông	@HUE	data\processed_transcripts\XQRcF9k1pjg.json
data\raw_audio\XQRcF9k1pjg.wav	575.76	581.92	thường giữa các xã ấy à ven phá tâm giang thì nó lại rất chi là thuận lợi	@HUE	data\processed_transcripts\XQRcF9k1pjg.json
data\raw_audio\XQRcF9k1pjg.wav	581.92	587.76	rồi quý vị. Và như quý vị thấy thì khi chúng ta đi trên cầu này nhìn xuống phía	@HUE	data\processed_transcripts\XQRcF9k1pjg.json
data\raw_audio\XQRcF9k1pjg.wav	587.76	594.959	dưới thì chúng ta thấy đầm Thủy Tú của thuộc phá Tam Giang nhìn quả hết sức là	@HUE	data\processed_transcripts\XQRcF9k1pjg.json
data\raw_audio\XQRcF9k1pjg.wav	594.959	599.48	đẹp thôi quý vị. Và có thể nói rằng là cái bề rộng của	@HUE	data\processed_transcripts\XQRcF9k1pjg.json
data\raw_audio\XQRcF9k1pjg.wav	599.48	605.399	cái phá tâm giang rất chi là lớn. Chính vì vậy mà việc bắt những cái cầu như thế	@HUE	data\processed_transcripts\XQRcF9k1pjg.json
data\raw_audio\XQRcF9k1pjg.wav	605.399	609.839	này qua phá tâm giang đó cũng là một trong những cái kỳ tích và những cái kỳ	@HUE	data\processed_transcripts\XQRcF9k1pjg.json
data\raw_audio\XQRcF9k1pjg.wav	609.839	613.519	công của chính quyền đó. À giúp cho bà con có thể	@HUE	data\processed_transcripts\XQRcF9k1pjg.json
data\raw_audio\XQRcF9k1pjg.wav	618.12	624.72	là thoải mái hơn, thuận lợi hơn trong cái việc mà đi qua đi lại phà.	@HUE	data\processed_transcripts\XQRcF9k1pjg.json
data\raw_audio\XQRcF9k1pjg.wav	624.72	630.76	Thay vì lúc trước di chuyển bằng các cái ghe đò phà à dẽ ghe đò và phà thì bây	@HUE	data\processed_transcripts\XQRcF9k1pjg.json
data\raw_audio\XQRcF9k1pjg.wav	630.76	636.839	giờ đi xe máy hay là các cái phương tiện giao thông đường bộ vượt qua cái phá tâm	@HUE	data\processed_transcripts\XQRcF9k1pjg.json
data\raw_audio\XQRcF9k1pjg.wav	636.839	643.519	giang rất chi là dễ dàng và đó cũng chính là một cái điều đáng mừng cho	@HUE	data\processed_transcripts\XQRcF9k1pjg.json
data\raw_audio\XQRcF9k1pjg.wav	643.519	652.079	à cái cuộc sống của bà con. Như quý vị đã biết thì cầu Trường Hà	@HUE	data\processed_transcripts\XQRcF9k1pjg.json
data\raw_audio\XQRcF9k1pjg.wav	652.079	658.0	được chính thức xây dựng vào năm 2001 thưa	@HUE	data\processed_transcripts\XQRcF9k1pjg.json
data\raw_audio\XQRcF9k1pjg.wav	658.0	664.04	quý vị. Và việc cho xây dựng cái cầu Trường Hà nó là một cái	@HUE	data\processed_transcripts\XQRcF9k1pjg.json
data\raw_audio\XQRcF9k1pjg.wav	664.04	670.16	việc làm hết sức là có ý nghĩa trong đời sống của bà con hai xã Vinh Thanh và	@HUE	data\processed_transcripts\XQRcF9k1pjg.json
data\raw_audio\XQRcF9k1pjg.wav	670.16	675.16	Vinh Phú của huyện Phú Vang nói riêng và bà con của khu vực ven đầm phá nói	@HUE	data\processed_transcripts\XQRcF9k1pjg.json
data\raw_audio\XQRcF9k1pjg.wav	675.16	680.12	chung. Thì đây được xem như là cái cầu dài nhất	@HUE	data\processed_transcripts\XQRcF9k1pjg.json
data\raw_audio\XQRcF9k1pjg.wav	680.12	686.72	à vượt qua phá tham gian đây quý vị. Và như quý vị đã thấy thì đây chính là	@HUE	data\processed_transcripts\XQRcF9k1pjg.json
data\raw_audio\XQRcF9k1pjg.wav	686.72	693.079	cái địa bàn của xã Vinh Phú, huyện Phú Vang. Và xã Vinh Phú thì cũng được xem	@HUE	data\processed_transcripts\XQRcF9k1pjg.json
data\raw_audio\XQRcF9k1pjg.wav	693.079	697.88	là một trong những cái xã mà khá là nghèo của huyện Phú Vang. Bởi vì ở đây	@HUE	data\processed_transcripts\XQRcF9k1pjg.json
data\raw_audio\XQRcF9k1pjg.wav	697.88	705.6	là bà con là cũng tuy là hoạt động à bằng à các cái nghề thủy hải sản nhưng	@HUE	data\processed_transcripts\XQRcF9k1pjg.json
data\raw_audio\XQRcF9k1pjg.wav	705.6	709.92	mà ngành nghề chính vẫn là trồng lúa và	@HUE	data\processed_transcripts\XQRcF9k1pjg.json
data\raw_audio\XQRcF9k1pjg.wav	709.92	716.16	nông nghiệp đấy. Và bây giờ chúng ta sẽ không	@HUE	data\processed_transcripts\XQRcF9k1pjg.json
data\raw_audio\XQRcF9k1pjg.wav	716.16	722.76	tham quan cái xã Vinh Phú mà Huế Review sẽ dành cho video sau. Mà bây giờ chúng	@HUE	data\processed_transcripts\XQRcF9k1pjg.json
data\raw_audio\XQRcF9k1pjg.wav	722.76	729.6	ta sẽ quẹo phải để đi vào cái con đường tỉnh	@HUE	data\processed_transcripts\XQRcF9k1pjg.json
data\raw_audio\XQRcF9k1pjg.wav	729.6	738.839	10. Đó, con đường tỉnh 10B là bởi chúng ta sẽ ngược lên xã Phú Đa.	@HUE	data\processed_transcripts\XQRcF9k1pjg.json
data\raw_audio\XQRcF9k1pjg.wav	738.839	742.778	Gọi là xã bởi vì trước kia thôi, còn bây giờ thì Phú Đa cũng được xem là một cái	@HUE	data\processed_transcripts\XQRcF9k1pjg.json
data\raw_audio\XQRcF9k1pjg.wav	742.778	747.76	[âm nhạc] thị trấn. Đấy được được xem là thị trấn của huyện	@HUE	data\processed_transcripts\XQRcF9k1pjg.json
data\raw_audio\XQRcF9k1pjg.wav	747.76	753.639	Phú Vang này gọi là thị trấn Phú Đa. Và chúng ta sẽ xem thử cái cuộc sống của	@HUE	data\processed_transcripts\XQRcF9k1pjg.json
data\raw_audio\XQRcF9k1pjg.wav	753.639	758.24	bà con ở cái thị trấn Vũ Đa này như thế nào.	@HUE	data\processed_transcripts\XQRcF9k1pjg.json
data\raw_audio\XQRcF9k1pjg.wav	758.24	764.04	Như bây giờ thì quý vị thấy việc xá thì quý vị cũng có thể nhận ra là trước kia	@HUE	data\processed_transcripts\XQRcF9k1pjg.json
data\raw_audio\XQRcF9k1pjg.wav	764.04	766.519	ắc hẳn đây là những cái con đường đất đỏ.	@HUE	data\processed_transcripts\XQRcF9k1pjg.json
data\raw_audio\XQRcF9k1pjg.wav	766.519	771.16	Bởi vì theo kỷ niệm của Huế Review mà trước kia mà khi đi cái con đường này á	@HUE	data\processed_transcripts\XQRcF9k1pjg.json
data\raw_audio\XQRcF9k1pjg.wav	771.16	780.959	thì hồ lúc đó là Huế Review muốn đi về thành phố Lăng tức là cái là	@HUE	data\processed_transcripts\XQRcF9k1pjg.json
data\raw_audio\XQRcF9k1pjg.wav	780.959	786.36	ăn bằng thì đi qua những cái con đường này thì toàn là được đỏ và Huế Review	@HUE	data\processed_transcripts\XQRcF9k1pjg.json
data\raw_audio\XQRcF9k1pjg.wav	786.36	792.76	nhớ như in là được đó Huế Review cũng đã từng bị tai nạn ở cái khu vực này là bởi	@HUE	data\processed_transcripts\XQRcF9k1pjg.json
data\raw_audio\XQRcF9k1pjg.wav	792.76	798.76	vì cái đường đất đỏ đó nó nó rất là trơn và nhất là sau những cái	@HUE	data\processed_transcripts\XQRcF9k1pjg.json
data\raw_audio\XQRcF9k1pjg.wav	798.76	805.32	ngày mưa nữa và bụi thì rất là nhiều những cái ngày nắng và hôm đó thì có địa	@HUE	data\processed_transcripts\XQRcF9k1pjg.json
data\raw_audio\XQRcF9k1pjg.wav	805.32	811.12	bàn của Huế Review chở Huế Review bằng xe ta do đó là cái bánh xe nó nhỏ và	@HUE	data\processed_transcripts\XQRcF9k1pjg.json
data\raw_audio\XQRcF9k1pjg.wav	811.12	818.279	trơn quá gì đó tức là tự xìa và tự rớt luôn ấy. Và không có những cái ngôi nhà	@HUE	data\processed_transcripts\XQRcF9k1pjg.json
data\raw_audio\XQRcF9k1pjg.wav	818.279	822.199	nó mọc lên như thế này đâu quý vị. Mà trước kia ở đây là những cái rừng những	@HUE	data\processed_transcripts\XQRcF9k1pjg.json
data\raw_audio\XQRcF9k1pjg.wav	822.199	827.839	cái rừng cây cây keo cây keo tràm nhìn rất là hoang vắng	@HUE	data\processed_transcripts\XQRcF9k1pjg.json
data\raw_audio\XQRcF9k1pjg.wav	827.839	831.72	giống như là đi vào một cái cái cái khu rừng vậy.	@HUE	data\processed_transcripts\XQRcF9k1pjg.json
data\raw_audio\XQRcF9k1pjg.wav	831.72	835.839	Tuy nhiên thì bây giờ nó cũng đỡ hơn nhiều. Ngoài những cái keo tràm thì cũng	@HUE	data\processed_transcripts\XQRcF9k1pjg.json
data\raw_audio\XQRcF9k1pjg.wav	835.839	842.12	có những cái à ngôi nhà của bà con được xây lên và đường xá thì nó lại êm ả hơn	@HUE	data\processed_transcripts\XQRcF9k1pjg.json
data\raw_audio\XQRcF9k1pjg.wav	842.12	845.44	rất là nhiều. Việc xây dựng những cái con đường như	@HUE	data\processed_transcripts\XQRcF9k1pjg.json
data\raw_audio\XQRcF9k1pjg.wav	845.44	852.6	thế này thì phải nói thật là nó giúp ích rất là nhiều cho bà con. Bởi vì	@HUE	data\processed_transcripts\XQRcF9k1pjg.json
data\raw_audio\XQRcF9k1pjg.wav	852.6	858.8	đôi lúc cái việc mà giao thương buôn bán hay là giao thông à trên đường mà gặp	@HUE	data\processed_transcripts\XQRcF9k1pjg.json
data\raw_audio\XQRcF9k1pjg.wav	858.8	863.72	những cái con đường đất đỏ thì quả thật là thực sự là rất là đáng sợ. Với là	@HUE	data\processed_transcripts\XQRcF9k1pjg.json
data\raw_audio\XQRcF9k1pjg.wav	863.72	867.519	nhất là vào mùa mưa nữa thì bà con sẽ rất là cực.	@HUE	data\processed_transcripts\XQRcF9k1pjg.json
data\raw_audio\XQRcF9k1pjg.wav	867.519	872.72	Tuy nhiên thì có những cái con đường được bê tông hóa như thế này thì nó sẽ	@HUE	data\processed_transcripts\XQRcF9k1pjg.json
data\raw_audio\XQRcF9k1pjg.wav	872.72	880.48	có phần giúp cho bà con rất là nhiều. Đó là một cái điều mà chúng ta không thể	@HUE	data\processed_transcripts\XQRcF9k1pjg.json
data\raw_audio\XQRcF9k1pjg.wav	880.48	885.199	bàn cải đúng [âm nhạc] không quý vị? Đó.	@HUE	data\processed_transcripts\XQRcF9k1pjg.json
data\raw_audio\XQRcF9k1pjg.wav	885.199	891.8	Tuy nhiên thì quý vị cũng có thể thấy là cái đất trống ở cái khu vực à	@HUE	data\processed_transcripts\XQRcF9k1pjg.json
data\raw_audio\XQRcF9k1pjg.wav	891.8	895.36	thị trấn Phú Đa thì cũng còn rất là nhiều	@HUE	data\processed_transcripts\XQRcF9k1pjg.json
data\raw_audio\XQRcF9k1pjg.wav	895.36	902.519	và việc à mở rộng các cái công trình các đầu tư các cái công trình về thị trấn	@HUE	data\processed_transcripts\XQRcF9k1pjg.json
data\raw_audio\XQRcF9k1pjg.wav	902.519	907.8	Phú Đa đó có nghĩ có lẽ là một trong những cái quy hoạch trong tương lai.	@HUE	data\processed_transcripts\XQRcF9k1pjg.json
data\raw_audio\XQRcF9k1pjg.wav	907.8	913.44	Bởi vì hiện tại thì ở thị trấn Phú Đa nó à	@HUE	data\processed_transcripts\XQRcF9k1pjg.json
data\raw_audio\XQRcF9k1pjg.wav	913.44	918.399	đã được xây dựng các cái khu công nghiệp và ở đây cũng có rất nhiều các cái công	@HUE	data\processed_transcripts\XQRcF9k1pjg.json
data\raw_audio\XQRcF9k1pjg.wav	918.399	924.399	ty thuộc các cái khung c nghiệp và nó à giúp cho cái	@HUE	data\processed_transcripts\XQRcF9k1pjg.json
data\raw_audio\XQRcF9k1pjg.wav	924.399	931.56	công an việc làm của bà con địa phương nói riêng và bà con Huế nói chung cũng à	@HUE	data\processed_transcripts\XQRcF9k1pjg.json
data\raw_audio\XQRcF9k1pjg.wav	931.56	937.68	à đã phát triển đến lần nào rồi quý vị. Tuy nhiên chúng ta vẫn thấy những cái	@HUE	data\processed_transcripts\XQRcF9k1pjg.json
data\raw_audio\XQRcF9k1pjg.wav	937.68	944.12	đất mô mạ ở đây còn rất là nhiều và đất chủ yếu là đất cắt trắng. Chính vì vậy	@HUE	data\processed_transcripts\XQRcF9k1pjg.json
data\raw_audio\XQRcF9k1pjg.wav	944.12	950.8	mà việc cải tạo và đưa vào phục vụ nông nghiệp thì nó cũng là một cái vấn đề hết	@HUE	data\processed_transcripts\XQRcF9k1pjg.json
data\raw_audio\XQRcF9k1pjg.wav	950.8	956.48	sức gian nan trong [âm nhạc] tương lai. Tuy nhiên thì việc đô thị hóa ngày càng	@HUE	data\processed_transcripts\XQRcF9k1pjg.json
data\raw_audio\XQRcF9k1pjg.wav	956.48	962.88	cao thì những cái mảnh đất như thế này à đưa vào để xây dựng nhà ở hay là đưa vào	@HUE	data\processed_transcripts\XQRcF9k1pjg.json
data\raw_audio\XQRcF9k1pjg.wav	962.88	970.16	để canh tác nông nghiệp thì đó là một cái điều thiện yếu và Huế Review	@HUE	data\processed_transcripts\XQRcF9k1pjg.json
data\raw_audio\XQRcF9k1pjg.wav	970.16	975.079	hy vọng rằng trong tương lai thì khu vực này nó còn nhiều đổi thay hơn nữa.	@HUE	data\processed_transcripts\XQRcF9k1pjg.json
data\raw_audio\XQRcF9k1pjg.wav	975.079	979.88	Thì không biết khán giả của Kinh Huế Review có ai ở khu vực à thị trấn Phú Đa	@HUE	data\processed_transcripts\XQRcF9k1pjg.json
data\raw_audio\XQRcF9k1pjg.wav	979.88	985.519	hay không? Ở đây thì Huế Review thấy là thuộc thôn	@HUE	data\processed_transcripts\XQRcF9k1pjg.json
data\raw_audio\XQRcF9k1pjg.wav	985.519	990.92	Việt Trình thì phải. Đấy và viện Trình thì ở đây cũng có một cái ngôi chợ gọi	@HUE	data\processed_transcripts\XQRcF9k1pjg.json
data\raw_audio\XQRcF9k1pjg.wav	990.92	997.759	là chợ Việt Trình cũng à à là ngôi chợ quê khá là đẹp. Và sắp tới thì có lẽ Huế	@HUE	data\processed_transcripts\XQRcF9k1pjg.json
data\raw_audio\XQRcF9k1pjg.wav	997.759	1003.0	Review cũng sẽ quay lại cái khu vực này để quay những cái ngôi chợ quê ở cái khu	@HUE	data\processed_transcripts\XQRcF9k1pjg.json
data\raw_audio\XQRcF9k1pjg.wav	1003.0	1009.6	vực thị trấn Phú Đá này cho quý vị xem. Chợ Việt Trình rồi chợ Lương Viện đó rồi	@HUE	data\processed_transcripts\XQRcF9k1pjg.json
data\raw_audio\XQRcF9k1pjg.wav	1009.6	1013.88	chợ Phú Đa. Những cái ngôi chợ mà có thể nói là	@HUE	data\processed_transcripts\XQRcF9k1pjg.json
data\raw_audio\XQRcF9k1pjg.wav	1013.88	1020.04	à những ngôi chợ quê đặc trưng ở cái khu vực Phú Vang, ở cái khu vực thị trấn Phú	@HUE	data\processed_transcripts\XQRcF9k1pjg.json
data\raw_audio\XQRcF9k1pjg.wav	1020.04	1023.24	Đa này. Thì đi trên những cái con đường này thì	@HUE	data\processed_transcripts\XQRcF9k1pjg.json
data\raw_audio\XQRcF9k1pjg.wav	1028.24	1034.36	quý vị cũng có thể thấy là lăng mộ ở cái khu vực này cũng khá là nhiều và lăng mộ	@HUE	data\processed_transcripts\XQRcF9k1pjg.json
data\raw_audio\XQRcF9k1pjg.wav	1034.36	1041.039	xây cạnh cái những cái ngôi nhà luôn. Và các cái ngôi nhà bây giờ thì cũng đã	@HUE	data\processed_transcripts\XQRcF9k1pjg.json
data\raw_audio\XQRcF9k1pjg.wav	1041.039	1048.0	được à xây dựng lên a rất là đẹp rồi quý vị.	@HUE	data\processed_transcripts\XQRcF9k1pjg.json
data\raw_audio\XQRcF9k1pjg.wav	1049.84	1055.6	Không biết là quý vị có nhận ra được cái ngã ba này hay không. Đấy thì nếu như	@HUE	data\processed_transcripts\XQRcF9k1pjg.json
data\raw_audio\XQRcF9k1pjg.wav	1055.6	1061.08	quý vị nhận ra thì có thể comment phía dưới video cho Huế Review. Bởi vì Huế	@HUE	data\processed_transcripts\XQRcF9k1pjg.json
data\raw_audio\XQRcF9k1pjg.wav	1061.08	1064.387	Review chắc khác thì nhận ra cái ngã ba này rồi. Nhưng mà đôi lúc có một số quý	@HUE	data\processed_transcripts\XQRcF9k1pjg.json
data\raw_audio\XQRcF9k1pjg.wav	1064.387	1068.64	[âm nhạc] vị khán giả đi xa chúng ta vẫn chưa nhận ra được cái sự đổi thay ở cái	@HUE	data\processed_transcripts\XQRcF9k1pjg.json
data\raw_audio\XQRcF9k1pjg.wav	1068.64	1073.28	khu vực ngã ba này. Và quý vị có có biết rằng cái ngã ba đó tên gì hay không? Yếu	@HUE	data\processed_transcripts\XQRcF9k1pjg.json
data\raw_audio\XQRcF9k1pjg.wav	1073.28	1078.72	biết thì quý vị cứ comment phía dưới. Và như quý vị thấy thì [âm nhạc] cũng có	@HUE	data\processed_transcripts\XQRcF9k1pjg.json
data\raw_audio\XQRcF9k1pjg.wav	1078.72	1084.88	một số nhà của bà con á là đã đến vụ gặt rồi. Và cái mùa này là chuẩn bị chúng ta	@HUE	data\processed_transcripts\XQRcF9k1pjg.json
data\raw_audio\XQRcF9k1pjg.wav	1084.88	1089.039	đến mùa gạt lũa rồi quý vị. Và sắp tới thì Huy Review cũng sẽ quay cho quý vị	@HUE	data\processed_transcripts\XQRcF9k1pjg.json
data\raw_audio\XQRcF9k1pjg.wav	1089.039	1096.48	xem à cái không khí mùa gặt cũng như là à cái cách thức gặt lúa bây giờ nó khác	@HUE	data\processed_transcripts\XQRcF9k1pjg.json
data\raw_audio\XQRcF9k1pjg.wav	1096.48	1101.84	xưa như thế nào. Ngày xưa thì gạt lũa chúng ta	@HUE	data\processed_transcripts\XQRcF9k1pjg.json
data\raw_audio\XQRcF9k1pjg.wav	1101.84	1106.36	nhớ là chúng ta gặt bằng liềm nhưng mà bây giờ chúng ta điều gặt lũa bằng máy	@HUE	data\processed_transcripts\XQRcF9k1pjg.json
data\raw_audio\XQRcF9k1pjg.wav	1106.36	1111.76	cả. Và việc có sản xuất việc mà chế tạo ra những cái máy cắt nông nghiệp như	@HUE	data\processed_transcripts\XQRcF9k1pjg.json
data\raw_audio\XQRcF9k1pjg.wav	1111.76	1116.559	vậy, máy cắt lũa như vậy thì nó lại tiết kiệm sức lao động của rất nhiều bà con.	@HUE	data\processed_transcripts\XQRcF9k1pjg.json
data\raw_audio\XQRcF9k1pjg.wav	1116.559	1120.88	Và đặc biệt thì ở những cái vùng như thế này là sản xuất nông nghiệp nó cũng là	@HUE	data\processed_transcripts\XQRcF9k1pjg.json
data\raw_audio\XQRcF9k1pjg.wav	1120.88	1125.76	cái ngành nghề chính. Chính vì vậy mà việc có những cái [âm nhạc] máy cắt lúa	@HUE	data\processed_transcripts\XQRcF9k1pjg.json
data\raw_audio\XQRcF9k1pjg.wav	1125.76	1131.36	hay là những cái máy tuộc lúa tự động như vậy thì nó lại giúp cho cái việc cải	@HUE	data\processed_transcripts\XQRcF9k1pjg.json
data\raw_audio\XQRcF9k1pjg.wav	1131.36	1136.52	tạo năng suất lao động rất là nhiều và hơn nữa nó cũng cải tạo được cái năng	@HUE	data\processed_transcripts\XQRcF9k1pjg.json
data\raw_audio\XQRcF9k1pjg.wav	1136.52	1142.6	suất gọi là thành phẩm luôn. Ở đây thì quý vị có thể thấy là đường	@HUE	data\processed_transcripts\XQRcF9k1pjg.json
data\raw_audio\XQRcF9k1pjg.wav	1145.32	1149.48	được bê tông hóa hết rồi quý vị. Và đi trên những cái con đường này Huế Viw cảm	@HUE	data\processed_transcripts\XQRcF9k1pjg.json
data\raw_audio\XQRcF9k1pjg.wav	1149.48	1154.72	thấy rất là sướng. Và so với gần 10 năm về trước, hơn 10 năm về trước	@HUE	data\processed_transcripts\XQRcF9k1pjg.json
data\raw_audio\XQRcF9k1pjg.wav	1154.72	1160.44	á thì à không có những cái con đường như thế này mà đi đâu quý vị.	@HUE	data\processed_transcripts\XQRcF9k1pjg.json
data\raw_audio\XQRcF9k1pjg.wav	1160.44	1166.44	Đó và Huế Review cũng nhớ rõ ràng là những cái thời điểm mà Huế review trước	@HUE	data\processed_transcripts\XQRcF9k1pjg.json
data\raw_audio\XQRcF9k1pjg.wav	1166.44	1174.08	kia khi mà Huế review còn học cấp ba thì phải đi xe đạp mà từ trên	@HUE	data\processed_transcripts\XQRcF9k1pjg.json
data\raw_audio\XQRcF9k1pjg.wav	1174.08	1181.28	tỉnh lộ 10 đó đạp về thấu dưới chỗ Phú Đa này là coi như họp hơi luôn và đi	@HUE	data\processed_transcripts\XQRcF9k1pjg.json
data\raw_audio\XQRcF9k1pjg.wav	1181.28	1186.84	trên con đường đất nữa thì thực sự là ổ gà ổ vịt rất là nhiều và tính và tính ra	@HUE	data\processed_transcripts\XQRcF9k1pjg.json
data\raw_audio\XQRcF9k1pjg.wav	1186.84	1191.159	thì cũng gần 10 năm rồi Huế Review mới quay trở lại cái khu vực khu vực này. Do	@HUE	data\processed_transcripts\XQRcF9k1pjg.json
data\raw_audio\XQRcF9k1pjg.wav	1191.159	1196.2	đó là Huế Đương Tiiện cũng muốn quay cho quý vị xem cái sự đổi thay của cái khu	@HUE	data\processed_transcripts\XQRcF9k1pjg.json
data\raw_audio\XQRcF9k1pjg.wav	1196.2	1202.919	vực này luôn. Và đặc biệt thì quý vị cũng có thể thấy là	@HUE	data\processed_transcripts\XQRcF9k1pjg.json
data\raw_audio\XQRcF9k1pjg.wav	1202.919	1208.88	những cái ngôi nhà của bà con bây giờ xây dựng lên rất là nhiều và được à xây	@HUE	data\processed_transcripts\XQRcF9k1pjg.json
data\raw_audio\XQRcF9k1pjg.wav	1208.88	1213.64	dựng bằng bê tông cốt thép. đó nhìn nó khang trang hơn là nhiều so với ngày	@HUE	data\processed_transcripts\XQRcF9k1pjg.json
data\raw_audio\XQRcF9k1pjg.wav	1213.64	1218.72	xưa. Ngày xưa thì ở đây những cái ngôi nhà tranh lụp sụp hay là những cái ngôi	@HUE	data\processed_transcripts\XQRcF9k1pjg.json
data\raw_audio\XQRcF9k1pjg.wav	1218.72	1225.44	nhà mà gọi là thấp bé mọc lên cũng rải rác thôi chứ cũng không phải là nhiều	@HUE	data\processed_transcripts\XQRcF9k1pjg.json
data\raw_audio\XQRcF9k1pjg.wav	1225.44	1231.88	nữa. Nhưng mà qua cái thời gian thay đổi thì cũng đã xây dự những nhà cửa hơn rất	@HUE	data\processed_transcripts\XQRcF9k1pjg.json
data\raw_audio\XQRcF9k1pjg.wav	1231.88	1239.039	là nhiều. Và quý vị có thể thấy ở đây là quán xá của bà con cũng mọc mọc lên cũng	@HUE	data\processed_transcripts\XQRcF9k1pjg.json
data\raw_audio\XQRcF9k1pjg.wav	1239.039	1241.799	khá là đông. Đấy. Tuy nhiên thì chúng ta cũng có thể	@HUE	data\processed_transcripts\XQRcF9k1pjg.json
data\raw_audio\XQRcF9k1pjg.wav	1248.0	1253.12	thấy là những cái ngôi nhà ở được gọi là những người nhôi nhà ở khu vực làng quê	@HUE	data\processed_transcripts\XQRcF9k1pjg.json
data\raw_audio\XQRcF9k1pjg.wav	1253.12	1258.76	nó vẫn hiển hiện rõ nét ở cái khu vực này. Bởi vì đây chính cũng chính cũng	@HUE	data\processed_transcripts\XQRcF9k1pjg.json
data\raw_audio\XQRcF9k1pjg.wav	1258.76	1262.28	chỉ là khu vực làng quê quý vị. Đây cũng là một trong những cái khu vực làng quê	@HUE	data\processed_transcripts\XQRcF9k1pjg.json
data\raw_audio\XQRcF9k1pjg.wav	1262.28	1270.4	của Huế. và những cái ngôi nhà mà ừ cấp bốn đó là những cái ngôi nhà mà có vườn	@HUE	data\processed_transcripts\XQRcF9k1pjg.json
data\raw_audio\XQRcF9k1pjg.wav	1270.4	1275.72	có tượng đó thì ở cái khu vực này là nó cũng đặc trưng cho cái khu vực làng quê	@HUE	data\processed_transcripts\XQRcF9k1pjg.json
data\raw_audio\XQRcF9k1pjg.wav	1275.72	1284.52	của Huế. Tuy là nhà cửa nó được à nâng cấp hơn rất là nhiều nhưng mà đa phần	@HUE	data\processed_transcripts\XQRcF9k1pjg.json
data\raw_audio\XQRcF9k1pjg.wav	1284.52	1290.64	thì bà con vẫn còn lưu giữ lại những cái ngôi nhà làng quê.	@HUE	data\processed_transcripts\XQRcF9k1pjg.json
data\raw_audio\XQRcF9k1pjg.wav	1290.64	1298.279	Và rõ ràng thì đất ở đây cũng đã được sử dụng để làm	@HUE	data\processed_transcripts\XQRcF9k1pjg.json
data\raw_audio\XQRcF9k1pjg.wav	1298.279	1304.08	nhà ở nhiều hơn so với trước kia rồi quý vị. Và việc à [âm nhạc] cây cối ở đây	@HUE	data\processed_transcripts\XQRcF9k1pjg.json
data\raw_audio\XQRcF9k1pjg.wav	1304.08	1310.72	cũng được à quy hoạch cũng khá là hợp lý	@HUE	data\processed_transcripts\XQRcF9k1pjg.json
data\raw_audio\XQRcF9k1pjg.wav	1310.72	1316.279	đó. Tuy nhiên thì trong thời gian tới nếu như mà thị trấn Phú Đa phát triển	@HUE	data\processed_transcripts\XQRcF9k1pjg.json
data\raw_audio\XQRcF9k1pjg.wav	1316.279	1324.039	hơn nữa thì việc xây dựng các cái khu công nghiệp rồi các cái công ty à thuộc	@HUE	data\processed_transcripts\XQRcF9k1pjg.json
data\raw_audio\XQRcF9k1pjg.wav	1324.039	1332.08	khu công nghiệp để giúp cho bà con có một cái à cuộc sống tốt hơn và lao động	@HUE	data\processed_transcripts\XQRcF9k1pjg.json
data\raw_audio\XQRcF9k1pjg.wav	1332.08	1336.76	nhiều hơn. Ở đây thì quý vị cũng có thể thấy là những cái trường học tiểu học,	@HUE	data\processed_transcripts\XQRcF9k1pjg.json
data\raw_audio\XQRcF9k1pjg.wav	1336.76	1343.24	những trường mầm non của thị trấn Phú Đa cũng đã khác xưa hơn rất là nhiều và	@HUE	data\processed_transcripts\XQRcF9k1pjg.json
data\raw_audio\XQRcF9k1pjg.wav	1343.24	1349.32	cũng đã được xây dựng nâng cấp à với cơ sở hạ tầng và kiến trúc thượng tầng nó	@HUE	data\processed_transcripts\XQRcF9k1pjg.json
data\raw_audio\XQRcF9k1pjg.wav	1349.32	1352.559	đẹp hơn. Và trong tương lai thì ắc hạng Phú Đa	@HUE	data\processed_transcripts\XQRcF9k1pjg.json
data\raw_audio\XQRcF9k1pjg.wav	1354.6	1362.2	chính là một cái vùng đất gọi là vùng vùng đất vàng cho các cái doanh nghiệp	@HUE	data\processed_transcripts\XQRcF9k1pjg.json
data\raw_audio\XQRcF9k1pjg.wav	1362.2	1369.2	cũng như là vùng đất vàng để khai thác à cho cái công à cho cái khu vực nhà ở	@HUE	data\processed_transcripts\XQRcF9k1pjg.json
data\raw_audio\XQRcF9k1pjg.wav	1369.2	1374.559	cũng như là đất canh tác. Bởi vì hiện tại bây giờ theo xu thế thì việc đô thị	@HUE	data\processed_transcripts\XQRcF9k1pjg.json
data\raw_audio\XQRcF9k1pjg.wav	1374.559	1381.76	hóa nó càng ngày càng cao. Và vừa rồi thì à Huế cũng đã được thông	@HUE	data\processed_transcripts\XQRcF9k1pjg.json
data\raw_audio\XQRcF9k1pjg.wav	1381.76	1389.88	qua cái dự án là mở rộng à cái thành phố gấp bốn lần và kéo	@HUE	data\processed_transcripts\XQRcF9k1pjg.json
data\raw_audio\XQRcF9k1pjg.wav	1389.88	1395.2	cái địa bàn thành phố, cái diện tích của thành phố đến thị trấn Thuận An.	@HUE	data\processed_transcripts\XQRcF9k1pjg.json
data\raw_audio\XQRcF9k1pjg.wav	1395.2	1399.679	Thì thị trấn Thuận An là thuộc huyện Phú Vang nhưng mà bây giờ thì cũng chuẩn bị	@HUE	data\processed_transcripts\XQRcF9k1pjg.json
data\raw_audio\XQRcF9k1pjg.wav	1399.679	1403.76	là sát nhập vào thành phố. Chính vì vậy mà cái diện tích của huyện	@HUE	data\processed_transcripts\XQRcF9k1pjg.json
data\raw_audio\XQRcF9k1pjg.wav	1403.76	1412.08	Phú Vang có lẽ là cũng đã sẽ bị thu hẹp và điều đó thì dẫn đến một cái hệ quả là	@HUE	data\processed_transcripts\XQRcF9k1pjg.json
data\raw_audio\XQRcF9k1pjg.wav	1412.08	1415.44	cái khu vực thị trấn Phú Đa này chắc chắn sau này sẽ được khai thác rất là	@HUE	data\processed_transcripts\XQRcF9k1pjg.json
data\raw_audio\XQRcF9k1pjg.wav	1415.44	1420.799	nhiều và việc khai thác nó sẽ làm cho thị trấn Phú Đa ngày càng phát triển. Và	@HUE	data\processed_transcripts\XQRcF9k1pjg.json
data\raw_audio\XQRcF9k1pjg.wav	1420.799	1427.24	Huế Review cũng mong rằng là cái sự phát triển của thị trấn Phú Đa nó cũng sẽ làm	@HUE	data\processed_transcripts\XQRcF9k1pjg.json
data\raw_audio\XQRcF9k1pjg.wav	1427.24	1433.24	cho huyện Phú Vang nói chung là càng ngày càng đi lên.	@HUE	data\processed_transcripts\XQRcF9k1pjg.json
data\raw_audio\XQRcF9k1pjg.wav	1433.24	1439.279	Và ắc hạng đó cũng là một cái điều thiện yếu thôi. Bởi vì trong tương lai khi mà	@HUE	data\processed_transcripts\XQRcF9k1pjg.json
data\raw_audio\XQRcF9k1pjg.wav	1439.279	1443.32	việc mở rộng thành phố Huế thì Huế trở thành cái thành phố trực thuộc trung	@HUE	data\processed_transcripts\XQRcF9k1pjg.json
data\raw_audio\XQRcF9k1pjg.wav	1443.32	1448.48	ương thì các cái khu vực lân cận, các cái khu vực giáp thành phố, khu vực	@HUE	data\processed_transcripts\XQRcF9k1pjg.json
data\raw_audio\XQRcF9k1pjg.wav	1448.48	1454.159	ngoại ô nó cũng phải được nâng cấp lên một cái tầm mới và điều đó nó sẽ làm cho	@HUE	data\processed_transcripts\XQRcF9k1pjg.json
data\raw_audio\XQRcF9k1pjg.wav	1454.159	1461.08	thư thiên hủy nói chung là sẽ ngày càng phát triển.	@HUE	data\processed_transcripts\XQRcF9k1pjg.json
data\raw_audio\XQRcF9k1pjg.wav	1462.2	1469.0	Phú đa thì qu phú đa thì như quý vị cũng đã thấy thì nó cũng [âm nhạc] à là một	@HUE	data\processed_transcripts\XQRcF9k1pjg.json
data\raw_audio\XQRcF9k1pjg.wav	1469.0	1473.6	cái xả à là một cái thị trấn đó. Bây giờ thì nó	@HUE	data\processed_transcripts\XQRcF9k1pjg.json
data\raw_audio\XQRcF9k1pjg.wav	1473.6	1478.159	không còn là xã nữa mà nó là thị trấng rồi. Đấy là một cái thị trấn mà có thể	@HUE	data\processed_transcripts\XQRcF9k1pjg.json
data\raw_audio\XQRcF9k1pjg.wav	1478.159	1481.44	nói là có sức phát triển cũng rất là nhanh.	@HUE	data\processed_transcripts\XQRcF9k1pjg.json
data\raw_audio\XQRcF9k1pjg.wav	1481.44	1485.52	À so với trước kia thì nó chỉ là một cái vùng đất trongng nhưng mà bây giờ thì	@HUE	data\processed_transcripts\XQRcF9k1pjg.json
data\raw_audio\XQRcF9k1pjg.wav	1485.52	1491.039	như quý vị thấy trước mặt chúng ta đang đến một cái khu vực thuộc khu công	@HUE	data\processed_transcripts\XQRcF9k1pjg.json
data\raw_audio\XQRcF9k1pjg.wav	1491.039	1494.919	nghiệp của thị trấn Phú Đa. Và ở cái khu công nghiệp này thì Huế	@HUE	data\processed_transcripts\XQRcF9k1pjg.json
data\raw_audio\XQRcF9k1pjg.wav	1499.0	1504.559	Review thấy chủ yếu là các cái công ty về may mặt, các cái công ty diệt may nó	@HUE	data\processed_transcripts\XQRcF9k1pjg.json
data\raw_audio\XQRcF9k1pjg.wav	1504.559	1509.679	mọc lên nhiều. Ngoài ra còn có các cái công ty về sản xuất điện tử vân vân và	@HUE	data\processed_transcripts\XQRcF9k1pjg.json
data\raw_audio\XQRcF9k1pjg.wav	1509.679	1512.24	vân vân. sản xuất các cái linh kiện điện tử đ và	@HUE	data\processed_transcripts\XQRcF9k1pjg.json
data\raw_audio\XQRcF9k1pjg.wav	1515.72	1520.159	quý vị thấy là đất trống còn khá là nhiều. Chính vì vậy mà trong tương lai	@HUE	data\processed_transcripts\XQRcF9k1pjg.json
data\raw_audio\XQRcF9k1pjg.wav	1520.159	1525.52	thì cũng sẽ có rất nhiều cái công ty à về đây để khai thác và [âm nhạc] xây	@HUE	data\processed_transcripts\XQRcF9k1pjg.json
data\raw_audio\XQRcF9k1pjg.wav	1525.52	1531.6	dựng đầu tư vào đây đây những cái công ty dết may hiện tại thì các cái thông	@HUE	data\processed_transcripts\XQRcF9k1pjg.json
data\raw_audio\XQRcF9k1pjg.wav	1531.6	1536.399	báo về tuyển dụng à công nhân cũng rất là nhiều.	@HUE	data\processed_transcripts\XQRcF9k1pjg.json
data\raw_audio\XQRcF9k1pjg.wav	1536.399	1542.52	Ở đây cũng có một cái công ty diệt mây cũng rất chi là lớn ở khu vực thị trấn	@HUE	data\processed_transcripts\XQRcF9k1pjg.json
data\raw_audio\XQRcF9k1pjg.wav	1542.52	1548.72	Phú Đa này là cái công ty Thiên An Phú và công ty này thậm chí thu hút à lao	@HUE	data\processed_transcripts\XQRcF9k1pjg.json
data\raw_audio\XQRcF9k1pjg.wav	1548.72	1554.52	động ở thành phố và những cái khu vực lân cận về đây rất là nhiều bởi vì Huế	@HUE	data\processed_transcripts\XQRcF9k1pjg.json
data\raw_audio\XQRcF9k1pjg.wav	1554.52	1559.559	Review cũng có một số người bạn ở khu vực thành phố Huế và cũng đã xin việc về	@HUE	data\processed_transcripts\XQRcF9k1pjg.json
data\raw_audio\XQRcF9k1pjg.wav	1559.559	1563.6	xin việc ở tầng dưới này luôn quý vị và phải vượt qua một cái chặng đường cũng	@HUE	data\processed_transcripts\XQRcF9k1pjg.json
data\raw_audio\XQRcF9k1pjg.wav	1563.6	1569.039	khá là dài máy chục một cây số mới về thảo giữ cái khu vực này để lên làm và	@HUE	data\processed_transcripts\XQRcF9k1pjg.json
data\raw_audio\XQRcF9k1pjg.wav	1569.039	1574.559	buổi sáng thì họ phải đi rất là sớm từ 4 5:00 sáng đã phải thức dậy để làm cho	@HUE	data\processed_transcripts\XQRcF9k1pjg.json
data\raw_audio\XQRcF9k1pjg.wav	1574.559	1580.24	đúng ca của mình thường thì sẽ làm 3 ca cá sáng ca chiều và c tối.	@HUE	data\processed_transcripts\XQRcF9k1pjg.json
data\raw_audio\XQRcF9k1pjg.wav	1580.24	1586.2	Cá sáng thì thường bắt đầu vào lúc 6:00 và kết thúc vào lúc 2:00 chiều đó và ca	@HUE	data\processed_transcripts\XQRcF9k1pjg.json
data\raw_audio\XQRcF9k1pjg.wav	1586.2	1591.399	chiều thì từ 2:00 chiều đến 10:00 đêm và ca tối thì từ 10:00 đêm đến 6:00 sáng	@HUE	data\processed_transcripts\XQRcF9k1pjg.json
data\raw_audio\XQRcF9k1pjg.wav	1591.399	1594.679	ngày hôm sau. Nói chung thì	@HUE	data\processed_transcripts\XQRcF9k1pjg.json
data\raw_audio\XQRcF9k1pjg.wav	1599.32	1603.2	các cái công việc mà liên quan tới các cái công ty ở khu công nghiệp thì rất	@HUE	data\processed_transcripts\XQRcF9k1pjg.json
data\raw_audio\XQRcF9k1pjg.wav	1603.2	1607.96	chi là vất vả. Bởi vì việc phân bổ theo ca thì làm cho giờ giấc và nhịp sinh học	@HUE	data\processed_transcripts\XQRcF9k1pjg.json
data\raw_audio\XQRcF9k1pjg.wav	1607.96	1614.679	của con người á nó càng trở nên càng ngày càng khác xa và nó phải bắt chúng	@HUE	data\processed_transcripts\XQRcF9k1pjg.json
data\raw_audio\XQRcF9k1pjg.wav	1614.679	1620.039	ta là phải thích ứng. Ở đây có một cái ngã tư và chúng ta quẹo	@HUE	data\processed_transcripts\XQRcF9k1pjg.json
data\raw_audio\XQRcF9k1pjg.wav	1620.039	1626.36	phải thì chúng ta sẽ đi lên cái khu vực con đường tỉnh lộ 10 đây.	@HUE	data\processed_transcripts\XQRcF9k1pjg.json
data\raw_audio\XQRcF9k1pjg.wav	1626.36	1629.6	Và ngay cả cái khu vực này thì quý vị cũng	@HUE	data\processed_transcripts\XQRcF9k1pjg.json
data\raw_audio\XQRcF9k1pjg.wav	1629.6	1633.919	có thể thấy là nó cũng có một cái sự đổi khác rất là nhiều. Như Huế Review cũng	@HUE	data\processed_transcripts\XQRcF9k1pjg.json
data\raw_audio\XQRcF9k1pjg.wav	1633.919	1638.44	đã nói là trước kia mà đạp về đạp xe về cái khu vực Phú Đa này thì toàn là đường	@HUE	data\processed_transcripts\XQRcF9k1pjg.json
data\raw_audio\XQRcF9k1pjg.wav	1638.44	1642.72	đất đỏ. Đấy quý vị còn thấy cái nền không là cũng thấy là có những cái màu	@HUE	data\processed_transcripts\XQRcF9k1pjg.json
data\raw_audio\XQRcF9k1pjg.wav	1642.72	1647.96	đỏ và cái khu vực này trước kia cũng rất là hoang vắng. hoàng vu nhưng mà bây giờ	@HUE	data\processed_transcripts\XQRcF9k1pjg.json
data\raw_audio\XQRcF9k1pjg.wav	1647.96	1653.399	thì nó được à chắc có lẽ là những cái mảnh đất này chuẩn bị có những cái công	@HUE	data\processed_transcripts\XQRcF9k1pjg.json
data\raw_audio\XQRcF9k1pjg.wav	1653.399	1659.36	trình để xây dựng vào đây và đầu tư vào đây và ắc hãng thì khoảng cỡ 10 năm nữa	@HUE	data\processed_transcripts\XQRcF9k1pjg.json
data\raw_audio\XQRcF9k1pjg.wav	1659.36	1663.48	theo như Huế review dự báo thì chắc có thể là [âm nhạc] 10 năm nữa thì thị trấn	@HUE	data\processed_transcripts\XQRcF9k1pjg.json
data\raw_audio\XQRcF9k1pjg.wav	1663.48	1667.84	Phú Đa nó sẽ có một cái bộ mặt khác và lên đây thì chúng ta đã thấy những	@HUE	data\processed_transcripts\XQRcF9k1pjg.json
data\raw_audio\XQRcF9k1pjg.wav	1671.039	1677.799	cái lụy tre làng rồi quý vị và trước kia thì Huế View cũng rất là ấn tượng. Ở cái	@HUE	data\processed_transcripts\XQRcF9k1pjg.json
data\raw_audio\XQRcF9k1pjg.wav	1677.799	1685.96	khu vực này là khu vực thuộc à giáp với xã Phù Lương và đi lên nữa là xã Phú Hồ.	@HUE	data\processed_transcripts\XQRcF9k1pjg.json
data\raw_audio\XQRcF9k1pjg.wav	1685.96	1691.6	Thì ở những cái con đường này là có những cái rằng tre rất là mát. Tuy nhiên	@HUE	data\processed_transcripts\XQRcF9k1pjg.json
data\raw_audio\XQRcF9k1pjg.wav	1691.6	1699.039	thì bây giờ những cái rằng tre này thì quý vị có thể thấy là nó thưa dần rồi.	@HUE	data\processed_transcripts\XQRcF9k1pjg.json
data\raw_audio\XQRcF9k1pjg.wav	1699.159	1704.159	Không biết thì quý vị của kênh Huế Review có ai đã đi xa cái khu vực này	@HUE	data\processed_transcripts\XQRcF9k1pjg.json
data\raw_audio\XQRcF9k1pjg.wav	1704.159	1709.96	lâu chưa? Và ác hẳn thì một lần trong đời thì quý vị cũng đã biết là về thị	@HUE	data\processed_transcripts\XQRcF9k1pjg.json
data\raw_audio\XQRcF9k1pjg.wav	1709.96	1715.48	trấn Phú Đa rồi đúng không? Lúc trước thì cũng hay về xã Phụ Đa bởi vì trung	@HUE	data\processed_transcripts\XQRcF9k1pjg.json
data\raw_audio\XQRcF9k1pjg.wav	1715.48	1721.559	tâm của huyện Phù Vàng là được đặt ở à xã thị trậc Phụ Đa này và rất nhiều các	@HUE	data\processed_transcripts\XQRcF9k1pjg.json
data\raw_audio\XQRcF9k1pjg.wav	1721.559	1726.799	cái thủ tục về hành chính là trước kia khi mà nó chưa được đưa về các cái xã	@HUE	data\processed_transcripts\XQRcF9k1pjg.json
data\raw_audio\XQRcF9k1pjg.wav	1726.799	1731.279	thì mọi người bà con đều phải về thị trấn Phú Đa để giải quyết các cái thủ	@HUE	data\processed_transcripts\XQRcF9k1pjg.json
data\raw_audio\XQRcF9k1pjg.wav	1731.279	1737.399	tục hành chính. Chính vì vậy mà đôi lúc cũng phải lặng lội từ trên thành phố hay	@HUE	data\processed_transcripts\XQRcF9k1pjg.json
data\raw_audio\XQRcF9k1pjg.wav	1737.399	1741.2	là những cái khu vực như xã Phú Thường này kia.	@HUE	data\processed_transcripts\XQRcF9k1pjg.json
data\raw_audio\XQRcF9k1pjg.wav	1741.2	1746.12	những cái khu vực ven biển cũng phải đi về tới tận thị tấn phụ đa để giải quyết	@HUE	data\processed_transcripts\XQRcF9k1pjg.json
data\raw_audio\XQRcF9k1pjg.wav	1746.12	1750.44	các cái thủ tục hành chính mà đôi lục là không phải một ngày nữa mà có thể là vài	@HUE	data\processed_transcripts\XQRcF9k1pjg.json
data\raw_audio\XQRcF9k1pjg.wav	1750.44	1754.44	ngày. Ở đây cũng khá có một cái ngã ba cũng	@HUE	data\processed_transcripts\XQRcF9k1pjg.json
data\raw_audio\XQRcF9k1pjg.wav	1754.44	1759.24	khá là quen thuộc đấy. Và chúng ta sẽ đi lên	@HUE	data\processed_transcripts\XQRcF9k1pjg.json
data\raw_audio\XQRcF9k1pjg.wav	1759.24	1763.76	cái khu vực này là thuộc giáp với xã [âm nhạc] Phù Lương đấy. Và	@HUE	data\processed_transcripts\XQRcF9k1pjg.json
data\raw_audio\XQRcF9k1pjg.wav	1763.76	1770.32	chúng ta đang đi lên cái con đường tỉnh lộ 10.	@HUE	data\processed_transcripts\XQRcF9k1pjg.json
data\raw_audio\XQRcF9k1pjg.wav	1770.32	1776.44	Thì cái con đường tỉnh lộ 10 này nó được kéo dài rất là là rất là dài và trong	@HUE	data\processed_transcripts\XQRcF9k1pjg.json
data\raw_audio\XQRcF9k1pjg.wav	1776.44	1780.64	khuôn khổ video hôm nay thì Huế review cũng không thể review hết cái con đường	@HUE	data\processed_transcripts\XQRcF9k1pjg.json
data\raw_audio\XQRcF9k1pjg.wav	1780.64	1787.039	tỉnh lộ 10 này cho quý vị xem. Tuy nhiên thì ở đây là một cái con con đường này	@HUE	data\processed_transcripts\XQRcF9k1pjg.json
data\raw_audio\XQRcF9k1pjg.wav	1787.039	1794.84	cũng thuộc địa phận của xã Phù Lương. À và như quý vị thấy thì ở đây có rất	@HUE	data\processed_transcripts\XQRcF9k1pjg.json
data\raw_audio\XQRcF9k1pjg.wav	1794.84	1800.159	nhiều cái nhà thờ họ cũng như những cái khu vực đình làng và cái lụy tre làng	@HUE	data\processed_transcripts\XQRcF9k1pjg.json
data\raw_audio\XQRcF9k1pjg.wav	1800.159	1804.559	thì nó lại rất là nhiều đây quý vị. Và lên đây thì chúng ta lại thấy nó mát mẻ	@HUE	data\processed_transcripts\XQRcF9k1pjg.json
data\raw_audio\XQRcF9k1pjg.wav	1804.559	1811.08	hơn nhiều rồi không? Đó quý vị có thể thấy là nó nó mát mẻ hơn nhiều rồi.	@HUE	data\processed_transcripts\XQRcF9k1pjg.json
data\raw_audio\XQRcF9k1pjg.wav	1811.08	1815.559	Đấy những cái nhà nhà thờ họ như thế này. Rồi những cái miếu, những cái miếu	@HUE	data\processed_transcripts\XQRcF9k1pjg.json
data\raw_audio\XQRcF9k1pjg.wav	1815.559	1822.399	thờ những cái am thờ. Rồi à những cái nhà thờ tộc đây khu vực này là bây giờ	@HUE	data\processed_transcripts\XQRcF9k1pjg.json
data\raw_audio\XQRcF9k1pjg.wav	1822.399	1827.039	nó lại đặc trưng cho cái khu vực làng quê rồi.	@HUE	data\processed_transcripts\XQRcF9k1pjg.json
data\raw_audio\XQRcF9k1pjg.wav	1827.039	1830.72	Và đi trên những cái con đường như thế này dù trong những cái buổi trưa hè nóng	@HUE	data\processed_transcripts\XQRcF9k1pjg.json
data\raw_audio\XQRcF9k1pjg.wav	1830.72	1835.64	bức thì chúng ta vẫn có thể cảm thấy nó rất là mát mẻ.	@HUE	data\processed_transcripts\XQRcF9k1pjg.json
data\raw_audio\XQRcF9k1pjg.wav	1835.64	1842.08	Và thời tiết hôm nay thì Huế Viodi cũng rất là nóng thôi quý vị.	@HUE	data\processed_transcripts\XQRcF9k1pjg.json
data\raw_audio\XQRcF9k1pjg.wav	1842.08	1848.08	Nóng nóng kinh khủng và Huế bây giờ nó đang chuyển dừng sang mùa hè.	@HUE	data\processed_transcripts\XQRcF9k1pjg.json
data\raw_audio\XQRcF9k1pjg.wav	1848.08	1853.84	và tới mùa gặt rồi, tới mùa gặt lũa rồi. Những cái lũy tre làng bây giờ thì Huế Đ	@HUE	data\processed_transcripts\XQRcF9k1pjg.json
data\raw_audio\XQRcF9k1pjg.wav	1856.2	1862.679	Viêu vẫn nhìn thấy nó khá là quen thuộc. À duy nhất là chỉ có cái con đường được	@HUE	data\processed_transcripts\XQRcF9k1pjg.json
data\raw_audio\XQRcF9k1pjg.wav	1862.679	1867.08	bê tông hóa và nó không còn là những cái con đường đất	@HUE	data\processed_transcripts\XQRcF9k1pjg.json
data\raw_audio\XQRcF9k1pjg.wav	1867.08	1870.799	đỏ như ngày xưa nữa. Và cái việc mà di chuyển đi lại trên	@HUE	data\processed_transcripts\XQRcF9k1pjg.json
data\raw_audio\XQRcF9k1pjg.wav	1873.679	1878.32	những cái con đường này nó càng ngày nó càng dễ dàng hơn. Và nó làm cho tiết	@HUE	data\processed_transcripts\XQRcF9k1pjg.json
data\raw_audio\XQRcF9k1pjg.wav	1878.32	1885.84	kiệm thời gian chúng ta đi à về nó đi lên đi về thì nó nhanh hơn.	@HUE	data\processed_transcripts\XQRcF9k1pjg.json
data\raw_audio\XQRcF9k1pjg.wav	1885.84	1889.679	Thì không biết quý vị khán giả của kênh Huế Review thì có ai ở cái khu vực này	@HUE	data\processed_transcripts\XQRcF9k1pjg.json
data\raw_audio\XQRcF9k1pjg.wav	1889.679	1894.6	không? Thì quý vị cũng có thể comment phía dưới video để có thể chia sẻ những	@HUE	data\processed_transcripts\XQRcF9k1pjg.json
data\raw_audio\XQRcF9k1pjg.wav	1894.6	1900.84	cái kỷ niệm mà trước kia à khi mà quý vị ở cái khu vực này. Đấy và quý vị có thể	@HUE	data\processed_transcripts\XQRcF9k1pjg.json
data\raw_audio\XQRcF9k1pjg.wav	1900.84	1906.399	thấy những cái à ngôi nhà đang chuẩn bị được xây dựng lên. đó những cái ngôi nhà	@HUE	data\processed_transcripts\XQRcF9k1pjg.json
data\raw_audio\XQRcF9k1pjg.wav	1906.399	1909.799	lầu rồi những cái ngôi nhà được bê tông hóa.	@HUE	data\processed_transcripts\XQRcF9k1pjg.json
data\raw_audio\XQRcF9k1pjg.wav	1909.799	1914.519	Ở đây cũng có những cái thôn văn hóa, những cái làng văn hóa nó cũng càng ngày	@HUE	data\processed_transcripts\XQRcF9k1pjg.json
data\raw_audio\XQRcF9k1pjg.wav	1914.519	1918.96	nó càng mọc lên càng nhiều. Và về cái khu vực này thì Huế review	@HUE	data\processed_transcripts\XQRcF9k1pjg.json
data\raw_audio\XQRcF9k1pjg.wav	1918.96	1923.799	trước kia cũng khá là ấn tượng với cái nghề sản xuất là nằm rớp và mỗi nhà đều	@HUE	data\processed_transcripts\XQRcF9k1pjg.json
data\raw_audio\XQRcF9k1pjg.wav	1923.799	1929.84	có một cái động rơm. Bởi vì bà con ở đây chủ yếu làm lúa, làm ruộng và khi mà gặt	@HUE	data\processed_transcripts\XQRcF9k1pjg.json
data\raw_audio\XQRcF9k1pjg.wav	1929.84	1936.32	xong thì bà con lấy tuộc lũa xong lấy rơm và à có nhà thì không làm nóng á thì	@HUE	data\processed_transcripts\XQRcF9k1pjg.json
data\raw_audio\XQRcF9k1pjg.wav	1936.32	1945.039	đi bán để cho một số hộ là sản xuất nắm rơm. À thì bà con sẽ sản xuất các cái đó	@HUE	data\processed_transcripts\XQRcF9k1pjg.json
data\raw_audio\XQRcF9k1pjg.wav	1945.039	1948.919	các cái hầm như thế này là các cái ngôi nhà rơm như thế này đ quý vị. Thì bên	@HUE	data\processed_transcripts\XQRcF9k1pjg.json
data\raw_audio\XQRcF9k1pjg.wav	1948.919	1956.76	trong sẽ sản xuất các cái loại nắm rơm để bán làm thực phẩm,	@HUE	data\processed_transcripts\XQRcF9k1pjg.json
data\raw_audio\XQRcF9k1pjg.wav	1956.76	1959.72	những cái kiến trúc được đình làng đặc trưng, những cái ngôi nhà thờ họ đặc	@HUE	data\processed_transcripts\XQRcF9k1pjg.json
data\raw_audio\XQRcF9k1pjg.wav	1959.72	1963.279	trưng và có thể nói là cái khu vực này cũng là một trong những cái khu vực là	@HUE	data\processed_transcripts\XQRcF9k1pjg.json
data\raw_audio\XQRcF9k1pjg.wav	1963.279	1967.88	làng quê đẹp của Huế thôi quý vị. à những cái	@HUE	data\processed_transcripts\XQRcF9k1pjg.json
data\raw_audio\XQRcF9k1pjg.wav	1970.519	1978.279	ngôi nhà lụp sụp nó vẫn còn tồn tại. Tuy nhiên thì à đa phần là những cái ngôi	@HUE	data\processed_transcripts\XQRcF9k1pjg.json
data\raw_audio\XQRcF9k1pjg.wav	1978.279	1983.2	nhà đã được nâng cấp lên rất là nhiều và nhà bây giờ của bà con thì cũng có những	@HUE	data\processed_transcripts\XQRcF9k1pjg.json
data\raw_audio\XQRcF9k1pjg.wav	1983.2	1987.88	cái ngôi nhà có những cái mảnh đất rất là rộng đây. Và những cái mảnh đất rộng	@HUE	data\processed_transcripts\XQRcF9k1pjg.json
data\raw_audio\XQRcF9k1pjg.wav	1987.88	1993.08	như thế này sau này đó là một cái giá trị lớn đây quý vị. Bởi vì đất thì càng	@HUE	data\processed_transcripts\XQRcF9k1pjg.json
data\raw_audio\XQRcF9k1pjg.wav	1993.08	2000.2	ngày càng hiếm và việc mà mở rộng à các cái khu quy hoạch nhà ở cũng như là các	@HUE	data\processed_transcripts\XQRcF9k1pjg.json
data\raw_audio\XQRcF9k1pjg.wav	2000.2	2007.72	cái khu vực à đất à gọi là đất đất ở á thì nó càng ngày càng mở rộng về phía	@HUE	data\processed_transcripts\XQRcF9k1pjg.json
data\raw_audio\XQRcF9k1pjg.wav	2007.72	2013.559	sau này. Đây là một cái điều tất yếu hiển nhiên và chắc chắn cái khu vực sau	@HUE	data\processed_transcripts\XQRcF9k1pjg.json
data\raw_audio\XQRcF9k1pjg.wav	2013.559	2018.2	này thì nó sẽ khác và cái con những cái con đường như thế này chắc chắn sau này	@HUE	data\processed_transcripts\XQRcF9k1pjg.json
data\raw_audio\XQRcF9k1pjg.wav	2018.2	2022.12	sẽ được mở rộng. Nó không phải là những cái con đường hẹp như thế này đâu quý	@HUE	data\processed_transcripts\XQRcF9k1pjg.json
data\raw_audio\XQRcF9k1pjg.wav	2022.12	2025.12	vị. Đấy và nếu như nhìn xa xa thì quý vị có	@HUE	data\processed_transcripts\XQRcF9k1pjg.json
data\raw_audio\XQRcF9k1pjg.wav	2029.08	2037.76	thể thấy là những cái cánh đồng lúa chín đã ngã màu vàng rồi đấy. Và đất cũng còn	@HUE	data\processed_transcripts\XQRcF9k1pjg.json
data\raw_audio\XQRcF9k1pjg.wav	2037.76	2043.399	rất còn khá là nhiều ở cái khu vực này. Bởi vì có thể thấy những cái ngôi nhà	@HUE	data\processed_transcripts\XQRcF9k1pjg.json
data\raw_audio\XQRcF9k1pjg.wav	2043.399	2048.399	như thế này mà những cái mảnh vườn nhìn rất là rộng. Có thể nói là có cái giá	@HUE	data\processed_transcripts\XQRcF9k1pjg.json
data\raw_audio\XQRcF9k1pjg.wav	2048.399	2053.72	trị rất là lớn. Sao nếu như mà khoảng cỡ 10 năm nữa thì cái giá trị ở đây nó sẽ	@HUE	data\processed_transcripts\XQRcF9k1pjg.json
data\raw_audio\XQRcF9k1pjg.wav	2053.72	2060.72	rất là là là lớn. Đây quý vị. Ở đây là trường tiểu học Phú Lương 2.	@HUE	data\processed_transcripts\XQRcF9k1pjg.json
data\raw_audio\XQRcF9k1pjg.wav	2060.72	2064.359	Đây thì Phủ Lương cũng là một trong những	@HUE	data\processed_transcripts\XQRcF9k1pjg.json
data\raw_audio\XQRcF9k1pjg.wav	2064.359	2071.44	cái xã mà cũng à phát triển khá là nhanh so với trước kia.	@HUE	data\processed_transcripts\XQRcF9k1pjg.json
data\raw_audio\XQRcF9k1pjg.wav	2073.159	2076.24	Tuy nhiên thì quý vị cũng có thể thấy những cái đường điện như thế này nó cũng	@HUE	data\processed_transcripts\XQRcF9k1pjg.json
data\raw_audio\XQRcF9k1pjg.wav	2076.24	2081.44	khá là thấp và đôi lúc thì những cái ngày mưa ngày gió thì nó cũng rất là	@HUE	data\processed_transcripts\XQRcF9k1pjg.json
data\raw_audio\XQRcF9k1pjg.wav	2081.44	2086.96	nguy hiểm. Nếu như mà có cái dây điện nào đứt xuống thì nó cũng rất là là là	@HUE	data\processed_transcripts\XQRcF9k1pjg.json
data\raw_audio\XQRcF9k1pjg.wav	2086.96	2090.919	nguy hiểm cho bà con khi mà bà con di chuyển qua lại trên cái khu vực đường	@HUE	data\processed_transcripts\XQRcF9k1pjg.json
data\raw_audio\XQRcF9k1pjg.wav	2090.919	2094.639	này. Chính vì vậy mà càng ngày thì cần phải	@HUE	data\processed_transcripts\XQRcF9k1pjg.json
data\raw_audio\XQRcF9k1pjg.wav	2094.639	2101.24	có những cái cái sự cải tiến, có những cái sự thay đổi, nâng cấp.	@HUE	data\processed_transcripts\XQRcF9k1pjg.json
data\raw_audio\XQRcF9k1pjg.wav	2101.32	2107.8	Đấy thì chắc có lẽ thì Huế Review dừng video ở đây và những cái video sau thì	@HUE	data\processed_transcripts\XQRcF9k1pjg.json
data\raw_audio\XQRcF9k1pjg.wav	2107.8	2113.72	Huy Review cũng sẽ review cái con đường tỉnh lộ 10 lên đến khu vực xã Phổ Thượng	@HUE	data\processed_transcripts\XQRcF9k1pjg.json
data\raw_audio\XQRcF9k1pjg.wav	2113.72	2118.24	cho quý vị xem. Thì những quý vị nào thấy video hay với ý nghĩa thì mong quý	@HUE	data\processed_transcripts\XQRcF9k1pjg.json
data\raw_audio\XQRcF9k1pjg.wav	2118.24	2123.56	vị like và chia sẻ cũng như đăng ký kênh Huế Review. Kính chúc quý vị sức khỏe và	@HUE	data\processed_transcripts\XQRcF9k1pjg.json
data\raw_audio\XQRcF9k1pjg.wav	2123.56	2129.96	gặp nhiều may mắn. À xin chào và hẹn gặp lại quý vị ở những video tiếp theo.	@HUE	data\processed_transcripts\XQRcF9k1pjg.json
