audio_file,text,speaker
data\data_prepared\wavs\2ytfp_TYGmo_0001.wav,Nhìn có vẻ rất là trang nghiêm. Đây quả thật là một cái ngôi lăng mổ hết sức là,@HUE
data\data_prepared\wavs\2ytfp_TYGmo_0003.wav,lạnh người bởi vì những cái nắm mồ nó có vẻ là rất là chua xót. Kính chào quý vị,@HUE
data\data_prepared\wavs\2ytfp_TYGmo_0004.wav,"đã quay trở lại với Huế Review. Quý vị và các bạn thân mến, hiện tại thì Huế",@HUE
data\data_prepared\wavs\2ytfp_TYGmo_0005.wav,"Review đang có mặt tại chùa Từ Hiếu, một cái ngôi chùa rất đặc biệt. Tuy nhiên",@HUE
data\data_prepared\wavs\2ytfp_TYGmo_0006.wav,thì do cái tình hình dịch bệnh chính vì vậy mà chùa hiện tại là đang đóng cửa.,@HUE
data\data_prepared\wavs\2ytfp_TYGmo_0007.wav,Tuy nhiên thì hôm nay Huế Review chỉ là muốn đến đây để dẫn quý vị đến thăm một,@HUE
data\data_prepared\wavs\2ytfp_TYGmo_0008.wav,cái ngôi lăng mổ rất là đặc biệt có thể gọi là độc đáo nhất Việt Nam hiện nay mà,@HUE
data\data_prepared\wavs\2ytfp_TYGmo_0010.wav,quang thái giám của triều Nguyễn. Thì nếu như mà muốn đến cái khu mộ đó thì,@HUE
data\data_prepared\wavs\2ytfp_TYGmo_0011.wav,chúng ta phải đi qua cái khu vực của chùa Tử Hiếu. Chính vì vậy mà Huế Review,@HUE
data\data_prepared\wavs\2ytfp_TYGmo_0012.wav,cũng đã xin phép để đi vào cái khu vực này luôn. Thì cũng không để quý vị chờ,@HUE
data\data_prepared\wavs\2ytfp_TYGmo_0013.wav,lâu. À mời quý vị cùng theo chân Huy Review chúng ta cùng khám phá cái ngôi,@HUE
data\data_prepared\wavs\2ytfp_TYGmo_0014.wav,lăng mộ của các cái vị quan thái giám trề Nguyễn một cái ngôi lăng mộ được xem,@HUE
data\data_prepared\wavs\2ytfp_TYGmo_0015.wav,"là độc nhất vô nhĩ để khám phá xem có những cái điều ly kỳ, những cái bí ẩn gì",@HUE
data\data_prepared\wavs\2ytfp_TYGmo_0016.wav,"ở bên trong hay không. Xin mời quý vị. Vâng kính thưa quý vị, đây chính là cái",@HUE
data\data_prepared\wavs\2ytfp_TYGmo_0017.wav,cổng Tam Quang của chùa Từ Hiếu. Thì chùa Từ Hiếu cũng là một cái ngôi chùa,@HUE
data\data_prepared\wavs\2ytfp_TYGmo_0018.wav,rất là nổi tiếng ở Huế. Tuy nhiên thì bây giờ chúng ta sẽ đi theo cái con,@HUE
data\data_prepared\wavs\2ytfp_TYGmo_0019.wav,đường phía ngoài này để đi đến cái ngôi lăng mộ mà Huế Review muốn giới thiệu,@HUE
data\data_prepared\wavs\2ytfp_TYGmo_0020.wav,cho quý vị. Đồng thời thì Huế Review cũng sẽ chia sẻ những cái câu chuyện,@HUE
data\data_prepared\wavs\2ytfp_TYGmo_0021.wav,liên quan tới ngôi chùa này. Và nếu như quý vị có dịp thì quý vị cũng có thể đến,@HUE
data\data_prepared\wavs\2ytfp_TYGmo_0022.wav,thăm ngôi chùa Từ Hiếu này luôn. Ở đây là những cái khung cảnh ở bên ngoài,@HUE
data\data_prepared\wavs\2ytfp_TYGmo_0023.wav,khuôn viên của chùa. Thì ở đây quý vị thấy là chúng ta sẽ có một cái hồ Bá,@HUE
data\data_prepared\wavs\2ytfp_TYGmo_0025.wav,tam quang rất là cổ kính. Bên này là có một cái hồ sen. Đây quý vị. Thì quan,@HUE
data\data_prepared\wavs\2ytfp_TYGmo_0026.wav,cảnh bên trong chùa nếu như quý vị nào muốn Huế Review quay thì Huế Review sẽ,@HUE
data\data_prepared\wavs\2ytfp_TYGmo_0027.wav,quay lại cái ngôi chùa này để quay chi tiết cho quý vị xem. Còn hôm nay thì Huế,@HUE
data\data_prepared\wavs\2ytfp_TYGmo_0028.wav,Review chỉ muốn giới thiệu cho quý vị một cái ngôi lăng mộ rất là đặc biệt,@HUE
data\data_prepared\wavs\2ytfp_TYGmo_0029.wav,liên quan tới những cái vị thái giám của Triều Nguyễn. Đồng thời thì cũng chia sẻ,@HUE
data\data_prepared\wavs\2ytfp_TYGmo_0031.wav,Để đi đến cái ngôi lăng mộ này thì quý vị thấy bên này chính là cái khu vực,@HUE
data\data_prepared\wavs\2ytfp_TYGmo_0032.wav,"chùa Từ Hiếu. Đấy, hiện tại thì khu vực chùa cũng đang đóng cửa rồi quý vị. Đó,",@HUE
data\data_prepared\wavs\2ytfp_TYGmo_0033.wav,ở đây quý vị thấy cái tiểu cảnh hồ sen và một cái cầu đi ra nhìn rất là đẹp.,@HUE
data\data_prepared\wavs\2ytfp_TYGmo_0034.wav,"Đây, ở đây là có một cái con đường đi lên",@HUE
data\data_prepared\wavs\2ytfp_TYGmo_0035.wav,thôi quý vị. Bây giờ chúng ta sẽ men theo cái con đường này để đi vào,@HUE
data\data_prepared\wavs\2ytfp_TYGmo_0036.wav,khám phá cái ngôi lăng mộ của các vị quan thái giám ngày xưa.,@HUE
data\data_prepared\wavs\2ytfp_TYGmo_0037.wav,Đây. Ở đây quý vị thấy là cái ngôi chùa bây giờ rất là thanh tịnh đấy. Và hiện,@HUE
data\data_prepared\wavs\2ytfp_TYGmo_0038.wav,tại thì Huế Review cũng có là nghe những cái tiếng tụng kinh niệm Phật. Và ngôi,@HUE
data\data_prepared\wavs\2ytfp_TYGmo_0039.wav,chùa này cũng gắn liền với một cái giai thoại cũng rất là ly kỳ. thời dưới thời,@HUE
data\data_prepared\wavs\2ytfp_TYGmo_0040.wav,vua Tử Đức và lát thì Huế Review cũng sẽ chia sẻ cho quý vị nghe.,@HUE
data\data_prepared\wavs\2ytfp_TYGmo_0041.wav,Thực sự thì đến cái ngôi chùa này thì bây giờ hiện tại Huy Ru cảm thấy tâm rất,@HUE
data\data_prepared\wavs\2ytfp_TYGmo_0042.wav,là thanh tịnh thôi quý vị. Và xung quanh đây là những cái ngôi lăng mộ của những,@HUE
data\data_prepared\wavs\2ytfp_TYGmo_0043.wav,cái vị trụ trì đấy. Những cái vị sư ngày xưa mà đã từng tu ở đây. Bên này là,@HUE
data\data_prepared\wavs\2ytfp_TYGmo_0044.wav,chúng ta sẽ thấy một cái chiếc chuông đồng rất là lớn. Đó.,@HUE
data\data_prepared\wavs\2ytfp_TYGmo_0045.wav,Và đây chính là cái con đường mà dẫn chúng ta đi lên cái ngôi lăng mộ của các,@HUE
data\data_prepared\wavs\2ytfp_TYGmo_0046.wav,cái vị quan thái giám. Chắc có lẽ thì cũng có một số quý vị,@HUE
data\data_prepared\wavs\2ytfp_TYGmo_0047.wav,trên kênh Huế Review đã từng nghe đến cái ngôi lăng mộ này và cũng đã từng đến,@HUE
data\data_prepared\wavs\2ytfp_TYGmo_0048.wav,đây. Nhưng mà đa phần thì cũng rất ít người biết đến cái ngôi lăng mộ của các,@HUE
data\data_prepared\wavs\2ytfp_TYGmo_0049.wav,cái vị quan thái giám giữa triều Nguyễn. Bởi vì những cái phần đời của họ hết sức,@HUE
data\data_prepared\wavs\2ytfp_TYGmo_0050.wav,là Chúa xót và những cái vị quan thái giám ngày xưa thì cũng rất ít khi được,@HUE
data\data_prepared\wavs\2ytfp_TYGmo_0051.wav,coi trọng. Chính vì vậy mà cũng rất ít người biết đến. Thường thường thì họ chỉ,@HUE
data\data_prepared\wavs\2ytfp_TYGmo_0052.wav,"biết đến những cái vua chúa, những cái bà hoàng, công chúa và hoàng tử mà thôi.",@HUE
data\data_prepared\wavs\2ytfp_TYGmo_0053.wav,Đây là khu vực lăng mộ chôn các cái vị thái giảm đây quý vị. Nhìn nó rất là cổ,@HUE
data\data_prepared\wavs\2ytfp_TYGmo_0054.wav,kính đó. Và như quý vị thấy thì trước mặt đó chính là một cái bức bình phong,@HUE
data\data_prepared\wavs\2ytfp_TYGmo_0055.wav,tiền và cái bờ thanành ngoài nhìn cũng có ba lỗi đi nhưng mà cái lỗi giữa là,@HUE
data\data_prepared\wavs\2ytfp_TYGmo_0056.wav,bức bên phong và hai lỗi hai bên nhìn có vẻ rất là trang nghiêm. Đây quả thật là,@HUE
data\data_prepared\wavs\2ytfp_TYGmo_0057.wav,một cái ngôi lăng mộ hết sức là độc đáo mà Huế Review trước giờ muốn đã phát,@HUE
data\data_prepared\wavs\2ytfp_TYGmo_0058.wav,hiện và muốn quay cho quý vị xem. Quý vị thấy là cái khu lă mộ này hiện,@HUE
data\data_prepared\wavs\2ytfp_TYGmo_0059.wav,tại là đang xuống cấp rất là nghiêm trọng đây.,@HUE
data\data_prepared\wavs\2ytfp_TYGmo_0060.wav,Rất là rất là nghiêm trọng luôn. Bởi vì ở đây là các cái gạch đá rồi các cái vôi,@HUE
data\data_prepared\wavs\2ytfp_TYGmo_0061.wav,vựa như quý vị thấy này. Cái chất liệu dính kết đấy. Chất liệu dính kết này là,@HUE
data\data_prepared\wavs\2ytfp_TYGmo_0062.wav,rất đặc trưng cho cái các cái khu lăng mộ của Triều Nguyện. Ở đây là có cái bũ,@HUE
data\data_prepared\wavs\2ytfp_TYGmo_0063.wav,thành ngoài đấy. Sau cái bức tường thành này thì sẽ,@HUE
data\data_prepared\wavs\2ytfp_TYGmo_0064.wav,có một cái bũ thành và có cái cổng tam quang.,@HUE
data\data_prepared\wavs\2ytfp_TYGmo_0065.wav,Nhìn các cái hòa tiết trên cổng Tam Quang thì quý vị cũng có thể thấy mức độ,@HUE
data\data_prepared\wavs\2ytfp_TYGmo_0066.wav,"cổ kính của cái ngôi lăng mộ này nó như thế nào rồi. Đó, hầu hết các cái hỏa",@HUE
data\data_prepared\wavs\2ytfp_TYGmo_0067.wav,tiết đều bị bong tróc và rớt ra rớt xuống rồi quý vị. Nhìn rất là đau sót,@HUE
data\data_prepared\wavs\2ytfp_TYGmo_0068.wav,luôn. Đây những cái chữ Hán được à,@HUE
data\data_prepared\wavs\2ytfp_TYGmo_0069.wav,"điêu khắc bằng à các cái mẻ sanh, mẻ sứ đọc vẫn vẫn nói chung là nếu như quý vị",@HUE
data\data_prepared\wavs\2ytfp_TYGmo_0070.wav,nào biết thì có thể đọc ra hay không. Nhưng mà ở đây là Huế Review cũng không,@HUE
data\data_prepared\wavs\2ytfp_TYGmo_0071.wav,có có hiểu được chữ Hán do đó là cũng không có đọc được cái nghĩa nhưng mà,@HUE
data\data_prepared\wavs\2ytfp_TYGmo_0072.wav,nhìn thì có vẻ là vẫn còn khá là rõ. Đây riêu phong r bám rất là nhiều. Đây là,@HUE
data\data_prepared\wavs\2ytfp_TYGmo_0073.wav,các cái bức tường phía ngoài thì được xây bằng đá. Đây phía bên này thì à quý,@HUE
data\data_prepared\wavs\2ytfp_TYGmo_0074.wav,vị thấy là cũng có một cái bia à và một cái nhà bia ngay cái à cái cổng chính,@HUE
data\data_prepared\wavs\2ytfp_TYGmo_0075.wav,của Tam Quang. Và cái cổng này thì chúng ta không có đi vào được thưa quý vị. Đó,@HUE
data\data_prepared\wavs\2ytfp_TYGmo_0076.wav,và ở đây là dựng một cái tấm bia. Thì theo như Huế Rêu tìm hiểu thì cái tấm,@HUE
data\data_prepared\wavs\2ytfp_TYGmo_0077.wav,bia này là cũng được à khắc những cái công lao của các cái vị thái giám à đã,@HUE
data\data_prepared\wavs\2ytfp_TYGmo_0078.wav,"từng ủng hộ để xây dựng nên cái ngôi l mũ này. Đấy, một cái nhà bia rất là rộng",@HUE
data\data_prepared\wavs\2ytfp_TYGmo_0079.wav,và rất là rất là đẹp. Các cái họa tiết trên bia thì như quý vị thấy là cũng có,@HUE
data\data_prepared\wavs\2ytfp_TYGmo_0080.wav,rồng đây. Không hiểu vì sao là làm những cái tấm bia mà có rồng như thế này bởi,@HUE
data\data_prepared\wavs\2ytfp_TYGmo_0081.wav,vì nó cũng khá là vô lý là bởi vì việc mà xây dựng các cái quan thể giám ngày,@HUE
data\data_prepared\wavs\2ytfp_TYGmo_0082.wav,xưa thì cũng không có được à coi trọng lắm. Nhưng mà ở đây Huế review như phát,@HUE
data\data_prepared\wavs\2ytfp_TYGmo_0083.wav,hiện cái đầu rồng thì không biết quý vị có có nhìn nhìn rõ hay không.,@HUE
data\data_prepared\wavs\2ytfp_TYGmo_0084.wav,Đây trâu mặt trâu cái ấm dương bạc quái đây,@HUE
data\data_prepared\wavs\2ytfp_TYGmo_0085.wav,quý vị này. Đấy đây một con rồng này bên đây một con,@HUE
data\data_prepared\wavs\2ytfp_TYGmo_0086.wav,rồng này. Nhà bia thì đó ở đây là có một cái án,@HUE
data\data_prepared\wavs\2ytfp_TYGmo_0087.wav,hương đây. Nhìn cái họa tiết trang trí thì rất là cổ đấy. Kiểu là dạng giống,@HUE
data\data_prepared\wavs\2ytfp_TYGmo_0088.wav,như cái đời à nhà tần của Trung Quốc vậy quý vị.,@HUE
data\data_prepared\wavs\2ytfp_TYGmo_0089.wav,Và và theo như Huế Review tìm hiểu thì thái giám nó cũng xuất phát từ một cái,@HUE
data\data_prepared\wavs\2ytfp_TYGmo_0090.wav,triều đại của Trung Quốc. Từ đó thì mới có Thái Giám để à đưa vào cung. Đây trên,@HUE
data\data_prepared\wavs\2ytfp_TYGmo_0091.wav,kia thì quý vị thấy cái cổng tam quang là coi như là nó bị bể nức hết các cái,@HUE
data\data_prepared\wavs\2ytfp_TYGmo_0092.wav,hòa tiết và nó rơi xuống rồi. Nhìn rất là chuôi xót. Đây những cái hình hài bên,@HUE
data\data_prepared\wavs\2ytfp_TYGmo_0093.wav,này nó cũng không có rõ ràng nữa. Nhìn như là con kỳ lưng đấy.,@HUE
data\data_prepared\wavs\2ytfp_TYGmo_0094.wav,Đó bên này là một cái cẩm. Và để trước khi chúng ta vào khám phá,@HUE
data\data_prepared\wavs\2ytfp_TYGmo_0095.wav,"cái ngôi lăng mộ của các cái vị thái giám, một cái ngôi lăng mộ rất là độc lạ",@HUE
data\data_prepared\wavs\2ytfp_TYGmo_0096.wav,và rất là tuyệt vời thì Huế Review sẽ thấp một cái đánh nhang ngay cả tại cái,@HUE
data\data_prepared\wavs\2ytfp_TYGmo_0097.wav,bia để xin phép đi vào. Vâng luôn tiền thì Huế Review cũng sẽ,@HUE
data\data_prepared\wavs\2ytfp_TYGmo_0098.wav,thấp nhang cho tất cả các cái nắm mua ở đây luôn quý vị. Sau đó thì chúng ta sẽ,@HUE
data\data_prepared\wavs\2ytfp_TYGmo_0099.wav,khám phá sau nha quý vị. Đây.,@HUE
data\data_prepared\wavs\2ytfp_TYGmo_0100.wav,[âm nhạc] [âm nhạc],@HUE
data\data_prepared\wavs\2ytfp_TYGmo_0101.wav,"Kính thưa quý vị, sau khi mà Huế review thập nhang cho các cái nấm mổ thì bây",@HUE
data\data_prepared\wavs\2ytfp_TYGmo_0102.wav,giờ là chúng ta sẽ khám phá đấy phía bên trong cái khu mộ này xem có cái điều gì,@HUE
data\data_prepared\wavs\2ytfp_TYGmo_0103.wav,"đặc biệt và ly kỳ hay không, có cái điều gì bí ẩn hay không. Và đập vào mắt Huế",@HUE
data\data_prepared\wavs\2ytfp_TYGmo_0104.wav,Review thì rõ ràng Huế Review nhận thấy nó có một cái sự đặc biệt ở đây đó chính,@HUE
data\data_prepared\wavs\2ytfp_TYGmo_0105.wav,là cái khu lăng mộ này được xem như là một cái khu lăng mộ tập thể đây quý vị.,@HUE
data\data_prepared\wavs\2ytfp_TYGmo_0106.wav,Và khu răng bộ cái khuôn viên của nó cũng khá là rộng và theo như Huế Ru tìm,@HUE
data\data_prepared\wavs\2ytfp_TYGmo_0107.wav,hiểu thì nó tới 1000 m²ông. Và khi bước vào thì Huế Review dù là trời nóng nhưng,@HUE
data\data_prepared\wavs\2ytfp_TYGmo_0108.wav,mà cảm thấy rất là lạnh người bởi vì những cái nấm mồ nó có vẻ là rất là chua,@HUE
data\data_prepared\wavs\2ytfp_TYGmo_0109.wav,sót mà nhìn có vẻ là tuy là trúng chôn chung với nhau rất là nhiều như thế này,@HUE
data\data_prepared\wavs\2ytfp_TYGmo_0110.wav,nhưng mà có một cái điều gì đó nó nó cảm thấy trong Huế Review cảm thấy rất là,@HUE
data\data_prepared\wavs\2ytfp_TYGmo_0111.wav,lạnh người và cộng thêm những cái hình ảnh về các cái sự xuống cấp của các cái,@HUE
data\data_prepared\wavs\2ytfp_TYGmo_0112.wav,cổng Tam Quang và các cái bức hành nhìn rong rêu nó bám cảm giác là nó rất là,@HUE
data\data_prepared\wavs\2ytfp_TYGmo_0114.wav,"quan dù trước hay sau đó thì các cái họa tiết bây giờ nó cũng đã phai mờ, phai",@HUE
data\data_prepared\wavs\2ytfp_TYGmo_0115.wav,nhạt dừng và nó bị xuống cấp rồi. À bên này quý vị thấy là có hình một con rùa,@HUE
data\data_prepared\wavs\2ytfp_TYGmo_0116.wav,này. Đấy nhìn kỹ chúng ta thấy sẽ có một cái con rùa nằm trên. Đây. Còn bên này,@HUE
data\data_prepared\wavs\2ytfp_TYGmo_0117.wav,thì không biết là cái con gì đây. Đó còn lại cái cổng chính thì rõ ràng nó sẽ,@HUE
data\data_prepared\wavs\2ytfp_TYGmo_0118.wav,"được trang trí bởi những cái hoa văng, những cái hóa tiết. cũng có các cái chữ",@HUE
data\data_prepared\wavs\2ytfp_TYGmo_0119.wav,nhưng mà bây giờ nó đã bị mờ rồi quý vị. Đây là một cái máy giả như thế này và,@HUE
data\data_prepared\wavs\2ytfp_TYGmo_0120.wav,hai bên là cũng có hai cái chữ như thế này. Còn bên này là hình như như là hai,@HUE
data\data_prepared\wavs\2ytfp_TYGmo_0121.wav,con rùa. Hai con rùa và nó trầu hai bên thì phải. Đấy. Hai con rùa ghép lại với,@HUE
data\data_prepared\wavs\2ytfp_TYGmo_0122.wav,nhau. Bên này một đầu và bên này một đầu. Cái hòa tiết này thì cũng rất ít,@HUE
data\data_prepared\wavs\2ytfp_TYGmo_0123.wav,quý vị để ý nhưng mà xung quanh đâu đây thì cũng có những cái họa tiết long lưng,@HUE
data\data_prepared\wavs\2ytfp_TYGmo_0124.wav,quy phượng. quy đủ tử linh ở trong này. Theo như Huế Ruhi tìm hiểu thì cái khu,@HUE
data\data_prepared\wavs\2ytfp_TYGmo_0125.wav,"lăng mộ này gồm có 25 ngôi mộ, trong đó thì có hai cái ngôi mộ gió và hai cái",@HUE
data\data_prepared\wavs\2ytfp_TYGmo_0126.wav,"môi ngôi m gió thì được đặt ở đây một, ở bên kia là một. Thì trong này có một cái",@HUE
data\data_prepared\wavs\2ytfp_TYGmo_0127.wav,ngôi mộ lớn nhất đó chính là cái ngôi mộ của Thái Giám Châu Phước Nam là cái,@HUE
data\data_prepared\wavs\2ytfp_TYGmo_0128.wav,người mà đã có ý tưởng để tạo nên cái khu lăng mộ cho những cái vị thái giám,@HUE
data\data_prepared\wavs\2ytfp_TYGmo_0129.wav,"này. Đấy à sau này thì như quý vị thấy là nó có nó có ba tầng đây. Một tầng,",@HUE
data\data_prepared\wavs\2ytfp_TYGmo_0130.wav,hai tầng và ba tầng. Thật ra là Huy Rêu cũng không biết là cái nấm mồ của Thái,@HUE
data\data_prepared\wavs\2ytfp_TYGmo_0131.wav,Giám Châo Phước Nam nó nằm ở đâu. Chỉ biết rằng theo cái thông tin đó là cái,@HUE
data\data_prepared\wavs\2ytfp_TYGmo_0132.wav,nấm mồ mà gọi là lớn nhất và to nhất à và nó nằm ở cái tầng đầu tiên. Thì,@HUE
data\data_prepared\wavs\2ytfp_TYGmo_0133.wav,không biết là theo cái phân phân cấp thì cái tầng nào là cái tầng đầu tiên. Nhưng,@HUE
data\data_prepared\wavs\2ytfp_TYGmo_0134.wav,mà Huế Review nhận thấy ở đây có một cái ngôi mộ rất là lớn gọi là to nhất và,@HUE
data\data_prepared\wavs\2ytfp_TYGmo_0135.wav,cũng được trang trí là đẹp nhất. Đây thì không biết là cái ngôi lăng mộ này có,@HUE
data\data_prepared\wavs\2ytfp_TYGmo_0136.wav,phải là của Thái giám trong Phước Nam hay không. Đó thì không biết là quý vị,@HUE
data\data_prepared\wavs\2ytfp_TYGmo_0137.wav,có nhận ra được cái cái cái ngôi lăng mộ của thái giám trong phượng năng. Ai biết,@HUE
data\data_prepared\wavs\2ytfp_TYGmo_0138.wav,thì cũng có thể để bình luận ở phía dưới video của Huy Review nha quý vị. Và nhìn,@HUE
data\data_prepared\wavs\2ytfp_TYGmo_0139.wav,ở phía sau tổng thể thì chúng ta thấy cổng Tam Quang rất là đẹp đấy. Và nó các,@HUE
data\data_prepared\wavs\2ytfp_TYGmo_0140.wav,cái ngôi lăng mộ phương tầng nó rất là chỉnh chu. Đây nhìn cũng rất là đàn,@HUE
data\data_prepared\wavs\2ytfp_TYGmo_0141.wav,hoàng nghiêm túc. Rồi ở đây là phía cái sau là có một cái bức bình phong hậu.,@HUE
data\data_prepared\wavs\2ytfp_TYGmo_0142.wav,Đấy bức bình phong hậu này rất là lớn đấy. Nhưng mà theo như Huế Rview thấy,@HUE
data\data_prepared\wavs\2ytfp_TYGmo_0143.wav,thì cũng không có cái các cái họa tiết trang trí ở bức bình phong. Và còn lại,@HUE
data\data_prepared\wavs\2ytfp_TYGmo_0144.wav,cái bức bổ thành thì nhìn cũng rất là cao. Đấy cũng khá là cao và cũng khá là,@HUE
data\data_prepared\wavs\2ytfp_TYGmo_0145.wav,dày. Nhưng mà nằm trơ trọi giữa cái rừng thông hoang vu như thế này thì nó bây,@HUE
data\data_prepared\wavs\2ytfp_TYGmo_0146.wav,giờ nó cũng đã xuống cấp rất là nghiêm trọng rồi.,@HUE
data\data_prepared\wavs\2ytfp_TYGmo_0147.wav,này thực sự mà chúng ta bước vào đây thì phải nói thật sự là phải có cái sự đồng,@HUE
data\data_prepared\wavs\2ytfp_TYGmo_0148.wav,cảm rất là lớn khi mà nhìn vào những cái ngôi mộ như thế này chôn những một cái,@HUE
data\data_prepared\wavs\2ytfp_TYGmo_0149.wav,tầng lớp mà ngày xưa không được coi trọng chỉ là người hầu kẻ hạ cho cùng,@HUE
data\data_prepared\wavs\2ytfp_TYGmo_0151.wav,người ta hay gọi là quang thái giám hay là gọi là hoàng quang đây mời quý vị,@HUE
data\data_prepared\wavs\2ytfp_TYGmo_0152.wav,chiêm ngưỡng lại. kiến trúc của các cái ngôi mổ thì nó cũng à khá là đơn giản.,@HUE
data\data_prepared\wavs\2ytfp_TYGmo_0153.wav,"Đấy, một ngôi mộ thì có ngôi mộ là một tầng, có ngôi m là hai tầng và thậm chí",@HUE
data\data_prepared\wavs\2ytfp_TYGmo_0154.wav,là có những cái ngôi m gió và trước mỗi ngôi mộ là đều có những cái tấm bia. Thì,@HUE
data\data_prepared\wavs\2ytfp_TYGmo_0155.wav,những cái tấm bia này có lẽ là cũng được làm mới lại thôi quý vị. Nhưng mà những,@HUE
data\data_prepared\wavs\2ytfp_TYGmo_0156.wav,cái ngôi mộ thì có lẽ là có vẻ là những cái ngôi mộ mà ngày xưa nó giữ nguyên,@HUE
data\data_prepared\wavs\2ytfp_TYGmo_0157.wav,bản kiến trúc của những cái ngôi mổ. Đây được xem là một cái ngôi lăng mộ gọi là,@HUE
data\data_prepared\wavs\2ytfp_TYGmo_0158.wav,độc nhất vô nhị ở Việt Nam mà chốn cất những cái vị thái giám của triều Nguyễn.,@HUE
data\data_prepared\wavs\2ytfp_TYGmo_0159.wav,Vậy thì như thế nào được gọi là thái giám và thái giám ngày xưa thì nó tại,@HUE
data\data_prepared\wavs\2ytfp_TYGmo_0160.wav,sao được xem là một cái tầng lớp mà luôn luôn làm người hầu kẻ hạ và nó có những,@HUE
data\data_prepared\wavs\2ytfp_TYGmo_0161.wav,cái bí ẩn gì trong cái ngôi l bộ này thì bây giờ Huế Review sẽ tiếp tục chia sẻ,@HUE
data\data_prepared\wavs\2ytfp_TYGmo_0162.wav,cho quý vị bằng những cái hình ảnh trên cao cũng như là nghe Huy Review tâm sự,@HUE
data\data_prepared\wavs\2ytfp_TYGmo_0163.wav,chia sẻ cái câu chuyện liên quan tới thái giám. Xin mời quý vị.,@HUE
data\data_prepared\wavs\2ytfp_TYGmo_0164.wav,"Kính thưa quý vị, bây giờ là 11:00 trưa, trời cũng khá là nắng nôi nhưng mà Huế",@HUE
data\data_prepared\wavs\2ytfp_TYGmo_0165.wav,Review cũng cố gắng để đi quay cho quý vị xem. Bởi vì nếu như quay buổi chiều,@HUE
data\data_prepared\wavs\2ytfp_TYGmo_0166.wav,thì có lẽ là thời gian này có thể là xảy ra những cái cơn mưa những cái m cơ mưa,@HUE
data\data_prepared\wavs\2ytfp_TYGmo_0167.wav,bất chợt ở xứ Huế. Đó do đó là quay buổi trưa thì nó sẽ an toàn hơn. Và tiếp theo,@HUE
data\data_prepared\wavs\2ytfp_TYGmo_0168.wav,là Huy Review cũng sẽ chia sẻ là đó là tại vì sao người ta gọi là Thái giam hay,@HUE
data\data_prepared\wavs\2ytfp_TYGmo_0169.wav,là Hòa Quang. Bởi vì đối với các cái triều đại vua chúa và trong đó thì có,@HUE
data\data_prepared\wavs\2ytfp_TYGmo_0170.wav,triều đại nhà Nguyễn thì ngày xưa cái thái giám này nó xuất phát từ một cái,@HUE
data\data_prepared\wavs\2ytfp_TYGmo_0171.wav,triều đại của Trung Quốc. À ngày xưa thì có hai cái nguồn mà được coi được coi,@HUE
data\data_prepared\wavs\2ytfp_TYGmo_0173.wav,nhỏ từ khi sinh ra đã bị ái nam ái nữ rồi thì được gọi là giám sinh cũng có,@HUE
data\data_prepared\wavs\2ytfp_TYGmo_0174.wav,thể là đưa được thì cũng có thể đưa vào cùng để có thể là làm những cái chức,@HUE
data\data_prepared\wavs\2ytfp_TYGmo_0175.wav,quan trong triều đình hoặc là có thể là làm à thải giám. Dưới thời Triều Nguyễn,@HUE
data\data_prepared\wavs\2ytfp_TYGmo_0176.wav,thì cũng có một cái vị ái nam ái nữ cũng rất là nổi tiếng đó chính là cái võ,@HUE
data\data_prepared\wavs\2ytfp_TYGmo_0177.wav,tướng Lê Văn Duyệt một cái khai quốc công thần đó của triều Nguyễn à được xem,@HUE
data\data_prepared\wavs\2ytfp_TYGmo_0178.wav,là một trong ngũ hộ tướng của vua Gia Long và ông Lê Văn Duyệt cũng là người,@HUE
data\data_prepared\wavs\2ytfp_TYGmo_0179.wav,ái nam ái nữ và quê ở miền Tây thôi quý vị ngày xưa mà nếu như mà nhà nào mà có,@HUE
data\data_prepared\wavs\2ytfp_TYGmo_0180.wav,cái người ái nam ái nữ thì cái nhà đó cũng xem như là có phúc tuy nhiên thì,@HUE
data\data_prepared\wavs\2ytfp_TYGmo_0181.wav,nếu như mà biết nhà mình có ái nam ái nữ nhưng mà không có báo thì cũng phạm vào,@HUE
data\data_prepared\wavs\2ytfp_TYGmo_0182.wav,tối chết thưa quý vị. Nguồn thứ hai đó chính là lấy nguồn từ bên ngoài. Tức là,@HUE
data\data_prepared\wavs\2ytfp_TYGmo_0183.wav,những cái gia đình nghèo khổ mà không có miếng ăn nói nhưung là không không đủ,@HUE
data\data_prepared\wavs\2ytfp_TYGmo_0184.wav,miếng ăn cho gia đình cuối cùng phải bán con vào triều đình. Thì những cái người,@HUE
data\data_prepared\wavs\2ytfp_TYGmo_0185.wav,đó trước khi vào hầu hạ vua chúa thì cũng phải là cắt đi cái phần sinh thật,@HUE
data\data_prepared\wavs\2ytfp_TYGmo_0186.wav,khí của mình à để mà không có thể nào mà vào trong cùng để có thể là làm những,@HUE
data\data_prepared\wavs\2ytfp_TYGmo_0187.wav,cái điều mà à nó có lỗi với vua tức là à toàn t với cung tần rồi cũng như là,@HUE
data\data_prepared\wavs\2ytfp_TYGmo_0188.wav,người hàu hạ. Và sau khi cắt đi cái phần sinh thật khí của mình thì các cái thái,@HUE
data\data_prepared\wavs\2ytfp_TYGmo_0189.wav,"giám đó, các cái hoàn quan đó cũng phải giữ lại để mà sau này khi có thăng chức",@HUE
data\data_prepared\wavs\2ytfp_TYGmo_0190.wav,thì trình lên để kiểm tra và nếu như không có thì sẽ phạm tới chết. À nguyên,@HUE
data\data_prepared\wavs\2ytfp_TYGmo_0191.wav,"nhân tại vì sao lại có cái ngôi mộ thải giám này, một cái ngôi mộ độc nhất, vô",@HUE
data\data_prepared\wavs\2ytfp_TYGmo_0192.wav,nhị và độc đáo này ở cái khu vực chùa Từ Hiếu. Bởi vì chùa Từ Hiếu trước kia theo,@HUE
data\data_prepared\wavs\2ytfp_TYGmo_0193.wav,như Huế Review tìm hiểu thì nó chỉ là một cái thảo am nhỏ do thiền sư nhất,@HUE
data\data_prepared\wavs\2ytfp_TYGmo_0194.wav,định lập nên và những cái thả giám mà sau khi về già thường sẽ à cho về ngộ ở,@HUE
data\data_prepared\wavs\2ytfp_TYGmo_0195.wav,cái cung giám tử cho tới chết và không có được chết trong cùng. à biết được cái,@HUE
data\data_prepared\wavs\2ytfp_TYGmo_0196.wav,số phận hỏng hiếu và chua sót của mình thì cuối cùng thái giám trong trau phước,@HUE
data\data_prepared\wavs\2ytfp_TYGmo_0197.wav,năng cũng đã tìm cách để mà liên lạc với thiền sư nhất định và cũng bàn chuyện và,@HUE
data\data_prepared\wavs\2ytfp_TYGmo_0198.wav,cuối cùng nói rằng là cũng muốn có một cái nơi an nghỉ cuối cùng để cho nó đà,@HUE
data\data_prepared\wavs\2ytfp_TYGmo_0199.wav,hoạc thì cuối cùng là thiền sư nhất định chấp thuẫn và từ đó thì ông Châu Phước,@HUE
data\data_prepared\wavs\2ytfp_TYGmo_0201.wav,chùa nó càng ngày càng to lên. Sau đó thì cũng à xin phép được à có một cái,@HUE
data\data_prepared\wavs\2ytfp_TYGmo_0202.wav,miếng đất ở phía tây của chùa. Vua Tử Đức cũng à biết được câu chuyện và cũng,@HUE
data\data_prepared\wavs\2ytfp_TYGmo_0203.wav,đã chấp thuận cũng như Thái Hậu Từ Dụ cũng đã chấp thuận cho cái việc mà xây,@HUE
data\data_prepared\wavs\2ytfp_TYGmo_0204.wav,dựng một cái môi mộ của Thái Giám như thế này. Điều này nó an ủi được phần,@HUE
data\data_prepared\wavs\2ytfp_TYGmo_0205.wav,"nào? Những cái số phận hẩm hươu của các cái vị quan thái giám ngày xưa, các cái",@HUE
data\data_prepared\wavs\2ytfp_TYGmo_0206.wav,triều đại nhà Nguyễn á thì mỗi triều vua à thì cần phải có khoảng 200 thái giám,@HUE
data\data_prepared\wavs\2ytfp_TYGmo_0208.wav,đây chỉ có 25 nắm mộ thì chứng tỏ những cái vị thải giám này cũng gọi là có chức,@HUE
data\data_prepared\wavs\2ytfp_TYGmo_0209.wav,có quyền ở trong trong triều đình và cũng dành dụm được một cái số tiền lớn,@HUE
data\data_prepared\wavs\2ytfp_TYGmo_0210.wav,thì mà được phép được chôn ở cái khu vực này. Và cái điều mà Huế Review cũng muốn,@HUE
data\data_prepared\wavs\2ytfp_TYGmo_0211.wav,"cảm ở đây chính là cái sự chua xót, sự đắng cay của những cái phần đời tầng",@HUE
data\data_prepared\wavs\2ytfp_TYGmo_0212.wav,giữa lớp dưới của xã hội. Những cái phần đời mà nghèo khổ rồi cuối cùng là bán đi,@HUE
data\data_prepared\wavs\2ytfp_TYGmo_0213.wav,cái của quý của mình để cuối cùng lại trở vào công hầu hạ và kiếm tiền để nuôi,@HUE
data\data_prepared\wavs\2ytfp_TYGmo_0214.wav,gia đình. Đấy. Chính vì vậy mà nó cũng là một cái câu chuyện hết sức là thương,@HUE
data\data_prepared\wavs\2ytfp_TYGmo_0215.wav,tâm. Thực sự mà nói là cuộc sống trong cung cấm nó không đơn giản như một cái,@HUE
data\data_prepared\wavs\2ytfp_TYGmo_0216.wav,cuộc sống bình thường ở ngoài. Thà giống như là một người nông dân làm thì nó à,@HUE
data\data_prepared\wavs\2ytfp_TYGmo_0217.wav,có thể là sống đến cuối đời nhưng mà vì nghèo khó quá cuối cùng phải vào cung và,@HUE
data\data_prepared\wavs\2ytfp_TYGmo_0218.wav,trở thành một người hầu kẻ hạ. Thì như quý vị xem qua những bộ một số bộ phim,@HUE
data\data_prepared\wavs\2ytfp_TYGmo_0219.wav,cổ trang thì quý vị cũng thể thấy phần đời thái giám nó không có thẳng tắp như,@HUE
data\data_prepared\wavs\2ytfp_TYGmo_0220.wav,một cái con đường bình thường mà nó phải trải qua rất là nhiều cái biến cố. Thậm,@HUE
data\data_prepared\wavs\2ytfp_TYGmo_0221.wav,chí là có người chết oan là bởi vì đôi lúc vua vui thì vua cho sống mà vua buồn,@HUE
data\data_prepared\wavs\2ytfp_TYGmo_0222.wav,thì vua cho chết là chuyện bình thường. Chúng ta đến đây chúng ta tưởng niệm và,@HUE
data\data_prepared\wavs\2ytfp_TYGmo_0223.wav,chúng ta cảm là chúng ta có một cái tình cảm đặc biệt dành cho những cái vị thải,@HUE
data\data_prepared\wavs\2ytfp_TYGmo_0224.wav,giám này. Đương nhiên thì ngoài kia nó cũng có những cái vong linh của những,@HUE
data\data_prepared\wavs\2ytfp_TYGmo_0225.wav,cái thải giám khác. không có được phước để mà chôn cất ở đây. Nhưng mà đây cũng,@HUE
data\data_prepared\wavs\2ytfp_TYGmo_0226.wav,"chính là một cái a à đặc thù, đây cũng chính là một cái niềm hạnh phúc rồi cho",@HUE
data\data_prepared\wavs\2ytfp_TYGmo_0227.wav,những cái vị thái giám và chúng ta biết được về một cái triều đại mà có rất,@HUE
data\data_prepared\wavs\2ytfp_TYGmo_0228.wav,"nhiều những cái điều ly kỳ, những cái điều bí ẩn mà chúng ta sẽ khám phá và",@HUE
data\data_prepared\wavs\2ytfp_TYGmo_0229.wav,Huế Review cũng à mong muốn có thể là mang một cái à sự mệnh nho nhỏ như vậy,@HUE
data\data_prepared\wavs\2ytfp_TYGmo_0230.wav,"để chia sẻ cho quý vị xem, chia sẻ cho quý vị lắng nghe những cái câu chuyện ly",@HUE
data\data_prepared\wavs\2ytfp_TYGmo_0231.wav,kỳ bí ẩn. Chia sẻ đến đây có lẽ thì quý vị cũng đã hiểu được phần nào là làm sao,@HUE
data\data_prepared\wavs\2ytfp_TYGmo_0232.wav,mà lại có cái khu lăng mộ này ở trong một cái ngôi chùa. Quý vị có đồng cảm và,@HUE
data\data_prepared\wavs\2ytfp_TYGmo_0233.wav,có cùng suy nghĩ và Huế Review hay không? Thì mong quý vị chúng ta bình,@HUE
data\data_prepared\wavs\2ytfp_TYGmo_0235.wav,nào biết được nhiều hơn về cái ngôi lăng mộ này thì cũng có thể chia sẻ để cho,@HUE
data\data_prepared\wavs\2ytfp_TYGmo_0236.wav,tất cả các cái khán giả trên kênh Huế Review chúng ta biết nhiều hơn. Thưa quý,@HUE
data\data_prepared\wavs\2ytfp_TYGmo_0237.wav,"vị, bây giờ cũng đã rất là trưa rồi, do đó là Huế Review cũng mạng phép. xin kết",@HUE
data\data_prepared\wavs\2ytfp_TYGmo_0238.wav,thúc video ở đây. À kính chúc quý vị luôn xem video thật là vui vẻ. À quý vị,@HUE
data\data_prepared\wavs\2ytfp_TYGmo_0239.wav,"thấy video hay và ý nghĩa thì cũng mong là quý vị chúng ta like, chia sẻ cũng",@HUE
data\data_prepared\wavs\2ytfp_TYGmo_0240.wav,như là đăng ký kênh để nhận những cái video mới nhất về các cái lăng tẩm di,@HUE
data\data_prepared\wavs\4_fIYx-m0zQ_0001.wav,"Vâng, mến chào quý vị đã quay trở lại với Huế hôm nay. Quý vị và các bạn thân",@HUE
data\data_prepared\wavs\4_fIYx-m0zQ_0002.wav,mến thì hôm nay là ngày 23 tháng 12 năm 2025.,@HUE
data\data_prepared\wavs\4_fIYx-m0zQ_0003.wav,Như vậy thì chỉ còn hai ngày nữa là chúng ta sẽ đến Noel và còn khoảng,@HUE
data\data_prepared\wavs\4_fIYx-m0zQ_0004.wav,hơn một tuần nữa là chúng ta sẽ kết thúc năm 2025 để bước qua năm 2026.,@HUE
data\data_prepared\wavs\4_fIYx-m0zQ_0006.wav,sinh năm nay là như thế nào và cái buổi tiệc khao đao đếm ngược đến năm mới 2026,@HUE
data\data_prepared\wavs\4_fIYx-m0zQ_0007.wav,thì sẽ diễn ra ở đâu? Thì trong cái khuôn khổ video hôm nay em xin gửi đến,@HUE
data\data_prepared\wavs\4_fIYx-m0zQ_0009.wav,Đây chính là cái khu vực nhà hát văn hóa thể thanh phố. Thì,@HUE
data\data_prepared\wavs\4_fIYx-m0zQ_0010.wav,cái khu vực này à thường tổ chức các cái bụi xem công cộng màn hình LED cỡ lớn,@HUE
data\data_prepared\wavs\4_fIYx-m0zQ_0011.wav,"trong các cái trận bóng đá của à đội tuyển Việt Nam U22, U23 vân vân.",@HUE
data\data_prepared\wavs\4_fIYx-m0zQ_0012.wav,Thì như vừa rồi quý vị cũng đã biết rằng là U22 chúng ta đã lội ngược dòng thành,@HUE
data\data_prepared\wavs\4_fIYx-m0zQ_0013.wav,công để chiến thắng trước Thái Lan và vô địch SEA Game 33,@HUE
data\data_prepared\wavs\4_fIYx-m0zQ_0014.wav,thì bà con cũng đi bảo trên khắp cả nước rất là đông.,@HUE
data\data_prepared\wavs\4_fIYx-m0zQ_0015.wav,Tuy nhiên thì bây giờ đây là những cái hình ảnh về dịp Noel thì ngay cái khu,@HUE
data\data_prepared\wavs\4_fIYx-m0zQ_0016.wav,vực Vincom Plaza đây quý vị này. Đấy thì cây thông Noel đang được trang trí rất,@HUE
data\data_prepared\wavs\4_fIYx-m0zQ_0017.wav,là đẹp rồi. Thường thì sẽ lung linh vào ban đêm mà,@HUE
data\data_prepared\wavs\4_fIYx-m0zQ_0018.wav,quý vị thấy là ban ngày thì cái thông này này cũng rất là tuyệt vời. này những,@HUE
data\data_prepared\wavs\4_fIYx-m0zQ_0019.wav,hình ảnh rất là đẹp cho một cái mùa Noel mới,@HUE
data\data_prepared\wavs\4_fIYx-m0zQ_0020.wav,và có một cái điều đặc biệt là thời tiết ở Huế bây giờ trong cái dịp Noel thì lại,@HUE
data\data_prepared\wavs\4_fIYx-m0zQ_0021.wav,đang nắng mưa thất thường. Lúc sáng sớm thì em thấy là trời có mưa,@HUE
data\data_prepared\wavs\4_fIYx-m0zQ_0023.wav,Và trước mặt quý vị chính là cái tòa nhà Huế Heretic đang được xây dựng,@HUE
data\data_prepared\wavs\4_fIYx-m0zQ_0024.wav,đấy. Một cái tòa nhà mang tính tầm cỡ và rất là sang trọng. Khi mà hoàn thành nó,@HUE
data\data_prepared\wavs\4_fIYx-m0zQ_0025.wav,"sẽ là một cái bộ mặt mới của thành phố Huế, thành phố thực thuộc trung ương.",@HUE
data\data_prepared\wavs\4_fIYx-m0zQ_0027.wav,"Đấy, dự án này thì hiện tại vẫn đang được triển khai và đơn vị thi công thì",@HUE
data\data_prepared\wavs\4_fIYx-m0zQ_0028.wav,"đang trong quá trình làm móng đấy, đào móng vân vân thì à",@HUE
data\data_prepared\wavs\4_fIYx-m0zQ_0029.wav,em sẽ thường xuyên cập nhật cái dự án Huế Hertic này trong tương lai để cho,@HUE
data\data_prepared\wavs\4_fIYx-m0zQ_0030.wav,quý vị có thể biết thì hy vọng rằng là công trình cũng sẽ sớm hoàn thành để à,@HUE
data\data_prepared\wavs\4_fIYx-m0zQ_0031.wav,cái khu vực này trở thành một cái vùng đất à đẹp à mới và đầy à quý phái trong,@HUE
data\data_prepared\wavs\4_fIYx-m0zQ_0032.wav,tương lai. Bởi vì trước đó thì cái khu vực này là,@HUE
data\data_prepared\wavs\4_fIYx-m0zQ_0033.wav,cái chung cư đng đa đấy. Sau khi đã giải tỏa thì để tiến hành xây dựng cái Huế,@HUE
data\data_prepared\wavs\4_fIYx-m0zQ_0034.wav,Harat này. Đường Lê Hồng Phong trong một buổi sáng,@HUE
data\data_prepared\wavs\4_fIYx-m0zQ_0035.wav,ngày 23 tháng 12 trời đẹp và quý vị thấy là cái khu vực ở đây thì cũng rất là yên,@HUE
data\data_prepared\wavs\4_fIYx-m0zQ_0036.wav,bình. Theo như những cái kỳ dự báo mới nhất là,@HUE
data\data_prepared\wavs\4_fIYx-m0zQ_0037.wav,trong những ngày qua thì dự báo sẽ có mưa trong ngày hôm qua và,@HUE
data\data_prepared\wavs\4_fIYx-m0zQ_0038.wav,hôm nay và ngày mai. Tuy nhiên thì mưa nó theo kiểu ngắc quảng chứ không phải,@HUE
data\data_prepared\wavs\4_fIYx-m0zQ_0039.wav,là dầm dề. Và thời tiết thì cũng có nắng thôi quý,@HUE
data\data_prepared\wavs\4_fIYx-m0zQ_0040.wav,vị. Đấy thì cái điều này là cũng là một cái điều mà chúng ta sẽ phải quen thuộc,@HUE
data\data_prepared\wavs\4_fIYx-m0zQ_0041.wav,trong những năm tới bởi vì thời tiết bây giờ nó đã thay đổi.,@HUE
data\data_prepared\wavs\4_fIYx-m0zQ_0042.wav,Quý vị thấy vừa rồi thì ở Huế mình á đó là mùa hè thì lại có luộc và bây giờ mùa,@HUE
data\data_prepared\wavs\4_fIYx-m0zQ_0043.wav,đông thì lại nắng không là lạnh yếu,@HUE
data\data_prepared\wavs\4_fIYx-m0zQ_0044.wav,đấy. Thì thì trong những cái năm trước á thì trong cái thời điểm này thường là sẽ,@HUE
data\data_prepared\wavs\4_fIYx-m0zQ_0045.wav,lạnh và mưa nhưng mà quý vị thấy là đến gần Noel rồi nhưng mà thời tiết là khá,@HUE
data\data_prepared\wavs\4_fIYx-m0zQ_0046.wav,đẹp và theo như dự báo thì ngày hôm nay có,@HUE
data\data_prepared\wavs\4_fIYx-m0zQ_0047.wav,thể là mưa lạnh nhưng mà quý vị thấy là một buổi sáng tại Huế vào ngày 23.,@HUE
data\data_prepared\wavs\4_fIYx-m0zQ_0048.wav,"Đấy, đây là nhà thờ dòng chỗa cụ thế quý vị thấy là cũng đã trang trí rất là đẹp",@HUE
data\data_prepared\wavs\4_fIYx-m0zQ_0049.wav,rồi để chuẩn bị cho cái ngày Noel,@HUE
data\data_prepared\wavs\4_fIYx-m0zQ_0050.wav,và sau mùa Noel sẽ là một cái ngày kết thúc,@HUE
data\data_prepared\wavs\4_fIYx-m0zQ_0051.wav,năm cũ và chuyển giao sang năm mới 2026. Nhà thờ dòng chỗ cụ thể là một trong,@HUE
data\data_prepared\wavs\4_fIYx-m0zQ_0052.wav,những cái nhà thờ lớn và trong những cái dịp Noel thì thường là,@HUE
data\data_prepared\wavs\4_fIYx-m0zQ_0053.wav,bà con sẽ đến đây rất là đông. Bà con theo đạo lẫn ngoại đạo cũng thế.,@HUE
data\data_prepared\wavs\4_fIYx-m0zQ_0054.wav,Bởi vì quý vị biết rằng là Noel là một cái dịp để cho các cái bạn trẻ cũng như,@HUE
data\data_prepared\wavs\4_fIYx-m0zQ_0055.wav,"là những người trung niên, những người lớn tuổi người ta đi chơi để",@HUE
data\data_prepared\wavs\4_fIYx-m0zQ_0056.wav,mừng gọi là nhớ đến ngày Chúa Giáng sinh.,@HUE
data\data_prepared\wavs\4_fIYx-m0zQ_0057.wav,Chúa Giáng Thế đây quý vị. Đấy và ở đây có một cái xóm em nghĩ là cũng là xóm,@HUE
data\data_prepared\wavs\4_fIYx-m0zQ_0058.wav,đạo đây bởi vì cũng trang trí trước cái cổng xóm một cái hình ảnh về à,@HUE
data\data_prepared\wavs\4_fIYx-m0zQ_0059.wav,Chúa đấy. Thì à trong cái đợt tháng Mám vừa rồi,@HUE
data\data_prepared\wavs\4_fIYx-m0zQ_0060.wav,thì em cũng đã quay cho quý vị xem về cái lễ hội,@HUE
data\data_prepared\wavs\4_fIYx-m0zQ_0062.wav,Chủ giáo ở Việt Nam mình cũng rất là đông đấy và có nhiều bà con là cũng ở,@HUE
data\data_prepared\wavs\4_fIYx-m0zQ_0063.wav,những cái nơi rất xa và họ tìm về khu vực La Vang để,@HUE
data\data_prepared\wavs\4_fIYx-m0zQ_0064.wav,viếng mẹ cũng như là rước kiệu mẹ La Vang.,@HUE
data\data_prepared\wavs\4_fIYx-m0zQ_0065.wav,Thì quý vị cũng đã thấy rằng là trong cái nhà thờ dòng chúa cụ thể cũng đã,@HUE
data\data_prepared\wavs\4_fIYx-m0zQ_0066.wav,trang trí đầy đủ đấy những hình ảnh về ngày chúa Giáng sinh.,@HUE
data\data_prepared\wavs\4_fIYx-m0zQ_0067.wav,thì chúng ta sẽ còn một hai ngày nữa thôi là sẽ đến cái ngày lễ hội. Chính vì,@HUE
data\data_prepared\wavs\4_fIYx-m0zQ_0068.wav,thế mà bà con cũng đã tụ tập về đây. Thường là sẽ ban đêm sẽ rất là đông. Thì,@HUE
data\data_prepared\wavs\4_fIYx-m0zQ_0069.wav,em cũng sẽ cố gắng để có những cái video về ban đêm ở nhà thờ dòng chú C,@HUE
data\data_prepared\wavs\4_fIYx-m0zQ_0070.wav,nhà thờ à phụ cam để cho quý vị được biết như là một số cái nhà thờ ở khu vực,@HUE
data\data_prepared\wavs\4_fIYx-m0zQ_0071.wav,Huế mình. Còn đây chính là khu vực đường Bà Triệu.,@HUE
data\data_prepared\wavs\4_fIYx-m0zQ_0072.wav,"Đấy, đường Bà Triệu thì bây giờ hiện tại quý vị thấy là đang trong quá trình mở",@HUE
data\data_prepared\wavs\4_fIYx-m0zQ_0073.wav,rộng. Thì à,@HUE
data\data_prepared\wavs\4_fIYx-m0zQ_0074.wav,em cũng cập nhật nhiều cho quý vị về những hình ảnh về cái đường bà triệu này,@HUE
data\data_prepared\wavs\4_fIYx-m0zQ_0075.wav,rồi thì hiện tại em thấy là các cái cơ sở người ta cũng đã xây dựng,@HUE
data\data_prepared\wavs\4_fIYx-m0zQ_0076.wav,lên và thuộc vào phỉ bên trong nhiều thì cũng chủng em nghĩ là chắc cũng sẽ chuẩn,@HUE
data\data_prepared\wavs\4_fIYx-m0zQ_0077.wav,bị để làm à mở rộng cái tuyến đường này mà thôi.,@HUE
data\data_prepared\wavs\4_fIYx-m0zQ_0078.wav,Hy vọng rằng là trong năm 2026 sẽ hoàn thành để có thể nối dài về khu vực đường,@HUE
data\data_prepared\wavs\4_fIYx-m0zQ_0079.wav,Phạm Văn Đồng. Đấy như vậy thì năm 2026 có lẽ là một,@HUE
data\data_prepared\wavs\4_fIYx-m0zQ_0080.wav,cái năm bùng nộp của Huế. Đấy năm 2025 thì Huế,@HUE
data\data_prepared\wavs\4_fIYx-m0zQ_0081.wav,là đăng ký à năm du lịch quốc gia vừa rồi cũng đã bế mạc tại Quảng Trường Hòa,@HUE
data\data_prepared\wavs\4_fIYx-m0zQ_0082.wav,Môn. Thì với những cái việc mà du lịch đã làm,@HUE
data\data_prepared\wavs\4_fIYx-m0zQ_0083.wav,được trong năm 2025 thì năm 2026 có lẽ là cái năm mà bùng nổ các cái dự án,@HUE
data\data_prepared\wavs\4_fIYx-m0zQ_0084.wav,trọng điểm để minh chứng cho cái sự phát triển,@HUE
data\data_prepared\wavs\4_fIYx-m0zQ_0085.wav,vượt bậc của Huế trong tương lai. Tức là thời gian ngắn đây quý vị trong,@HUE
data\data_prepared\wavs\4_fIYx-m0zQ_0086.wav,"tương lai ngắn thôi thì em nghĩ là những cái tuyến đường, những cái cầu, những",@HUE
data\data_prepared\wavs\4_fIYx-m0zQ_0087.wav,"cái dự án về chung cư, những cái dự án về nhà ở, xã hội vân vân sẽ phát triển",@HUE
data\data_prepared\wavs\4_fIYx-m0zQ_0088.wav,trong năm 2026. Đấy và tổng kết năm 2025 ở Huế thì sẽ cũng đã có rất nhiều những,@HUE
data\data_prepared\wavs\4_fIYx-m0zQ_0090.wav,có lẽ là sẽ một năm đáng nhớ khi mà có những cái trận lục rất là khủng khiếp,@HUE
data\data_prepared\wavs\4_fIYx-m0zQ_0092.wav,giờ cũng đã qua và chúng ta đang hướng về những ngày cuối cùng của năm 2025,@HUE
data\data_prepared\wavs\4_fIYx-m0zQ_0093.wav,"à để bắt đầu sang năm 2026 à tốt đẹp hơn, phát triển hơn và giàu mạnh hơn.",@HUE
data\data_prepared\wavs\4_fIYx-m0zQ_0094.wav,Thì đây chính là cái khu vực quảng trường 200 tỷ ở Huế.,@HUE
data\data_prepared\wavs\4_fIYx-m0zQ_0095.wav,Đây em thường nói là quảng trường 200 tỷ nhưng mà đúng tên của nó là quảng trường,@HUE
data\data_prepared\wavs\4_fIYx-m0zQ_0096.wav,văn hóa thể thao thành phố Huế. Hiện tại thì quý vị thấy là cái tòa nhà,@HUE
data\data_prepared\wavs\4_fIYx-m0zQ_0097.wav,"trung tâm, tòa nhà ở giữa cũng đã dăng lưới và đủ em thấy là có đủ cúp pha.",@HUE
data\data_prepared\wavs\4_fIYx-m0zQ_0098.wav,Thì như vậy là khả năng là vào tháng năm 2026 thì cái tòa nhà trung tâm ở giữa sẽ,@HUE
data\data_prepared\wavs\4_fIYx-m0zQ_0099.wav,"hoàn thành, sẽ tạo nên một cái điểm nhấn mới cho khu vực trung tâm thành phố. Bởi",@HUE
data\data_prepared\wavs\4_fIYx-m0zQ_0100.wav,đây chính là cái nơi sinh hoạt cộng đồng của bà con và cũng là một cái,@HUE
data\data_prepared\wavs\4_fIYx-m0zQ_0101.wav,không gian rất là mới à một không gian công cộng phục vụ các cái sự kiện văn,@HUE
data\data_prepared\wavs\4_fIYx-m0zQ_0102.wav,hóa thể thao lớn của thành phố. Thì công trình này nó khởi công từ tháng,@HUE
data\data_prepared\wavs\4_fIYx-m0zQ_0103.wav,7 năm 2024. Ban đầu là dự án là quảng trường văn hóa,@HUE
data\data_prepared\wavs\4_fIYx-m0zQ_0104.wav,thể thao là dự kiến là hoàn thành vào tháng năm 2025. Đấy tuy nhiên thì đó quý,@HUE
data\data_prepared\wavs\4_fIYx-m0zQ_0105.wav,vị thấy là vướng mặt bằng rồi thời tiết đó là kéo dài tới cuối năm 2025 và theo,@HUE
data\data_prepared\wavs\4_fIYx-m0zQ_0106.wav,như dự kiến là sẽ qua tháng 3 năm 2026 sẽ hoàn thành tất cả.,@HUE
data\data_prepared\wavs\4_fIYx-m0zQ_0107.wav,Thì với những cái sự cố gắng của đơn vị thi công thì mong rằng với cái số tiền,@HUE
data\data_prepared\wavs\4_fIYx-m0zQ_0108.wav,đầu tư gần 200 tỷ đồng thì nhà thi đấu cũng như là các cái hạ tầng kỹ thuật ở,@HUE
data\data_prepared\wavs\4_fIYx-m0zQ_0109.wav,phía bên ngoài sẽ được à hoàn thiện.,@HUE
data\data_prepared\wavs\4_fIYx-m0zQ_0110.wav,Ở cái khu vực quảng trường phía bên ngoài thì cũng đã được khánh thành vào,@HUE
data\data_prepared\wavs\4_fIYx-m0zQ_0111.wav,dịp mùng 0 tháng. Còn đây quý vị thấy là cái nhà trung tâm vàò nhà trung tâm sẽ,@HUE
data\data_prepared\wavs\4_fIYx-m0zQ_0112.wav,cố gắng để hoàn thiện vào tháng năm 2026. Nếu như thời tiết nó đẹp thì hy,@HUE
data\data_prepared\wavs\4_fIYx-m0zQ_0113.wav,vọng là mọi thứ sẽ đúng như dự kiến. Và cái quảng trường phía bên ngoài thì quý,@HUE
data\data_prepared\wavs\4_fIYx-m0zQ_0114.wav,"vị thấy rất là rộng và đẹp. Đấy, một cái màu xanh nằm giữa lòng thành phố.",@HUE
data\data_prepared\wavs\4_fIYx-m0zQ_0115.wav,Và đây cũng chính là cái nơi tổ chức à khao đao Huế năm 2025.,@HUE
data\data_prepared\wavs\4_fIYx-m0zQ_0116.wav,Tức là cái chương trình đếm ngược à kết thúc năm cũ 2025 và chuyển giao sang năm,@HUE
data\data_prepared\wavs\4_fIYx-m0zQ_0117.wav,mới 2026. Và quý vị thấy nhìn xa kia thì cũng đã,@HUE
data\data_prepared\wavs\4_fIYx-m0zQ_0118.wav,dựng cái bộ khung của cái sân khấu Khao Đào. Thì Khao Đo năm nay cũng sẽ có sự,@HUE
data\data_prepared\wavs\4_fIYx-m0zQ_0119.wav,tham dự của rất nhiều những cái ca sĩ nghệ sĩ nổi tiếng cũng như là cái môi,@HUE
data\data_prepared\wavs\4_fIYx-m0zQ_0120.wav,trường cái không gian mới để chúng ta tới tham gia cái bữa tiệc khu rào. Thì ở,@HUE
data\data_prepared\wavs\4_fIYx-m0zQ_0121.wav,đây em thấy là cái mặt bằng rất là rộng đấy. Và cái sân khấu làm ở đây thì quá,@HUE
data\data_prepared\wavs\4_fIYx-m0zQ_0122.wav,hợp lý rồi. Và nhìn cái bộ không thì chúng ta thấy là cái mức độ hoành tráng,@HUE
data\data_prepared\wavs\4_fIYx-m0zQ_0123.wav,của năm này ấy và khả năng và sau khi mà cái tòa nhà,@HUE
data\data_prepared\wavs\4_fIYx-m0zQ_0124.wav,trung tâm tòa nhà thi đấu hoàn thành thì cái chương trình cao đao mọi năm sẽ,@HUE
data\data_prepared\wavs\4_fIYx-m0zQ_0125.wav,tổ chức ở ngay cái chỗ quảng trường văn hóa thể,@HUE
data\data_prepared\wavs\4_fIYx-m0zQ_0126.wav,thao thành phố này. Đấy quý vị thấy là đơn vị thi công các cái,@HUE
data\data_prepared\wavs\4_fIYx-m0zQ_0127.wav,công nhân tiến hành lấp rạp dàng sân khấu khảo đào và hứa hẹn sẽ rất là hoành,@HUE
data\data_prepared\wavs\4_fIYx-m0zQ_0128.wav,tráng và bùng nổ. Và cái khu vực à cũng sẽ có nhạc nước,@HUE
data\data_prepared\wavs\4_fIYx-m0zQ_0129.wav,vào cái đêm khao đào thì sự kết hợp hai hoa này sẽ rất là đẹp và đẹp hơn nữa sau,@HUE
data\data_prepared\wavs\4_fIYx-m0zQ_0130.wav,khi mà cái tòa nhà thi đấu ở giữa hoàn thành.,@HUE
data\data_prepared\wavs\4_fIYx-m0zQ_0131.wav,Thì vừa rồi em cũng đã cố gắng cập nhật cho quý vị xem những hình ảnh mới nhất,@HUE
data\data_prepared\wavs\4_fIYx-m0zQ_0132.wav,về cái không khí Giáng sinh năm 2025. Noel 2025 cũng như là cái sân khấu Khao,@HUE
data\data_prepared\wavs\4_fIYx-m0zQ_0133.wav,Đào sẽ tổ chức tại quảng trường văn hóa thể thao thành phố Huế quảng trường 200,@HUE
data\data_prepared\wavs\4_fIYx-m0zQ_0134.wav,tỷ. Thì quý vị nghĩ sao về cái video này và,@HUE
data\data_prepared\wavs\4_fIYx-m0zQ_0135.wav,nghĩ sao về cái à không khí Noel năm nay cũng như là cái dịp khao đao năm 2025,@HUE
data\data_prepared\wavs\4_fIYx-m0zQ_0136.wav,"thì mong quý vị chúng ta like, chia sẻ và đăng ký kênh Huế hôm nay. Cảm ơn quý",@HUE
data\data_prepared\wavs\4_fIYx-m0zQ_0137.wav,vị. Xin chào và hẹn gặp lại.,@HUE
data\data_prepared\wavs\99Tanm9dhvc_0001.wav,"Vâng, mến chào quý vị đã quay lại với Huế Review.",@HUE
data\data_prepared\wavs\99Tanm9dhvc_0002.wav,"À quý vị và các bạn thân mến, à hiện tại thì Huế Review đang di chuyển trên đường",@HUE
data\data_prepared\wavs\99Tanm9dhvc_0003.wav,Nguyễn Sinh Cung và chắc có lẽ thì con đường này nó rất là thân thuộc đối với,@HUE
data\data_prepared\wavs\99Tanm9dhvc_0005.wav,chung rồi quý vị. Tuy nhiên thì hôm nay Huy Review không,@HUE
data\data_prepared\wavs\99Tanm9dhvc_0006.wav,phải giới thiệu cái con đường Nguyễn Sinh Cung này nữa cho quý vị xem mà đây,@HUE
data\data_prepared\wavs\99Tanm9dhvc_0007.wav,chính là cái con đường dẫn quý vị đến một trong những cái ngôi làng quê bình,@HUE
data\data_prepared\wavs\99Tanm9dhvc_0008.wav,yên nhất của sự Huế Mộng Mơ. Vậy thì đó là những cái làng quê nào thì,@HUE
data\data_prepared\wavs\99Tanm9dhvc_0009.wav,mời quý vị và các bạn cùng đồng hành với Huế Review. Chúng ta sẽ quẹo phải qua,@HUE
data\data_prepared\wavs\99Tanm9dhvc_0010.wav,đường à Tùng Thiện Vương. Thì không biết khán giả kinh Huế Review,@HUE
data\data_prepared\wavs\99Tanm9dhvc_0011.wav,có nhận ra cái con đường Tùng Thiện Vương này và có ai ở cái con đường Tùng,@HUE
data\data_prepared\wavs\99Tanm9dhvc_0012.wav,Thiện Vương này hay không? Con đường Tùng Thiện Vương này thì nó dẫn đến một,@HUE
data\data_prepared\wavs\99Tanm9dhvc_0013.wav,cái quán chè gọi là chè ông lạc. Một cái quán chè gắn liền với tuổi thơ của Huế,@HUE
data\data_prepared\wavs\99Tanm9dhvc_0014.wav,Review. Thưa quý vị ngày xưa mà khi Huế Review còn đi học thì mỗi lần anh em là,@HUE
data\data_prepared\wavs\99Tanm9dhvc_0015.wav,thường ghé về cái quán trè đây. Nằm ngay cái ngã tư đây quý vị.,@HUE
data\data_prepared\wavs\99Tanm9dhvc_0016.wav,Cái quảng tre nằm ngay cái ngã tư bên này đó nhìn bên tay phải. Còn bây giờ,@HUE
data\data_prepared\wavs\99Tanm9dhvc_0017.wav,chúng ta sẽ rẹo đường Thanh Tịnh để đi đến một cái,@HUE
data\data_prepared\wavs\99Tanm9dhvc_0018.wav,thôn đầu tiên của xã Phù Thượng đó là cái thôn Lại Thế.,@HUE
data\data_prepared\wavs\99Tanm9dhvc_0019.wav,Cái con đường Thanh Tịnh này cũng có rất nhiều các cái quán chay ăn rất là ngon,@HUE
data\data_prepared\wavs\99Tanm9dhvc_0020.wav,thôi quý vị. Và đối với người Huế thì những cái món,@HUE
data\data_prepared\wavs\99Tanm9dhvc_0021.wav,chay nó là những cái món ăn rất là gần gũi trong những ngày rầm hoặc là ngày,@HUE
data\data_prepared\wavs\99Tanm9dhvc_0022.wav,mùng 30 mùng đầu tháng. Con đường Thanh Tĩnh này thì chắc có lẽ,@HUE
data\data_prepared\wavs\99Tanm9dhvc_0023.wav,là cũng ít người biết bởi vì nó nằm trong cái khu vực này thì chỉ có là ba,@HUE
data\data_prepared\wavs\99Tanm9dhvc_0025.wav,"một trong những cái con đường mà có rất nhiều các cái quản ăn, các cái hàng xá",@HUE
data\data_prepared\wavs\99Tanm9dhvc_0026.wav,rất là ngon và đặc biệt là có những cái hình ảnh nó rất là gắn liền với à thôn,@HUE
data\data_prepared\wavs\99Tanm9dhvc_0027.wav,"Vĩ Dạ. Thưa quý vị, những cái hàng câu xanh mước à",@HUE
data\data_prepared\wavs\99Tanm9dhvc_0028.wav,trước ngõ của những cái ngôi nhà nó là những cái điểm đặc trưng mà giống với,@HUE
data\data_prepared\wavs\99Tanm9dhvc_0029.wav,các cái a hình ảnh của thôn Mỹ Dạ.,@HUE
data\data_prepared\wavs\99Tanm9dhvc_0031.wav,vị khán giả của kênh Huế Review là ở cái khu vực thôn Lại Thế thì thôn Lại Thế,@HUE
data\data_prepared\wavs\99Tanm9dhvc_0032.wav,cũng được công nhận là một cái thôn văn hóa và có một cái đình làng Lại Thế là,@HUE
data\data_prepared\wavs\99Tanm9dhvc_0033.wav,một cái đình làng được thành lập cũng rất là lâu từ thập niên 70 1000 từ thập,@HUE
data\data_prepared\wavs\99Tanm9dhvc_0034.wav,niên a à từ thế kỷ thứ 10 tính ra là cũng từ thế kỷ thứ 108 rồi quý vị,@HUE
data\data_prepared\wavs\99Tanm9dhvc_0035.wav,Và cái di tích đình làng lại thế cũng được công nhận là di tích lịch sử cấp,@HUE
data\data_prepared\wavs\99Tanm9dhvc_0036.wav,"quốc gia, một cái niềm tự hào của bà con a trong à thôn Lại Thế.",@HUE
data\data_prepared\wavs\99Tanm9dhvc_0037.wav,Ở đây thì có cái hồ lệ thế rồi cái con đường này bây giờ,@HUE
data\data_prepared\wavs\99Tanm9dhvc_0038.wav,thì cũng đã được à xây dựng bê tông hóa nhìn rất là đẹp và,@HUE
data\data_prepared\wavs\99Tanm9dhvc_0040.wav,được mọc lên. Trước kia thì con đường này là những cái,@HUE
data\data_prepared\wavs\99Tanm9dhvc_0041.wav,con đường đất đỏ và những cái ngôi nhà như thế này là những cái ngôi nhà cổ đây,@HUE
data\data_prepared\wavs\99Tanm9dhvc_0042.wav,quý vị. Và mỗi tr mỗi ngôi nhà đều có những cái,@HUE
data\data_prepared\wavs\99Tanm9dhvc_0043.wav,hàng câu. Ở đây thì cũng có một cái ngôi nhà rường,@HUE
data\data_prepared\wavs\99Tanm9dhvc_0044.wav,đấy. Và ở đây là chắc là có lẽ là một cái đình à một cái ngôi đình hay là một,@HUE
data\data_prepared\wavs\99Tanm9dhvc_0045.wav,cái ngôi chùa hay là một cái nhà thờ họ gì đó thì Huế Review vẫn chưa tìm hiểu,@HUE
data\data_prepared\wavs\99Tanm9dhvc_0046.wav,kỹ cái khu vực này. Hôm nay là chỉ muốn à đi lướt qua để cho quý vị à xem cái,@HUE
data\data_prepared\wavs\99Tanm9dhvc_0048.wav,Thượng cũng như là những cái khu vực làng quê bình yên à bên cạnh cái dòng,@HUE
data\data_prepared\wavs\99Tanm9dhvc_0049.wav,sông Như Ý. Ở đây thì quý vị cũng có thể thấy là,@HUE
data\data_prepared\wavs\99Tanm9dhvc_0050.wav,"những cái di tích lịch sử, những cái ngôi nhà cổ nó vẫn à còn tồn tại rất là",@HUE
data\data_prepared\wavs\99Tanm9dhvc_0051.wav,nhiều. Và cái hình ảnh những cái trụ biểu này,@HUE
data\data_prepared\wavs\99Tanm9dhvc_0052.wav,thì có lẽ là nó lại gắn liền với những cái hình ảnh là quê.,@HUE
data\data_prepared\wavs\99Tanm9dhvc_0053.wav,"Đấy, ở đây có một cái phủ thờ",@HUE
data\data_prepared\wavs\99Tanm9dhvc_0054.wav,các cái nhân vật của Triều Nguyễn đây quý vị. Và bên trong thì là một cái mảnh,@HUE
data\data_prepared\wavs\99Tanm9dhvc_0055.wav,đất rất là rộng. Rất là nhiều các cái,@HUE
data\data_prepared\wavs\99Tanm9dhvc_0056.wav,chậu hoa được trồng. Có lẽ đó là những cái hình ảnh ảnh rất,@HUE
data\data_prepared\wavs\99Tanm9dhvc_0057.wav,là đẹp và gần gũi với khung cảnh làng quê.,@HUE
data\data_prepared\wavs\99Tanm9dhvc_0058.wav,Sau khi qua hết thôn lợi thế thì chúng ta đến đường Phạm Văn Đồng đây quý vị.,@HUE
data\data_prepared\wavs\99Tanm9dhvc_0059.wav,Và trước mặt quý vị đó chính là cổng của một ngôi làng cũng rất là đẹp và đúng,@HUE
data\data_prepared\wavs\99Tanm9dhvc_0060.wav,được công nhận là làng Phá Hóa đó chính là làng Ngọc Anh.,@HUE
data\data_prepared\wavs\99Tanm9dhvc_0061.wav,Như những video trước Huế Review cũng có nói là cái làng Ngọc Anh này nó gắn liền,@HUE
data\data_prepared\wavs\99Tanm9dhvc_0062.wav,với những cái câu thơ trong bài thơ Đây thôn Vĩ Dạ của nhà thơ Hà Mạc Tử.,@HUE
data\data_prepared\wavs\99Tanm9dhvc_0063.wav,Bởi vì những hàng câu à và những cái ngôi nhà hết sức là đẹp nằm ở trong cái,@HUE
data\data_prepared\wavs\99Tanm9dhvc_0064.wav,khu vực này đã làm cho thi sĩ Hà Mạc Tử đó sáng tác,@HUE
data\data_prepared\wavs\99Tanm9dhvc_0065.wav,ra một cái tuyệt phẩm đối với làng quê sứ Huế đây thôn Vĩ Dạ.,@HUE
data\data_prepared\wavs\99Tanm9dhvc_0066.wav,Ở làng Ngọc Anh thì như quý vị cũng đã thấy thì nhà cửa của bà con thì cũng khá,@HUE
data\data_prepared\wavs\99Tanm9dhvc_0067.wav,"là khang trang. Nó không còn những cái ngôi nhà lụp sụp, những cái ngôi nhà quê",@HUE
data\data_prepared\wavs\99Tanm9dhvc_0068.wav,à trước kia nữa. Và bây giờ thì theo cái sự quy hoạch của à thời đại mới thì,@HUE
data\data_prepared\wavs\99Tanm9dhvc_0069.wav,những cái ngôi nhà hiện đại được mọc lên. Tuy nhiên thì song song với nó thì,@HUE
data\data_prepared\wavs\99Tanm9dhvc_0070.wav,"vẫn tồn tại những cái đinh làng, những cái nhà thờ họ và",@HUE
data\data_prepared\wavs\99Tanm9dhvc_0071.wav,được trong những cái hàng câu trước mặt nó vẫn còn giữ lại một nét truyền thống,@HUE
data\data_prepared\wavs\99Tanm9dhvc_0072.wav,văn hóa của ngày xưa. Và ở đây thì bà con cũng à thường có những cái kỳ thu,@HUE
data\data_prepared\wavs\99Tanm9dhvc_0073.wav,"tế, những cái kỳ tế lệ khi mà đình làng hội họp.",@HUE
data\data_prepared\wavs\99Tanm9dhvc_0074.wav,"Thực sự mà Huế Review rất là tâm đắc với cái việc mà quay những cái ngôi làng,",@HUE
data\data_prepared\wavs\99Tanm9dhvc_0075.wav,"những cái đình làng, những cái nhà thờ họ cho à để giới thiệu đến quý vị cũng",@HUE
data\data_prepared\wavs\99Tanm9dhvc_0076.wav,như là giới thiệu đến du khách để cho quý vị có thể à tưởng nhớ về cái cội,@HUE
data\data_prepared\wavs\99Tanm9dhvc_0077.wav,nguồn của mình. Bởi vì Huế Trhi biết rằng là có rất nhiều quý vị khán giả xa,@HUE
data\data_prepared\wavs\99Tanm9dhvc_0078.wav,quê cũng đã mấy chục năm trời. Cũng có vị khán giả thì cũng xa quê mới đây,@HUE
data\data_prepared\wavs\99Tanm9dhvc_0079.wav,"thôi. Nhưng mà những cái hình ảnh về quê hương, những cái hận ảnh về cội nguồn",@HUE
data\data_prepared\wavs\99Tanm9dhvc_0080.wav,thì luôn luôn là à tồn tại trong suy nghĩ và tâm thức của quý vị.,@HUE
data\data_prepared\wavs\99Tanm9dhvc_0081.wav,Chắc chắc hẳn thì quý vị cũng nhận ra cái con sông này rồi đúng hả quý vị? Cái,@HUE
data\data_prepared\wavs\99Tanm9dhvc_0082.wav,con sông này thì à vừa rồi Huế Review cũng đã có quay cho quý vị xem. Tuy,@HUE
data\data_prepared\wavs\99Tanm9dhvc_0083.wav,nhiên thì ừ,@HUE
data\data_prepared\wavs\99Tanm9dhvc_0084.wav,Huế Review chỉ quay một cái bên bờ sông thôi. Còn đây chính là cái bờ sông đối,@HUE
data\data_prepared\wavs\99Tanm9dhvc_0085.wav,diện. Bên kia chính là cái,@HUE
data\data_prepared\wavs\99Tanm9dhvc_0086.wav,khu vực thuộc Thủy Vân. Còn bên này thì là thôn Chiếc Bi.,@HUE
data\data_prepared\wavs\99Tanm9dhvc_0087.wav,Ở đây thì nó vẫn còn trong cái phạm vi của làng Ngọc Anh thôi quý vị. Và sau,@HUE
data\data_prepared\wavs\99Tanm9dhvc_0088.wav,tiếp theo là Ngọc Anh đó chính là cái thôn thôn Chiết Bi thuộc xã Phú Thượng.,@HUE
data\data_prepared\wavs\99Tanm9dhvc_0089.wav,Ở đây thì quý vị cũng có thể thấy những cái nhà thờ họ nhìn rất là đẹp và được,@HUE
data\data_prepared\wavs\99Tanm9dhvc_0090.wav,à trang trí tô quét rất là đậm màu sắc. Con đường này thì rõ ràng là những lụy,@HUE
data\data_prepared\wavs\99Tanm9dhvc_0091.wav,tre làng nằm sát bên luôn làm cho chúng ta là cảm thấy là khung cảnh,@HUE
data\data_prepared\wavs\99Tanm9dhvc_0092.wav,làng quê luôn tồn tại trong mắt của mỗi người. Chính vì những cái điều này mà,@HUE
data\data_prepared\wavs\99Tanm9dhvc_0093.wav,Huế Review muốn luôn muốn mang đến những cái hình ảnh về làng quê cho quý vị xem.,@HUE
data\data_prepared\wavs\99Tanm9dhvc_0094.wav,"Bởi vì đi trên những con đường này, đi trong cái khung cảnh này luôn làm cho ta",@HUE
data\data_prepared\wavs\99Tanm9dhvc_0095.wav,"một cái cảm giác rất là yên bình và rất là thanh tịnh. Thưa quý vị,",@HUE
data\data_prepared\wavs\99Tanm9dhvc_0096.wav,"điều mà mỗi con người chúng ta đều phấn đấu, đều muốn đạt đến đó là có một cái",@HUE
data\data_prepared\wavs\99Tanm9dhvc_0097.wav,"sự thanh tịnh trong con tim. Và việc mà chúng ta đi về những cái làng quê, những",@HUE
data\data_prepared\wavs\99Tanm9dhvc_0098.wav,"cái nơi êm đệm, những cái nơi yên bình như thế này thì thực sự mà nói là làm",@HUE
data\data_prepared\wavs\99Tanm9dhvc_0099.wav,cho tâm thức của chúng ta càng ngày càng trở nên à thanh tịnh.,@HUE
data\data_prepared\wavs\99Tanm9dhvc_0100.wav,Ở đây thì dòng sông mà Huế Review muốn nói đó chính là cái dòng sông Như Ý. Đây,@HUE
data\data_prepared\wavs\99Tanm9dhvc_0101.wav,quý vị ác hẳn thì quý vị cũng đã nhận ra nếu như quý vị nào chưa coi cái video,@HUE
data\data_prepared\wavs\99Tanm9dhvc_0102.wav,trước à mà Huế Review đã quay về cái a xui dòng như ý đến cái làng quê đẹp nhất,@HUE
data\data_prepared\wavs\99Tanm9dhvc_0103.wav,của kinh thành Huế Xưa thì mời quý vị xem lại video đó để biết hên biết hơn,@HUE
data\data_prepared\wavs\99Tanm9dhvc_0104.wav,nữa về cái con sông Như Ý. Tuy nhiên thì hôm nay Huy Review lại tiếp tục xui dòng,@HUE
data\data_prepared\wavs\99Tanm9dhvc_0105.wav,như ý và đi vào những cái ngôi làng mà trước kia Huế Review chưa quay trực tiếp,@HUE
data\data_prepared\wavs\99Tanm9dhvc_0106.wav,cho quý vị xem. Thì à,@HUE
data\data_prepared\wavs\99Tanm9dhvc_0107.wav,thật ra mà nói những cái ngôi làng bên cạnh những cái,@HUE
data\data_prepared\wavs\99Tanm9dhvc_0108.wav,dòng sông như thế này nó là cái biểu tượng đặc trưng cho những cái kinh thành,@HUE
data\data_prepared\wavs\99Tanm9dhvc_0109.wav,Huế xưa. Và những cái ngôi làng này nó có nó gắn liền.,@HUE
data\data_prepared\wavs\99Tanm9dhvc_0110.wav,"với à kinh thành Huế Xưa. Thưa quý vị,",@HUE
data\data_prepared\wavs\99Tanm9dhvc_0111.wav,như quý vị đã thấy thì chúng ta đã đi vào cái địa phận của thôn Văn Hóa Chiếc,@HUE
data\data_prepared\wavs\99Tanm9dhvc_0112.wav,Bi. Và lúc trước thì Huế Review cũng hay nói vui với quý vị là tại sao đặt tên là,@HUE
data\data_prepared\wavs\99Tanm9dhvc_0113.wav,Chiếc Bi là bởi vì là ở đây thì bà con chi cũng biết nên gọi là chiếc bi.,@HUE
data\data_prepared\wavs\99Tanm9dhvc_0114.wav,Thì ắc hẳn thì những cái vị khán giả trung niên hay là những cái vị khán giả,@HUE
data\data_prepared\wavs\99Tanm9dhvc_0115.wav,mà lớn tuổi sống trong cái khu vực làng chết bi này thì cũng có thể,@HUE
data\data_prepared\wavs\99Tanm9dhvc_0116.wav,hiểu được cái cách nói vui đó. Bởi vì bà con ở đây thường thường hay nói như vậy.,@HUE
data\data_prepared\wavs\99Tanm9dhvc_0117.wav,Và quý vị có thể thấy là đình làng chiếc bi là nhìn rất là đẹp. Đây quý vị. Những,@HUE
data\data_prepared\wavs\99Tanm9dhvc_0118.wav,cái trụ biểu thì chúng ta nhìn thấy rất là cổ và những cái kiến trúc đình làng,@HUE
data\data_prepared\wavs\99Tanm9dhvc_0120.wav,"chúng ta đều thấy rằng à đi tới mỗi cái thôn, mỗi cái làng",@HUE
data\data_prepared\wavs\99Tanm9dhvc_0121.wav,"chúng ta đều thấy có đỉnh làng, những cái ngôi nhà thờ họ. Đấy và",@HUE
data\data_prepared\wavs\99Tanm9dhvc_0122.wav,chính cái điều đó nó là cái nét đặc trưng làng quê của sự Huế.,@HUE
data\data_prepared\wavs\99Tanm9dhvc_0123.wav,Và thực sự mà nói thì nãy giờ thì chúng ta không có thể không,@HUE
data\data_prepared\wavs\99Tanm9dhvc_0125.wav,là bà con thì chủ yếu sinh sống bằng nghề nông và mỗi ngày là bà con đều phải,@HUE
data\data_prepared\wavs\99Tanm9dhvc_0126.wav,ra đồng làm ruộng. Chính vì vậy mà những cái khung cảnh yên bình như thế này nó,@HUE
data\data_prepared\wavs\99Tanm9dhvc_0127.wav,luôn tồn tồn tại mãi ở cái khu vực làng quê.,@HUE
data\data_prepared\wavs\99Tanm9dhvc_0128.wav,Bởi vì nếu như không có à,@HUE
data\data_prepared\wavs\99Tanm9dhvc_0129.wav,việc đi làm đồng án thì những cái khung cảnh này nó sẽ không bao,@HUE
data\data_prepared\wavs\99Tanm9dhvc_0130.wav,giờ xuất hiện. Những à,@HUE
data\data_prepared\wavs\99Tanm9dhvc_0131.wav,những điều mà Huế Review luôn cảm thấy rất là ấn tượng ở những cái khu vực làng,@HUE
data\data_prepared\wavs\99Tanm9dhvc_0132.wav,"quê như thế này đó chính là những ngôi nhà cổ, những vườn câu trước",@HUE
data\data_prepared\wavs\99Tanm9dhvc_0133.wav,ngõ những rằng gia tàu và trước mặt là những hiện ảnh là con những cái con sông,@HUE
data\data_prepared\wavs\99Tanm9dhvc_0134.wav,Vâng và có thể nói thì à à thôn Chế Bi cũng là một trong những,@HUE
data\data_prepared\wavs\99Tanm9dhvc_0135.wav,cái thôn văn hóa rất là đẹp đây quý vị. Và đây là chính là cái khúc cuối của,@HUE
data\data_prepared\wavs\99Tanm9dhvc_0136.wav,thôn Chiếc Bi. Và trước mặt quý vị chính là một cái cổng làng của một cái ngôi,@HUE
data\data_prepared\wavs\99Tanm9dhvc_0137.wav,làng mà video trước Huế Viw cũng đã từng quay cho quý vị xem một cái ngôi chợ,@HUE
data\data_prepared\wavs\99Tanm9dhvc_0138.wav,trong cái làng này chính là làng Dưỡng Mông Thượng. Và đây chính là chùa của,@HUE
data\data_prepared\wavs\99Tanm9dhvc_0139.wav,Dưng Mông. Thì cái ngôi chùa này á nó cũng đã được à xây dựng rất là lâu đời.,@HUE
data\data_prepared\wavs\99Tanm9dhvc_0140.wav,Tuy nhiên thì bây giờ mới được trùng tu. Do đó nhìn cũng khá là mới mẻ.,@HUE
data\data_prepared\wavs\99Tanm9dhvc_0141.wav,Nhưng mà thật ra cái tuổi thọ của nó là cũng rất là lâu rồi quý vị.,@HUE
data\data_prepared\wavs\99Tanm9dhvc_0142.wav,Ở đây cũng có những cái nhà thờ họ rồi cũng à có những cái rằng tre làng bên,@HUE
data\data_prepared\wavs\99Tanm9dhvc_0143.wav,cái dòng sông Như Ý. Đấy và bà con ở đây thì quý vị cũng đã thấy là bà con là chủ,@HUE
data\data_prepared\wavs\99Tanm9dhvc_0144.wav,yếu là sinh sống bằng nghề nông trong các cái loại rau màu và đặc biệt là,@HUE
data\data_prepared\wavs\99Tanm9dhvc_0145.wav,trồng lũa. Đây quý vị đi bên phía này của dòng sông Như Ý thì,@HUE
data\data_prepared\wavs\99Tanm9dhvc_0146.wav,chúng ta thấy một cái không gian bao lao bán ngác của đồng ruộng của làng quê.,@HUE
data\data_prepared\wavs\99Tanm9dhvc_0147.wav,Chính vì vậy mà cái cảm xúc của Huế Review là cũng,@HUE
data\data_prepared\wavs\99Tanm9dhvc_0148.wav,"rất dạt giào về cái tình cảm quê hương. Đây quý vị, bầu trời thì nó rộng lớn và",@HUE
data\data_prepared\wavs\99Tanm9dhvc_0149.wav,chính những cái a cảnh đồng ruộng lúa rồi những cái ruộng hoa màu như thế này,@HUE
data\data_prepared\wavs\99Tanm9dhvc_0150.wav,là bao la bản ngác làm cho ta nhớ về một cái tuổi thơ ngày xưa. một cái tuổi thơ,@HUE
data\data_prepared\wavs\99Tanm9dhvc_0151.wav,"nô đùa, vui vẻ trên những cái cảnh đồng và cùng với những cái lũ bạn vui chơi",@HUE
data\data_prepared\wavs\99Tanm9dhvc_0152.wav,với nhau thì thực sự mà nói thì không có cái cảm xúc nào mà có thể gợi về những,@HUE
data\data_prepared\wavs\99Tanm9dhvc_0153.wav,cái kỷ niệm tuổi thơ đó bằng cái việc mà chúng ta đi trên những cái con đường,@HUE
data\data_prepared\wavs\99Tanm9dhvc_0154.wav,làng như thế này rồi nhìn những bà con nông dân tưới tiêu rồi chăm sóc những,@HUE
data\data_prepared\wavs\99Tanm9dhvc_0155.wav,cái đồng ruộng những cái cây hoa màu của mình càng ngày càng tươi tốt.,@HUE
data\data_prepared\wavs\99Tanm9dhvc_0156.wav,Đây chính là cái khu vực bến bến nước đấy. Một cái bến nước rất là lâu đời và,@HUE
data\data_prepared\wavs\99Tanm9dhvc_0157.wav,bây giờ nó vẫn có tồn tại. Cái bến nước này thì nó lại nằm cạnh một cái ngôi,@HUE
data\data_prepared\wavs\99Tanm9dhvc_0159.wav,quay những hạn trên cao về [âm nhạc] cái đình làng dưỡng mông này cho quý vị xem,@HUE
data\data_prepared\wavs\99Tanm9dhvc_0161.wav,"làng dưỡng mông nó có kiến trúc hết sức là tuyệt vời, hết sức là đẹp luôn. Những",@HUE
data\data_prepared\wavs\99Tanm9dhvc_0162.wav,"cái trụ biểu rồi những cái bức bình phong, những cái kết cấu những cái kiến",@HUE
data\data_prepared\wavs\99Tanm9dhvc_0163.wav,trúc công trình trong ngôi làng trong cái ngôi đình này thì thực sự nó rất là,@HUE
data\data_prepared\wavs\99Tanm9dhvc_0164.wav,"gần gũi và đặc trưng của kiến trúc đình làng, kiến trúc",@HUE
data\data_prepared\wavs\99Tanm9dhvc_0165.wav,ngày xưa của kinh thành Huế. Đây như quý vị cũng thể thấy là thấy lại,@HUE
data\data_prepared\wavs\99Tanm9dhvc_0167.wav,và có thể nói cái dòng sông như ý đó là một cái dòng sông gắn liền với tuổi thơ,@HUE
data\data_prepared\wavs\99Tanm9dhvc_0168.wav,của rất nhiều khán giả của kênh Huế Review. Theo như những cái khán giả chia,@HUE
data\data_prepared\wavs\99Tanm9dhvc_0169.wav,sẻ thì cái dòng sông Như Ý này đã từng à được các quý vị đó tắm à và coi như là,@HUE
data\data_prepared\wavs\99Tanm9dhvc_0170.wav,từng chơi đùa vui vẻ rồi cùng có những quý vị khán giả cũng đã chăn trâu rồi,@HUE
data\data_prepared\wavs\99Tanm9dhvc_0171.wav,giác trâu xuống biến tấm vân vân vân vân thì rất nhiều những cái kỷ niệm được,@HUE
data\data_prepared\wavs\99Tanm9dhvc_0172.wav,chia sẻ trong bên cạnh cái dòng sông như ý này.,@HUE
data\data_prepared\wavs\99Tanm9dhvc_0173.wav,Và như quý vị có thể thấy là bên bên sau cái cánh đồng ruộng này đó chính,@HUE
data\data_prepared\wavs\99Tanm9dhvc_0174.wav,là những cái ngôi nhà thờ họ của quý vị của những cái bà con ở trong cái khu vực,@HUE
data\data_prepared\wavs\99Tanm9dhvc_0175.wav,làng giỡng mọc thượng đấy. Và nhìn cái khung cảnh bầu trời trong,@HUE
data\data_prepared\wavs\99Tanm9dhvc_0176.wav,xanh cũng như là dòng nước hiền hòa và những cảnh đồng ruộng bao la bát ngác.,@HUE
data\data_prepared\wavs\99Tanm9dhvc_0177.wav,"những cái bến nước, những cái à những cây đa thì thực sự mà nói là không có",@HUE
data\data_prepared\wavs\99Tanm9dhvc_0178.wav,cái cảm xúc nào mà bằng cái cảm xúc mà được đi trên cái không khí yên bình như,@HUE
data\data_prepared\wavs\99Tanm9dhvc_0179.wav,"thế này. Thưa quý vị, đôi lúc à bên cạnh những cái cuộc sống",@HUE
data\data_prepared\wavs\99Tanm9dhvc_0180.wav,"bồ, những cái cuộc sống ồn ào của thành phố, của thành thị thì việc mà chúng ta",@HUE
data\data_prepared\wavs\99Tanm9dhvc_0181.wav,"tìm đến những cái làng quê yên tĩnh, hiền hòa và đầy chất thơ như thế này thì",@HUE
data\data_prepared\wavs\99Tanm9dhvc_0182.wav,nó lại có một cái gì đó làm cho con người chúng ta trở nên à,@HUE
data\data_prepared\wavs\99Tanm9dhvc_0184.wav,"chúng ta đối diện với những cái áp lực trong cuộc sống, đặc biệt là những cái",@HUE
data\data_prepared\wavs\99Tanm9dhvc_0185.wav,áp lực về kinh tế rồi những cái áp lực về công việc. Đó là những cái điều mà,@HUE
data\data_prepared\wavs\99Tanm9dhvc_0186.wav,chúng ta cảm thấy rất là bị stress và việc mà chúng ta đôi lúc chúng ta về một,@HUE
data\data_prepared\wavs\99Tanm9dhvc_0187.wav,cái ngôi làng yên bình và đẹp như những cái ngôi làng Ngọc Anh rồi làng chiếc bi,@HUE
data\data_prepared\wavs\99Tanm9dhvc_0188.wav,rồi làng lại thế hay là một cái ngôi làng mà Huy Review cũng muốn bonus thêm,@HUE
data\data_prepared\wavs\99Tanm9dhvc_0189.wav,cho quý vị đây khi chúng ta di chuyển qua cái cầu Công Lương ở khu vực Đức,@HUE
data\data_prepared\wavs\99Tanm9dhvc_0190.wav,Quốc lộ 49 này đây thì cái khu vực này thì chắc quý vị cũng đã rất là quen,@HUE
data\data_prepared\wavs\99Tanm9dhvc_0191.wav,thuộc. Nếu như chúng ta đi thẳng lên phía trên thì chúng ta sẽ di chuyển đến,@HUE
data\data_prepared\wavs\99Tanm9dhvc_0192.wav,cầu Vược Thủy Dương. Còn nếu như chúng ta đi theo hướng ngược lại thì chúng ta,@HUE
data\data_prepared\wavs\99Tanm9dhvc_0193.wav,sẽ về tỉnh lộ 10 và đi về th làng An Truyền. Làng An Truyền cũng,@HUE
data\data_prepared\wavs\99Tanm9dhvc_0194.wav,là một cái ngôi làng là giáo xưa tất cũ gắn liền rất là lâu đời với sự hình,@HUE
data\data_prepared\wavs\99Tanm9dhvc_0195.wav,thành của đất Thừa Thiên này thưa quý vị.,@HUE
data\data_prepared\wavs\99Tanm9dhvc_0196.wav,Và cái khu vực quốc lộ 49 này thì xe cố nhất là những cái xe tải đi rất là,@HUE
data\data_prepared\wavs\99Tanm9dhvc_0197.wav,nhiều. Đây là cái con đường huyết mặt để di chuyển từ phía Hương Thủy về Phú Vang,@HUE
data\data_prepared\wavs\99Tanm9dhvc_0198.wav,đó. Và quý vị cũng có thể thấy là hai bên,@HUE
data\data_prepared\wavs\99Tanm9dhvc_0199.wav,đường đất trống còn rất là nhiều. Đặc biệt thì những cái làng đường ở giữa,@HUE
data\data_prepared\wavs\99Tanm9dhvc_0200.wav,được trồng ở những cái cây câu như thế này thì sau này nó sẽ trở thành một cái,@HUE
data\data_prepared\wavs\99Tanm9dhvc_0201.wav,bóng mát để che chở cho cái khu vực đường quốc lộ 49 này thưa quý vị.,@HUE
data\data_prepared\wavs\99Tanm9dhvc_0202.wav,Và cái ngôi làng mà Huế review ngón [âm nhạc] bon thêm cho quý vị tiếp theo,@HUE
data\data_prepared\wavs\99Tanm9dhvc_0203.wav,đó chính là cái làng giả ly chánh. Đấy một cái ngôi làng nó gắn liền với rất,@HUE
data\data_prepared\wavs\99Tanm9dhvc_0204.wav,nhiều cái giáo sư tích cũ. những cái câu chuyện về làng quê và đặc biệt thì cái,@HUE
data\data_prepared\wavs\99Tanm9dhvc_0205.wav,cổng làng không cũng cho ta một cái cảm giác rất là cổ kính và nhìn rất là đẹp.,@HUE
data\data_prepared\wavs\99Tanm9dhvc_0206.wav,"Thưa quý vị, thực sự mà Huế Review a",@HUE
data\data_prepared\wavs\99Tanm9dhvc_0207.wav,"đi qua đi lại cái con đường này rất là nhiều lần rồi, nhưng mà khi nhìn thấy",@HUE
data\data_prepared\wavs\99Tanm9dhvc_0208.wav,cái cổng làng này vẫn cảm thấy có cái gì đó rất là mê mẩn bởi à cái,@HUE
data\data_prepared\wavs\99Tanm9dhvc_0209.wav,"bên ngoài của cái khu vực làng Già Lê Chất này. Thưa quý vị, ở đây thì những",@HUE
data\data_prepared\wavs\99Tanm9dhvc_0210.wav,cái con đường làng bây giờ nó cũng được à nâng cấp và được rải bê tông nhựa rồi.,@HUE
data\data_prepared\wavs\99Tanm9dhvc_0211.wav,nó không còn là những cái con đường đất đỏ hay những con cái đường đất mà ngày,@HUE
data\data_prepared\wavs\99Tanm9dhvc_0212.wav,xưa những cái quý vị mà sống à lâu năm à có thể nhìn thấy.,@HUE
data\data_prepared\wavs\99Tanm9dhvc_0213.wav,Và đặc biệt thì Huệ Review cảm nhận ở đây có một cái nét gì đó phong thủy rất,@HUE
data\data_prepared\wavs\99Tanm9dhvc_0214.wav,giống với kiến trúc của triều đình nhà Nguyễn. Đó chính là,@HUE
data\data_prepared\wavs\99Tanm9dhvc_0215.wav,các yếu tố thủy tụ những cái bức bình phong dù là chùa hay là nhà thờ họ hay,@HUE
data\data_prepared\wavs\99Tanm9dhvc_0216.wav,là Đình Lạc đều có đầy đủ ba yếu tố à thủy tụ bình phong và những cái kiến,@HUE
data\data_prepared\wavs\99Tanm9dhvc_0218.wav,ở đây có một cái hồ hồ cái hồ hoa sen. Một cái hồ hoa sen hiện tại thì cũng,@HUE
data\data_prepared\wavs\99Tanm9dhvc_0219.wav,đang được à trồng rất là nhiều và [âm nhạc] cũng,@HUE
data\data_prepared\wavs\99Tanm9dhvc_0220.wav,sắp đến cái ngày để nở rộ rồi quý vị. Và nếu như mà cái hồi sen này nở rộ thì,@HUE
data\data_prepared\wavs\99Tanm9dhvc_0221.wav,chắc hẳn là sẽ có rất [âm nhạc] nhiều người đến đây để chụp hình cũng như là,@HUE
data\data_prepared\wavs\99Tanm9dhvc_0222.wav,để tham quan. Bởi vì [âm nhạc] một cái hồi sen này nó có cái đường đi ra đây,@HUE
data\data_prepared\wavs\99Tanm9dhvc_0223.wav,quý vị nhìn rất là đẹp. Ở đây thì cũng [âm nhạc] có những nhà,@HUE
data\data_prepared\wavs\99Tanm9dhvc_0224.wav,thờ họ và cái hành lang bên ngoài á nhìn nó rất là thấp và nhìn nó rất là đơn sơ,@HUE
data\data_prepared\wavs\99Tanm9dhvc_0225.wav,giản dị. Nó không [âm nhạc] có cầu kỳ thôi quý vị. Và đúng cái chất làng quê,@HUE
data\data_prepared\wavs\99Tanm9dhvc_0226.wav,"luôn. Đấy, những cái con kinh, những cái con",@HUE
data\data_prepared\wavs\99Tanm9dhvc_0227.wav,"hói như thế này, những cái hói nước như thế này thì nó vẫn tồn tại xung quanh à",@HUE
data\data_prepared\wavs\99Tanm9dhvc_0228.wav,"à các cái đỉnh [âm nhạc] cổng làng là cổng nhà thờ. Đấy, nhìn rất là đẹp. Và",@HUE
data\data_prepared\wavs\99Tanm9dhvc_0229.wav,thực sự mà nói là khi đến những cái khung cảnh như thế này Huế Review cảm,@HUE
data\data_prepared\wavs\99Tanm9dhvc_0230.wav,thấy rất là tuyệt vời. Và không biết thì khán giả của kênh Huế Review có quý vị,@HUE
data\data_prepared\wavs\99Tanm9dhvc_0231.wav,"nào là ở cái khu vực thôn Giả Lê Chánh này hay không, làng giả Lê Chánh",@HUE
data\data_prepared\wavs\99Tanm9dhvc_0232.wav,[âm nhạc] này hay không? Và xin chúc mừng quý vị là bởi vì thực sự mà quý vị,@HUE
data\data_prepared\wavs\99Tanm9dhvc_0233.wav,"ở đúng một cái nơi mà thật sự là nói là thiên thời, địa lợi và nhân hòa luôn.",@HUE
data\data_prepared\wavs\99Tanm9dhvc_0234.wav,Bởi vì cái khung cảnh quá là hữu tình. [âm nhạc],@HUE
data\data_prepared\wavs\99Tanm9dhvc_0235.wav,Đây quý vị cũng có thể thấy là cái hồ Bá Nguyệt là cái yếu tố thủy tù đấy. Phong,@HUE
data\data_prepared\wavs\99Tanm9dhvc_0236.wav,thủy nó vẫn thể hiện rõ rõ nét ở cái khu vực làng quê này.,@HUE
data\data_prepared\wavs\99Tanm9dhvc_0237.wav,Và chắc có lẽ thì cũng đến ngang đây thôi.,@HUE
data\data_prepared\wavs\99Tanm9dhvc_0238.wav,Huế Review cũng sẽ kết thúc video để sau này thì Huế Review sẽ tìm hiểu kỹ hơn,@HUE
data\data_prepared\wavs\99Tanm9dhvc_0239.wav,[âm nhạc] và có thể đi sau sâu hơn vào cái làng già lê chắn này để quay cho quý,@HUE
data\data_prepared\wavs\99Tanm9dhvc_0240.wav,vị nếu như [âm nhạc] quý vị có nhu cầu. Và ai có nhu cầu thì mong quý vị comment,@HUE
data\data_prepared\wavs\99Tanm9dhvc_0241.wav,"phía dưới video, like, chia sẻ cũng như đăng ký kênh Huế [âm nhạc] Review nha",@HUE
data\data_prepared\wavs\99Tanm9dhvc_0242.wav,quý vị. Xin chào và hẹn gặp lại quý vị ở những video tiếp theo.,@HUE
data\data_prepared\wavs\_8QDxBlHZAs_0001.wav,Trong lúc mà cụ đang ngồi ăn cơm với vợ và con thì bị hai người thiếu tướng của,@HUE
data\data_prepared\wavs\_8QDxBlHZAs_0002.wav,bên mặt Trần Việt Minh ở Huế vào bắt giữ. Và thời gian không lâu sau đó thì,@HUE
data\data_prepared\wavs\_8QDxBlHZAs_0003.wav,cụ bị sử tử. Chúng ta không thể phủ nhận đến công lao của cụ đó chính là người,@HUE
data\data_prepared\wavs\_8QDxBlHZAs_0004.wav,tiên phong trong cái việc phổ biến tiếng Việt dùng để lý luận trên lĩnh vực văn,@HUE
data\data_prepared\wavs\_8QDxBlHZAs_0005.wav,hóa. Đây quý vị khi quý vị đến đường địa biên,@HUE
data\data_prepared\wavs\_8QDxBlHZAs_0006.wav,phủ thì có một cái kiệt rẽ vào đây và tới đây là có một cái quán bún bò ấy rất,@HUE
data\data_prepared\wavs\_8QDxBlHZAs_0007.wav,là ngon ở đây. Và sau đó thì sẽ có một cái cổng thôi quý vị ghi là sắc tử vàng,@HUE
data\data_prepared\wavs\_8QDxBlHZAs_0008.wav,tử tự đấy. có một cái đường để chỉ vào và bên sau cái cọc này thì chính là một,@HUE
data\data_prepared\wavs\_8QDxBlHZAs_0009.wav,ngôi lăng mộ của cụ Phạm Quỳnh. Thì cũng có rất nhiều quý vị thắc mắc là cụ Phạm,@HUE
data\data_prepared\wavs\_8QDxBlHZAs_0010.wav,Quỳnh là ai và cuộc đời của cụ là như thế nào liên quan tới triều đình nhà,@HUE
data\data_prepared\wavs\_8QDxBlHZAs_0011.wav,Nguyễn. Tôi cũng đã tìm đến đây và quay giới thiệu quý vị xem. Ngôi lăng mộ của,@HUE
data\data_prepared\wavs\_8QDxBlHZAs_0012.wav,cụ thì nằm trong một cái khuôn viên khá là nhỏ và phía trước là có một cái cổng,@HUE
data\data_prepared\wavs\_8QDxBlHZAs_0013.wav,vào cũng làm bằng sắc như thế này. À tuy nhiên thì cổng này không khóa và chúng,@HUE
data\data_prepared\wavs\_8QDxBlHZAs_0014.wav,ta có thể vào để tham quan cũng như là viến cụ. Ở đây trước cổng thì cũng có,@HUE
data\data_prepared\wavs\_8QDxBlHZAs_0015.wav,hai câu đối hai bên thôi quý vị. Đấy cổng làm kiểu kiến trúc mới cũng có,@HUE
data\data_prepared\wavs\_8QDxBlHZAs_0016.wav,những cái đó hoa sen ở trên đầu trụ. Đấy hai câu đối thì được viết bằng chữ Hán.,@HUE
data\data_prepared\wavs\_8QDxBlHZAs_0019.wav,kiểu kiến trúc thì rất là mới rồi quý vị. Bởi vì đây là một ngôi lăng mộ được,@HUE
data\data_prepared\wavs\_8QDxBlHZAs_0020.wav,cải tán. Đầu tiên sau khi bước vào cổng thì chúng ta sẽ thấy à một và hai cái,@HUE
data\data_prepared\wavs\_8QDxBlHZAs_0021.wav,ngôi mộ cạnh ngôi lăng mũ cũ. Hai ngôi mộ này thì đã tồn tại rất là lâu đời rồi,@HUE
data\data_prepared\wavs\_8QDxBlHZAs_0022.wav,và ngày xưa thì cũng có ý định là di dời. Tuy nhiên thì con cháu cũng muốn,@HUE
data\data_prepared\wavs\_8QDxBlHZAs_0024.wav,này trong công viên lăng mộ cụ luôn. Đấy thì giới thiệu qua với quý vị cụ Phạm,@HUE
data\data_prepared\wavs\_8QDxBlHZAs_0025.wav,"Quỳnh là sinh năm 1892 và mức năm 1945 thôi quý vị. Quê cũ ở phủ Bình Giang,",@HUE
data\data_prepared\wavs\_8QDxBlHZAs_0026.wav,tỉnh Hải Dương là một ngôi làng nổi tiếng là khoa bản và hiểu học. 9 tháng,@HUE
data\data_prepared\wavs\_8QDxBlHZAs_0027.wav,tuổi cụ đã mùa côi mẹ. À lúc lên 9 tuổi thì cụ mùa côi cha và được bà nội chăm,@HUE
data\data_prepared\wavs\_8QDxBlHZAs_0028.wav,"sóc. Từ nhỏ thì cụ Phạm Quỳnh là một người rất là thông minh, hiếu học và",@HUE
data\data_prepared\wavs\_8QDxBlHZAs_0029.wav,cuối cùng là thi được đổ hạng nhất vào trường Bưởi. Cái trường mà ngày xưa gọi,@HUE
data\data_prepared\wavs\_8QDxBlHZAs_0030.wav,là trường thông ngôn đây quý vị. một cái ngôi trường mà yêu cầu phải biết được,@HUE
data\data_prepared\wavs\_8QDxBlHZAs_0031.wav,pháp văn cũng như là Hán ngữ thì cụ làm đổ vào trường đó. À từ năm 1917 đến năm,@HUE
data\data_prepared\wavs\_8QDxBlHZAs_0032.wav,"1932 thì cụ là chủ bút của Nam Phong Tạp Chí, một cái tạp chí rất là nổi tiếng đó",@HUE
data\data_prepared\wavs\_8QDxBlHZAs_0033.wav,chính là một cái tạp chí văn hóa đầu tiên của nước ta. Ở đây thì chúng ta có,@HUE
data\data_prepared\wavs\_8QDxBlHZAs_0034.wav,thể thấy là một cái chân dùng à một cái bức tượng bản thân của cụ à mô tả đúng,@HUE
data\data_prepared\wavs\_8QDxBlHZAs_0035.wav,"cái hình thái của cụ Phạm Quỳnh. Đấy quý vị thấy ở trên là có một cái khăn đóng,",@HUE
data\data_prepared\wavs\_8QDxBlHZAs_0036.wav,trên đầu là có một khăn đóng và ở dưới thì khuôn mặt của cụ là cũng khá là tuấn,@HUE
data\data_prepared\wavs\_8QDxBlHZAs_0037.wav,tú. Đây quý vị cái hình bản thân này là được mô tả ở cái thời mà cụ đang làm chủ,@HUE
data\data_prepared\wavs\_8QDxBlHZAs_0038.wav,bút cho Nam Phong Tạp Chí. Ở dưới thì cũng có một cái trụ đấy. Một,@HUE
data\data_prepared\wavs\_8QDxBlHZAs_0039.wav,cái trụ này thì cũng khoảng cỡ hơn 1 m. Có ghi là nhà văn hóa Phạm Quỳnh đấy.,@HUE
data\data_prepared\wavs\_8QDxBlHZAs_0040.wav,1893 đến 1945. Như vậy thì theo một số tài liệu lịch sử á thì ghi là 1892 đến,@HUE
data\data_prepared\wavs\_8QDxBlHZAs_0041.wav,1945. Nhưng mà à bây giờ thì ở đây tôi đọc là 1893 đến 1945. Thì như vậy không,@HUE
data\data_prepared\wavs\_8QDxBlHZAs_0042.wav,biết nó có một cái nguyên do gì không? Tại sao lại có một cái sự sai lịch như,@HUE
data\data_prepared\wavs\_8QDxBlHZAs_0043.wav,thế này? sau cái bức tường bản thân đó chính là ngôi lăng mộ của cụ Phạm Quỳnh.,@HUE
data\data_prepared\wavs\_8QDxBlHZAs_0044.wav,Bây giờ tôi sẽ vào thấp hương trước sau đó thì cũng sẽ tiến hành vào quay bên,@HUE
data\data_prepared\wavs\_8QDxBlHZAs_0045.wav,trong cho quý vị xem. À chiêm ngưỡng cận cảnh ngồi lăng mộ cũ. Xin kính mời quý,@HUE
data\data_prepared\wavs\_8QDxBlHZAs_0046.wav,"vị. Vâng, kính thưa quý vị thì à đến năm",@HUE
data\data_prepared\wavs\_8QDxBlHZAs_0047.wav,1932 sau khi mà vua bỏ đại từ Pháp trở về và lên ngôi hoàng đế thì cụ Phạm,@HUE
data\data_prepared\wavs\_8QDxBlHZAs_0048.wav,Quỳnh được điều từ ngoài Hà Nội vào triều đình Huế để làm quan và ông đã,@HUE
data\data_prepared\wavs\_8QDxBlHZAs_0049.wav,từng kinh qua các cái chức là thượng thư bộ học rồi thượng thư bộ lại. Đến ngày,@HUE
data\data_prepared\wavs\_8QDxBlHZAs_0050.wav,mùng 9 tháng năm 1945 thì sau khi mà Nhật đảo chính pháp cụ à lui về sóng ẩn,@HUE
data\data_prepared\wavs\_8QDxBlHZAs_0051.wav,dật ở một cái ngôi biệt thự gọi là Hoa Đường ở bên bờ sông Phú Cam. Đấy đến,@HUE
data\data_prepared\wavs\_8QDxBlHZAs_0052.wav,ngày 28 tháng năm 1945 tr lúc mà cụ đang ngồi ăn cơm với vợ và con thì bị hai,@HUE
data\data_prepared\wavs\_8QDxBlHZAs_0053.wav,người à thiếu tướng của bên mặt Trần Việt Minh ở Huế vào bắt giữ. À và thời,@HUE
data\data_prepared\wavs\_8QDxBlHZAs_0054.wav,gian không lâu sau đó thì cụ bị sử tử. Đến năm 1956 thì sau khi con cháu đã,@HUE
data\data_prepared\wavs\_8QDxBlHZAs_0055.wav,liên hệ trong đó có nhạc sĩ Phạm Tuyên đấy thì liên hệ với một số các cái người,@HUE
data\data_prepared\wavs\_8QDxBlHZAs_0056.wav,liên quan tới cái cuộc bắt giữ năm 1945 đã tìm thấy di hài của cụ ở trong một,@HUE
data\data_prepared\wavs\_8QDxBlHZAs_0057.wav,cái khu rừng gọi là rừng hắc thú và đã cải tán về cái khu vực hiện tại mà tôi,@HUE
data\data_prepared\wavs\_8QDxBlHZAs_0058.wav,đang quay cho quý vị xem. Và đây chính là phía trước ngôi mộ của,@HUE
data\data_prepared\wavs\_8QDxBlHZAs_0059.wav,cụ là có một cái bức bình phong hình cuốn thư rất là đặc trưng rồi quý vị,@HUE
data\data_prepared\wavs\_8QDxBlHZAs_0060.wav,này. Đấy à phía ngoài thì cũng có bảo vệ một cái vòng la thành à một cái vòng,@HUE
data\data_prepared\wavs\_8QDxBlHZAs_0061.wav,thành bên ngoài à được là làm theo kiểu là xây dựng bê tông xi măng đó và cũng,@HUE
data\data_prepared\wavs\_8QDxBlHZAs_0062.wav,có những cái trụ à với những cái hình hoa sen rất là đẹp.,@HUE
data\data_prepared\wavs\_8QDxBlHZAs_0063.wav,Đặc biệt thì ở đây cũng có những cái tán cây rất là mát gồm có cây sứ rồi khế vân,@HUE
data\data_prepared\wavs\_8QDxBlHZAs_0065.wav,ngôi lăng mổ. Và trên mặt trước của bức bình phong thì chúng ta sẽ thấy có hai,@HUE
data\data_prepared\wavs\_8QDxBlHZAs_0066.wav,câu thơ là bằng chữ nôm sau đó thì được dịch lại bằng tiếng Việt. Thưa quý vị ở,@HUE
data\data_prepared\wavs\_8QDxBlHZAs_0067.wav,đây dịch ra là truyền kiều còn tiếng ta còn tiếng ta còn thì nước ta còn. Đây là,@HUE
data\data_prepared\wavs\_8QDxBlHZAs_0068.wav,hai câu thơ rất là nổi tiếng liên quan tới cụ Phạm Quỳnh mà tôi sẽ chia sẻ ở,@HUE
data\data_prepared\wavs\_8QDxBlHZAs_0069.wav,"phần cuối video về vấn đề là cụ có yêu nước hay là không yêu nước. Đấy, còn sau",@HUE
data\data_prepared\wavs\_8QDxBlHZAs_0070.wav,cái bức bên phong này thì chúng ta sẽ thấy một cái ngôi mộ hình móng ngựa đây,@HUE
data\data_prepared\wavs\_8QDxBlHZAs_0071.wav,quý vị. Đấy. À được cách điệu như thế này. Và hai cái trụ đi vào thì cũng có,@HUE
data\data_prepared\wavs\_8QDxBlHZAs_0072.wav,những cái hình xoắn ốc và kiểu dạng mây khói. À phía trên thì cũng được à làm,@HUE
data\data_prepared\wavs\_8QDxBlHZAs_0073.wav,một cách nhám nhịt như thế này. Kiểu rất là độc lạ. Đ nhìn rất là đẹp thô quý vị.,@HUE
data\data_prepared\wavs\_8QDxBlHZAs_0074.wav,Và sau cái cổng đi vào thì chúng ta sẽ thấy một cái bia mổ à một cái bia rất là,@HUE
data\data_prepared\wavs\_8QDxBlHZAs_0075.wav,lớn thưa quý vị. Được làm bằng bê tông xi măng. Tuy nhiên thì cũng được trang,@HUE
data\data_prepared\wavs\_8QDxBlHZAs_0076.wav,trí những cái họa tiết rất là đặc trưng của Quang lại Triều Nguyện ngày xưa đó,@HUE
data\data_prepared\wavs\_8QDxBlHZAs_0077.wav,chính là sông Long Châu Lưỡng Nghi. Đấy quý vị thấy hình vẽ của hai con rồng rất,@HUE
data\data_prepared\wavs\_8QDxBlHZAs_0078.wav,là rõ và cái lưỡng nghi ở giữa à có hình âm dương và tỉa tỉa như thế này. Hình,@HUE
data\data_prepared\wavs\_8QDxBlHZAs_0079.wav,mặt trời. Phía dưới thì cũng à có một cái cuốn thư đó à hoa lá cuốn thư kiểu,@HUE
data\data_prepared\wavs\_8QDxBlHZAs_0080.wav,vì cụ là một cái nhà văn hóa là một người chuyên về văn học. Chính vì vậy mà,@HUE
data\data_prepared\wavs\_8QDxBlHZAs_0081.wav,những cái họa tiết trang trí nó cũng khá liên quan tới sách vỡ đấy. Và trên bia,@HUE
data\data_prepared\wavs\_8QDxBlHZAs_0082.wav,làm bằng đá này thì được à khắc những cái chữ hán. Đấy thì cũng mong anh Quỷ,@HUE
data\data_prepared\wavs\_8QDxBlHZAs_0083.wav,La Văn dịch giúp cho Huế Rêu và quý vị trên kênh được à hiểu về những cái từ,@HUE
data\data_prepared\wavs\_8QDxBlHZAs_0084.wav,trên bia mố này. Và phía trước là có một cái đỉnh để,@HUE
data\data_prepared\wavs\_8QDxBlHZAs_0085.wav,"chúng ta thắp hương. Đấy, sau cái bia thì chính là cái khu vực tẩm mộ của cụ",@HUE
data\data_prepared\wavs\_8QDxBlHZAs_0086.wav,"Phạm Quỳnh. À tẩm mộ thì cũng rất là nhỏ, hình ô van và cũng có rải đá ở phía",@HUE
data\data_prepared\wavs\_8QDxBlHZAs_0087.wav,trên mặt như thế này. Một cái kiểu kiến trúc rất là đặc trưng cho lăng những cái,@HUE
data\data_prepared\wavs\_8QDxBlHZAs_0088.wav,"ngôi mộ của thời hiện đại rồi. Và bây giờ thì như quý vị cũng đã biết, ngôi mộ",@HUE
data\data_prepared\wavs\_8QDxBlHZAs_0089.wav,"này được cải tán. Chính vì vậy mà cụ Phạm Tuyên là con của cụ Phạm Quỳnh đấy,",@HUE
data\data_prepared\wavs\_8QDxBlHZAs_0090.wav,một cái nhạc sĩ rất là nổi tiếng đã liên lạc với các cái họ Phàm ở Việt Nam và,@HUE
data\data_prepared\wavs\_8QDxBlHZAs_0091.wav,cuối cùng thì đã trải bán về đây xây một ngôi mộ cho cụ như thế này. Cái kiểu,@HUE
data\data_prepared\wavs\_8QDxBlHZAs_0092.wav,kiến trúc ngôi mộ này thì cũng khá giống với những cái kiến trúc của các cái vị,@HUE
data\data_prepared\wavs\_8QDxBlHZAs_0093.wav,phi tần triều Nguyễn mà trước kia review cũng đã từng quay cho quý vị về lăng mộ,@HUE
data\data_prepared\wavs\_8QDxBlHZAs_0094.wav,của bà à Hiên Phi Ngô Thị Chính chẳng hạn.,@HUE
data\data_prepared\wavs\_8QDxBlHZAs_0095.wav,À ở sau thì cũng sẽ có một cái bia liên quan tới thân phận của người nằm trong,@HUE
data\data_prepared\wavs\_8QDxBlHZAs_0096.wav,tấm mộ. Tuy nhiên thì đối với ngôi mộ của cụ Phàm Quỳnh thì ở sau đ sẽ khắc,@HUE
data\data_prepared\wavs\_8QDxBlHZAs_0097.wav,"một cái câu nói rất là nổi tiếng của cụ. Tiếng là nước, có tiếng mới có nước và",@HUE
data\data_prepared\wavs\_8QDxBlHZAs_0098.wav,"có quốc văn thì mới có quốc gia. Đấy, một cái câu khẳng định rất là khẳng khái",@HUE
data\data_prepared\wavs\_8QDxBlHZAs_0099.wav,của cụ Phạm Quỳnh thể hiện được cái sự yêu nước của cụ liên quan tới vấn đề văn,@HUE
data\data_prepared\wavs\_8QDxBlHZAs_0100.wav,hóa thưa quý vị. Đó. Và đó là chính vì sao mà tôi lại nói,@HUE
data\data_prepared\wavs\_8QDxBlHZAs_0101.wav,là muốn giải thích cho quý vị là cái câu truyền kiều còn tiếng ta còn tiếng ta,@HUE
data\data_prepared\wavs\_8QDxBlHZAs_0102.wav,còn nước ta còn này nó liên quan tới cái cụ Phạm Quỳnh là có phải là người yêu,@HUE
data\data_prepared\wavs\_8QDxBlHZAs_0103.wav,nước hay không. Bây giờ thì mời quý vị lắng nghe tôi chia sẻ một số quan điểm,@HUE
data\data_prepared\wavs\_8QDxBlHZAs_0104.wav,cũng như là đưa ra những cái vấn đề chúng ta thảo luận về cái tinh thần yêu,@HUE
data\data_prepared\wavs\_8QDxBlHZAs_0105.wav,nước của cụ Phạm Quỳnh. Rồi cuộc sống của cụ. À tại vì sao tôi lại nói cụ là,@HUE
data\data_prepared\wavs\_8QDxBlHZAs_0106.wav,vị thường thư bồ lại cuối cùng của lịch sử Việt Nam? Rồi xin kính mời quý vị.,@HUE
data\data_prepared\wavs\_8QDxBlHZAs_0107.wav,Vâng kính thưa quý vị thì như phần đầu video tôi đã chia sẻ thì từ khoảng thời,@HUE
data\data_prepared\wavs\_8QDxBlHZAs_0108.wav,gian năm 1917 đến năm 1932 thì cụ Phạm Quỳnh chính là chủ bút của năm phong tạp,@HUE
data\data_prepared\wavs\_8QDxBlHZAs_0109.wav,chí. Lúc mà nam phong tạp chí ra đời thì cũng có những cái luồng ý kiến trái,@HUE
data\data_prepared\wavs\_8QDxBlHZAs_0110.wav,chiều. Có ý kiến á thì nam phong tạp chí chính là công cụ để truyền bá văn hóa,@HUE
data\data_prepared\wavs\_8QDxBlHZAs_0111.wav,thực dân. à cũng có ý kiến là cho rằng đây chính là một cái con đường đây là,@HUE
data\data_prepared\wavs\_8QDxBlHZAs_0112.wav,một hình thức mà đấu tranh của cụ dựa trên cái việc là công khai và hợp pháp à,@HUE
data\data_prepared\wavs\_8QDxBlHZAs_0113.wav,về lĩnh vực văn hóa đậu tranh chống lại thực dương pháp ấy thì không biết quý vị,@HUE
data\data_prepared\wavs\_8QDxBlHZAs_0114.wav,nghĩ sao về cái tờ năm phong tạp chí này tuy nhiên thì năm phong tạp chí ra đời,@HUE
data\data_prepared\wavs\_8QDxBlHZAs_0115.wav,có một cái hiệu ứng rất là tích cực chính là một cái tờ tạp chí à tiên phong,@HUE
data\data_prepared\wavs\_8QDxBlHZAs_0116.wav,trong việc phổ biến tiếng Việt trên đất nước ta thời bấy giờ bởi vì à tờ Năm,@HUE
data\data_prepared\wavs\_8QDxBlHZAs_0117.wav,"phòng tạp chí này được xuất bản bằng ba thứ chữ chữ Việt, chữ pháp và chữ Hán.",@HUE
data\data_prepared\wavs\_8QDxBlHZAs_0118.wav,Việc dùng ngôn ngữ tiếng Việt để lý luận thì đó là một cái điều rất là mới mẻ và,@HUE
data\data_prepared\wavs\_8QDxBlHZAs_0119.wav,cụ Phạm Quỳnh chính là người tiên phong trong a à cái vấn đề này. À vấn đề thứ,@HUE
data\data_prepared\wavs\_8QDxBlHZAs_0121.wav,một cái điều bí ẩn mà chưa tìm ra được. Nó không phải bí ẩn ở cái việc là cụ mất,@HUE
data\data_prepared\wavs\_8QDxBlHZAs_0122.wav,như thế nào mà đó là cái nguyên nhân nào dẫn đến cái chết của cụ. Chúng ta không,@HUE
data\data_prepared\wavs\_8QDxBlHZAs_0123.wav,thể phủ nhận đến công lao của cụ đó chính là người tiên phong trong cái việc,@HUE
data\data_prepared\wavs\_8QDxBlHZAs_0124.wav,phổ biến tiếng Việt dùng để lý luận trên lĩnh vực văn hóa. Và theo như nhà sử học,@HUE
data\data_prepared\wavs\_8QDxBlHZAs_0126.wav,nền văn hóa truyền thống của dân tộc ta. Cụ Phàm Quỳnh cũng chỉ là một người cầm,@HUE
data\data_prepared\wavs\_8QDxBlHZAs_0127.wav,bút thì cũng không thể nào mà có đủ sức lực để mà đấu tranh chống lại thực dân,@HUE
data\data_prepared\wavs\_8QDxBlHZAs_0128.wav,Pháp theo con đường bảo lực cách mạng như những nhân vật như là của Phan Bổi,@HUE
data\data_prepared\wavs\_8QDxBlHZAs_0130.wav,đấu tranh công khai và hợp pháp trên lĩnh vực văn hóa và năm phong tạp chí ra,@HUE
data\data_prepared\wavs\_8QDxBlHZAs_0131.wav,đời có lẽ cũng là với cái tiêu chí đó. Và nhạc sĩ Phạm Tuyên cũng đã từng đề,@HUE
data\data_prepared\wavs\_8QDxBlHZAs_0132.wav,cập tới cái vấn đề đó là khi mà Chủ tịch Hồ Chí Minh gặp hai chị gái của nhạc sĩ,@HUE
data\data_prepared\wavs\_8QDxBlHZAs_0133.wav,Phạm Tuyên tức là con gái của cụ Phạm Quỳnh thì Chủ tịch Hồ Chí Minh cũng đã,@HUE
data\data_prepared\wavs\_8QDxBlHZAs_0134.wav,từng nói rằng cụ Quỳnh là người của lịch sử thì hãy để lịch sử đánh giá. Còn lại,@HUE
data\data_prepared\wavs\_8QDxBlHZAs_0135.wav,thì con cháu của cụ cứ vững tin mà đi theo cách mạng. À cụ Phạm Quỳnh thì có,@HUE
data\data_prepared\wavs\_8QDxBlHZAs_0136.wav,một người vợ tên là Lê Thị Thân và tới 16 người con. Trong đó thì có một số,@HUE
data\data_prepared\wavs\_8QDxBlHZAs_0137.wav,người con thì cũng đã nổi tiếng thành danh à như nhạc sĩ Phạm Tuyên mà tôi nãy,@HUE
data\data_prepared\wavs\_8QDxBlHZAs_0138.wav,giờ đã nhắc đến quý vị rồi cũng có một số người co của cụ là định cư ở nước,@HUE
data\data_prepared\wavs\_8QDxBlHZAs_0140.wav,đến đây tìm và quay ngôi lăng mộ của cụ Phạm Quỳnh để giới thiệu đến quý vị. Có,@HUE
data\data_prepared\wavs\_8QDxBlHZAs_0141.wav,lẽ thì xoay quanh nhân vật này cũng có rất nhiều như luận những cái quan điểm.,@HUE
data\data_prepared\wavs\_8QDxBlHZAs_0142.wav,Tuy nhiên thì người ta nói rằng là những người nổi tiếng hay người tài giỏi thì,@HUE
data\data_prepared\wavs\_8QDxBlHZAs_0143.wav,sẽ không bao giờ được công nhận ngay thời điểm mà họ sinh sống. À bây giờ,@HUE
data\data_prepared\wavs\_8QDxBlHZAs_0144.wav,chúng ta nhìn lại thì chúng ta có thể đánh giá một cách khách quan hơn. Còn,@HUE
data\data_prepared\wavs\_8QDxBlHZAs_0145.wav,đối với quý vị thì không biết quý vị nghĩ sao về nhân vật phạm quân này. Có,@HUE
data\data_prepared\wavs\_8QDxBlHZAs_0146.wav,lẽ đến đây thì tôi cũng sẽ kết thúc video cũng kính chúc quý vị xem video là,@HUE
data\data_prepared\wavs\_8QDxBlHZAs_0147.wav,thật là vui vẻ và cũng biết thêm nhiều điều thú vị liên quan tới những cái lăng,@HUE
data\data_prepared\wavs\_8QDxBlHZAs_0148.wav,mộ của các cái vị đại thần triều Nguyễn vua chúa triều Nguyễn mà trên kênh Huế,@HUE
data\data_prepared\wavs\_8QDxBlHZAs_0149.wav,Review đã giới thiệu quý vị nói riêng và về Huế nói chung. Rồi xin chào và hẹn,@HUE
data\data_prepared\wavs\_8QDxBlHZAs_0150.wav,gặp lại quý vị ở những video tiếp theo.,@HUE
data\data_prepared\wavs\BR05hGp0nJQ_0001.wav,"Vâng, mến chào quý vị đã quay lại với Huế Review. Quý vị và các bạn thân mến",@HUE
data\data_prepared\wavs\BR05hGp0nJQ_0002.wav,thì như quý vị đã thấy thì trước mặt quý vị đó chính là cầu kho,@HUE
data\data_prepared\wavs\BR05hGp0nJQ_0003.wav,dòng sông mà được cái cầu này nổi qua thì đó là sông Ngự Hà. Và vừa rồi thì,@HUE
data\data_prepared\wavs\BR05hGp0nJQ_0004.wav,Huế Review cũng có dạo quanh cái sông Ngự Hà để cho quý vị thưởng thức cái,@HUE
data\data_prepared\wavs\BR05hGp0nJQ_0005.wav,khung cảnh bên xúc quanh sông Ngự Hà. Thì nếu như quý vị nào chưa xem thì có,@HUE
data\data_prepared\wavs\BR05hGp0nJQ_0006.wav,phải lướt xuống phần mô tả để xem cái video về sông ngự hà thôi quý vị.,@HUE
data\data_prepared\wavs\BR05hGp0nJQ_0007.wav,>> [âm nhạc] >> Tuy nhiên thì hôm nay Huế Review không,@HUE
data\data_prepared\wavs\BR05hGp0nJQ_0008.wav,phải là quay [âm nhạc] cái con đường Định Thiên,@HUE
data\data_prepared\wavs\BR05hGp0nJQ_0009.wav,"Hoàng, không phải quay sông Ngự Hà cũng không phải quay cái câu kho cho quý vị",@HUE
data\data_prepared\wavs\BR05hGp0nJQ_0010.wav,xem. Mà hôm nay Huế Đ Viên muốn giới thiệu một trong những cái thần kinh dị,@HUE
data\data_prepared\wavs\BR05hGp0nJQ_0011.wav,thập cảnh gọi là một trong 20 cái thắp cạnh của đất thần kinh. Đó chính là,@HUE
data\data_prepared\wavs\BR05hGp0nJQ_0013.wav,>> [âm nhạc] >> Thì để được đến được hồ Tịnh Tâm thì quý,@HUE
data\data_prepared\wavs\BR05hGp0nJQ_0014.wav,vị cũng có thể đi vào phía cửa ngoài của kinh thành ở,@HUE
data\data_prepared\wavs\BR05hGp0nJQ_0015.wav,phía trước và cũng có thể là vào cái phía sau là cửa hậu.,@HUE
data\data_prepared\wavs\BR05hGp0nJQ_0016.wav,"Và trước mắt quý vị đó chính là cái khu vực hồ Tịnh Tâm, một cái",@HUE
data\data_prepared\wavs\BR05hGp0nJQ_0018.wav,đồ của sứ Huế Mộng Mơ. và nằm trên cái con đường Đinh Tiên,@HUE
data\data_prepared\wavs\BR05hGp0nJQ_0019.wav,Hoàng cũng là một trong những cái con đường mà rất chi là đẹp ở Huế nằm bên,@HUE
data\data_prepared\wavs\BR05hGp0nJQ_0020.wav,trong kinh thành Huế thôi quý vị. Và không để quý vị chờ lâu thì Huế,@HUE
data\data_prepared\wavs\BR05hGp0nJQ_0021.wav,Review sẽ đến à cái hồ Tịnh Tâm sẽ đáp ngay vào hồ Tịnh Tâm để quay cho quý vị,@HUE
data\data_prepared\wavs\BR05hGp0nJQ_0022.wav,xem cái khu vực Hồ Tịch Tâm này. Trước đây bây giờ là một cái thời điểm,@HUE
data\data_prepared\wavs\BR05hGp0nJQ_0023.wav,buổi chiều mát mẻ và Huế Review cũng bon trên đường để à,@HUE
data\data_prepared\wavs\BR05hGp0nJQ_0024.wav,thưởng thức cái không khí à mạc lạnh của buổi chiều cũng như là hưởng ngọn những,@HUE
data\data_prepared\wavs\BR05hGp0nJQ_0025.wav,cái cách đẹp bên trong kinh thạch và đến xem cái hồ Tịnh Tâm bây giờ nó thay đổi,@HUE
data\data_prepared\wavs\BR05hGp0nJQ_0026.wav,như thế nào nó khác xưa ra sao. Mời quý vị cùng theo chân Huế review,@HUE
data\data_prepared\wavs\BR05hGp0nJQ_0027.wav,nha. Ở đây thì chúng ta có thể thấy có một,@HUE
data\data_prepared\wavs\BR05hGp0nJQ_0028.wav,cái bảng hướng dẫn và một cái lời giới thiệu về Hồ Tịnh Tâm.,@HUE
data\data_prepared\wavs\BR05hGp0nJQ_0029.wav,Thì không biết à những quý vị của kênh Huế Review à có ai đã từng đến cái khu,@HUE
data\data_prepared\wavs\BR05hGp0nJQ_0030.wav,vực Hồ Tịnh Tâm này chưa? Và đi vào cái con đường này chính là cái đường Lê Văn,@HUE
data\data_prepared\wavs\BR05hGp0nJQ_0031.wav,Hưu. Quý vị cũng có thể nhìn thấy những cái hình ảnh phía trên cao nhìn rất là,@HUE
data\data_prepared\wavs\BR05hGp0nJQ_0032.wav,đẹp thưa quý vị. Xa xa là tòa nhà Vincom phía bên bờ Nam.,@HUE
data\data_prepared\wavs\BR05hGp0nJQ_0033.wav,Và bên trong kinh thành thì quý vị cũng có thể thấy là mực độ nhà cửa cũng rất,@HUE
data\data_prepared\wavs\BR05hGp0nJQ_0034.wav,là dày đặc. Và hồ Tịnh Tâm của chúng ta thì như quý,@HUE
data\data_prepared\wavs\BR05hGp0nJQ_0035.wav,vị đã thấy thì nó gồm rất là nhiều cái đảo nhỏ nổi giữa lòng hồ,@HUE
data\data_prepared\wavs\BR05hGp0nJQ_0036.wav,và hồ Tịnh Tâm được xem là một cái di tích cảnh quang kiến tạo dưới triều,@HUE
data\data_prepared\wavs\BR05hGp0nJQ_0037.wav,nguyện. à dưới thời vô triệu trị được xem là một,@HUE
data\data_prepared\wavs\BR05hGp0nJQ_0038.wav,trong 20 cách đẹp của đất thần kinh. Thì trước đây á hồ nguyên là vết tích,@HUE
data\data_prepared\wavs\BR05hGp0nJQ_0039.wav,[âm nhạc] của đoạn sông Kim Long chảy qua Huế. Đầu thời Gia Long thì triều,@HUE
data\data_prepared\wavs\BR05hGp0nJQ_0040.wav,đình cho cải tạo một số đoạn sông và khơi dòng theo hướng khác để tạo thành,@HUE
data\data_prepared\wavs\BR05hGp0nJQ_0041.wav,ngự hà và hồ kỳ tế. Và như quý vị đã thấy hai cái bãi nổi,@HUE
data\data_prepared\wavs\BR05hGp0nJQ_0042.wav,lúc nãy ở trên cái hồ Tịnh Tâm á thì lúc trước,@HUE
data\data_prepared\wavs\BR05hGp0nJQ_0043.wav,[âm nhạc] được giờ dựng để làm cái kho súng và Diêm Tiêu.,@HUE
data\data_prepared\wavs\BR05hGp0nJQ_0044.wav,Và đến năm Minh Mạng thứ ba tức năm 1822 thì Triều Nguyễn đã hy động tới 8000,@HUE
data\data_prepared\wavs\BR05hGp0nJQ_0045.wav,binh lính tham gia vào việc cải Tào Hồ. Năm 1838,@HUE
data\data_prepared\wavs\BR05hGp0nJQ_0046.wav,thì vua Minh Mạng cho dời hai cái kho sang phía đông tái thiết nơi này thành,@HUE
data\data_prepared\wavs\BR05hGp0nJQ_0047.wav,một cái chốn tiêu giao giải trí à coi như là [âm nhạc] một cái vườn Thượng,@HUE
data\data_prepared\wavs\BR05hGp0nJQ_0048.wav,Uyển của vua chúa Triều Nguyễn và được đặt tên là Tịnh Tâm.,@HUE
data\data_prepared\wavs\BR05hGp0nJQ_0049.wav,Tịnh tâm hay là tỉnh tâm thì quý vị cũng có thể gọi là nó đồng nghĩa. Bởi vì mục,@HUE
data\data_prepared\wavs\BR05hGp0nJQ_0050.wav,tiêu mục đích của cái hồ này được à vua chúa lập ra là để đến để tiêu giao và,@HUE
data\data_prepared\wavs\BR05hGp0nJQ_0051.wav,vui chơi giải trí giúp cho tâm hồn nó thanh tịnh.,@HUE
data\data_prepared\wavs\BR05hGp0nJQ_0052.wav,Thì như quý vị thấy thì đi lên cái bậc cấp này thì chúng ta vừa,@HUE
data\data_prepared\wavs\BR05hGp0nJQ_0053.wav,đi qua một cái cầu,@HUE
data\data_prepared\wavs\BR05hGp0nJQ_0054.wav,và đây chính là,@HUE
data\data_prepared\wavs\BR05hGp0nJQ_0055.wav,"cái khu vực của đảo Bồng Lai, một cái đảo nổi giữa hồ. Và cái cầu mà chúng ta",@HUE
data\data_prepared\wavs\BR05hGp0nJQ_0056.wav,vừa đi qua là cầu Hồng Cử. Ở trên đảo Bồng Lai này thì Huế Review,@HUE
data\data_prepared\wavs\BR05hGp0nJQ_0057.wav,"cũng sẽ quay thật là kỹ những cái khung cảnh, những cái cảnh vật nó xuất",@HUE
data\data_prepared\wavs\BR05hGp0nJQ_0058.wav,hiện bên trong đảo Bồng Lai. So với trước kia thì bây giờ Hồ Tịnh Tâm,@HUE
data\data_prepared\wavs\BR05hGp0nJQ_0059.wav,đã được à cải tạo hơn xưa rất là nhiều. Việc xuất hiện những cái hòn non bộ như,@HUE
data\data_prepared\wavs\BR05hGp0nJQ_0060.wav,thế này thì quý vị cũng có thể thấy nó tạo nên một cái điểm nhấn cho các cái,@HUE
data\data_prepared\wavs\BR05hGp0nJQ_0061.wav,đảo. Tuy nhiên việc giữ lại những cái thành những cái bơ thành như thế này thì,@HUE
data\data_prepared\wavs\BR05hGp0nJQ_0062.wav,nó cũng là một cái điều thiết yếu bởi vì chúng ta cải tạo thì cải tạo nhưng mà,@HUE
data\data_prepared\wavs\BR05hGp0nJQ_0063.wav,những cái gì mà nó vẫn còn xưa cũ và nó vẫn còn giữ nguyên thì chúng ta nên để,@HUE
data\data_prepared\wavs\BR05hGp0nJQ_0064.wav,lại. Đó chính là một cái a ý nghĩa hết sức là,@HUE
data\data_prepared\wavs\BR05hGp0nJQ_0065.wav,to lớn trong cái việc mà trùng tư di tích.,@HUE
data\data_prepared\wavs\BR05hGp0nJQ_0066.wav,Và đi trên a cái bãi cỏ này thật ra là chúng ta không nên dẫm lên cỏ. Nhưng mà,@HUE
data\data_prepared\wavs\BR05hGp0nJQ_0067.wav,để review kỹ cho quý vị xem thì Huế Review cũng à à mạng phép được bước lên,@HUE
data\data_prepared\wavs\BR05hGp0nJQ_0068.wav,một ít cỏ để đi xuống cái phía bậc cấp này. Quý vị cũng có thể thấy là việc đảo,@HUE
data\data_prepared\wavs\BR05hGp0nJQ_0069.wav,Bồng Lai nó nằm giữa hồ như thế này. Nó tạo nên một yếu tố phong thủy cũng hết,@HUE
data\data_prepared\wavs\BR05hGp0nJQ_0071.wav,thì nó cũng à tạo nên cho ta một cái cảm giác mát mẻ vào mùa hè.,@HUE
data\data_prepared\wavs\BR05hGp0nJQ_0072.wav,Ấy và Huế bây giờ là đang vào hè thưa quý vị. Và việc mà đến đây dạo chơi vào,@HUE
data\data_prepared\wavs\BR05hGp0nJQ_0073.wav,những cái thời điểm mà cuối giờ chiều á thì nó cũng có một cái cảm giác thật là,@HUE
data\data_prepared\wavs\BR05hGp0nJQ_0074.wav,khoan khoái và sát khoái. Ở trong đảo Bồng Lai thì à nó có một cái,@HUE
data\data_prepared\wavs\BR05hGp0nJQ_0075.wav,chính điện thì được gọi là điện bồng doanh. Ở đây thì điện Bồng Doanh bây giờ,@HUE
data\data_prepared\wavs\BR05hGp0nJQ_0076.wav,cũng đã được trùng tu. Quý vị còn có thể thấy là các cột kèo bây giờ là đều làm,@HUE
data\data_prepared\wavs\BR05hGp0nJQ_0077.wav,mới hết. Và nó nổi giữa mọc lên giữa đảo như thế,@HUE
data\data_prepared\wavs\BR05hGp0nJQ_0079.wav,Bây giờ Huy Review sẽ tỏa ra bốn hướng theo bốn cái bậc cấp đi lên của cái đảo,@HUE
data\data_prepared\wavs\BR05hGp0nJQ_0080.wav,à của cái đảo Bồng Lai và cái điếng Bông doanh này để cho quý vị xem xung quanh,@HUE
data\data_prepared\wavs\BR05hGp0nJQ_0081.wav,nó như thế nào. Ở đây cũng có một cái con đường đi về phía hồ. Chúng ta bước à,@HUE
data\data_prepared\wavs\BR05hGp0nJQ_0082.wav,ra phía hồ đây thưa quý vị. Và mỗi cái hướng như thế này nó đều có,@HUE
data\data_prepared\wavs\BR05hGp0nJQ_0083.wav,một cái bến đó. Và khi mà chúng ta xuống cái bến này thì à,@HUE
data\data_prepared\wavs\BR05hGp0nJQ_0084.wav,chúng ta có thể đến thưởng à thức cái cảnh đẹp vừa ngắm cảnh vừa gi ngồi nghỉ,@HUE
data\data_prepared\wavs\BR05hGp0nJQ_0085.wav,mát thì nó có tuyệt vời. Ở đây thì trên hồ Tịnh Tâm thì quý vị,@HUE
data\data_prepared\wavs\BR05hGp0nJQ_0086.wav,không có được phép câu cá đâu quý vị. Ở đây thì cũng có một số bà con là tới,@HUE
data\data_prepared\wavs\BR05hGp0nJQ_0087.wav,đây để vớt bèo rồi,@HUE
data\data_prepared\wavs\BR05hGp0nJQ_0088.wav,đến để giải giải lao à ngồi nghỉ mát. Và quý vị thấy những cái bức tường thành,@HUE
data\data_prepared\wavs\BR05hGp0nJQ_0089.wav,như thế này nhìn nó rất là cổ kính. [âm nhạc],@HUE
data\data_prepared\wavs\BR05hGp0nJQ_0090.wav,Và thực sự mà nói thì à với cái kiểu kiến trúc cầu kỳ tinh mỹ và,@HUE
data\data_prepared\wavs\BR05hGp0nJQ_0092.wav,tiêu biểu của nghệ thuật kiếm trúc cạch quang Việt Nam thế kỷ thứ 19.,@HUE
data\data_prepared\wavs\BR05hGp0nJQ_0093.wav,Và những cái nông bộ như thế này rồi trong những cái cây cây xanh như thế này,@HUE
data\data_prepared\wavs\BR05hGp0nJQ_0094.wav,quý vị cũng có thể để ý là được trong bốn góc thưa quý vị. Và mỗi góc đều có,@HUE
data\data_prepared\wavs\BR05hGp0nJQ_0095.wav,"một cái nông bộ cũng như là một cái cây xanh mọc lên và nhìn rất là đẹp, cũng là",@HUE
data\data_prepared\wavs\BR05hGp0nJQ_0096.wav,rất là mát. Thường thì à trước kia hồ Tịnh Tâm á là được trồng các cái loại x,@HUE
data\data_prepared\wavs\BR05hGp0nJQ_0097.wav,trắng nhưng mà cũng do một số thành phần là,@HUE
data\data_prepared\wavs\BR05hGp0nJQ_0098.wav,các cái chất thải trước kia là được thải ra ở đây rất là nhiều. Và,@HUE
data\data_prepared\wavs\BR05hGp0nJQ_0099.wav,đến cái mùa luộc nữa thì các cái loại xanh trắng đó là dường như không có chịu,@HUE
data\data_prepared\wavs\BR05hGp0nJQ_0100.wav,nổi. Chính vì vậy mà hồ hồ bây giờ nó cũng rất là ít chen,@HUE
data\data_prepared\wavs\BR05hGp0nJQ_0101.wav,"và sau khi tôn tạo, sau khi cải tạo thì bây",@HUE
data\data_prepared\wavs\BR05hGp0nJQ_0102.wav,giờ hồ trở nên là đẹp hơn và nước cũng trở nên sạch sẽ hơn rất là nhiều. Và ắc,@HUE
data\data_prepared\wavs\BR05hGp0nJQ_0103.wav,hẳn thì sau này là khi mà à được trồng lại sen thì cũng hy vọng là,@HUE
data\data_prepared\wavs\BR05hGp0nJQ_0104.wav,sẽ trồng lại cái sen trắng thôi quý vị. Bởi vì cái x trắng là một cái loại sen,@HUE
data\data_prepared\wavs\BR05hGp0nJQ_0105.wav,rất là đặc trưng cho kinh thành Huế.,@HUE
data\data_prepared\wavs\BR05hGp0nJQ_0106.wav,Quý vị cũng có thể xem lại một cái hình ảnh à đảo bồng doanh à cái điện điện,@HUE
data\data_prepared\wavs\BR05hGp0nJQ_0107.wav,bồng doanh nhìn trên cao và cái đảo bồng lai đó chúng ta quay phía trên cao nhìn,@HUE
data\data_prepared\wavs\BR05hGp0nJQ_0108.wav,cũng rất chi là đẹp và một cái màu xanh là bao phủ khắp cái [âm nhạc] bả cái,@HUE
data\data_prepared\wavs\BR05hGp0nJQ_0109.wav,đảo. Ở đây cũng có một số loại bông trăng,@HUE
data\data_prepared\wavs\BR05hGp0nJQ_0110.wav,trắng này quý vị. Cái loại này thì quả thật là rất là quý phái và nó đại diện,@HUE
data\data_prepared\wavs\BR05hGp0nJQ_0111.wav,đặc trưng cho hoàng gia. Ở các cái làng quê ở các cái vùng nông,@HUE
data\data_prepared\wavs\BR05hGp0nJQ_0112.wav,thôn thì thường trồng các cái loại bông trang nhưng mà màu đỏ. Còn cái bông này,@HUE
data\data_prepared\wavs\BR05hGp0nJQ_0113.wav,là giống như loại bông bạch trà vậy. Nhìn rất là quý phái. [âm nhạc],@HUE
data\data_prepared\wavs\BR05hGp0nJQ_0114.wav,>> Ở đây thì bây giờ chúng ta sẽ qua một cái cây cầu tre,@HUE
data\data_prepared\wavs\BR05hGp0nJQ_0115.wav,và sẽ đi đến một cái đảo gọi là đảo à phương trường.,@HUE
data\data_prepared\wavs\BR05hGp0nJQ_0116.wav,Đảo phương trường thì quý vị có thể nhìn trên cao thì cũng có thể thấy là cái quy,@HUE
data\data_prepared\wavs\BR05hGp0nJQ_0117.wav,mô thì nó cái diện tích thì nó hình chữ nhật. Cái đảo Bồng Lai thì lại hình,@HUE
data\data_prepared\wavs\BR05hGp0nJQ_0118.wav,vuông và cái cái đảo mà gọi là đảo phương trường,@HUE
data\data_prepared\wavs\BR05hGp0nJQ_0119.wav,này thì có vẻ là nó nhỏ hơn so với cái đảo Bồng Lai.,@HUE
data\data_prepared\wavs\BR05hGp0nJQ_0120.wav,Nhìn trên cao thì quý vị có thể thấy hồ Tịnh Tâm,@HUE
data\data_prepared\wavs\BR05hGp0nJQ_0121.wav,bây giờ được trùng tu lại và cải tạo lại thì nhìn rất là đẹp luôn quý vị. Và nó,@HUE
data\data_prepared\wavs\BR05hGp0nJQ_0122.wav,cũng đang thu hút rất là nhiều du khách đến để tham quan và du lịch.,@HUE
data\data_prepared\wavs\BR05hGp0nJQ_0123.wav,Ở dưới hồ thì quý vị có thể thấy nước rất là trong xanh.,@HUE
data\data_prepared\wavs\BR05hGp0nJQ_0125.wav,rất là ít rồi và chắc sắp tới thì cũng sẽ được trồng thêm sen để cho cái à hồ,@HUE
data\data_prepared\wavs\BR05hGp0nJQ_0126.wav,này nó trở nên mỏng mơ như xưa.,@HUE
data\data_prepared\wavs\BR05hGp0nJQ_0127.wav,Cái đường đi lên đảo phương Trường thì quý vị cũng có thể thấy là nó cũng tương,@HUE
data\data_prepared\wavs\BR05hGp0nJQ_0128.wav,tự như cái đảo Bồng Lai. Tuy nhiên thì cái cầu bắc qua thì bên kia là cầu bê,@HUE
data\data_prepared\wavs\BR05hGp0nJQ_0129.wav,tông còn bên này thì là cầu tre gỗ. Nhìn nó có một cái sự khác biệt rõ rệt.,@HUE
data\data_prepared\wavs\BR05hGp0nJQ_0130.wav,Thì vừa rồi có một số quý vị khán giả trong đó có chị Thu Anh là cũng yêu cầu,@HUE
data\data_prepared\wavs\BR05hGp0nJQ_0131.wav,H review là quay cái à,@HUE
data\data_prepared\wavs\BR05hGp0nJQ_0133.wav,thưởng thức. Do đó là Huế Review cũng đáp ứng được yêu cầu của chị Thu Anh và,@HUE
data\data_prepared\wavs\BR05hGp0nJQ_0134.wav,một số quý vị khán giả thì cũng đến đây để quay cái hồ Tịnh Tâm.,@HUE
data\data_prepared\wavs\BR05hGp0nJQ_0135.wav,Và cái cảm giác của Huế Review khi đến đây thì nó có một cái cảm giác thật là,@HUE
data\data_prepared\wavs\BR05hGp0nJQ_0136.wav,sát khoái. Sác khoái là bởi vì khoảng cỡ 4 5:00 chiều khi mà quý vị đến đây thì,@HUE
data\data_prepared\wavs\BR05hGp0nJQ_0137.wav,"cái màu xanh của cây cây cối cũng như là những hàng tre, những cái tán cây và mùa",@HUE
data\data_prepared\wavs\BR05hGp0nJQ_0138.wav,hè nó làm cho cái tinh thần của con người mình trở nên rất,@HUE
data\data_prepared\wavs\BR05hGp0nJQ_0139.wav,là thoải mái và ờ dường như là vô âu vô lo.,@HUE
data\data_prepared\wavs\BR05hGp0nJQ_0140.wav,Đó cũng là chính là cái nguyên nhân mà tại vì sao lúc trước các cái vị vua chúa,@HUE
data\data_prepared\wavs\BR05hGp0nJQ_0141.wav,triều Nguyễn thường đến đây để đánh cờ uống trà hay là nhìn à giải trí,@HUE
data\data_prepared\wavs\BR05hGp0nJQ_0142.wav,vui chơi và hẳn thì phía bên kia thì quý vị cũng có thể thấy là cái dòng người đi,@HUE
data\data_prepared\wavs\BR05hGp0nJQ_0144.wav,những cái ánh mặt trời chiếu rọi ánh hoàng hôn à làm cho cảm giác của chúng,@HUE
data\data_prepared\wavs\BR05hGp0nJQ_0145.wav,ta là à cảm thấy là bình yên hơn.,@HUE
data\data_prepared\wavs\BR05hGp0nJQ_0146.wav,Như quý vị chắc chắc chắc có lẽ là quý vị là cũng đã nghĩ rằng tại sao một cái,@HUE
data\data_prepared\wavs\BR05hGp0nJQ_0147.wav,khung cảnh yên bình như thế này mà có gì đâu mà quay. Nhưng mà thực sự mà nói thì,@HUE
data\data_prepared\wavs\BR05hGp0nJQ_0148.wav,à Hồ Tịnh Tâm là một trong những cái thẳng cảnh rất là đẹp từ xưa cho tới,@HUE
data\data_prepared\wavs\BR05hGp0nJQ_0150.wav,thêm à một số cái tiểu tiết giúp cho hồ tịnh tâm nó càng,@HUE
data\data_prepared\wavs\BR05hGp0nJQ_0151.wav,ngày càng trở nên đẹp. Và ở trong quý vị cũng có thể thấy có,@HUE
data\data_prepared\wavs\BR05hGp0nJQ_0152.wav,một cái máy địch đó một à thực ra cái cái này thì gọi là gác,@HUE
data\data_prepared\wavs\BR05hGp0nJQ_0153.wav,Nam Huân à và ở đây là cũng có một số chú anh anh,@HUE
data\data_prepared\wavs\BR05hGp0nJQ_0154.wav,anh chú và anh bảo vệ. Ở đây là quý vị cũng có thể thấy là có một cái a khu,@HUE
data\data_prepared\wavs\BR05hGp0nJQ_0155.wav,vườn chè được trồng lên.,@HUE
data\data_prepared\wavs\BR05hGp0nJQ_0156.wav,Tuy nhiên thì bây giờ nó cũng khô khô hạn rồi.,@HUE
data\data_prepared\wavs\BR05hGp0nJQ_0157.wav,Một cái điểm nhấn ở đây cũng là tương tự so với cái đảo bông lai đó là nó cũng có,@HUE
data\data_prepared\wavs\BR05hGp0nJQ_0158.wav,một số cái nông bộ nhỏ phía bốn góc và,@HUE
data\data_prepared\wavs\BR05hGp0nJQ_0159.wav,nhìn cái bầu trời trong xanh à kết hợp với màu xanh của cây cối thì đến đây cho,@HUE
data\data_prepared\wavs\BR05hGp0nJQ_0160.wav,cho chúng ta một cái cảm giác rất là mát mẻ thôi quý vị. và cảm cảm thấy là giống,@HUE
data\data_prepared\wavs\BR05hGp0nJQ_0161.wav,như là có một cái có một cái tinh thần nó phấn chấn hơn.,@HUE
data\data_prepared\wavs\BR05hGp0nJQ_0162.wav,Chắc hẳn thì những cái quý vị khán giả nào bị stress hay là những cái quý vị,@HUE
data\data_prepared\wavs\BR05hGp0nJQ_0163.wav,khán giả nào nó họ họ bị gọi là tinh thần nó nó không có được,@HUE
data\data_prepared\wavs\BR05hGp0nJQ_0164.wav,ổn định á thì có thể đến đây để tịnh tâm. Và cái hồ này nó làm đúng cái chức,@HUE
data\data_prepared\wavs\BR05hGp0nJQ_0165.wav,năng là như vậy là đến đây để tịnh tâm. Ở phía dưới cái bờ này thì cũng có một,@HUE
data\data_prepared\wavs\BR05hGp0nJQ_0167.wav,này. Thế chắc có lẽ ở đây là có các cái chú bảo vệ trồng để ăn rau sạch đây. Và,@HUE
data\data_prepared\wavs\BR05hGp0nJQ_0168.wav,Huế Review thấy thì rau ở đây cũng nhìn rất là ngon. một số loại rau khoai rồi,@HUE
data\data_prepared\wavs\BR05hGp0nJQ_0169.wav,rau cải đây. Và quý vị thấy cái nền cái nền phía dưới bây giờ nền nhìn nó rất là,@HUE
data\data_prepared\wavs\BR05hGp0nJQ_0170.wav,"cổ, chủ yếu là các cái loại gạch mà gọi là gạch của thời xưa đấy. Đấy và cái",@HUE
data\data_prepared\wavs\BR05hGp0nJQ_0171.wav,nền bây giờ nó tuy nó bị hư hạ nhiều nhưng mà,@HUE
data\data_prepared\wavs\BR05hGp0nJQ_0172.wav,nó vẫn còn lưu giữ những cái nét cổ kính của ngày xưa.,@HUE
data\data_prepared\wavs\BR05hGp0nJQ_0173.wav,"Có thể thấy là cái nền nền này được xây rất là dày quý vị và rất là chắc. Đấy,",@HUE
data\data_prepared\wavs\BR05hGp0nJQ_0174.wav,ở đây cũng có những cái cột đèn như thế này. Nó tôn thêm cái vẻ đẹp à,@HUE
data\data_prepared\wavs\BR05hGp0nJQ_0175.wav,vừa cổ kính vừa hiện đại ở cái khu vực này.,@HUE
data\data_prepared\wavs\BR05hGp0nJQ_0176.wav,Chúng ta có thể à xem ở trên cao một cái khúc quay từ cái đảo phương trưởng đến,@HUE
data\data_prepared\wavs\BR05hGp0nJQ_0177.wav,đảo Bồng Lai và ở giữa thì có một cái D gọi là D Kim,@HUE
data\data_prepared\wavs\BR05hGp0nJQ_0178.wav,Oanh. Đây quý vị nổi liền hai bờ à bờ đông và bờ tây.,@HUE
data\data_prepared\wavs\BR05hGp0nJQ_0179.wav,Bây giờ gió thổi rất là to thôi quý vị. Cộng thêm hơi nước bóc lên nữ táp vào,@HUE
data\data_prepared\wavs\BR05hGp0nJQ_0180.wav,mặt của Huế Review. Làm cho Huế Review cảm giác là rất chi là sạc khói luôn.,@HUE
data\data_prepared\wavs\BR05hGp0nJQ_0181.wav,Bây giờ chúng ta sẽ đi ra lại cái con đường ở giữa. Và như quý vị có thể thấy,@HUE
data\data_prepared\wavs\BR05hGp0nJQ_0182.wav,là cũng có một số vị khách cũng đến đây để chụp hình cũng như là để dạo mát.,@HUE
data\data_prepared\wavs\BR05hGp0nJQ_0183.wav,Thực sự mà nói là ở nếu như ở gần đây thì chúng ta có thể ra đây để tập thể,@HUE
data\data_prepared\wavs\BR05hGp0nJQ_0184.wav,dục hay là có thể đi dạo ngắm cảnh sông nước rồi cũng như là cây cối đó. Nhìn,@HUE
data\data_prepared\wavs\BR05hGp0nJQ_0185.wav,rất là đẹp. Mời quý vị chúng ta,@HUE
data\data_prepared\wavs\BR05hGp0nJQ_0186.wav,một lần nữa nhìn từ phía trên cao xuống à hồ tịnh tâm. Hái sen ở đây chưa?,@HUE
data\data_prepared\wavs\BR05hGp0nJQ_0187.wav,thì phải nói rằng hồ Tịnh Tâm sau khi cải tạo nhìn,@HUE
data\data_prepared\wavs\BR05hGp0nJQ_0188.wav,rất chi là đẹp và quý vị có thể thấy là tuy có một số khu vực là nó có bèo bèo,@HUE
data\data_prepared\wavs\BR05hGp0nJQ_0189.wav,động lại nhưng mà nhìn chung thì mặt nước bây giờ nó nổi,@HUE
data\data_prepared\wavs\BR05hGp0nJQ_0190.wav,nó lồi ra rất là nhiều rồi. So với trước kia thì cũng có một số quý vị bà con là,@HUE
data\data_prepared\wavs\BR05hGp0nJQ_0191.wav,tâm sự là trước kia là bèo ở đây là bèo lục bình á nó mọc gọi là nó mọc à khắp,@HUE
data\data_prepared\wavs\BR05hGp0nJQ_0192.wav,mặt nước của hồ luôn. Nhìn là nó rất là mất thập thẩm thẩm mỹ,@HUE
data\data_prepared\wavs\BR05hGp0nJQ_0193.wav,và rất là mất mỹ quá. Tuy nhiên thì bây giờ nó à được cải tạo,@HUE
data\data_prepared\wavs\BR05hGp0nJQ_0194.wav,và phục hồi thì à nó chính hồ tính tâm này cũng chính là,@HUE
data\data_prepared\wavs\BR05hGp0nJQ_0195.wav,một cái điểm đến hết sức là thú vị cũng như là một cái sự lựa chọn hết sức là,@HUE
data\data_prepared\wavs\BR05hGp0nJQ_0196.wav,hợp lý cho những cái quý vị nào thích tham quan những cái danh lam thắc cạch,@HUE
data\data_prepared\wavs\BR05hGp0nJQ_0197.wav,của Huế. Đó đảo Bong La nhìn quá đẹp quý vị.,@HUE
data\data_prepared\wavs\BR05hGp0nJQ_0198.wav,Và cái con đường này thì sẽ dẫn chúng ta đến một cái ngôi trường gọi là trường,@HUE
data\data_prepared\wavs\BR05hGp0nJQ_0199.wav,Đại học Nghệ thuật Huế và mặt hồ nước trong xanh rất th rất chi là thoải mái.,@HUE
data\data_prepared\wavs\BR05hGp0nJQ_0200.wav,Và có lẽ thì Huy Review cũng sẽ kết thúc videoở đây. Và vừa rồi Huế Review cũng,@HUE
data\data_prepared\wavs\BR05hGp0nJQ_0201.wav,đã giới thiệu cái hồ tịnh tâm cho quý vị xem. Quý vị thấy hay thì mong quý vị,@HUE
data\data_prepared\wavs\BR05hGp0nJQ_0202.wav,"like và chia sẻ, đăng ký kênh Huế Review nha quý vị.",@HUE
data\data_prepared\wavs\BR05hGp0nJQ_0203.wav,Hẹn gặp lại quý vị ở những video tiếp theo.,@HUE
data\data_prepared\wavs\fhnrbv8c_7Y_0001.wav,"Vâng, mến chào quý vị đã quay lại với Huyết Review. Quý vị và các bạn thân mến",@HUE
data\data_prepared\wavs\fhnrbv8c_7Y_0002.wav,thì như quý vị đã thấy thì hiện tại Huy Review đang đứng trước một cái ngôi mộ,@HUE
data\data_prepared\wavs\fhnrbv8c_7Y_0004.wav,nay là Huế Review muốn giới thiệu cho một cái ngôi mộ rất đặc biệt. Nó tồn tại,@HUE
data\data_prepared\wavs\fhnrbv8c_7Y_0005.wav,trong một cái câu chuyện hết sức ly kỳ đó là nó trải qua một cái quá trình quậc,@HUE
data\data_prepared\wavs\fhnrbv8c_7Y_0006.wav,mộ của quân Tây Sơn nhưng mà nó vẫn tồn tại và hiện tại nó là cái ngôi mộ duy,@HUE
data\data_prepared\wavs\fhnrbv8c_7Y_0007.wav,nhất của nhà Nguyễn. thời đằng trong đó vẫn còn tồn tại cho đến ngày nay và đó,@HUE
data\data_prepared\wavs\fhnrbv8c_7Y_0008.wav,là ngôi lăng mộ của ai thì mời quý vị cùng Huế Review chúng ta khám phá cũng,@HUE
data\data_prepared\wavs\fhnrbv8c_7Y_0009.wav,như là tìm hiểu thêm về cái ngôi lăng mộ này xem nó có những cái ly kỳ những cái,@HUE
data\data_prepared\wavs\fhnrbv8c_7Y_0011.wav,thì quý vị sẽ di chuyển theo đường Thanh Hại. Thì nếu như đến được đường Thanh,@HUE
data\data_prepared\wavs\fhnrbv8c_7Y_0012.wav,Hải thì quý vị sẽ đi từ đường điển Minh Phủ sau đó là gần cái đàn năm giao á quý,@HUE
data\data_prepared\wavs\fhnrbv8c_7Y_0013.wav,vị nhìn bên tay phải sẽ có đường Thanh Hải và quý vị chạy thẳng thì sẽ đến đây.,@HUE
data\data_prepared\wavs\fhnrbv8c_7Y_0014.wav,"Và đây là địa phận của phường Thủy Xuân, thành phố Huế hiện nay. Thưa quý vị, một",@HUE
data\data_prepared\wavs\fhnrbv8c_7Y_0015.wav,cái ngôi lăng mộ tồn tại trong địa giới thành phố thì nó vẫn tồn tại cho đến,@HUE
data\data_prepared\wavs\fhnrbv8c_7Y_0016.wav,ngày nay thì đó thực sự là một cái điều ly kỵ. Và đây là cái ngôi lăng mộ duy,@HUE
data\data_prepared\wavs\fhnrbv8c_7Y_0017.wav,nhất giữ được nguyên bản ngày xưa à và nó vẫn chưa được có tác động gì của bàn,@HUE
data\data_prepared\wavs\fhnrbv8c_7Y_0018.wav,tay con người cả sau khi mà được xây dựng thưa quý vị. Và không để quý vị chờ,@HUE
data\data_prepared\wavs\fhnrbv8c_7Y_0019.wav,lâu à bây giờ mời quý vị cùng Huế review chúng ta khám phá chúng ta khám phá,@HUE
data\data_prepared\wavs\fhnrbv8c_7Y_0020.wav,những cái bí ẩn của ngôi cái lăng m cũ này. Một cái ngôi lăng mũ hết sức tuyệt,@HUE
data\data_prepared\wavs\fhnrbv8c_7Y_0021.wav,vời. Một cái ngôi lăng mũi hết sức là đẹp. Thưa quý vị xin mời quý vị.,@HUE
data\data_prepared\wavs\fhnrbv8c_7Y_0022.wav,"Vâng, kính thưa quý vị thì bên kia hiện tại đang xây dựng một cái công trình gì",@HUE
data\data_prepared\wavs\fhnrbv8c_7Y_0023.wav,đó khá là ổn. Do đó là mong quý vị thông cảm. Quay trở lại với cái ngôi lă mộ này,@HUE
data\data_prepared\wavs\fhnrbv8c_7Y_0024.wav,thì như quý vị thấy trước mặt cái ngôi lă mộ đó là một có một cái tấm bia rất,@HUE
data\data_prepared\wavs\fhnrbv8c_7Y_0025.wav,lớn và Huế Review cũng xin giới thiệu luôn đây chính là ngôi lăng mổ của chiêu,@HUE
data\data_prepared\wavs\fhnrbv8c_7Y_0026.wav,nghi phu nhân còn gọi là lăng chiêu nghi. đó lăn của,@HUE
data\data_prepared\wavs\fhnrbv8c_7Y_0027.wav,một cái vị phu nhân của một cái vị chú Nguyễn đó là phu nhân của chú Nguyễn,@HUE
data\data_prepared\wavs\fhnrbv8c_7Y_0028.wav,Phúc Khoác và cái tấm bia này là một cái tấm bia rất chi là đặc biệt nó đặc biệt,@HUE
data\data_prepared\wavs\fhnrbv8c_7Y_0029.wav,ở chỗ là một cái tấm bia duy nhất nó vẫn còn dưỡng nguyên bản và nó tồn tại cho,@HUE
data\data_prepared\wavs\fhnrbv8c_7Y_0030.wav,tới ngày nay từ thời nhà Nguyễn cho tới giờ và cái bia mộ này quý vị thấy là,@HUE
data\data_prepared\wavs\fhnrbv8c_7Y_0031.wav,nhìn rất là cao. Tuy nhiên là do cái quá trình xây dựng đường chính vì vậy mà cái,@HUE
data\data_prepared\wavs\fhnrbv8c_7Y_0032.wav,nhà bia nó đã bị tàn phá và bây giờ nó chỉ còn tồn tại duy nhất cái tấm bia này,@HUE
data\data_prepared\wavs\fhnrbv8c_7Y_0033.wav,thôi. Đó và theo như Huế Trìm hiểu thì cái tấm,@HUE
data\data_prepared\wavs\fhnrbv8c_7Y_0034.wav,bia này có tổng cộng là 883 ký tự há ngự đấy.,@HUE
data\data_prepared\wavs\fhnrbv8c_7Y_0035.wav,Ừ còn ở đây nó còn khắc được những cái dấu à tích của thời đó n quý vị này.,@HUE
data\data_prepared\wavs\fhnrbv8c_7Y_0036.wav,những cái con dấu đây và những cái hoa văn a của cái bia mộ,@HUE
data\data_prepared\wavs\fhnrbv8c_7Y_0038.wav,nhưng mà thực sự rất là tinh xảo thôi quý vị.,@HUE
data\data_prepared\wavs\fhnrbv8c_7Y_0039.wav,Và cái tấm bia này rất là cao đấy. Cao hơn cả Huế Review luôn. Thì theo như Huế,@HUE
data\data_prepared\wavs\fhnrbv8c_7Y_0040.wav,review đoán á thì cái bia này cao khoảng 3 m và như quý vị thấy là những cái họa,@HUE
data\data_prepared\wavs\fhnrbv8c_7Y_0041.wav,tiết phượng hoàng đấy. Sông Phụng Châu Nhật Nguyệt đây. Đây là chậu này là chắc,@HUE
data\data_prepared\wavs\fhnrbv8c_7Y_0042.wav,Huế Revia đoán là đây là chậu mặt trăng đấy. Có hai cung phượng hoàng nhìn cái,@HUE
data\data_prepared\wavs\fhnrbv8c_7Y_0043.wav,hoa tiết rất là đẹp luôn đó. được à khắc bằng đá và rất là tinh xảo.,@HUE
data\data_prepared\wavs\fhnrbv8c_7Y_0044.wav,Để làm được cái điều này thì không phải là dễ dàng thưa quý vị. Và cái bia cái,@HUE
data\data_prepared\wavs\fhnrbv8c_7Y_0045.wav,chân đế á đó cái chân đế thì nó cũng có những cái hoa văn cũng khá là đơn giản.,@HUE
data\data_prepared\wavs\fhnrbv8c_7Y_0046.wav,Đấy nó thể hiện được khí chất của một hoàng tộc đây quý vị.,@HUE
data\data_prepared\wavs\fhnrbv8c_7Y_0047.wav,À nhìn những cái hoa văn này thì Huế Review lại liên tưởng đến một số các cái,@HUE
data\data_prepared\wavs\fhnrbv8c_7Y_0048.wav,triều đại của nhà tầng ngày xưa đây. Nhìn nó rất là cột luôn.,@HUE
data\data_prepared\wavs\fhnrbv8c_7Y_0049.wav,Vì à thực sự mà nói thì Huế Review xem phim,@HUE
data\data_prepared\wavs\fhnrbv8c_7Y_0050.wav,Trung Quốc cũng khá là nhiều nhưng mà nhìn có vẻ một cái nét nào đó nó giống,@HUE
data\data_prepared\wavs\fhnrbv8c_7Y_0051.wav,với nhau tần. Đây quý vị có thấy giống như Huế Đ Vi không? Và quý vị cũng có,@HUE
data\data_prepared\wavs\fhnrbv8c_7Y_0052.wav,thể đưa ra những cái suy nghĩ của mình khi mà nhìn thấy những cái hình ảnh này.,@HUE
data\data_prepared\wavs\fhnrbv8c_7Y_0053.wav,Ở đây cũng có hai cái ngôi mộ ở hai phía hai bên này quý vị này. Đó và đây chính,@HUE
data\data_prepared\wavs\fhnrbv8c_7Y_0054.wav,là cái lối giữa đi vào đ cũng là một cái con đường bằng đất thôi.,@HUE
data\data_prepared\wavs\fhnrbv8c_7Y_0055.wav,Sau cái bia mổ thì chính là cái khu vực lăng mộ. Đấy như quý vị thấy,@HUE
data\data_prepared\wavs\fhnrbv8c_7Y_0056.wav,thì khu vực lăng mộ này nó có hai vòng thành. một vòng thành ngoài và một vòng,@HUE
data\data_prepared\wavs\fhnrbv8c_7Y_0057.wav,thành trong. Ở đây là có một cái bảng ghi là Nguyễn,@HUE
data\data_prepared\wavs\fhnrbv8c_7Y_0058.wav,Phúc Tộc Hệ B phòng 7 kỉnh quần công lăng diều nghi phu nhân 176 1750,@HUE
data\data_prepared\wavs\fhnrbv8c_7Y_0059.wav,và và quý vị thấy này cái vòng thanh ngoài đó bây giờ nó vẫn giữ nguyên những,@HUE
data\data_prepared\wavs\fhnrbv8c_7Y_0060.wav,cái kiến trúc nguyên bản ngày xưa và bây giờ các cái gạch nó đã bị bong trọc các,@HUE
data\data_prepared\wavs\fhnrbv8c_7Y_0061.wav,cái lớp vôi vữa bên ngoài thì nó cũng đã bị,@HUE
data\data_prepared\wavs\fhnrbv8c_7Y_0062.wav,tróc bong ra ngoài hết rồi đấy. Đấy và đặc biệt thì à cái khu vực này nó đang,@HUE
data\data_prepared\wavs\fhnrbv8c_7Y_0063.wav,được trồ rất là nhiều xã đây này ở hai bên thì như a những cái video trước Huế,@HUE
data\data_prepared\wavs\fhnrbv8c_7Y_0064.wav,Review đã quay về các cái ngôi lăng mổ của Hoàng Thân thì nhà Nguyễn á thì ở,@HUE
data\data_prepared\wavs\fhnrbv8c_7Y_0065.wav,đây trồng rất là nhiều xã bởi vì để tránh các cái à con vật như rắng rít vân,@HUE
data\data_prepared\wavs\fhnrbv8c_7Y_0066.wav,vân. Ngoài ra thì ở đây cũng là được người,@HUE
data\data_prepared\wavs\fhnrbv8c_7Y_0067.wav,dân tận dụng để mà trồng các cái loại cây như sẵn này thôi. Không biết bên,@HUE
data\data_prepared\wavs\fhnrbv8c_7Y_0068.wav,"trong kia là cây gì. Đó,",@HUE
data\data_prepared\wavs\fhnrbv8c_7Y_0069.wav,khoảng cách giữa hai cái vòng thành như quý vị thấy là nó cũng khá là rộng.,@HUE
data\data_prepared\wavs\fhnrbv8c_7Y_0070.wav,Có một điều đặc biệt mà phía review muốn nhấn mạnh ở đây chính là cái kiến trúc,@HUE
data\data_prepared\wavs\fhnrbv8c_7Y_0071.wav,nguyên bản. Chính vì giữ được cái kiến trúc nguyên bản do đó là cái lăng này,@HUE
data\data_prepared\wavs\fhnrbv8c_7Y_0072.wav,bây giờ nó rất là quý hiếm và cũng chính nhờ cái kiến trúc nguyên bản này mà vua,@HUE
data\data_prepared\wavs\fhnrbv8c_7Y_0073.wav,gia Long sau khi lên ngồi đã dùng cái kiến trúc này để xây lại tất cả các cái,@HUE
data\data_prepared\wavs\fhnrbv8c_7Y_0075.wav,Hoàng cho tới vị vua thứ chín của Trư Nguyện,@HUE
data\data_prepared\wavs\fhnrbv8c_7Y_0076.wav,đó ở đây thì bên ngoài khu lăng mộ giữa khoảng cách giữa hai vòng thành trong và,@HUE
data\data_prepared\wavs\fhnrbv8c_7Y_0077.wav,vòng thành ngoài thì cái khoảng đất này nó không có gì đặc biệt. Chính vì vậy mà,@HUE
data\data_prepared\wavs\fhnrbv8c_7Y_0078.wav,Huế Review cũng à chỉ quay cho quý vị xem ở cái phần à à bử thần ngoài là,@HUE
data\data_prepared\wavs\fhnrbv8c_7Y_0079.wav,ngang đây thôi. Còn sau đó chúng ta sẽ vào bên trong để khám phá cái bũ thanh,@HUE
data\data_prepared\wavs\fhnrbv8c_7Y_0080.wav,trồ. Thì như quý vị đã thấy thì ở đây được trồng xả rất là nhiều rồi. Do đó là,@HUE
data\data_prepared\wavs\fhnrbv8c_7Y_0081.wav,chúng ta cũng không có thể đi lui cái phía sau đó. Đấy nhưng mà có lẽ là là,@HUE
data\data_prepared\wavs\fhnrbv8c_7Y_0082.wav,phía review cũng sẽ mạng phép để đi theo cái lỗi đường mòn này luôn. Chúng ta đi,@HUE
data\data_prepared\wavs\fhnrbv8c_7Y_0083.wav,lui sâu một vòng coi thử có cái gì đặc biệt không.,@HUE
data\data_prepared\wavs\fhnrbv8c_7Y_0084.wav,Hiện tại thì khu lăng mộ này nó được tồn tại giữa,@HUE
data\data_prepared\wavs\fhnrbv8c_7Y_0085.wav,không gian a minh mông rộng lớn giữa trời đất bao la. Chính vì vậy mà cái yếu,@HUE
data\data_prepared\wavs\fhnrbv8c_7Y_0087.wav,"Ồ, ở đây cũng có một cái ngôi lăng mộ này thì không biết là đây là mộ gió hay",@HUE
data\data_prepared\wavs\fhnrbv8c_7Y_0088.wav,là mộ mộ chôn của người thật nhưng mà có lẽ là mộ của người dân chôn ở đây.,@HUE
data\data_prepared\wavs\fhnrbv8c_7Y_0089.wav,Chính vì vậy mà cái khu vực này là cần được bảo tuồn rất là nhiều.,@HUE
data\data_prepared\wavs\fhnrbv8c_7Y_0090.wav,Wow. Huyếw phát hiện thì bên ngoài này là,@HUE
data\data_prepared\wavs\fhnrbv8c_7Y_0091.wav,cũng có những cái mộ của người dân và rõ ràng là cái bũ thành này nó không thấp,@HUE
data\data_prepared\wavs\fhnrbv8c_7Y_0092.wav,như thế này đâu thôi quý vị. Chắc có lẽ là nó cũng cao hơn một chút xíu nhưng mà,@HUE
data\data_prepared\wavs\fhnrbv8c_7Y_0093.wav,do cái quá trình nó hư hại thì bây giờ nó đã bị bong tróc hết như thế này rồi.,@HUE
data\data_prepared\wavs\fhnrbv8c_7Y_0094.wav,Đấy. Giờ chúng ta chỉ thấy những cái viên gạch như thế này thôi. Đấy.,@HUE
data\data_prepared\wavs\fhnrbv8c_7Y_0095.wav,Ở đây thì ở phía sau. Dù sao chúng ta khám phá thì chúng ta,@HUE
data\data_prepared\wavs\fhnrbv8c_7Y_0096.wav,khám phá cho hết cho luôn. Bởi vì ngôi mộ này cũng không có lớn lắm. Bởi vì,@HUE
data\data_prepared\wavs\fhnrbv8c_7Y_0097.wav,theo như diện tích mà Huy Review thấy thì nó chỉ gói gọn trong cái khu vực Bũ,@HUE
data\data_prepared\wavs\fhnrbv8c_7Y_0098.wav,Thành thôi. Còn lại cái phần phía ngoài thì dường như là bị lẫn kiếm rồi.,@HUE
data\data_prepared\wavs\fhnrbv8c_7Y_0099.wav,Ở bên này cũng có một cái gò đất rất là cao. Đó nó nổi lên trên r quý vị. thì,@HUE
data\data_prepared\wavs\fhnrbv8c_7Y_0100.wav,không biết là đất do bùi lắp hay là đất cũ ngày xưa.,@HUE
data\data_prepared\wavs\fhnrbv8c_7Y_0101.wav,Wow. Như vậy thì ở đây chúng ta sẽ thấy một cái bức bên phong hậu của bữ thân,@HUE
data\data_prepared\wavs\fhnrbv8c_7Y_0102.wav,ngoài. Đây khu vực này cây cối cũng khá là rầm,@HUE
data\data_prepared\wavs\fhnrbv8c_7Y_0104.wav,tuồn ch tích cổ đô quản lý thì chắc chắn là khu vực này sẽ được trùng tu. Mà khi,@HUE
data\data_prepared\wavs\fhnrbv8c_7Y_0105.wav,trùng tu thì nó sẽ không có cái đường đất như thế này đâu. Và đặc biệt thì như,@HUE
data\data_prepared\wavs\fhnrbv8c_7Y_0106.wav,"quý vị thấy này, cái bức bên phong hậu ở bữa thân ngoài nó cũng đã bị bong tróc",@HUE
data\data_prepared\wavs\fhnrbv8c_7Y_0107.wav,hết rồi. Và chúng ta cũng không có biết là nó có cái họa tiết gì trang trí bên,@HUE
data\data_prepared\wavs\fhnrbv8c_7Y_0108.wav,trong hay không. Nhìn thì chắc có lẽ nó cũng khá là đơn,@HUE
data\data_prepared\wavs\fhnrbv8c_7Y_0109.wav,giản chứ nó cũng không có phức tạp. Và đây cũng chính là cái,@HUE
data\data_prepared\wavs\fhnrbv8c_7Y_0110.wav,tiền để sắp tới mà Huya Review làm. về các cái lăng của các cái chú Nguyễn từ,@HUE
data\data_prepared\wavs\fhnrbv8c_7Y_0111.wav,chỗ tiên Nguyễn Hoàng cho tới cái vị vô thứ chín của chư Nguyễn luôn của nhà,@HUE
data\data_prepared\wavs\fhnrbv8c_7Y_0112.wav,Nguyễn luôn ở đó đây phía sau này thì quý vị thấy đó như,@HUE
data\data_prepared\wavs\fhnrbv8c_7Y_0113.wav,vậy thì cái khu vực bổ thanh ngoài nó cũng không có cái gì đặc biệt chỉ là,@HUE
data\data_prepared\wavs\fhnrbv8c_7Y_0114.wav,những cái ruộng xả như thế này được trồng lên Đó,@HUE
data\data_prepared\wavs\fhnrbv8c_7Y_0115.wav,khá là rộng đây quý vị. Khoảng cách giữa hai cái bố thành trong và ngoài cũng khá,@HUE
data\data_prepared\wavs\fhnrbv8c_7Y_0116.wav,là chi là rất chi là rộng đây. Nhưng mà đặc trưng quý vị có thể thấy rằng đặc,@HUE
data\data_prepared\wavs\fhnrbv8c_7Y_0117.wav,trưng của các cái lăng của các cái vị chú Nguyễn thời mà đang trong á thì các,@HUE
data\data_prepared\wavs\fhnrbv8c_7Y_0118.wav,cái bụ thành nó khá là thấp thì nó không cao. Như vừa rồi Huế Riv cũng đã quay,@HUE
data\data_prepared\wavs\fhnrbv8c_7Y_0119.wav,cái lăng sọ đó lăng cơ thánh cho quý vị xem. Thì cái bộ thành nó cũng à ở phía,@HUE
data\data_prepared\wavs\fhnrbv8c_7Y_0120.wav,sau nó cũng sẽ có một cái gò đất lên và chúng ta sẽ nhìn thấy được bên trong.,@HUE
data\data_prepared\wavs\fhnrbv8c_7Y_0121.wav,Đấy bộ thành cũng khá là cao nhưng mà không cao bằng các cái lăng mộ của các,@HUE
data\data_prepared\wavs\fhnrbv8c_7Y_0122.wav,cái vua Nguyễn các cái bà chúa Nguyễn bà chúa mà phời vua Nguyễn á.,@HUE
data\data_prepared\wavs\fhnrbv8c_7Y_0123.wav,Và đây sau cái bũ thà ngoài chính là cái bổ thàh trong và đây chính là cái cổng,@HUE
data\data_prepared\wavs\fhnrbv8c_7Y_0124.wav,bổ thành đây quý vị. Quý vị thấy thì cái cọng bộ thành bây,@HUE
data\data_prepared\wavs\fhnrbv8c_7Y_0125.wav,"giờ nó cũng đã bị xóa nhò hết tất cả các cái vết tích, các cái hoa văn trang trí",@HUE
data\data_prepared\wavs\fhnrbv8c_7Y_0126.wav,bên ngoài rồi. Đây âu lại còn tồn tại thì cũng chỉ có những cái vết nhăn của,@HUE
data\data_prepared\wavs\fhnrbv8c_7Y_0127.wav,các cái à rong riêu nó b nó bám mà thôi.,@HUE
data\data_prepared\wavs\fhnrbv8c_7Y_0129.wav,như mà chúng ta không trùng tu thì nguy cơ cái này cũng sẽ trở thành phía tích.,@HUE
data\data_prepared\wavs\fhnrbv8c_7Y_0130.wav,Và rõ ràng thì trên cổng bộ thành cây nó cối cây cối nó mọc rất là nhiều luôn.,@HUE
data\data_prepared\wavs\fhnrbv8c_7Y_0131.wav,Đây những cái cây nó đâm rễ vào các cái lớp gạch ở phía trong. Chính vì vậy mà,@HUE
data\data_prepared\wavs\fhnrbv8c_7Y_0132.wav,cũng rất dễ có thể là rơi rụng này. Quý vị thấy là cái miếng gạch này có thể là,@HUE
data\data_prepared\wavs\fhnrbv8c_7Y_0133.wav,nguy cơ rơi rụng rồi này. Và rất là đáng tiếc nếu như mà cái khu lăng mộ này,@HUE
data\data_prepared\wavs\fhnrbv8c_7Y_0134.wav,"không được trung tu, không được à tôn tạo lại. Đấy và cái mặt bộ thân trong th",@HUE
data\data_prepared\wavs\fhnrbv8c_7Y_0135.wav,như quý vị thấy như vậy thì cái khu vực trên này ngang,@HUE
data\data_prepared\wavs\fhnrbv8c_7Y_0136.wav,ngang các ô học này nó cũng đã bị bên này là nó cũng đã bị bể rồi quý vị này.,@HUE
data\data_prepared\wavs\fhnrbv8c_7Y_0138.wav,vết mà của các cái a then cửa nó cũng đã bị bể,@HUE
data\data_prepared\wavs\fhnrbv8c_7Y_0139.wav,đó. Nói chung là cái mái này quý vị này cái mái này Huế R viêu phát hiện là nó,@HUE
data\data_prepared\wavs\fhnrbv8c_7Y_0140.wav,đang bị có những cái khoảng hở và có nguy cơ nó sẽ sập xuống. Nguy cơ sập,@HUE
data\data_prepared\wavs\fhnrbv8c_7Y_0141.wav,xuống lúc nào không biết. Do đó là nếu như quý vị mà ch chúng ta đến đây để,@HUE
data\data_prepared\wavs\fhnrbv8c_7Y_0142.wav,tham quan các cái di tích như thế này thì quý vị nên cẩn thận.,@HUE
data\data_prepared\wavs\fhnrbv8c_7Y_0143.wav,"Đó, ở đây thì à",@HUE
data\data_prepared\wavs\fhnrbv8c_7Y_0144.wav,các cái ô học bên trong á thì nó cũng còn nhưng mà các cái lớp trang trí phía,@HUE
data\data_prepared\wavs\fhnrbv8c_7Y_0145.wav,"ngoài, các cái lớp vôi vữa trang trí phía ngoài thì nó đã bị bong tróc ra",@HUE
data\data_prepared\wavs\fhnrbv8c_7Y_0146.wav,ngoài hết rồi. Chính vì vậy nó lồi gạch thôi. Và rõ ràng thì về cái gọi là cái,@HUE
data\data_prepared\wavs\fhnrbv8c_7Y_0147.wav,mức độ cổ cổ đại thì cái cái khu khu lăng mộ này được xem như là cổ nhất của,@HUE
data\data_prepared\wavs\fhnrbv8c_7Y_0148.wav,các cái khu lăng mộ của nhà Nguyễn rồi. Bởi vì các cái khuô lăng mộ kia thì đã,@HUE
data\data_prepared\wavs\fhnrbv8c_7Y_0149.wav,"bị quân tay sơn đào sới, còn lại chỉ có những cái ngôi lăng mộ như thế này thôi.",@HUE
data\data_prepared\wavs\fhnrbv8c_7Y_0150.wav,Nó tồn tại bên trong. Và đương nhiên là nếu như mà nó đã c gọi là nguyên bản thì,@HUE
data\data_prepared\wavs\fhnrbv8c_7Y_0151.wav,việc nó còn tồn tại những cái viên gạch và nó bong tróc các cái mã xi măng ở bên,@HUE
data\data_prepared\wavs\fhnrbv8c_7Y_0152.wav,ngoài đó là cái điều huyện nhiên. Bên a quý vị thấy thì cái khu vực B,@HUE
data\data_prepared\wavs\fhnrbv8c_7Y_0153.wav,"thành trong nó sẽ thấp hơn cái khu vực Bũ Thanh ngoài. Đấy, nó thấp hơn nhưng",@HUE
data\data_prepared\wavs\fhnrbv8c_7Y_0154.wav,mà cũng không thấp hơn bao nhiêu. Và vào phía bên trong này thì chúng ta thường,@HUE
data\data_prepared\wavs\fhnrbv8c_7Y_0155.wav,thấy á ở các cái lăng mộ của các cái à chú Nguyễn hay là các cái vua Nguyễn thì,@HUE
data\data_prepared\wavs\fhnrbv8c_7Y_0156.wav,sau cái bia mộ chính là cái bức bình phong.,@HUE
data\data_prepared\wavs\fhnrbv8c_7Y_0157.wav,nhưng mà bước qua hai bũ thành rồi chúng ta vẫn không thấy cái bức bình phong nào,@HUE
data\data_prepared\wavs\fhnrbv8c_7Y_0158.wav,thì không biết rằng là cái bức bình phong đó nó đã bị phá hủy hay là chủ,@HUE
data\data_prepared\wavs\fhnrbv8c_7Y_0159.wav,đích của cái ngôi lăng mổ này là không xây dựng bên phong nhưng mà rõ ràng thì,@HUE
data\data_prepared\wavs\fhnrbv8c_7Y_0160.wav,cái nền của cái ngôi lăng mộ này nó đã phản án được cái kiến trúc nguyên sơ của,@HUE
data\data_prepared\wavs\fhnrbv8c_7Y_0161.wav,"ngày xưa. Thật sự nó rất là đơn sơ, nó rất là giảng gì, nó không có cái gì đặc",@HUE
data\data_prepared\wavs\fhnrbv8c_7Y_0162.wav,biệt thô quý vị. Và theo r nghĩ á thì cái chân án hương này nó cũng sẽ có,@HUE
data\data_prepared\wavs\fhnrbv8c_7Y_0163.wav,những cái họa tiết trang trí nhưng mà bây giờ thì nó bị bong tróc và bị phi mờ,@HUE
data\data_prepared\wavs\fhnrbv8c_7Y_0164.wav,rồi. Chúng ta không thể nhìn thấy được cái hình hình thù của các cái hình dạng,@HUE
data\data_prepared\wavs\fhnrbv8c_7Y_0165.wav,trang trí đó. Đây ba mặt luôn quý vị. Chúng ta thấy ba mặt là không có thấy,@HUE
data\data_prepared\wavs\fhnrbv8c_7Y_0166.wav,được cái hình hù gì cả. Rồi phía trên là cái án hương đó thì sau cái án hương hờ,@HUE
data\data_prepared\wavs\fhnrbv8c_7Y_0167.wav,là chính là cái ngôi mộ của nghi phu nhân.,@HUE
data\data_prepared\wavs\fhnrbv8c_7Y_0168.wav,Đấy và nó được đặt trên một cái nền rất là cao như thế này và rộng như thế này.,@HUE
data\data_prepared\wavs\fhnrbv8c_7Y_0169.wav,Còn lại cái mộ là gồm có hai tầng. À nó chỉ đơn giản như thế thôi. Còn lại thì à,@HUE
data\data_prepared\wavs\fhnrbv8c_7Y_0170.wav,"một cái câu chuyện nó gắn liền với cái ngôi mộ này nó sẽ như thế nào, nó có",@HUE
data\data_prepared\wavs\fhnrbv8c_7Y_0172.wav,chúng ta thắp cho bà một cái nén nhang t nhớ. Sau đó là Huy Review sẽ chia sẻ,@HUE
data\data_prepared\wavs\fhnrbv8c_7Y_0173.wav,những cái điều mà Huy Review biết được về cái ngôi lặng mùa này. Cũng như là,@HUE
data\data_prepared\wavs\fhnrbv8c_7Y_0174.wav,nếu như quý vị biết được cái điều gì hay hơn thì quý vị cũng có thể chia sẻ phía,@HUE
data\data_prepared\wavs\fhnrbv8c_7Y_0175.wav,dưới comment video. Quý vị comment phía dưới video giúp Huế review và quý vị,@HUE
data\data_prepared\wavs\fhnrbv8c_7Y_0176.wav,khán giả kênh Huế Review chúng ta biết thêm nhiều hơn về cái ngôi lăng một,@HUE
data\data_prepared\wavs\fhnrbv8c_7Y_0177.wav,"tuyệt vời này. Xin mời quý vị. Vâng, kính thưa quý vị thì vừa rồi Huế",@HUE
data\data_prepared\wavs\fhnrbv8c_7Y_0178.wav,Review cũng đã thắp cho bà Chiêu Nghi phu nhân một cái nén nhang tưởng nhớ.,@HUE
data\data_prepared\wavs\fhnrbv8c_7Y_0179.wav,Còn bây giờ là Huế Review sẽ chia sẻ về người phụ nữ đang được chôn cất trong,@HUE
data\data_prepared\wavs\fhnrbv8c_7Y_0180.wav,cái ngôi lăng hộ này. Thì bà Chiêu Nghi Phu nhân có tên thật là Trần Thị Xã. Bà,@HUE
data\data_prepared\wavs\fhnrbv8c_7Y_0181.wav,là quê gốc ở Quảng Bình thưa quý vị. Bà sinh năm 1716,@HUE
data\data_prepared\wavs\fhnrbv8c_7Y_0182.wav,"và mức năm 1750, thọ 35 tuổi thì bà chính là vợ của Vũ",@HUE
data\data_prepared\wavs\fhnrbv8c_7Y_0183.wav,Vương Nguyễn Phúc Khoác vị chúa Nguyễn thứ tám của chín đời chủ Nguyễn. Thưa,@HUE
data\data_prepared\wavs\fhnrbv8c_7Y_0184.wav,quý vị đang trong như quý vị đã biết thì Trình Nguyễn,@HUE
data\data_prepared\wavs\fhnrbv8c_7Y_0185.wav,Phương Tranh cũng như là cuộc chiến giữa triều đại Tây Sơn và triều đại nhà,@HUE
data\data_prepared\wavs\fhnrbv8c_7Y_0186.wav,Nguyễn là những cái cuộc chiến hết sức là ác liệt trong cái lịch sử của Việt,@HUE
data\data_prepared\wavs\fhnrbv8c_7Y_0187.wav,Nam chúng ta. Thì vào năm 1790 á nó có một cái biến cố đó chính là là vua Quang,@HUE
data\data_prepared\wavs\fhnrbv8c_7Y_0188.wav,Trung ra lệnh cho các cái tướng lệnh của mình cho các cái tướng lệnh quân Tây Sơn,@HUE
data\data_prepared\wavs\fhnrbv8c_7Y_0189.wav,của mình đó là đào sới tất cả các cái huyệt mộ của nhà Nguyễn để,@HUE
data\data_prepared\wavs\fhnrbv8c_7Y_0190.wav,gọi là che lấp cái lịch sử của đối thủ. Tuy nhiên thì cái ngôi mộ này chính là,@HUE
data\data_prepared\wavs\fhnrbv8c_7Y_0191.wav,cái ngôi mộ duy nhất nó vẫn còn tồn tại không bị quân Tây Sơn đạo sới. Thì tại,@HUE
data\data_prepared\wavs\fhnrbv8c_7Y_0192.wav,sao tại sao ngôi làng mộ này không bị quân Tây Sơn Đào Sới thì nó là một cái,@HUE
data\data_prepared\wavs\fhnrbv8c_7Y_0193.wav,bí ẩn hết sức là kỳ bí mà bây đến bây giờ vẫn chưa có ai lý giải được. Đó à,@HUE
data\data_prepared\wavs\fhnrbv8c_7Y_0195.wav,biết tại vì sao. Và tiếp tục với cái việc mà giới thiệu về cái nhân vật này,@HUE
data\data_prepared\wavs\fhnrbv8c_7Y_0196.wav,thì lúc 20 tuổi thì bà được đưa vào Thanh Cung để hầu cận cho hoàng tử à,@HUE
data\data_prepared\wavs\fhnrbv8c_7Y_0197.wav,Nguyễn Phúc Khoác. Thật ra từ nhỏ thì bà là một người thông,@HUE
data\data_prepared\wavs\fhnrbv8c_7Y_0198.wav,"minh, hết sức đoan chính và hiền thậc. Chính vì vậy mà khi vào cung đến khi mà",@HUE
data\data_prepared\wavs\fhnrbv8c_7Y_0199.wav,Nguyễn Phúc Khoác lên ngồi lấy hiệu là Vũ Vương Nguyễn Phúc Khoác thì bà đã,@HUE
data\data_prepared\wavs\fhnrbv8c_7Y_0200.wav,được chúa phong cho làm chức quỷ nhân mà chức quỷ nhân thời đó thì được xem là,@HUE
data\data_prepared\wavs\fhnrbv8c_7Y_0201.wav,một cái chức vụ hết sức là cao trong hậu cung và bà được xem như là người lãnh,@HUE
data\data_prepared\wavs\fhnrbv8c_7Y_0202.wav,đạo hậu cung ở trong cái quá trình mà bốn tẩu cũng như là cùng với chúa các,@HUE
data\data_prepared\wavs\fhnrbv8c_7Y_0203.wav,cái chú nguyện à trong cái công cuộc mà gọi là đấu tranh chống lại quân Tây Sơn.,@HUE
data\data_prepared\wavs\fhnrbv8c_7Y_0204.wav,À cuộc đời của bà thì nhìn chung á là do nó nằm trong cái giai đoạn là phải buôn,@HUE
data\data_prepared\wavs\fhnrbv8c_7Y_0205.wav,tẩu để đạo tranh cùng với Trịnh nhà họ Trịnh cũng như là đậu đấu tranh cùng với,@HUE
data\data_prepared\wavs\fhnrbv8c_7Y_0206.wav,cuố Tây Sơn. Chính vì vậy mà cũng rất là nhiều điều mà gây khó khăn cho cho bà,@HUE
data\data_prepared\wavs\fhnrbv8c_7Y_0207.wav,lúc đó. Và đến năm 1750 thì à lúc đó là bà bị bệnh rất là nặng,@HUE
data\data_prepared\wavs\fhnrbv8c_7Y_0208.wav,nhưng mà bà vì không muốn chồng của mình lo lắng. Chính vì vậy mà đã ra lệnh cho,@HUE
data\data_prepared\wavs\fhnrbv8c_7Y_0209.wav,các cái công nữ là không có được báo cho Vũ Vương Nguyễn Khúc Khúc Khảo biết. À,@HUE
data\data_prepared\wavs\fhnrbv8c_7Y_0210.wav,chính vì điều đó mà bà không được chữ trị kịp thời và đến cuối cùng thì sau,@HUE
data\data_prepared\wavs\fhnrbv8c_7Y_0211.wav,khi mà căn bệnh quá nặng thì bà đã qua đời. Bà đã bă thể lúc à mới 35 tuổi mà,@HUE
data\data_prepared\wavs\fhnrbv8c_7Y_0212.wav,thôi. Khi mà bà qua đời thì Vũ Vương Nguyễn Phúc Khoác hết sức là tiếc,@HUE
data\data_prepared\wavs\fhnrbv8c_7Y_0213.wav,"thương, thương tiếc v cực độ. Chính vì vậy mà sau khi xây dựng cái ngôi lăng mộ",@HUE
data\data_prepared\wavs\fhnrbv8c_7Y_0214.wav,của bà thì cũng đã cho tạc tạc lên bia mổ tới 883 chữ. Trong đó là thể hiện sự,@HUE
data\data_prepared\wavs\fhnrbv8c_7Y_0215.wav,tiếc thương cũng như là tình yêu của Vũ Vương Nguyễn Phúc Khoác đối với vợ của,@HUE
data\data_prepared\wavs\fhnrbv8c_7Y_0216.wav,mình đó chính là bà Trần Thị Xã. có nhiều người so sánh cái tình cảm của Vũ,@HUE
data\data_prepared\wavs\fhnrbv8c_7Y_0217.wav,Vương Nguyễn Phúc Khoác à với cái tình cảm mà vua Tử Đức dành cho vợ của mình,@HUE
data\data_prepared\wavs\fhnrbv8c_7Y_0218.wav,thì thực sự mà nói thì cái sự khó sảnh đó nó khá là khập khiển bởi vì à,@HUE
data\data_prepared\wavs\fhnrbv8c_7Y_0219.wav,"mỗi thời gian khác nhau, mỗi chiều đại khác nhau và mỗi cái nhân vật khác nhau",@HUE
data\data_prepared\wavs\fhnrbv8c_7Y_0220.wav,"thì nó lại có những cái cách biểu thị khác nhau đối với tình cảm vợ chồng,",@HUE
data\data_prepared\wavs\fhnrbv8c_7Y_0221.wav,tình cảm gia đình và những cái câu thơ mà nó tạc trên cái văng bia mà như lúc,@HUE
data\data_prepared\wavs\fhnrbv8c_7Y_0222.wav,nãy Huế Review đã chia sẻ với quý vị nó tuy là Huế Review không có hiểu được nội,@HUE
data\data_prepared\wavs\fhnrbv8c_7Y_0223.wav,dung bên trong nhưng mà qua quá trình tìm hiểu thì Huế Review cũng biết rằng,@HUE
data\data_prepared\wavs\fhnrbv8c_7Y_0224.wav,là cái nội dung trên tấm bia nó thể hiện được cái tình yêu bao la của Vũ Vương,@HUE
data\data_prepared\wavs\fhnrbv8c_7Y_0225.wav,Nguyễn Phúc Khoác dành cho người nữ nhân của mình. Đồng thời cũng nói rõ là ông,@HUE
data\data_prepared\wavs\fhnrbv8c_7Y_0226.wav,hết sức tiếc thương cho người phụ nữ bên trong cái ngôi lăng mộ này. Bởi vì à có,@HUE
data\data_prepared\wavs\fhnrbv8c_7Y_0227.wav,bà thì Vũ Vương Nguyễn Phúc Khoác rất là vui cũng như là đã đồng hành với Vũ,@HUE
data\data_prepared\wavs\fhnrbv8c_7Y_0228.wav,Vương rất là nhiều trong những cái trận chiến. Chính vì vậy mà Vũ Vương cảm thấy,@HUE
data\data_prepared\wavs\fhnrbv8c_7Y_0229.wav,rất là tiếc thương. À nói đến đây thì chắc quý vị cũng đã,@HUE
data\data_prepared\wavs\fhnrbv8c_7Y_0230.wav,hiểu là tại vì sao những cái tấm bia rồi cái ngôi lăng mộ này được xây dựng một,@HUE
data\data_prepared\wavs\fhnrbv8c_7Y_0231.wav,cách quy mô và bìa thế như vậy. À đặc biệt thì nó lại nằm trong một cái ngọn,@HUE
data\data_prepared\wavs\fhnrbv8c_7Y_0232.wav,"đồi cũng hết sức là đẹp này. Thưa quý vị, quay lại với cái câu hỏi đó là tại",@HUE
data\data_prepared\wavs\fhnrbv8c_7Y_0234.wav,cái ngôi mộ nhà Nguyễn mà cái thời đó mà Quân Thây Sơn đã à đến đây và đào sới,@HUE
data\data_prepared\wavs\fhnrbv8c_7Y_0235.wav,thì lại trừa ra được cái ngôi mộn như thế này. À,@HUE
data\data_prepared\wavs\fhnrbv8c_7Y_0236.wav,đối với cái quan điểm cá nhân của Huy Review thì Huế Review nghĩ rằng là do,@HUE
data\data_prepared\wavs\fhnrbv8c_7Y_0237.wav,trong cái quá trình mà đấu tranh với nhà Nguyễn thì như quý vị biết cái vừa đấu,@HUE
data\data_prepared\wavs\fhnrbv8c_7Y_0238.wav,tranh mà vừa có thể là tìm mộ để cuộc mộ như thế này thì có cũng mất rất nhiều,@HUE
data\data_prepared\wavs\fhnrbv8c_7Y_0239.wav,thời gian và mất nhiều công sức. À nhưng mà quý vị biết là từ năm 1790 trở đi á,@HUE
data\data_prepared\wavs\fhnrbv8c_7Y_0240.wav,năm 1802 thì Nguyễn ảnh lên ngồi đã lấy hiệu là Gia Long. Thì từ khoảng thời,@HUE
data\data_prepared\wavs\fhnrbv8c_7Y_0241.wav,gian đó là tới cái khu khi Nguyễn Ảnh lên ngồi thì nó tới tận 10 năm à. 10 năm,@HUE
data\data_prepared\wavs\fhnrbv8c_7Y_0242.wav,tuy là dài nhưng mà nó cũng không phải là dài để mà có thể có thời gian để mà,@HUE
data\data_prepared\wavs\fhnrbv8c_7Y_0244.wav,m lă mộ này nó tồn tại ở một cái vị trí biệt lập và ít người biết đến. Chính vì,@HUE
data\data_prepared\wavs\fhnrbv8c_7Y_0245.wav,vậy mà quân Tây Sơn tìm không ra. Do đó là quân Tây Sơn đào không đào sở mà,@HUE
data\data_prepared\wavs\fhnrbv8c_7Y_0246.wav,thôi. Còn lại mà nếu như mà quân Tây Sơn mà tìm được thì chắc chắn cũng sẽ đào sớ,@HUE
data\data_prepared\wavs\fhnrbv8c_7Y_0247.wav,chứ không có không có có khác gì những cái ngôi mộ trước kia. Bởi vì như quý vị,@HUE
data\data_prepared\wavs\fhnrbv8c_7Y_0248.wav,biết thì lăng mộ của chính chú Nguyễn nó nằm ở phía tây kinh thành và nó nằm ở,@HUE
data\data_prepared\wavs\fhnrbv8c_7Y_0249.wav,cái phía mà trên tuần đi lên. Đấy thì thường thường nó nằm rải rác và nó liên,@HUE
data\data_prepared\wavs\fhnrbv8c_7Y_0250.wav,tục với nhau như vậy. Nhưng mà ở cái khu vực này thì nó là biệt lập và lại là một,@HUE
data\data_prepared\wavs\fhnrbv8c_7Y_0251.wav,cái khu lăng mộ của một cái người nữ nhân là vợ của chú Nguyễn nữa. Chính vì,@HUE
data\data_prepared\wavs\fhnrbv8c_7Y_0252.wav,vậy mà nó cũng không có quan trọng bằng cái việc mà đi đào và đào sới và quậc mộ,@HUE
data\data_prepared\wavs\fhnrbv8c_7Y_0253.wav,của những cái vị chú Nguyễn. Chính vì vậy mà hiếu r nghĩ đó là lý do mà tại vì,@HUE
data\data_prepared\wavs\fhnrbv8c_7Y_0254.wav,sao cái ngôi mộ này nó vẫn tồn tại à qua cái thời sơn. Quý vị nghĩ như thế nào về,@HUE
data\data_prepared\wavs\fhnrbv8c_7Y_0255.wav,cái lý lẽ này thì quý vị cũng có thể biểu tỏ biểu thị cái chính kiến của mình,@HUE
data\data_prepared\wavs\fhnrbv8c_7Y_0256.wav,bằng những cái comment phía dưới video xem thử à quý vị có nghĩ như Huế Review,@HUE
data\data_prepared\wavs\fhnrbv8c_7Y_0257.wav,không. Còn lại nếu như quý vị không nghĩ giống như Huế Review thì quý vị có thể,@HUE
data\data_prepared\wavs\fhnrbv8c_7Y_0258.wav,chia sẻ là cái suy nghĩ của mình về cái nguyên nhân tại vì sao cái ngôi mũa này,@HUE
data\data_prepared\wavs\fhnrbv8c_7Y_0259.wav,không bị cục mộ. Tuy nhiên nói đi thì nó phải nói lại là,@HUE
data\data_prepared\wavs\fhnrbv8c_7Y_0260.wav,cái nữ nhân ở trong cái ngôi mù này cũng là một cái bà hoàng của thời nhà Nguyễn.,@HUE
data\data_prepared\wavs\fhnrbv8c_7Y_0262.wav,rằng bà cũng là một người hết sức là đôn hậu cũng như là rất là tài giỏi và rất,@HUE
data\data_prepared\wavs\fhnrbv8c_7Y_0263.wav,là biết chiều chuộng chồng mình để mà có những cái sự thương tiếc đến tột độ như,@HUE
data\data_prepared\wavs\fhnrbv8c_7Y_0264.wav,vậy của Vũ Vương Nguyễn Phúc Khoác thì cũng mong rằng là cái ngôi lăng mộ này,@HUE
data\data_prepared\wavs\fhnrbv8c_7Y_0265.wav,thì quý vị chúng ta khi nào mà đến chùa Từ Hiếu hay là có thể là đi ngang cái,@HUE
data\data_prepared\wavs\fhnrbv8c_7Y_0266.wav,đường Thanh Hải thì quý vị cũng có thể ghé ngang đây để thắp cho bà một cái nén,@HUE
data\data_prepared\wavs\fhnrbv8c_7Y_0267.wav,nhang tử nhớ. Cái thứ hai nữa là Huế Review cũng mong rằng là sau cái video,@HUE
data\data_prepared\wavs\fhnrbv8c_7Y_0268.wav,này thì quý vị có thể chia sẻ và lan tỏa để cho đôi lúc những cái vị trong trung,@HUE
data\data_prepared\wavs\fhnrbv8c_7Y_0269.wav,tâm bảo tù di tích cổ đô á biết được và có thể là nhiều người biết hơn nữa để,@HUE
data\data_prepared\wavs\fhnrbv8c_7Y_0270.wav,cho có thể là cái khu vực này được đưa vào cái danh sách là di tích được trùng,@HUE
data\data_prepared\wavs\fhnrbv8c_7Y_0271.wav,tu và bảo quản bởi vì như Huế Ru thấy thì cái khu vực này bây giờ hiện tại nó,@HUE
data\data_prepared\wavs\fhnrbv8c_7Y_0273.wav,sẻ cho quý vị ngày hôm nay chính là cái việc mà tại cái việc là nguyên nhân tại,@HUE
data\data_prepared\wavs\fhnrbv8c_7Y_0274.wav,vì sao cái ng khu lăng mộ này nó sống sót qua cái thời Tây Sơn. Thì nếu như,@HUE
data\data_prepared\wavs\fhnrbv8c_7Y_0275.wav,"quý vị có những cái ý kiến, những cái biểu, những cái góp ý nào phía thì quý",@HUE
data\data_prepared\wavs\fhnrbv8c_7Y_0276.wav,vị có thể comment phía dưới video giúp Huế review. Và chúng ta cùng chiêm,@HUE
data\data_prepared\wavs\fhnrbv8c_7Y_0277.wav,"ngưỡng cái ngôi lăng mộ này, một cái ngôi lăng mộ rất là cổ và còn bảo toàn",@HUE
data\data_prepared\wavs\fhnrbv8c_7Y_0278.wav,tính nguyên vẹn của nó trong cái thời đằng trong nhà Nguyễn. Đến đây thì chắc,@HUE
data\data_prepared\wavs\fhnrbv8c_7Y_0279.wav,có lẽ là Huế Review cũng xin kết thúc video. Nếu như quý vị thấy video này hay,@HUE
data\data_prepared\wavs\fhnrbv8c_7Y_0280.wav,"và ý nghĩa thì mong quý vị like, chia sẻ, đăng ký kênh Huế Review để nhận",@HUE
data\data_prepared\wavs\fhnrbv8c_7Y_0281.wav,những cái video mới nhất từ kênh Huế Review nói riêng cũng như là những cái,@HUE
data\data_prepared\wavs\fhnrbv8c_7Y_0282.wav,"video về Huế nói chung. Thưa quý vị, mời quý vị nhìn ngắm lại cái ngôi làng mộ",@HUE
data\data_prepared\wavs\fhnrbv8c_7Y_0283.wav,"này. Đấy, rồi bây giờ Huế R cũng xin chúc quý vị luôn sức khỏe, dồi dào, an",@HUE
data\data_prepared\wavs\fhnrbv8c_7Y_0284.wav,khang và gặp nhiều may mắn trong cuộc sống. À hẹn gặp lại quý vị ở những video,@HUE
data\data_prepared\wavs\fhnrbv8c_7Y_0285.wav,tiếp theo.,@HUE
data\data_prepared\wavs\gFVP-BxwbCU_0001.wav,"Vâng, mến chào quý vị đã quay trở lại với Huế Review. Quý vị và các bạn thân",@HUE
data\data_prepared\wavs\gFVP-BxwbCU_0002.wav,"mến, hiện tại thì Huế Review đang đứng ở ngay cái chỗ cầu phao này thưa quý vị.",@HUE
data\data_prepared\wavs\gFVP-BxwbCU_0003.wav,Đây một cái cầu phao nó bắt từ xã Thủy Bằng qua xã Hương Thọ của thị xã Hương,@HUE
data\data_prepared\wavs\gFVP-BxwbCU_0004.wav,Thủy và thị xã Hương Trả đây. Tuy nhiên hôm nay thì Huế Review tìm đến cái con,@HUE
data\data_prepared\wavs\gFVP-BxwbCU_0005.wav,đường này là kính để quay cho quý vị xem. Đấy một cái ngôi lăng mộ liên quan,@HUE
data\data_prepared\wavs\gFVP-BxwbCU_0006.wav,đến một cái vị chúa Nguyễn thưa quý vị. Vừa rồi thì Huế R cũng đã quay những cái,@HUE
data\data_prepared\wavs\gFVP-BxwbCU_0008.wav,liên quan tới những cái triều vua Nguyễn. Còn bây giờ thì để đáp lại cái,@HUE
data\data_prepared\wavs\gFVP-BxwbCU_0009.wav,sự mong mỏi của quý vị thì Huế Review cũng sẽ quay lăng của chín chúa Nguyễn.,@HUE
data\data_prepared\wavs\gFVP-BxwbCU_0010.wav,Và cái lăng đầu tiên đó chính là lăng của chúa tiên Nguyễn Hoàng. Và đây là,@HUE
data\data_prepared\wavs\gFVP-BxwbCU_0011.wav,chính là cái con đường mà đi ngắn nhất. à chúng ta di chuyển từ đường khả định,@HUE
data\data_prepared\wavs\gFVP-BxwbCU_0012.wav,sau đó là lên à chợ tuần và đến đây là cái câu phao này. Cái câu phao này cũng,@HUE
data\data_prepared\wavs\gFVP-BxwbCU_0013.wav,xây dựng rất là lâu rồi và đây chính là cái con đường có vẻ có thể gọi là ngắn,@HUE
data\data_prepared\wavs\gFVP-BxwbCU_0015.wav,"không để quý vị chờ lâu, bây giờ chúng ta sẽ di chuyển theo từng cái cung đường",@HUE
data\data_prepared\wavs\gFVP-BxwbCU_0016.wav,này để tìm đến lăng của chủ tiên Nguyễn Hòa. Xin kính mời quý vị.,@HUE
data\data_prepared\wavs\gFVP-BxwbCU_0017.wav,Vâng và sau đây thì chúng ta sẽ di chuyển đi qua cái cầu phao này. Mà hiện,@HUE
data\data_prepared\wavs\gFVP-BxwbCU_0018.wav,tại cảm giác của Huy R cảm thấy rất là mát thô quý vị. Nhưng mà cũng à rất là,@HUE
data\data_prepared\wavs\gFVP-BxwbCU_0019.wav,thấy rung rung là bởi vì à đi cái cầu phao này nó khá là góc gần và nhìn chung,@HUE
data\data_prepared\wavs\gFVP-BxwbCU_0021.wav,thú vị thôi quý vị. Thì sau khi di chuyển qua cái câu phao,@HUE
data\data_prepared\wavs\gFVP-BxwbCU_0022.wav,thì chúng ta sẽ đi một đoạn nữa thôi là sẽ tới chỗ lăng của chỗ tiên Nguyễn Hòa.,@HUE
data\data_prepared\wavs\gFVP-BxwbCU_0023.wav,Thì đi từ M thủy Bằng qua Hương Thọ thì chúng ta phải đóng tiền cầu thô quý vị.,@HUE
data\data_prepared\wavs\gFVP-BxwbCU_0024.wav,Đây bên này là sẽ có một người ngồi để thu tiền n thu tiền anh,@HUE
data\data_prepared\wavs\gFVP-BxwbCU_0025.wav,bữa này ô n thu nè. à là mỗi mỗi ngày cứ người tu rồi đó hả,@HUE
data\data_prepared\wavs\gFVP-BxwbCU_0026.wav,lăng chỗ tiên đi thẳng đi bạn đi thẳng đi mà tới được không lăng lăng của chúa,@HUE
data\data_prepared\wavs\gFVP-BxwbCU_0027.wav,tiên Nguyễn Hoàng đây lăng trường cơ đây nó th dạ rồi cảm ơn,@HUE
data\data_prepared\wavs\gFVP-BxwbCU_0028.wav,dạ tại vì như vậy là cái con đường này là,@HUE
data\data_prepared\wavs\gFVP-BxwbCU_0029.wav,coi như là ngắn nhất đây quý vị này và mời quý vị thừa thức những cái phong,@HUE
data\data_prepared\wavs\gFVP-BxwbCU_0030.wav,cảnh của làng quê ở đây là thuộc làng La Khê Trệm à xã,@HUE
data\data_prepared\wavs\gFVP-BxwbCU_0031.wav,"Hưng Thọ thị xã Hưng Trà, tỉnh Thư Thiên Huế. Thưa quý vị,",@HUE
data\data_prepared\wavs\gFVP-BxwbCU_0032.wav,thường thì các cái a chú ngày xưa là được an tán rất là nhiều nơi. Nhưng mà,@HUE
data\data_prepared\wavs\gFVP-BxwbCU_0033.wav,hiện tại thì à theo như thế đ tìm hiểu thì sau khi vua Gia Long lên ngồi đã đưa,@HUE
data\data_prepared\wavs\gFVP-BxwbCU_0034.wav,lăng mộ của các chúa về lại với các cái khu vực phía tây kinh thành và chọn,@HUE
data\data_prepared\wavs\gFVP-BxwbCU_0035.wav,những cái vùng đồi núi như thế này. Chúng ta sẽ đi theo con đường này để tới,@HUE
data\data_prepared\wavs\gFVP-BxwbCU_0036.wav,à lăng trường cơ. Trên này thì bà con cũng à trồng các cái,@HUE
data\data_prepared\wavs\gFVP-BxwbCU_0038.wav,Và cái con đường lên khu lặng mộ thì cũng khá là dễ đi thưa quý vị. Tuy nhiên,@HUE
data\data_prepared\wavs\gFVP-BxwbCU_0039.wav,thì nó cách xa thành phố quá. Ở trên này thì nếu như di chuyển từ,@HUE
data\data_prepared\wavs\gFVP-BxwbCU_0040.wav,thành phố lên thì chúng ta cũng phải đi hết khoảng cỡ 25 đến 30 cây số.,@HUE
data\data_prepared\wavs\gFVP-BxwbCU_0041.wav,Đấy cũng khá là xa. Những cái khu lòng mộ như thế này thì cũng được rất là ít,@HUE
data\data_prepared\wavs\gFVP-BxwbCU_0043.wav,quay cho quý vị xem. Vâng kính thưa quý vị và hiện tại thì,@HUE
data\data_prepared\wavs\gFVP-BxwbCU_0044.wav,Huế Review đang đứng trước lăng của chúa tiên Nguyễn Hòa và lăng của chúa tiên,@HUE
data\data_prepared\wavs\gFVP-BxwbCU_0045.wav,"thì được gọi là lăng trường cơ. Đây thưa quý vị. Một cái vị thế, một cái vị trí",@HUE
data\data_prepared\wavs\gFVP-BxwbCU_0046.wav,đặc lăng cũng rất là đẹp. Và cái khu lăng mộ này thì vừa rồi là,@HUE
data\data_prepared\wavs\gFVP-BxwbCU_0047.wav,cũng đã được trùng tu cũng cách đây cũng mấy năm rồi quý vị. Đây,@HUE
data\data_prepared\wavs\gFVP-BxwbCU_0048.wav,ở đây nó có một cái biển này. Đấy ghi là Nguyễn Phúc Cọc Hệ Nhị Lăng Trường Cơ,@HUE
data\data_prepared\wavs\gFVP-BxwbCU_0049.wav,Đức Thái Tổ Gia Dũ Hoàng Đế Quý là Nguyễn Hoàng 1 năm 25 đến 163,@HUE
data\data_prepared\wavs\gFVP-BxwbCU_0050.wav,và thời gian trị vị là từ 1558 đến 163 thôi quý vị.,@HUE
data\data_prepared\wavs\gFVP-BxwbCU_0051.wav,Và sau cái bia ở đặc vị trí thì ở đây có một cái,@HUE
data\data_prepared\wavs\gFVP-BxwbCU_0052.wav,bảng khoanh vùng di tích lăng trường cơ. Đấy.,@HUE
data\data_prepared\wavs\gFVP-BxwbCU_0053.wav,Ở đây thì cũng được trung tâm bảo tồn di tích cổ đô Huế rồi phòng nghiên cứu khoa,@HUE
data\data_prepared\wavs\gFVP-BxwbCU_0054.wav,học. Ở đây là quý vị cũng có thể liên lạc qua số điện thoại này để mà có thể,@HUE
data\data_prepared\wavs\gFVP-BxwbCU_0055.wav,là đặt vé hay là mở cửa. Tuy nhiên thì hôm,@HUE
data\data_prepared\wavs\gFVP-BxwbCU_0057.wav,Nhưng mà Huế Review cũng sẽ bay Fly cam vào để quay cái phần bên trong để cho,@HUE
data\data_prepared\wavs\gFVP-BxwbCU_0058.wav,quý vị xem về cái khu lăng mổ bên trong lăng mổ là như thế nào. Và cái thứ hai,@HUE
data\data_prepared\wavs\gFVP-BxwbCU_0059.wav,là của Huế Review cũng muốn giới thiệu cho quý vị cái tiểu sử của một cái nhân,@HUE
data\data_prepared\wavs\gFVP-BxwbCU_0060.wav,vật. Ngài là một cái nhân vật cũng rất là,@HUE
data\data_prepared\wavs\gFVP-BxwbCU_0061.wav,tuyệt vời trong lịch sử triều Nguyễn nói riêng và lịch sử Việt Nam nói chung. Và,@HUE
data\data_prepared\wavs\gFVP-BxwbCU_0062.wav,trước khi vào cái khu lăng mộ thì chúng ta có một cái bể thờ đây quý vị này. Đây,@HUE
data\data_prepared\wavs\gFVP-BxwbCU_0063.wav,một cái cái am thờ à ở đây thì cái am này chắc có lẽ là thắp nhang để xin phép,@HUE
data\data_prepared\wavs\gFVP-BxwbCU_0064.wav,đi vào thăm lăng mổ. Do đó là Huế review cũng sẽ thấp ở đây luôn quý vị. Bây giờ,@HUE
data\data_prepared\wavs\gFVP-BxwbCU_0065.wav,mời quý vị chúng ta cùng thấp một cái nến nhang để đi vào phía bên trong khu,@HUE
data\data_prepared\wavs\gFVP-BxwbCU_0066.wav,lăng mổ nha quý vị. Trước khi mà Huế Review thấp nhang thì,@HUE
data\data_prepared\wavs\gFVP-BxwbCU_0067.wav,Huế Review thấy là cũng có một số các cái nến nhang đã được thấp rồi. Thì và,@HUE
data\data_prepared\wavs\gFVP-BxwbCU_0068.wav,quý vị thấy thì cái án thờ à ở đây á nhìn có vẻ rất là sạch sẽ và rất là gọn,@HUE
data\data_prepared\wavs\gFVP-BxwbCU_0069.wav,gàng. thì chắc có lẽ là người Hồ Lăng hay là con cháu của ngài là cũng đã ở,@HUE
data\data_prepared\wavs\gFVP-BxwbCU_0070.wav,đây hay là thường xuyên đến đây để thập nhang để hương khói. Đấy và bây giờ,@HUE
data\data_prepared\wavs\gFVP-BxwbCU_0071.wav,chúng ta sẽ khám phá cái khu lăng mộ này xem nó có cái gì đặc biệt và khác so với,@HUE
data\data_prepared\wavs\gFVP-BxwbCU_0072.wav,những cái khu lăng mộ khác hay không. Thì rõ ràng như quý vị thấy thì,@HUE
data\data_prepared\wavs\gFVP-BxwbCU_0073.wav,à trước khi vào lăng là sẽ có một cái bức bình phong,@HUE
data\data_prepared\wavs\gFVP-BxwbCU_0074.wav,mà chúng ta thấy là cái bức bình phong này nó không có các cái họa tiết trang,@HUE
data\data_prepared\wavs\gFVP-BxwbCU_0075.wav,"trí, nó chỉ có những cái hình ảnh những cái ô học như thế này thôi. Đó, nó không",@HUE
data\data_prepared\wavs\gFVP-BxwbCU_0076.wav,có những cái hình ảnh họa tiết trang trí ở phía bên a à bên trên cái bức à bên,@HUE
data\data_prepared\wavs\gFVP-BxwbCU_0077.wav,phong. Nhưng mà một bức bên phong cũng khá là dài đây quý vị này.,@HUE
data\data_prepared\wavs\gFVP-BxwbCU_0078.wav,Và sau bức bình phong chính là một cái hồ bá nguyệt. Đấy. Nhưng mà quý vị thấy,@HUE
data\data_prepared\wavs\gFVP-BxwbCU_0079.wav,là cái hồ bá nguyệt này cũng không có nước. Hiện tại thì nó rất là khô luôn.,@HUE
data\data_prepared\wavs\gFVP-BxwbCU_0080.wav,Đó trời Huế bây giờ rất là nắng. Do đó quý vị thấy là đứt đai nó nức nẻ như thế,@HUE
data\data_prepared\wavs\gFVP-BxwbCU_0081.wav,này. Mà cũng biết là cái nguồn nước ở đây là bơm mà đâu vào. Rõ ràng là cái,@HUE
data\data_prepared\wavs\gFVP-BxwbCU_0082.wav,yếu tố Minh Đường ở đây là hiện tại nó đang rất là khô.,@HUE
data\data_prepared\wavs\gFVP-BxwbCU_0083.wav,Vừa rồi thì cũng à cách đây mà vừa rồi là cách đây là cũng,@HUE
data\data_prepared\wavs\gFVP-BxwbCU_0084.wav,m cách đây mấy ngày thì cũng là có cái lễ hủy kỳ của ngài. Không biết là việc,@HUE
data\data_prepared\wavs\gFVP-BxwbCU_0085.wav,tạo ra cái hồ bán nguyệt thì không biết về mùa mưa thì nó có nước hay không,@HUE
data\data_prepared\wavs\gFVP-BxwbCU_0086.wav,nhưng mà hiện tại thì Huế đang mùa khô chính vì vậy mà Huế Ru cũng không nhận,@HUE
data\data_prepared\wavs\gFVP-BxwbCU_0087.wav,thấy có nước ở đây. Đó cái kết cấu của hồ bán Nguyệt thì quý,@HUE
data\data_prepared\wavs\gFVP-BxwbCU_0088.wav,vị thấy là hoàn toàn nó được xây lại. Tuy nhiên thì,@HUE
data\data_prepared\wavs\gFVP-BxwbCU_0090.wav,tường thành như thế này. Xung quanh các cái lớp tường thành này thì cũng không,@HUE
data\data_prepared\wavs\gFVP-BxwbCU_0091.wav,"có trang trí cái gì đặc biệt, chỉ có những cái ô học và những cái đường kẻ",@HUE
data\data_prepared\wavs\gFVP-BxwbCU_0092.wav,viền như thế này thôi. Đấy. À nhìn cái hồ bá nguyệt là cũng à rất,@HUE
data\data_prepared\wavs\gFVP-BxwbCU_0093.wav,chi là đẹp. Đây quý vị này. Đây quý vị à lát nữa khi có những cái hình ảnh trên,@HUE
data\data_prepared\wavs\gFVP-BxwbCU_0094.wav,cao thì quý vị có thể nhìn kỹ hơn cái à kết cấu cái kiến trúc. Đó thì nhìn phía,@HUE
data\data_prepared\wavs\gFVP-BxwbCU_0095.wav,trên thì chúng ta dễ hình dung hơn. Còn sau cái hồ bán ngyệt chính là các cái,@HUE
data\data_prepared\wavs\gFVP-BxwbCU_0096.wav,bậc sân. Thì ở đây chỉ có là hai bậc sân thôi quý vị. Và,@HUE
data\data_prepared\wavs\gFVP-BxwbCU_0097.wav,ngay chính giữa đó là có bốn cái trụ biểu đứng sừng sững nhìn rất là cao. Đây,@HUE
data\data_prepared\wavs\gFVP-BxwbCU_0098.wav,quý vị có thể thấy có bốn cái trụ biểu. Đấy thì bốn trụ biểu này nó,@HUE
data\data_prepared\wavs\gFVP-BxwbCU_0099.wav,tạo ra cái tam con để mà đi vào cái khu lăng mổ.,@HUE
data\data_prepared\wavs\gFVP-BxwbCU_0100.wav,"Nhìn chung thì kiến trúc của các cái lăng tẩm, các cái lăng mộ của các cái",@HUE
data\data_prepared\wavs\gFVP-BxwbCU_0101.wav,chú Nguyễn. Thì như quý vị biết là vừa rồi Huế Review cũng đã có quay cho quý,@HUE
data\data_prepared\wavs\gFVP-BxwbCU_0102.wav,vị. xem cái lăng mộ của chiêu nghi phu nhân.,@HUE
data\data_prepared\wavs\gFVP-BxwbCU_0103.wav,Đây là một cái lăng mộ mà được gọi là sống sót qua thời Tây Sơn duy nhất. Và,@HUE
data\data_prepared\wavs\gFVP-BxwbCU_0104.wav,"sau này thì vua Giao Long sau khi lên ngôi cũng đã dùng cái ngôi lăng mộ đó,",@HUE
data\data_prepared\wavs\gFVP-BxwbCU_0105.wav,dùng cái kiến trúc đó để mà phát thảo và xây dựng nên các cái ngôi làng mộ của,@HUE
data\data_prepared\wavs\gFVP-BxwbCU_0106.wav,các cái chú Nguyễn sau này có tất cả là chín chú Nguyễn. Và trong cái quá trình,@HUE
data\data_prepared\wavs\gFVP-BxwbCU_0107.wav,này thì Huế Revio cũng muốn khám phá tất cả các cái chữa lăng của chính chú,@HUE
data\data_prepared\wavs\gFVP-BxwbCU_0108.wav,Nguyễn đó. Và đây chính là cái ngôi lăng mộ của cái vị chúa đầu tiên của nhà,@HUE
data\data_prepared\wavs\gFVP-BxwbCU_0109.wav,Nguyễn. Và rõ ràng thì những cái họa tiết trang trí nhìn rất là đơn giản thôi,@HUE
data\data_prepared\wavs\gFVP-BxwbCU_0110.wav,quý vị. Tuy nhiên thì cũng thể hiện được cái khí chất của hoàng gia trong này và,@HUE
data\data_prepared\wavs\gFVP-BxwbCU_0111.wav,rõ ràng cái khuôn viên của cái ngôi mộ cũng đã được chăm sóc rất là chu đáo.,@HUE
data\data_prepared\wavs\gFVP-BxwbCU_0112.wav,Ngoài ra ngoài những cái cây sân cỏ như thế này thì cũng có những cái cây bóng,@HUE
data\data_prepared\wavs\gFVP-BxwbCU_0113.wav,mát ví dụ như là cây bồ đề hai bên hai cây bồ đề rồi xung quanh là những cái,@HUE
data\data_prepared\wavs\gFVP-BxwbCU_0114.wav,cây sứ nhìn quá tuyệt vời. Khung cảnh thì cũng à rất là nên thơ nhưng mà rõ,@HUE
data\data_prepared\wavs\gFVP-BxwbCU_0115.wav,ràng thì nó rất là vắng vẻ là bởi vì cái khu vực này thì cũng ít người lui tới,@HUE
data\data_prepared\wavs\gFVP-BxwbCU_0116.wav,đấy vì nó nằm ở phía núi cao quý vị phía tây kinh thành nhưng mà cách xa thành,@HUE
data\data_prepared\wavs\gFVP-BxwbCU_0117.wav,phố lắm do đó cũng ít người lui tới để cúng viên chính vì vậy mà Huế Rêu cũng,@HUE
data\data_prepared\wavs\gFVP-BxwbCU_0118.wav,muốn quay cho quý vị xem để cho quý vị biết được một cái khu lăng mộ à gọi là,@HUE
data\data_prepared\wavs\gFVP-BxwbCU_0119.wav,di tích lịch sử rất là tuyệt vời này. Ở đây thì cũng có một cái bia à tiểu sử,@HUE
data\data_prepared\wavs\gFVP-BxwbCU_0120.wav,của chú Ti Nguyễn Hòa đấy. Chúa thì được vô lê à,@HUE
data\data_prepared\wavs\gFVP-BxwbCU_0121.wav,ban chức là đoan quốc công đấy. Nhưng mà người dânng ở trong miền Trung này á ở,@HUE
data\data_prepared\wavs\gFVP-BxwbCU_0122.wav,Đức Thùng Hóa vào Quảng Nam á thì lại hay gọi là chúa tiên,@HUE
data\data_prepared\wavs\gFVP-BxwbCU_0123.wav,đấy. sinh ngày 10 tháng,@HUE
data\data_prepared\wavs\gFVP-BxwbCU_0124.wav,năm ấtc Dậu. 28 tháng năm 1525.,@HUE
data\data_prepared\wavs\gFVP-BxwbCU_0125.wav,Đấy. Đây là ghi rất rõ à cái tiểu sữa của ngài.,@HUE
data\data_prepared\wavs\gFVP-BxwbCU_0126.wav,"Đấy, một cái bia à nhìn rất là đẹp quý vị,",@HUE
data\data_prepared\wavs\gFVP-BxwbCU_0127.wav,cũng rất là cao. Ở đây là có hình mặt trời này. Bên này là các cái họa tiết,@HUE
data\data_prepared\wavs\gFVP-BxwbCU_0129.wav,rồng à nhìn cũng rất là hoành tráng. Ở phía sau thì không có gì cả thôi quý,@HUE
data\data_prepared\wavs\gFVP-BxwbCU_0130.wav,"vị, chỉ có là cái mặt trước thôi. Còn lại cái chân đế thì cũng có các cái hòa",@HUE
data\data_prepared\wavs\gFVP-BxwbCU_0131.wav,tiết hoa lá. Đấy cái bức bổ thân ngoài đấy. Bây giờ,@HUE
data\data_prepared\wavs\gFVP-BxwbCU_0132.wav,sau hai bậc sân thì quý vị thấy cái bậc sân dưới kia thì được à hai bên á là hai,@HUE
data\data_prepared\wavs\gFVP-BxwbCU_0133.wav,bên của lỗi đi giữa thì có đất mà thôi. Còn trên này thì hai bên lối đi à của,@HUE
data\data_prepared\wavs\gFVP-BxwbCU_0134.wav,cái lỗi đi giữa có lót gạch đây. Đó cái gạch này thì cũng được trùng tu thôi quý,@HUE
data\data_prepared\wavs\gFVP-BxwbCU_0135.wav,vị. Ờ phía ngoài bên này thì sau này thì cũng không có gì cả chỉ là những cái,@HUE
data\data_prepared\wavs\gFVP-BxwbCU_0136.wav,rừng cây keo tràng. Đấy. Tuy nhiên thì quý vị thấy là rõ,@HUE
data\data_prepared\wavs\gFVP-BxwbCU_0137.wav,ràng là cái chiều dày của cái bữ bờ tường á tức là cái bũ thành á nó rất là,@HUE
data\data_prepared\wavs\gFVP-BxwbCU_0138.wav,dày nhưng mà hiện tại thì nó cũng đang bị xuống cấp này. Việc bông tróc cái vôi,@HUE
data\data_prepared\wavs\gFVP-BxwbCU_0139.wav,vữa này hiện tại là cũng khá bong tróc các cái lớp bên ngoài. Do đó là quá,@HUE
data\data_prepared\wavs\gFVP-BxwbCU_0140.wav,trình trùng tu là phải diễn ra liên tục. Đó cái khu vực Bử Thành thì như quý vị,@HUE
data\data_prepared\wavs\gFVP-BxwbCU_0141.wav,thấy là được xây dựng bằng đá Bũ Thành ngoài. Rồi sau B thành đó chính là cái,@HUE
data\data_prepared\wavs\gFVP-BxwbCU_0142.wav,cổng cổng cổng Bũ Thành này thì ở trên là nó có hai con rùa. Các cái ô học của,@HUE
data\data_prepared\wavs\gFVP-BxwbCU_0144.wav,rất là bình thường. Bây giờ chúng ta sẽ dùng fly cam bay lên để xem thử bên,@HUE
data\data_prepared\wavs\gFVP-BxwbCU_0145.wav,trong có gì và Huế Review cũng sẽ chia sẻ về cái tiểu sử việc mở cõi phương nam,@HUE
data\data_prepared\wavs\gFVP-BxwbCU_0146.wav,của cái ngày tổ tiên này luôn. Bây giờ mời quý vị tiếp tục chúng ta theo dõi,@HUE
data\data_prepared\wavs\gFVP-BxwbCU_0147.wav,"nha quý vị. Vâng, kính thưa quý vị thì bây giờ chúng",@HUE
data\data_prepared\wavs\gFVP-BxwbCU_0148.wav,ta sẽ bay Fly Cam lên và để xem thử bên trong nó cái ngôi lăng mộ này nó có cái,@HUE
data\data_prepared\wavs\gFVP-BxwbCU_0149.wav,"gì. Và rõ ràng thì quý vị thấy à cũng giống như những cái kiến trúc lăng mộ,",@HUE
data\data_prepared\wavs\gFVP-BxwbCU_0150.wav,những cái kiến trúc lăng tẩm của các cái chú nguyện thì à thậm chí là các cái vua,@HUE
data\data_prepared\wavs\gFVP-BxwbCU_0152.wav,thanh ngoài thì sẽ đến một cái bức bình phong. Và cái bức bên phong này thì mặt,@HUE
data\data_prepared\wavs\gFVP-BxwbCU_0153.wav,trước nó sẽ có một cái hình con long mã. Ngày xưa thì nó được khám sanh sứ. Sau,@HUE
data\data_prepared\wavs\gFVP-BxwbCU_0154.wav,này thì do nó xuống cấp. Chính vì vậy mà nó không còn cái giáo tích. Và trùng tu,@HUE
data\data_prepared\wavs\gFVP-BxwbCU_0155.wav,lại thì bây giờ vẫn có một cái con lông mã nhưng mà nó không không có các cái,@HUE
data\data_prepared\wavs\gFVP-BxwbCU_0156.wav,khảm sàn xứ. Mặt sau của bức bình phong chính là một cái hình một cái mặt rồng,@HUE
data\data_prepared\wavs\gFVP-BxwbCU_0157.wav,thưa quý vị. Một cái mặt rồng sau cái bức bên phong trước chính là cái bũ thần,@HUE
data\data_prepared\wavs\gFVP-BxwbCU_0158.wav,trong và sau cái bụ thần trong chính là cái nắm mộ tôn cất chỗ tiên Nguyễn,@HUE
data\data_prepared\wavs\gFVP-BxwbCU_0159.wav,Hoàng. Nắm mộ này được xây dựng bằng gạch vô và như quý vị thấy thì nó cũng,@HUE
data\data_prepared\wavs\gFVP-BxwbCU_0160.wav,có những cái hương án rồi cái nắm mộ này cũng có hai tầng hình chữ nhật nhìn cũng,@HUE
data\data_prepared\wavs\gFVP-BxwbCU_0161.wav,rất là lớn à sau cái nắm mộ chính là một cái bức bình phong và quý vị thấy một,@HUE
data\data_prepared\wavs\gFVP-BxwbCU_0162.wav,cái bức bình phong có hình cái đầu rồng hiện ra rất là uy nghiêm rất là tráng lễ,@HUE
data\data_prepared\wavs\gFVP-BxwbCU_0163.wav,và nó thể hiện được cái khí chất của hoàng gia thưa quý vị và sau cái bức,@HUE
data\data_prepared\wavs\gFVP-BxwbCU_0164.wav,bình phong của bữa thành trong đó chính là cái bức bình phong của bữa thành,@HUE
data\data_prepared\wavs\gFVP-BxwbCU_0165.wav,ngoài. Cái bức bên phong của Bũ Thành ngoài thì chúng ta lại thấy nó không có,@HUE
data\data_prepared\wavs\gFVP-BxwbCU_0166.wav,"cái gì đáng kể, nó cũng không có cái gì gọi là à đặc biệt à cũng không có các",@HUE
data\data_prepared\wavs\gFVP-BxwbCU_0167.wav,cái hòa tiết trang trí phía trên bức bình phong. Chính vì vậy mà cái ngôi lă,@HUE
data\data_prepared\wavs\gFVP-BxwbCU_0168.wav,mộ này cũng à được xem là cái ngôi lă mộ của cái vị chúa tiên người à đặt nền,@HUE
data\data_prepared\wavs\gFVP-BxwbCU_0169.wav,móng cho cái sự hình thành của Vương Triều Nguyễn tồn tại hơn 143 năm sau,@HUE
data\data_prepared\wavs\gFVP-BxwbCU_0170.wav,này. Chúa Tiên Nguyễn Hoàng ông sinh năm 1525 và mức năm 1613. Quê của ông thì,@HUE
data\data_prepared\wavs\gFVP-BxwbCU_0171.wav,"góc ở Tổng Sơn, Thanh Hóa à tức là làng Gia Miêu Tổng Sơn, Thanh Hóa. Cha của",@HUE
data\data_prepared\wavs\gFVP-BxwbCU_0172.wav,ngài Nguyễn Hoàng chính là Nguyễn Kim. Và sau cái vụ mà ngài Nguyễn Kim bị đầu,@HUE
data\data_prepared\wavs\gFVP-BxwbCU_0173.wav,độc thì anh rể của à ngài Nguyễn Hoàng là ông Trịnh Kiệp đã nắm giữ các cái,@HUE
data\data_prepared\wavs\gFVP-BxwbCU_0174.wav,quyền hành ở trong triều. Tức là lúc đó thì ngài Nguyễn Hoàng cũng làm quan dưới,@HUE
data\data_prepared\wavs\gFVP-BxwbCU_0175.wav,triều vua Hậu Lê. Trị Kiếm cũng đã giết chết vị anh ruột của ngài Nguyễn Hoàng,@HUE
data\data_prepared\wavs\gFVP-BxwbCU_0176.wav,chính là ông Nguyễn Uông. Và nhận ra được cái sự nguy hiểm đó thì ngài Nguyễn,@HUE
data\data_prepared\wavs\gFVP-BxwbCU_0177.wav,Hoàng đã quyết định sai sử giả đến gặp trạng Trình Nguyễn Bĩnh Khiêm và nhận,@HUE
data\data_prepared\wavs\gFVP-BxwbCU_0178.wav,được lời khuyên bằng việc cái câu mà trạng trình Nguyễn Bĩnh Khiêm ngâm một,@HUE
data\data_prepared\wavs\gFVP-BxwbCU_0179.wav,cái câu rất là lớn đó là Hoành Sơn nhất đái vạn đại dung thân tức là một dãy núi,@HUE
data\data_prepared\wavs\gFVP-BxwbCU_0180.wav,cao thì có thể dung thân muôn đời. hiểu được cái hàm ý đó của tràng trên Nguyễn,@HUE
data\data_prepared\wavs\gFVP-BxwbCU_0181.wav,Bĩnh Khiêm. Ngài Nguyễn Hoàng đã nhờ chị ruột của mình là chị Nguyễn Thị,@HUE
data\data_prepared\wavs\gFVP-BxwbCU_0182.wav,Ngọc Bảo đấy là vợ của ông Trần Nghiêm để xin à xin vô lê cho ngài vào tiếp,@HUE
data\data_prepared\wavs\gFVP-BxwbCU_0183.wav,"quản đất Thượng Hóa, một cái vùng đất rất là cặn cổi và xa xôi so với à cái",@HUE
data\data_prepared\wavs\gFVP-BxwbCU_0184.wav,triều đình Hậu Lê lúc đó. nhận thấy không có cái sự nguy hiểm nào. Chính vì,@HUE
data\data_prepared\wavs\gFVP-BxwbCU_0185.wav,vậy mà Trịnh Kiểm cũng đã đồng ý để xin cho ngài Nguyễn Hoàng vào Đức Thuận Hóa.,@HUE
data\data_prepared\wavs\gFVP-BxwbCU_0186.wav,Năm 1558 sau khi vô Hậu Lê chấp thuận cho ngài,@HUE
data\data_prepared\wavs\gFVP-BxwbCU_0187.wav,Nguyễn Hòa tiếp quạt Đức Thuận Hóa thì đã có một cuộc di dân rất là lớn trong,@HUE
data\data_prepared\wavs\gFVP-BxwbCU_0188.wav,lịch sử. Thì ngài cùng các anh em Thanh Nghệ đã đưa một cái số lượng lớn người,@HUE
data\data_prepared\wavs\gFVP-BxwbCU_0189.wav,dân vào vùng đất Thuận Hóa để khai hoang lập pháp. Và đất thưởng hóa là cái đất,@HUE
data\data_prepared\wavs\gFVP-BxwbCU_0190.wav,mà Quảng Bình với từ thên Huế ngày nay. Đến năm 1559 thì vua Lê lại tiếp tục cho,@HUE
data\data_prepared\wavs\gFVP-BxwbCU_0191.wav,ngày tiếp quản thêm cái vùng đất Quảng Nam từ vùng đất Thủng Hóa và Quảng Nam,@HUE
data\data_prepared\wavs\gFVP-BxwbCU_0192.wav,tức là thuận Quảng. Năm 1593 thì ngài à ra Bắc để mà giúp đỡ họ Trịnh tiêu diệt,@HUE
data\data_prepared\wavs\gFVP-BxwbCU_0193.wav,cái loạn nhà mạc. Tuy nhiên thì lúc đó thì ông Trịnh Kiếm đã chết và con trai,@HUE
data\data_prepared\wavs\gFVP-BxwbCU_0194.wav,của ông là Trịnh Tùng nhận thấy được cái sự nguy hiểm của ngài Nguyễn Hoàng.,@HUE
data\data_prepared\wavs\gFVP-BxwbCU_0195.wav,Chính vì vậy mà đã tìm cách để cố giữ chân ngài ở lại. Đến năm 1600 thì ngài,@HUE
data\data_prepared\wavs\gFVP-BxwbCU_0196.wav,giả là việc là đi dẹp loạn để mà dẫn quân đi vào lại đức thống hóa. Từ đó thì,@HUE
data\data_prepared\wavs\gFVP-BxwbCU_0197.wav,sự phân chia bắc Nam đã ngày càng rõ rệt và hình thành nên đằng trong và đàng,@HUE
data\data_prepared\wavs\gFVP-BxwbCU_0199.wav,nhà họ Trịnh rồi sau đó là mở mang bữa khỏi xuống phía Nam. Ngoài mặt thì họ,@HUE
data\data_prepared\wavs\gFVP-BxwbCU_0200.wav,Trịnh và họ Nguyễn là có vẻ họa hiếu nhưng mà bên trong thì vẫn luôn là phòng,@HUE
data\data_prepared\wavs\gFVP-BxwbCU_0201.wav,bị và để tiêu diệt được nhau. Đến năm 1613 thì ngài Lâm Bệnh Nặng và sau đó đã,@HUE
data\data_prepared\wavs\gFVP-BxwbCU_0202.wav,cho gọi người con thứ sáu của mình là ngài Nguyễn Phúc Nguyên trở về để mà kế,@HUE
data\data_prepared\wavs\gFVP-BxwbCU_0203.wav,vị. Video sau thì Huế Review sẽ quay cái khu lăng mộ của ngài Nguyễn Phúc Nguyên.,@HUE
data\data_prepared\wavs\gFVP-BxwbCU_0204.wav,"À có thể nói ngài Nguyễn Hoàng là một con người hết sức là thông minh, rất là",@HUE
data\data_prepared\wavs\gFVP-BxwbCU_0205.wav,gan dạ và cũng rất là nhiều cái bản lĩnh. À sau khi mà ngài đi vào vùng đất,@HUE
data\data_prepared\wavs\gFVP-BxwbCU_0206.wav,khủng quảng thì ngài đã đưa ra những cái chính sách hết sức là hợp lý để mà phát,@HUE
data\data_prepared\wavs\gFVP-BxwbCU_0207.wav,triển kinh tế chính trị cũng như là ngoại giao. Trong đó thì có vùng Hội An,@HUE
data\data_prepared\wavs\gFVP-BxwbCU_0208.wav,đã ra sức phát triển và à ngoại giao cũng như ngoài giao tiếp với cái các cái,@HUE
data\data_prepared\wavs\gFVP-BxwbCU_0209.wav,nước bản phía bên ngoài nhất là Nhật Bản. Ngài chính là cái người đặt nền,@HUE
data\data_prepared\wavs\gFVP-BxwbCU_0210.wav,móng đầu tiên cho việc à hình thành nên cái vương triều Nghĩa sau này cũng như,@HUE
data\data_prepared\wavs\gFVP-BxwbCU_0211.wav,là việc mở mang bờ cõi số phía Nam để tạo nên một cái đất nước hình chữ S như,@HUE
data\data_prepared\wavs\gFVP-BxwbCU_0212.wav,ngày hôm nay. Có thể nói là công trạng của ngài rất là lớn. Ngày xưa thì lăng,@HUE
data\data_prepared\wavs\gFVP-BxwbCU_0213.wav,của ngài được tán ở cái vùng ái tử Quảng Trị nhưng mà sau này thì cũng đã được,@HUE
data\data_prepared\wavs\gFVP-BxwbCU_0214.wav,"rời vào cái vùng đồi núi ở La Khê của xã Hương Thọ, thị xã Hương Tràng ngày nay.",@HUE
data\data_prepared\wavs\gFVP-BxwbCU_0215.wav,Và Huế Review cũng mong muốn đáp ứng được cái mong mỏi của quý vị để cho quý,@HUE
data\data_prepared\wavs\gFVP-BxwbCU_0216.wav,vị có thể biết được lăng của tất cả các chị tất cả chính chỗ nguyện. Nó nằm ở,@HUE
data\data_prepared\wavs\gFVP-BxwbCU_0217.wav,cái khu vực chủ yếu là nó nằm ở khu vực phía tây thành Huế và cái khu vực L Khê,@HUE
data\data_prepared\wavs\gFVP-BxwbCU_0218.wav,này thôi thưa quý vị. Có cái nơi thì làm nằm khu vực Định Mô nhưng mà nó nằm ở,@HUE
data\data_prepared\wavs\gFVP-BxwbCU_0219.wav,khu vực xã Hương Thọ này mà thôi. Thì cũng không có lang mang liên miên nữa.,@HUE
data\data_prepared\wavs\gFVP-BxwbCU_0220.wav,Thì đến đây thì nếu như quý vị thấy video này hay và ý nghĩa thì cũng mong,@HUE
data\data_prepared\wavs\gFVP-BxwbCU_0221.wav,quý vị like và chia sẻ cũng như đăng ký kênh. Và nếu như mà quý vị có những cái,@HUE
data\data_prepared\wavs\gFVP-BxwbCU_0222.wav,"góp ý, những cái ý kiến nào cũng có thể comment phía dưới phần bình luận để cho",@HUE
data\data_prepared\wavs\gFVP-BxwbCU_0223.wav,tất cả chúng ta cũng biết. Rất tiếc là hôm nay Huy Review không có thể mở cửa,@HUE
data\data_prepared\wavs\gFVP-BxwbCU_0224.wav,để quay vào bên trong cho quý vị xem. Nhưng mà những cái hình ảnh Fly Cam cũng,@HUE
data\data_prepared\wavs\gFVP-BxwbCU_0225.wav,phần nào để giúp quý vị hiểu được những cái có k những cái kết cấu những kiến,@HUE
data\data_prepared\wavs\gFVP-BxwbCU_0226.wav,trúc phía bên trong nó như thế nào. Và Huế Review cũng kính chúc quý vị xem,@HUE
data\data_prepared\wavs\gFVP-BxwbCU_0227.wav,video thật là vui vẻ. À hẹn gặp lại quý vị ở những video tiếp theo. Xin chào và,@HUE
data\data_prepared\wavs\gFVP-BxwbCU_0228.wav,hẹn gặp lại quý vị.,@HUE
data\data_prepared\wavs\I0A4mcwH8FI_0001.wav,"Vâng, mến chào quý vị đã quay lại với Huế Review. Quý vị và các bạn thân mến,",@HUE
data\data_prepared\wavs\I0A4mcwH8FI_0002.wav,hiện tại bây giờ là 11:00 trưa và Huế Review đang có mặt ngay bên cạnh một cái,@HUE
data\data_prepared\wavs\I0A4mcwH8FI_0003.wav,"trung tâm bảo trợ xã hội ở xã Hưng Hồ, thị xã Hương Trà, tỉnh Thừ Tiên Huy.",@HUE
data\data_prepared\wavs\I0A4mcwH8FI_0004.wav,"Thưa quý vị, tuy nhiên thì hôm nay Huế Review không phải quay cái trung tâm bảo",@HUE
data\data_prepared\wavs\I0A4mcwH8FI_0005.wav,trợ này cho quý vị xem mà ở đây quý vị thấy có một cái đường đi lên và cái,@HUE
data\data_prepared\wavs\I0A4mcwH8FI_0006.wav,đường đi lên này sẽ dẫn quý vị đến một cái ngọn đồi gọi là đồi mâm sôi. Đây nếu,@HUE
data\data_prepared\wavs\I0A4mcwH8FI_0007.wav,như chúng ta đi theo cái hướng này từ cái đường Văn Thánh chúng ta đi lên thì,@HUE
data\data_prepared\wavs\I0A4mcwH8FI_0008.wav,sau đó quẹp một cái ngã ba thì quý vị quẹo tay phải đấy thì quý vị sẽ đi ra,@HUE
data\data_prepared\wavs\I0A4mcwH8FI_0009.wav,cái ngã đường tránh Hương Trà. Sau đó là quý vị đi thẳng lên à Huyền Không Sơ,@HUE
data\data_prepared\wavs\I0A4mcwH8FI_0010.wav,Hường thôi quý vị. Thì quý vị tới đây sẽ gặp một cái trung tâm bảo trợ xã hội này,@HUE
data\data_prepared\wavs\I0A4mcwH8FI_0011.wav,thì quý vị đi lên một cái đoàn dốc sẽ tới cái đồi mâm sôi. Và ở cái đôi mâm,@HUE
data\data_prepared\wavs\I0A4mcwH8FI_0012.wav,sôi là nơi tọa lạc của một cái ngôi lă mổ của một cái vị công chúa có một cái,@HUE
data\data_prepared\wavs\I0A4mcwH8FI_0013.wav,số phận rất đặc biệt trong lịch sử Việt Nam. Và vị công chúa đó là ai? Thì mời,@HUE
data\data_prepared\wavs\I0A4mcwH8FI_0014.wav,quý vị chúng ta cùng theo Trân Huy Review để khám phá cái ngôi lăng mộ đó,@HUE
data\data_prepared\wavs\I0A4mcwH8FI_0015.wav,nha quý vị. ắc hẳng thì cũng có một số quý vị đã biết ngôi lng mộ đó là của ai,@HUE
data\data_prepared\wavs\I0A4mcwH8FI_0016.wav,rồi nhưng mà Huế Review đảm bảo là cũng có sẽ có rất nhiều người không biết đến,@HUE
data\data_prepared\wavs\I0A4mcwH8FI_0017.wav,cái ngôi lăng mộ ấy. Và bây giờ mời quý vị theo Trần Huế Review chúng ta cùng,@HUE
data\data_prepared\wavs\I0A4mcwH8FI_0018.wav,khám phá cái ngôi lăng mộ của vị công chúa có số phận hết sức đặc biệt này.,@HUE
data\data_prepared\wavs\I0A4mcwH8FI_0019.wav,Xin mời quý vị. Vâng kính thưa quý vị à quý vị có thể thấy đây chính là cái,@HUE
data\data_prepared\wavs\I0A4mcwH8FI_0020.wav,trung tâm bảo trợ xã hội của phường Hương Hồ thị xã Hương Trà.,@HUE
data\data_prepared\wavs\I0A4mcwH8FI_0023.wav,con ở đây biết được cái ngọn đùi này. Đấy bởi vì bà con chỉ biết đây là thuộc,@HUE
data\data_prepared\wavs\I0A4mcwH8FI_0024.wav,là trầm của hương hồ đường trà mà thôi. Đấy gọi là thôn Đông Trầm thôi quý vị.,@HUE
data\data_prepared\wavs\I0A4mcwH8FI_0025.wav,Và quý vị thấy thì đi lên ngọn đồi này thì núi đá cũng rất là treo leo và ở đây,@HUE
data\data_prepared\wavs\I0A4mcwH8FI_0026.wav,thì cũng là nơi an vị của một cái ngôi mộ của một cái vị công chúa có số phận,@HUE
data\data_prepared\wavs\I0A4mcwH8FI_0027.wav,hết sức đặc biệt trong lịch sử Việt Nam. Đó là vị công chúa Ngọc Bình,@HUE
data\data_prepared\wavs\I0A4mcwH8FI_0028.wav,tên đầy đủ là Lê Thị Ngọc Bình thôi quý vị.,@HUE
data\data_prepared\wavs\I0A4mcwH8FI_0029.wav,Và người công chúa này cũng thường hay bị nhầm lửng bởi một cái vị công chúa,@HUE
data\data_prepared\wavs\I0A4mcwH8FI_0030.wav,cũng rất là nổi tiếng đó là công chúa Ngọc Hưng là vợ của vua Quang Trung.,@HUE
data\data_prepared\wavs\I0A4mcwH8FI_0031.wav,Đấy. Vậy thì thực hư là như thế nào? Bây giờ quý vị cùng Huế Review chúng ta khám,@HUE
data\data_prepared\wavs\I0A4mcwH8FI_0032.wav,phá cái ngôi lăng mũ của công chúa Ngọc Bình. Sau đó thì Huy Review cũng sẽ chia,@HUE
data\data_prepared\wavs\I0A4mcwH8FI_0033.wav,sẻ một cái câu chuyện mà nói về cái số phận hết sức hẩm hươu và đặc biệt của,@HUE
data\data_prepared\wavs\I0A4mcwH8FI_0034.wav,cái vị công chúa à con vua mà lại lấy hai chồng làm vua. Và cái câu ca dao,@HUE
data\data_prepared\wavs\I0A4mcwH8FI_0035.wav,"cũng rất là thân quen, rất là thân thuộc với ba con của đô Huế. Số sao và số lạ",@HUE
data\data_prepared\wavs\I0A4mcwH8FI_0036.wav,"lùng, con vua lại lấy hai chồng làm vua. Vậy thì thực hư của cái vấn đề mà lấy",@HUE
data\data_prepared\wavs\I0A4mcwH8FI_0037.wav,hai chồng làm vua đó là như thế nào và con vua là như thế nào? Thì bây giờ,@HUE
data\data_prepared\wavs\I0A4mcwH8FI_0038.wav,chúng ta đã đến cái địa điểm khu lăng mộ đó rồi thưa quý vị. Và bây giờ mời quý,@HUE
data\data_prepared\wavs\I0A4mcwH8FI_0039.wav,vị chúng ta cùng Huy review vào khám phá ngôi lă mộ đó. Xin mời quý vị.,@HUE
data\data_prepared\wavs\I0A4mcwH8FI_0040.wav,"Vâng thưa quý vị, đáng lẽ ra là Huy Review đi từ lúc rất là sớm nhưng mà do",@HUE
data\data_prepared\wavs\I0A4mcwH8FI_0041.wav,quá trình dò hỏi đường thì bà con ở đây ít người biết được cái đồi mâm sôi này.,@HUE
data\data_prepared\wavs\I0A4mcwH8FI_0042.wav,Chính vì vậy mà lần mò tới bây giờ 11:00 trưa thì Huế Review mới tìm ra được cái,@HUE
data\data_prepared\wavs\I0A4mcwH8FI_0043.wav,địa điểm của cái ngôi lăng mộ của công chúa Ngọc Bình. Thật ra thì lúc trước,@HUE
data\data_prepared\wavs\I0A4mcwH8FI_0044.wav,công chúa Ngọc Bình được an tán tại Trúc Lâm của Hương Trà. Nhưng mà sau đó,@HUE
data\data_prepared\wavs\I0A4mcwH8FI_0045.wav,do cái quá trình mở đường thì ngôi lăng mộ được di dời tới cái khu vực đông trầm,@HUE
data\data_prepared\wavs\I0A4mcwH8FI_0046.wav,này. Và như quý vị thấy thì ở đây cũng có rất nhiều ngôi lăng mộ của người dân,@HUE
data\data_prepared\wavs\I0A4mcwH8FI_0047.wav,được làm rất là chỉnh chu. Và quanh đây cũng có một cái ngọn đồi đá. Đây núi đá,@HUE
data\data_prepared\wavs\I0A4mcwH8FI_0048.wav,rất là cao đây quý vị. Tuy nhiên thì quý vị thấy hiện tại thì các cái lớp đá nó,@HUE
data\data_prepared\wavs\I0A4mcwH8FI_0049.wav,cũng bị bóc ra rồi và bị bào mòn dần. Ở khu vực này thì cũng đang được trưng,@HUE
data\data_prepared\wavs\I0A4mcwH8FI_0050.wav,dụng để làm mồ chôn này. Và quý vị thấy có rất nhiều cái nắm mồ không này. Rồi,@HUE
data\data_prepared\wavs\I0A4mcwH8FI_0051.wav,trên kia là cũng có rất là nhiều mồ mã đấy của bà con xung quanh.,@HUE
data\data_prepared\wavs\I0A4mcwH8FI_0052.wav,Đấy thì quý vị nhìn xuống phía dưới thì quý vị cũng thấy cái trung tâm bảo trợ,@HUE
data\data_prepared\wavs\I0A4mcwH8FI_0053.wav,mà lúc nãy Huế Review đã quay cho quý vị xem. Ở đây là cái khu vực phía sau đó.,@HUE
data\data_prepared\wavs\I0A4mcwH8FI_0054.wav,Cái khu vực phía sau của Trung tâm Bảo Trợ Xã hội. Đó thì nếu như qua cái video,@HUE
data\data_prepared\wavs\I0A4mcwH8FI_0055.wav,này thì quý vị chắc chắn là sẽ biết được rất là dễ cái con đường dẫn đến cái ngôi,@HUE
data\data_prepared\wavs\I0A4mcwH8FI_0056.wav,lăng mộ của công chúa Ngọc Bình. Đây chính là cái ngôi lăng mộ của công chúa,@HUE
data\data_prepared\wavs\I0A4mcwH8FI_0058.wav,không phải là một cái ngôi lăng mổ mà hoành tráng như các cái bà Hoàng của,@HUE
data\data_prepared\wavs\I0A4mcwH8FI_0059.wav,Triều Ngyễn. Bởi vì công chúa Ngọc Bình cũng liên quan tới lịch sử của vua chúa,@HUE
data\data_prepared\wavs\I0A4mcwH8FI_0060.wav,triều Nguyễn và có thể nói là một cái vị công chúa có số phận hết sức đặc biệt,@HUE
data\data_prepared\wavs\I0A4mcwH8FI_0061.wav,khi mà trải qua rất nhiều đời chồng và trong đó là các cả hai người chồng đều,@HUE
data\data_prepared\wavs\I0A4mcwH8FI_0062.wav,làm vua. Và bây giờ chúng ta sẽ xuống để,@HUE
data\data_prepared\wavs\I0A4mcwH8FI_0063.wav,thấp cho bà một cái nén nhang trước khi mà Huế review chia sẻ tiếp câu chuyện về,@HUE
data\data_prepared\wavs\I0A4mcwH8FI_0064.wav,cái vị công chúa đặc biệt này. Quý vị thấy thì ở đây là khu vực đồi,@HUE
data\data_prepared\wavs\I0A4mcwH8FI_0065.wav,trọc rất là ít cây cối và mộ của bà là nằm,@HUE
data\data_prepared\wavs\I0A4mcwH8FI_0066.wav,"nói chung là nằm đơn sơ, nằm hoang vắng giữa một cái không gian đầy nắng giỏ như",@HUE
data\data_prepared\wavs\I0A4mcwH8FI_0067.wav,thế này quý vị. Và rõ ràng thì đây cũng là một cái điều,@HUE
data\data_prepared\wavs\I0A4mcwH8FI_0068.wav,hết sức là bất công đối với một cái bà phi của,@HUE
data\data_prepared\wavs\I0A4mcwH8FI_0069.wav,vua Gia Long. À đây Huy Review cũng bậc Mỹ luôn. Đây là bà Phi của vua Gia Long,@HUE
data\data_prepared\wavs\I0A4mcwH8FI_0070.wav,luôn quý vị. Bây giờ Huế Review mời quý vị cùng Huế Review thắp cho bà một cái,@HUE
data\data_prepared\wavs\I0A4mcwH8FI_0071.wav,"nén nhang tượng niệm trước khi mà chúng ta chia sẻ tiếp câu chuyện. Thưa quý vị,",@HUE
data\data_prepared\wavs\I0A4mcwH8FI_0072.wav,Vâng thưa quý vị thì vừa rồi Huế Review cũng đã thấp nén nhang để tưởng nhớ lại,@HUE
data\data_prepared\wavs\I0A4mcwH8FI_0074.wav,Ngọc Bình và một cái ngôi lăng mộ bên cạnh đó là của hoàng tộc triều Nguyễn.,@HUE
data\data_prepared\wavs\I0A4mcwH8FI_0075.wav,Thì như quý vị thấy cái khuôn viên của ngôi mộ rất chi là nhỏ thưa quý vị. Đấy,@HUE
data\data_prepared\wavs\I0A4mcwH8FI_0076.wav,chỉ có một cái cổng đi vào như thế này và các cái tường thấp vay quanh và bên,@HUE
data\data_prepared\wavs\I0A4mcwH8FI_0077.wav,trong là hai nắm mồ cũng như là có hai cái hương án à phía trước mặt. Và bây,@HUE
data\data_prepared\wavs\I0A4mcwH8FI_0078.wav,giờ thì chúng ta sẽ vào để xem thử cái cấu trúc nó có như nó như thế nào. Thì,@HUE
data\data_prepared\wavs\I0A4mcwH8FI_0079.wav,đây chính là cái hương án của công chúa Lê H Ngọc Bình và ở đây là,@HUE
data\data_prepared\wavs\I0A4mcwH8FI_0081.wav,2016 và có tạc cái dòng chữ đó là Nguyễn Phúc Tộc Lăng Bà Đức Phi Lê Thị Ngọc,@HUE
data\data_prepared\wavs\I0A4mcwH8FI_0082.wav,Bình. Đấy và quý vị thấy thì cái hương án thì cũng rất là đơn sơ giản dị bằng,@HUE
data\data_prepared\wavs\I0A4mcwH8FI_0083.wav,việc là xây dựng một cái khối bê tông và có cái chân đế như thế này. Đấy rất là,@HUE
data\data_prepared\wavs\I0A4mcwH8FI_0084.wav,đơn giản. Và như quý vị thấy thì nhang thì nó đang cháy thể hiện cái đồng thành,@HUE
data\data_prepared\wavs\I0A4mcwH8FI_0085.wav,kính của h review đến hai vị quý nhân này. Ở đây thì quý vị thấy là có cái,@HUE
data\data_prepared\wavs\I0A4mcwH8FI_0086.wav,ngôi mộ chỗ cất thi thể của công chúa Ngọc Bình.,@HUE
data\data_prepared\wavs\I0A4mcwH8FI_0087.wav,Và một cái điều mà chúng ta có thể thấy một,@HUE
data\data_prepared\wavs\I0A4mcwH8FI_0088.wav,cách rõ ràng đó là cái ngôi lă mộ này có kiến trúc hết sức là đơn giản.,@HUE
data\data_prepared\wavs\I0A4mcwH8FI_0089.wav,Đấy có hai tầng đáy và trên là giống như là một cái hòm đây quý vị thấy là nhìn,@HUE
data\data_prepared\wavs\I0A4mcwH8FI_0090.wav,là kế trúc là giống như một cái hòm th nhá. Đó và ở đây là có ba ngăn. Tuy,@HUE
data\data_prepared\wavs\I0A4mcwH8FI_0092.wav,lăng mộ này thì chúng ta thấy rất là ít những cái họa tiết. Ở đây thì quý vị,@HUE
data\data_prepared\wavs\I0A4mcwH8FI_0093.wav,thấy là đôi lúc thì chỉ có những cái họa tiết à,@HUE
data\data_prepared\wavs\I0A4mcwH8FI_0094.wav,xoắn ốc như thế này thôi. Còn lại là ở các cái mặt của cái răng của cây mổ thì,@HUE
data\data_prepared\wavs\I0A4mcwH8FI_0095.wav,chúng ta thấy là không có họa tiết gì trang trí. Đấy và có thể nói đây là một,@HUE
data\data_prepared\wavs\I0A4mcwH8FI_0096.wav,cái ngôi mộ là đơn sơ nhất trong các cái bà hoàng của triều Nguyễn.,@HUE
data\data_prepared\wavs\I0A4mcwH8FI_0097.wav,Ở đây quý vị thấy bên cạnh là cũng có một cái ngôi lăng mộ của một cái vị quỷ,@HUE
data\data_prepared\wavs\I0A4mcwH8FI_0098.wav,nhân. Thì ở đây theo như Huế Review tìm hiểu thì cái ngôi lăng mộ này chính là,@HUE
data\data_prepared\wavs\I0A4mcwH8FI_0099.wav,ngôi lăng mộ của một trong những người vợ của người con thứ 18 của một vị chú,@HUE
data\data_prepared\wavs\I0A4mcwH8FI_0100.wav,Nguyễn và cũng là nữ dân. Do đó là được an tán bên cạnh công chúa Ngọc Ngọc,@HUE
data\data_prepared\wavs\I0A4mcwH8FI_0101.wav,Bình. Đấy và cũng là một người trong hoàng tộc,@HUE
data\data_prepared\wavs\I0A4mcwH8FI_0102.wav,của Triều Nguyễn. Và cái hương án thì quý vị thấy là cũng được xây thấp hơn.,@HUE
data\data_prepared\wavs\I0A4mcwH8FI_0103.wav,Phần mộ cũng được xây thấp hơn. Đây như quý vị thấy thì,@HUE
data\data_prepared\wavs\I0A4mcwH8FI_0104.wav,cái khu lăng mộ của công chúa Ngọc Bình nó chỉ đơn sơ và giảng dị như thế này,@HUE
data\data_prepared\wavs\I0A4mcwH8FI_0105.wav,thôi. Và nó cũng phản ảnh được cái số phần hẩm hươu của một cái cô công chúa.,@HUE
data\data_prepared\wavs\I0A4mcwH8FI_0106.wav,con của tuy là con của vua lấy hai đứa chồng làm vua nhưng mà số phận hết sức,@HUE
data\data_prepared\wavs\I0A4mcwH8FI_0107.wav,là bạc bẻo và cũng được người đời ừ thốt lên những cái câu thơ như là số sao,@HUE
data\data_prepared\wavs\I0A4mcwH8FI_0108.wav,mà số lạ lùng con vua mà lại lấy hai chồng là vua vậy thì thực hư của cái,@HUE
data\data_prepared\wavs\I0A4mcwH8FI_0109.wav,chuyện mà con vua lấy hai chồng làm vua đó là như thế nào thì bây giờ Huế review,@HUE
data\data_prepared\wavs\I0A4mcwH8FI_0110.wav,kính mời quý vị lắng nghe Huy review chia sẻ về cái câu chuyện này. Thực ra,@HUE
data\data_prepared\wavs\I0A4mcwH8FI_0111.wav,thì có một số quý vị là cũng chưa biết là nguyên nhân là tại vì sao. À mà gọi,@HUE
data\data_prepared\wavs\I0A4mcwH8FI_0112.wav,là con vua mà lại là lại lấy hai chồng làm vua âu. Đó cũng là do cái bối cảch,@HUE
data\data_prepared\wavs\I0A4mcwH8FI_0113.wav,"lịch sử sinh ra và cũng là một cái cuộc hôn nhân, một trong những cuộc hôn",@HUE
data\data_prepared\wavs\I0A4mcwH8FI_0114.wav,nhân gọi là một hôn nhân mang màu sắc chính trị ở trong a cái khu lăng mộ của,@HUE
data\data_prepared\wavs\I0A4mcwH8FI_0115.wav,người nữ nhân này. Và khi kể ra thì chắc hẳn là cũng sẽ rất nhiều quý vị luyến,@HUE
data\data_prepared\wavs\I0A4mcwH8FI_0116.wav,tiếc và cảm thấy tha ôi cho một cái số phận hẩm hiươu của một cái nữ nhân hoàn,@HUE
data\data_prepared\wavs\I0A4mcwH8FI_0117.wav,tộc như thế này. À và bây giờ mời quý vị cùng Huế review chúng ta chia sẻ về cái,@HUE
data\data_prepared\wavs\I0A4mcwH8FI_0118.wav,vị công chúa Ngọc Bình này thưa quý vị. Vâng ính thưa quý vị thì hiện tại bây,@HUE
data\data_prepared\wavs\I0A4mcwH8FI_0119.wav,giờ khoảng 12:00 trưa và giờ rất là nắng nhưng mà vì cái đường xá nó khá xa xôi,@HUE
data\data_prepared\wavs\I0A4mcwH8FI_0120.wav,và tìm cái lắng này cũng khá là vất vả. Do đó là Huy Review cũng tranh thủ và,@HUE
data\data_prepared\wavs\I0A4mcwH8FI_0121.wav,quay cho quý vị xem luôn cái ngôi lă mộ của công chúa Ngọc Bình. Bởi bởi vì,@HUE
data\data_prepared\wavs\I0A4mcwH8FI_0122.wav,thường á là Huy R sẽ đi vào buổi chiều tà nhưng mà những cái ngày vừa rồi buổi,@HUE
data\data_prepared\wavs\I0A4mcwH8FI_0123.wav,chiều thường thường là mưa. Chính vì vậy là Huế Review cũng quyết định buổi sáng,@HUE
data\data_prepared\wavs\I0A4mcwH8FI_0124.wav,đến lên quay cái ngôi lă mộ này cho quý vị xem. Nhưng mà cũng không có tính toán,@HUE
data\data_prepared\wavs\I0A4mcwH8FI_0125.wav,trước được là do cái quá trình tìm đường nó lâu như vậy. Và hơn nữa thì cũng 3 4,@HUE
data\data_prepared\wavs\I0A4mcwH8FI_0126.wav,ngày rồi Huế Review không có đăng video lên kênh Huế Review cũng như là không có,@HUE
data\data_prepared\wavs\I0A4mcwH8FI_0127.wav,chia sẻ cho quý vị những cái khu lăng mộ về triều Nguyễn. Và chính vì vậy mà cũng,@HUE
data\data_prepared\wavs\I0A4mcwH8FI_0128.wav,có một số quý vị khán giả đã nhắn tin và hỏi với Huế Review rằng là tại sao vẫn,@HUE
data\data_prepared\wavs\I0A4mcwH8FI_0129.wav,chưa thấy ra video và quý vị cũng rất là nôn nóng muốn xem thử là video tiếp theo,@HUE
data\data_prepared\wavs\I0A4mcwH8FI_0130.wav,của Huế Review là video gì. Và cái điều này thì thực sự mà nói là Huy Review,@HUE
data\data_prepared\wavs\I0A4mcwH8FI_0131.wav,cũng cảm thấy rất là biết ơn và chân thành cảm ơn những vị khán giả đã yêu,@HUE
data\data_prepared\wavs\I0A4mcwH8FI_0132.wav,mến kênh Huế Review đã đăng ký kênh rồi chia sẻ những cái video của Huy Đw cho,@HUE
data\data_prepared\wavs\I0A4mcwH8FI_0133.wav,tất cả nhiều người cũng biết cho tất cả mọi người cùng biết đến lăng tẩm của,@HUE
data\data_prepared\wavs\I0A4mcwH8FI_0134.wav,triều nguyện những cái lăng của các cái vị ông vua rồi các bà Hoàng rồi những,@HUE
data\data_prepared\wavs\I0A4mcwH8FI_0135.wav,cái vị công chúa hoàng tử thì thật sự mà nói là cái tình cảm của quý vị dành cho,@HUE
data\data_prepared\wavs\I0A4mcwH8FI_0136.wav,Huế Review nói riêng và những cái vị đã khuất trong lịch sử tr Nguyễn nói chung,@HUE
data\data_prepared\wavs\I0A4mcwH8FI_0137.wav,thì Huy Review rất chi là cảm kích. Chính vì vậy mà Huy Review cũng có cái,@HUE
data\data_prepared\wavs\I0A4mcwH8FI_0138.wav,động lực để mà có thể thực hiện tiếp những cái video tiếp theo này. Và mặc dù,@HUE
data\data_prepared\wavs\I0A4mcwH8FI_0139.wav,trời nó tuy là nắng gắt nhưng mà Huế Review cũng quyết tâm để quay cho quý vị,@HUE
data\data_prepared\wavs\I0A4mcwH8FI_0141.wav,đang đứng trước ngôi lăng mộ của bà công chúa Ngọc Bình đây quý vị. Và công chúa,@HUE
data\data_prepared\wavs\I0A4mcwH8FI_0143.wav,thì cũng có nhiều giả thiết nói về cái sự cái xuất xứ của vị công chúa này. Bởi,@HUE
data\data_prepared\wavs\I0A4mcwH8FI_0144.wav,vì là có tài liệu thì ghi rằng là công chúa là coi con cùng cha khác mẹ với,@HUE
data\data_prepared\wavs\I0A4mcwH8FI_0145.wav,công chúa Ngọc Hưng. Có người thì ghi rằng là có người thì cho rằng công chúa,@HUE
data\data_prepared\wavs\I0A4mcwH8FI_0146.wav,là con gọi là cùng mẹ khác cha với công chúa Ngọc Hưng. Còn có người là nói là,@HUE
data\data_prepared\wavs\I0A4mcwH8FI_0147.wav,công chúa Ngọc Bình là con nuôi của vua Lê Hiển Tông. cũng có rất nhiều cái tư,@HUE
data\data_prepared\wavs\I0A4mcwH8FI_0148.wav,liệu nói về cái tiểu sử của vị công chúa này thì Huy Review cũng chỉ biết đọc và,@HUE
data\data_prepared\wavs\I0A4mcwH8FI_0149.wav,trên giấy tờ trên mạng như vậy thôi chứ còn là thật sự mà nói là cái tiểu sử như,@HUE
data\data_prepared\wavs\I0A4mcwH8FI_0150.wav,"thế nào thì chắc có lẽ là chỉ có những người trong lịch sử mới biết được, những",@HUE
data\data_prepared\wavs\I0A4mcwH8FI_0151.wav,người mà thân của công chúa này mới biết được. Thì nếu như quý vị nào biết được,@HUE
data\data_prepared\wavs\I0A4mcwH8FI_0152.wav,cái góc tích của vị công chúa này thì cũng có thể chia sẻ comment phía dưới,@HUE
data\data_prepared\wavs\I0A4mcwH8FI_0153.wav,video thôi quý vị. À bởi vì đó là một cái điều hết sức là tuyệt vời để cho thứ,@HUE
data\data_prepared\wavs\I0A4mcwH8FI_0155.wav,cái vị công chúa này. Thứ hai là cũng có à cho Huế review thêm những cái thông,@HUE
data\data_prepared\wavs\I0A4mcwH8FI_0156.wav,"tin, những cái kiến thức mới về các cái ông hoàng bà chúa của triều Nguyễn. Nói",@HUE
data\data_prepared\wavs\I0A4mcwH8FI_0158.wav,quân Tây Sơn và quân nhà Nguyễn thì nó rất là căng go và rất là gay gắt. Chính,@HUE
data\data_prepared\wavs\I0A4mcwH8FI_0159.wav,vì vậy mà à những cái cuộc hôn nhân thường là những cái cuộc hôn nhân mang,@HUE
data\data_prepared\wavs\I0A4mcwH8FI_0160.wav,màu sắc chính trị. Theo như Huế R tìm hiểu thì cũng có rất nhiều những cái giả,@HUE
data\data_prepared\wavs\I0A4mcwH8FI_0161.wav,thuyết nói về năm sinh của công chúa Ngọc Bình. Có người thì cho rằng là sinh,@HUE
data\data_prepared\wavs\I0A4mcwH8FI_0162.wav,"năm 1783, có người thì cho rằng là sinh năm 1785.",@HUE
data\data_prepared\wavs\I0A4mcwH8FI_0163.wav,Chính vì vậy mà Huy Review cũng không chỗ chắc chắn được cái thông tin không,@HUE
data\data_prepared\wavs\I0A4mcwH8FI_0164.wav,thông tin về tuổi tác của công chúa Ngọc Bình chỉ biết chắc chắn rằng năm mức là,@HUE
data\data_prepared\wavs\I0A4mcwH8FI_0165.wav,năm như vậy thì công chúa Ngọc Bình có thể thọ 25 cũng có thể là thọ 27 tuổi à,@HUE
data\data_prepared\wavs\I0A4mcwH8FI_0166.wav,tùy theo cái giả thiết mà coi như là chính xác nhất. Còn lại thì Huế Review,@HUE
data\data_prepared\wavs\I0A4mcwH8FI_0167.wav,không có bất cứ một cái sá không có một cái minh chứng cụ thể nào để xác nhận,@HUE
data\data_prepared\wavs\I0A4mcwH8FI_0168.wav,vào cái ngày tháng năm sinh đầy đủ của công chúa Ngọc Bình. Tuy nhiên chúng ta,@HUE
data\data_prepared\wavs\I0A4mcwH8FI_0169.wav,bỏ qua cái phần góc tích thì chúng ta sẽ nói đến cái bối cảnh lịch sử. Lúc đó thì,@HUE
data\data_prepared\wavs\I0A4mcwH8FI_0170.wav,cái quá trình Trịnh Nguyễn Phương Tranh. Sau khi giết được nhà Nguyễn thì Nguyễn,@HUE
data\data_prepared\wavs\I0A4mcwH8FI_0171.wav,Huệ tìm ra đất Bắc để gặp vua Lê Hiển Tông và có cái lời đề nghị là muốn á,@HUE
data\data_prepared\wavs\I0A4mcwH8FI_0172.wav,theo vua Lê Hiển Tông để phù Lê diệt Trịnh à để tiêu diệt tận góc nhà Trịnh.,@HUE
data\data_prepared\wavs\I0A4mcwH8FI_0173.wav,Vua Lê Hiển Tông thì cũng là một cái vị vua anh mình nhận thấy cái hoàn cảnh đó,@HUE
data\data_prepared\wavs\I0A4mcwH8FI_0174.wav,rất là cần thiết. Chính vì vậy mà cũng đã đồng ý và gả công chúa Ngọc Hưng cho,@HUE
data\data_prepared\wavs\I0A4mcwH8FI_0175.wav,à Nguyễn Huệ và sau khi sau khi Nguyễn Huệ diệt được nhà Trịnh thì lên ngôi,@HUE
data\data_prepared\wavs\I0A4mcwH8FI_0176.wav,hoàng đế đó và lấy hiệu là Quang Trung. Tuy nhiên làm vua không lâu thì vua,@HUE
data\data_prepared\wavs\I0A4mcwH8FI_0177.wav,Quang Trung lại mất à vua Quang Trung lại băng hà. Và lúc đó thì con của vua,@HUE
data\data_prepared\wavs\I0A4mcwH8FI_0178.wav,Quang Trung còn rất là nhỏ là vua là Nguyễn Quang Toản được đưa lên làm vua.,@HUE
data\data_prepared\wavs\I0A4mcwH8FI_0179.wav,Tuy nhiên thì trong triều thần lúc này thì cũng có một cái vị đại thần là cậu,@HUE
data\data_prepared\wavs\I0A4mcwH8FI_0180.wav,của à Cảnh Thần Hoàng Đế tức là Nguyễn Quang Toản à có tên là Bùi Đắc Tuyên và,@HUE
data\data_prepared\wavs\I0A4mcwH8FI_0181.wav,để à và các triều thần trong triều để coi như là à hàm hạn chế cái quyền hành,@HUE
data\data_prepared\wavs\I0A4mcwH8FI_0182.wav,của à Bùi Đắc Tuyền thì cũng đã cấu kết với nhau để tiêu diệt à Bùi Đắc Tuyền.,@HUE
data\data_prepared\wavs\I0A4mcwH8FI_0183.wav,Và đến năm 795 khi mà Bùi Đắc Tu bị tiêu diệt công chúa Ngọc Hưng lúc đó thì thấy,@HUE
data\data_prepared\wavs\I0A4mcwH8FI_0184.wav,nhà Lê cũng đang thấy nhà Hậu Lê cũng đang dừng suy yếu và cũng rất chi là lo,@HUE
data\data_prepared\wavs\I0A4mcwH8FI_0185.wav,ngại cho Quang Toản còn nhỏ tuổi thì đã gả công chúa Ngọc Bình cho Nguyễn Quan,@HUE
data\data_prepared\wavs\I0A4mcwH8FI_0186.wav,Toản tức là Cảnh Thần Hoàng đế. Tuy nhiên thì đến năm 1801,@HUE
data\data_prepared\wavs\I0A4mcwH8FI_0187.wav,lúc đó thì Nguyễn Ánh đã chiếu binh mãi mã đầy đủ và quyết định đánh vào phủ,@HUE
data\data_prepared\wavs\I0A4mcwH8FI_0188.wav,xuân từ cửa biểu thuận A và đã truy đuổi và truy bắc à đến vua Cảnh Thỉnh. Chính,@HUE
data\data_prepared\wavs\I0A4mcwH8FI_0189.wav,vì lâm vào hoàn cảnh đó thì vua Cảnh Thỉnh đã cùng với người với hoàng tộc,@HUE
data\data_prepared\wavs\I0A4mcwH8FI_0190.wav,của mình kéo nhau ra Bắc hạ để là nạn. Và trong cái quá trình chạy nạn đó thì,@HUE
data\data_prepared\wavs\I0A4mcwH8FI_0191.wav,lại để lại sót công để sót lại công chúa Ngọc Bình và một số tị nữ. Khi Nguyễn,@HUE
data\data_prepared\wavs\I0A4mcwH8FI_0192.wav,"Ánh đến bắt gặp công chúa Ngọc Bình thì thấy nàng là một vị công chúa nhu mì,",@HUE
data\data_prepared\wavs\I0A4mcwH8FI_0193.wav,"nhan sắc tuyệt trần, nói chuyện rất là nhỏ nhẹ. Chính vì vậy mà à Nguyễn Ánh đã",@HUE
data\data_prepared\wavs\I0A4mcwH8FI_0194.wav,đồng lòng và muốn nạp công chúa Ngọc Bình làm phi. Lúc đó có rất nhiều đại,@HUE
data\data_prepared\wavs\I0A4mcwH8FI_0195.wav,"thần của triều ca ngăn nói rằng là à ngài có được cả cái giang sơn, có rất",@HUE
data\data_prepared\wavs\I0A4mcwH8FI_0196.wav,nhiều mỹ nhân cho ngài tại sao lại đi nạp vợ của người khác làm phi. Lúc đó,@HUE
data\data_prepared\wavs\I0A4mcwH8FI_0197.wav,Nguyên Ánh mới nói một câu rằng đất nước của giặt tao còn lấy được thì hà cỡ chi,@HUE
data\data_prepared\wavs\I0A4mcwH8FI_0199.wav,xá chi mô đấy đến năm 1802 thì Nguyễn ảnh lên ngồi lấy niên hiệu là Gia Long,@HUE
data\data_prepared\wavs\I0A4mcwH8FI_0200.wav,thì đã phong cho công chúa Ngọc Bình làm phi và sau đó thì công chúa Ngọc Bình đã,@HUE
data\data_prepared\wavs\I0A4mcwH8FI_0201.wav,hạ sinh cho vua Gia Long tới bốn người con trong đó có hai người con trai và,@HUE
data\data_prepared\wavs\I0A4mcwH8FI_0202.wav,hai người con gái. À điều này à cũng có rất nhiều cái giả thuyết đưa ra rằng là,@HUE
data\data_prepared\wavs\I0A4mcwH8FI_0203.wav,cái lúc mà vua Gia Long à muốn nạp à công chúa Ngọc Bình làm phi thì lại có,@HUE
data\data_prepared\wavs\I0A4mcwH8FI_0204.wav,một cái màu sắc chính trị nó dính dáng ở đây. Tức là vua Gia Long muốn làm yên,@HUE
data\data_prepared\wavs\I0A4mcwH8FI_0205.wav,lòng dân do đó là mới gọi là mới đưa công chúa Ngọc Bình làm phi. Bởi vì theo,@HUE
data\data_prepared\wavs\I0A4mcwH8FI_0206.wav,như vua Gia Long nghĩ rằng vợ của một ông vua mà mất nước sẽ vào tay của mình,@HUE
data\data_prepared\wavs\I0A4mcwH8FI_0207.wav,thì lúc đó là làm cho lòng dân nó tin tưởng hơn rằng vua Gia Long có thể đánh,@HUE
data\data_prepared\wavs\I0A4mcwH8FI_0208.wav,thắng được Triều Thanh Sơn và có thể làm vua để giúp đỡ cho dân chúng. Và cái giả,@HUE
data\data_prepared\wavs\I0A4mcwH8FI_0209.wav,thiện này đưa ra cũng khá là hợp lý tuy nhiên thì Huế Review cảm thấy có một cái,@HUE
data\data_prepared\wavs\I0A4mcwH8FI_0210.wav,chi tiết khá là hơi bị mâu thuẫn. Nếu như mà vua Giao Long đưa công chúa Ngọc,@HUE
data\data_prepared\wavs\I0A4mcwH8FI_0211.wav,Bình lên làm phi với mang tính chất đối phó như vậy thì,@HUE
data\data_prepared\wavs\I0A4mcwH8FI_0212.wav,tới việc mà sinh bốn người con thì nó rất chi là khó. Và ừ ở đây á thì công,@HUE
data\data_prepared\wavs\I0A4mcwH8FI_0213.wav,chúa Ngọc Bình ra đi khi rất là trẻ bởi vì theo một số giả thuyết thì cho rằng,@HUE
data\data_prepared\wavs\I0A4mcwH8FI_0215.wav,vậy mà đã mất sau khi mà sinh ra cái người con trai thứ hai cho vua Châ Long.,@HUE
data\data_prepared\wavs\I0A4mcwH8FI_0216.wav,Còn một số giả thiết á thì lại cho rằng vì công chúa Ngọc Bình là muốn,@HUE
data\data_prepared\wavs\I0A4mcwH8FI_0217.wav,vào cung để lấy thân mình để mà cứu cái dòng họ Lê vậy là cứu cái ng người hoàng,@HUE
data\data_prepared\wavs\I0A4mcwH8FI_0218.wav,tộc của vua Cảnh Thịnh. Chính vì vậy mà đã đồng ý vào làm phi cho vua Gia Long.,@HUE
data\data_prepared\wavs\I0A4mcwH8FI_0219.wav,À sau đó thì vì cái kế hoạch không thành chính vì vậy mà đã uất ức và tuần tiếp,@HUE
data\data_prepared\wavs\I0A4mcwH8FI_0220.wav,mà ra đi mà mất. À nhưng mà nếu như mà bây giờ nhìn vào thực tế đây quý vị có,@HUE
data\data_prepared\wavs\I0A4mcwH8FI_0221.wav,thể cho Huế Review một câu trả lời khá là xác đáng bởi vì Huế Review cũng thấy,@HUE
data\data_prepared\wavs\I0A4mcwH8FI_0222.wav,rất là mâu thuẫn là bởi vì nếu như vua Gia Long đó là thật lòng với công chúa,@HUE
data\data_prepared\wavs\I0A4mcwH8FI_0223.wav,Ngọc Bình thì tại sao một cái ngôi lăng mộ của của vị công chúa mà lại có thể,@HUE
data\data_prepared\wavs\I0A4mcwH8FI_0224.wav,xây dựng một cách sơ xà như vậy không có bình phong không có bình không có bụ,@HUE
data\data_prepared\wavs\I0A4mcwH8FI_0225.wav,thành cao rồi nói chung là cái khuôn viên rất chi là nhỏ. Thực ra cái ngôi mộ,@HUE
data\data_prepared\wavs\I0A4mcwH8FI_0226.wav,ở cái ngôi mộ ở Trúc Lâm thì à Huế Review cũng chưa có nhìn thấy là cái,@HUE
data\data_prepared\wavs\I0A4mcwH8FI_0227.wav,ngôi bỏ mộ đó như thế nào. Không biết là cái ngôi mộ đó là có Bình Phong à có Bửu,@HUE
data\data_prepared\wavs\I0A4mcwH8FI_0228.wav,Thành hay là có một cái kiến trúc giống như là vua chúa bên các cái bà Hoàng của,@HUE
data\data_prepared\wavs\I0A4mcwH8FI_0229.wav,Trì Nguyễn hay không. Nhưng mà nếu như mà thật sự là một cái ngôi mộ như thế,@HUE
data\data_prepared\wavs\I0A4mcwH8FI_0230.wav,này thì à không biết rằng vua Gia Long có mặn mà với cái bà Đức Phi này hay,@HUE
data\data_prepared\wavs\I0A4mcwH8FI_0231.wav,không? À hay là nó có một cái nguyên nhân sâu xa nào đó. Và cái điều đặc biệt,@HUE
data\data_prepared\wavs\I0A4mcwH8FI_0232.wav,mà điều đặc biệt mà Huy Review cũng muốn chia sẻ với quý vị ở đây chính là trong,@HUE
data\data_prepared\wavs\I0A4mcwH8FI_0234.wav,của vua Ly Hạnng Tông và sau này lại là vợ của vua Cảnh Thịnh tức là con gái của,@HUE
data\data_prepared\wavs\I0A4mcwH8FI_0235.wav,công chúa Ngọc Hưng và vua Quang Trung thì lúc đó thì phải xưng hô là công chúa,@HUE
data\data_prepared\wavs\I0A4mcwH8FI_0236.wav,Ngọc Hưng và công chúa Ngọc Bình là chị em nhưng mà cũng là mẹ chồng nàng dâu.,@HUE
data\data_prepared\wavs\I0A4mcwH8FI_0237.wav,Rồi giữa à vua Cảnh Thịnh và vua Quang Trung,@HUE
data\data_prepared\wavs\I0A4mcwH8FI_0239.wav,chèo. Và đặc biệt hơn nữa giữa triều đại Tây Sơn và triều đại nhà Nguyễn là hai,@HUE
data\data_prepared\wavs\I0A4mcwH8FI_0240.wav,cái triều đại có mối thù không đổi trợ chung. Nhưng mà khi vua Gia Long lấy,@HUE
data\data_prepared\wavs\I0A4mcwH8FI_0241.wav,công chúa Ngọc Bình làm phi thì lại có một cái mối liên hệ về cách xưng hô. Nếu,@HUE
data\data_prepared\wavs\I0A4mcwH8FI_0242.wav,như công chúa Ngọc Bình là em của công chúa Ngọc Hưng thì như vậy thì vua Gia,@HUE
data\data_prepared\wavs\I0A4mcwH8FI_0243.wav,Long lấy em của công chúa Ngọc Hưng tức là giữa vua Quang Trung và vua Gia Long,@HUE
data\data_prepared\wavs\I0A4mcwH8FI_0244.wav,lại là anh em của kèo đây. Và qua những chia sẻ này thì nếu như mà vị công chúa,@HUE
data\data_prepared\wavs\I0A4mcwH8FI_0245.wav,này có số phận đặc biệt như vậy thì nếu như mà lúc đó vua Quang Trung còn sống,@HUE
data\data_prepared\wavs\I0A4mcwH8FI_0246.wav,nếu như mà xảy ra cái số vụ này thì có lẽ là nó sẽ gây rất là nhiều những cái,@HUE
data\data_prepared\wavs\I0A4mcwH8FI_0247.wav,thị phi bởi vì là ờ người công chúa này có thể là giải hòa được mối quan hệ giữa,@HUE
data\data_prepared\wavs\I0A4mcwH8FI_0248.wav,vua Quang Trung và vua Gia Long đấy nhưng mà rất tiếc rõ ràng quý vị thấy,@HUE
data\data_prepared\wavs\I0A4mcwH8FI_0249.wav,lịch sử hai triều đại Tây Sơn và triều đại nhà Nguyễn là hai cái triều đại mà,@HUE
data\data_prepared\wavs\I0A4mcwH8FI_0250.wav,gọi là không đổi trợ chung với nhau. Chính vì vậy mà à việc công chúa Ngọc,@HUE
data\data_prepared\wavs\I0A4mcwH8FI_0251.wav,Bình làm vợ ai đi chăng nữa thì đó cũng là một cái điều nói rằng cái số phận của,@HUE
data\data_prepared\wavs\I0A4mcwH8FI_0252.wav,những người phụ nữ ở thời phong kiến nó rất chi là nhỏ bé đấy và ngay cả một cái,@HUE
data\data_prepared\wavs\I0A4mcwH8FI_0253.wav,"vị con của vua, một cái vị công chúa của triều nhà Lê nhưng mà cũng phải trải qua",@HUE
data\data_prepared\wavs\I0A4mcwH8FI_0254.wav,"rất là nhiều cái bể khổ, những cái gian trân để mà cuối cùng là trở thành vợ của",@HUE
data\data_prepared\wavs\I0A4mcwH8FI_0255.wav,hai ông vua. nhưng mà lại rất là ít được nhiều người biết đến là bởi vì đây chẳng,@HUE
data\data_prepared\wavs\I0A4mcwH8FI_0256.wav,qua là một cái nhân vật mà gọi là mang cái màu sắc chính trị trong những cái,@HUE
data\data_prepared\wavs\I0A4mcwH8FI_0257.wav,cuộc hôn nhân diễn ra mà thôi. Và cái điều này thì Huế Review cũng hết sức,@HUE
data\data_prepared\wavs\I0A4mcwH8FI_0258.wav,đồng cảm với cái vị công chúa Ngọc Bình này. Bởi vì nếu như à đôi lúc có những,@HUE
data\data_prepared\wavs\I0A4mcwH8FI_0259.wav,"đôi đôi lúc có những vị hoàng tộc họ nghĩ rằng nếu như ta là thường dân, nếu",@HUE
data\data_prepared\wavs\I0A4mcwH8FI_0260.wav,"như ta không có sống trong cung cấm, ta sống trọng sống trong hoàng cung thì ta",@HUE
data\data_prepared\wavs\I0A4mcwH8FI_0261.wav,"sẽ không chịu những cái nỗi khổ, những cái đỗi uốt ức như thế này. Và rõ ràng",@HUE
data\data_prepared\wavs\I0A4mcwH8FI_0262.wav,thì bây giờ nói về đời sau thì con cháu Nguyễn Phúc Tộc cũng đã cố gắng để tìm,@HUE
data\data_prepared\wavs\I0A4mcwH8FI_0263.wav,tòi và xây dựng lại cái lăng mộ cho vị công chúa này một cách rất là đàn hoàng,@HUE
data\data_prepared\wavs\I0A4mcwH8FI_0264.wav,ở ngay một cái nguồn đồi cũng khá là cao ở trên chỗ đông trầm này thôi quý vị. Và,@HUE
data\data_prepared\wavs\I0A4mcwH8FI_0265.wav,đó là một cái điều mà cũng hết sức là à tạng dương đến con cháu của Nguyễn Phúc,@HUE
data\data_prepared\wavs\I0A4mcwH8FI_0266.wav,Tộc. Bởi vì nếu như mà thật sự mà nói là vì ít người biết đến thì nếu như mà con,@HUE
data\data_prepared\wavs\I0A4mcwH8FI_0267.wav,cháu không tìm lại và xây dựng lăng mổ thì cũng sẽ không có ai đến viễn thâm.,@HUE
data\data_prepared\wavs\I0A4mcwH8FI_0268.wav,Bởi vì quý vị thấy nhìn vào những cái bác nhã bạc nhang này thì quý vị thấy có,@HUE
data\data_prepared\wavs\I0A4mcwH8FI_0269.wav,rất ít cái chân hương. Đấy và Hủy Review cũng hy vọng rằng sau cái video này thì,@HUE
data\data_prepared\wavs\I0A4mcwH8FI_0270.wav,quý vị xem được video quý vị có thể chia sẻ và lan tỏa à về cái ngôi lă mộ của,@HUE
data\data_prepared\wavs\I0A4mcwH8FI_0271.wav,quý vị công chúa có cái số phận hết sức đặc biệt này à để à cho nhiều người biết,@HUE
data\data_prepared\wavs\I0A4mcwH8FI_0273.wav,lá mộ này thì cũng mong quý vị thắp cho vị công chúa này một cái nén nhang. Thực,@HUE
data\data_prepared\wavs\I0A4mcwH8FI_0274.wav,ra bà là một cái vị hoàng hậu của triều đại Tây Sơn và là một cái đức phi của,@HUE
data\data_prepared\wavs\I0A4mcwH8FI_0275.wav,triều đại nhà Nguyễn và là công chúa của triều đại nhà Lê và trải qua à cuộc sống,@HUE
data\data_prepared\wavs\I0A4mcwH8FI_0276.wav,hoàn tộc trong ba triều đại nhưng mà quý vị thấy số vợ hết sức sấm hạm hiươu,@HUE
data\data_prepared\wavs\I0A4mcwH8FI_0277.wav,và sau bà Dương Văn Nga thì cô công chúa này là một cái cô công chúa có số phận,@HUE
data\data_prepared\wavs\I0A4mcwH8FI_0278.wav,đặc biệt nhất trong lịch sử Trị Nguyện bởi vì thải hậu Dương Văn Nga cũng là,@HUE
data\data_prepared\wavs\I0A4mcwH8FI_0279.wav,người có hai đời chồng làm vua đấy còn nhưng mà dư thái hậu Dương Văn Nga thì,@HUE
data\data_prepared\wavs\I0A4mcwH8FI_0280.wav,lại được nhiều người biết đến hơn. Đó còn cái cô công chúa Ngọc Bình này thì,@HUE
data\data_prepared\wavs\I0A4mcwH8FI_0281.wav,quý vị thấy rất là ít người biết đến. Và chắc có lẽ thì thông qua cái video của,@HUE
data\data_prepared\wavs\I0A4mcwH8FI_0282.wav,Huế Review thì cũng một số quý vị cũng sẽ biết rõ hơn về cái vị công chúa này.,@HUE
data\data_prepared\wavs\I0A4mcwH8FI_0283.wav,Và cái lă ngôi lăng mộ phía bên cạnh công chúa cũng là một cái ngôi lăng mộ,@HUE
data\data_prepared\wavs\I0A4mcwH8FI_0284.wav,của một cái nữ nhân trong dòng tộc họ Nguyễn. Và ở đây là vợ của con thứ 18,@HUE
data\data_prepared\wavs\I0A4mcwH8FI_0285.wav,của một cái vị chú Nguyễn nào đó mà Huế Review cũng không có biết. Thì nếu như,@HUE
data\data_prepared\wavs\I0A4mcwH8FI_0286.wav,ai biết thì cũng có thể comment phía dưới video để chia sẻ về cái vị nữ nhân,@HUE
data\data_prepared\wavs\I0A4mcwH8FI_0287.wav,"này. Còn hôm nay thì sau khi đến viếng lăng mộ của công chúa Ngọc Bình, Huế",@HUE
data\data_prepared\wavs\I0A4mcwH8FI_0288.wav,Review cũng tạm mạng và cảm cảnh chia sẻ về một cái câu chuyện về cái cô công,@HUE
data\data_prepared\wavs\I0A4mcwH8FI_0290.wav,Chắc có lẽ thì cái thời điểm này là hơn 12:00 trưa và thời tiết thực sự mà nói,@HUE
data\data_prepared\wavs\I0A4mcwH8FI_0291.wav,quý vị thấy rất là nóng và Huế Review cũng phải nép mình trong một cái góc keo,@HUE
data\data_prepared\wavs\I0A4mcwH8FI_0292.wav,như thế này để có thể là có một cái chút bóng mát để chia sẻ thêm cho quý vị. Và,@HUE
data\data_prepared\wavs\I0A4mcwH8FI_0293.wav,chắc có lẽ là à video đến đây là cũng xin tạm dừng và Huy Review cũng xin chia,@HUE
data\data_prepared\wavs\I0A4mcwH8FI_0294.wav,sẻ lại là đến năm 1810 thì công chúa Ngọc Bình sau khi sinh con một người con,@HUE
data\data_prepared\wavs\I0A4mcwH8FI_0295.wav,trai thì một người con trai nữa cho vua Gia Long thì cũng đã mất. Và lúc đó bà,@HUE
data\data_prepared\wavs\I0A4mcwH8FI_0296.wav,Thọ 27 tuổi theo một số thông tin thì là 25 tuổi. Đó tùy vào cái năm sinh mà quý,@HUE
data\data_prepared\wavs\I0A4mcwH8FI_0297.wav,vị có thể chia sẻ ở phía dưới comment chia sẻ phía dưới video giúp Huế review,@HUE
data\data_prepared\wavs\I0A4mcwH8FI_0298.wav,và mọi người biết rõ hơn. Bởi vì thật sự mà nói là Huế Ria biết là ở đây trên,@HUE
data\data_prepared\wavs\I0A4mcwH8FI_0299.wav,kênh Huế Ria cũng có một số vị là con cháu của nhà Nguyễn và mong quý vị nếu,@HUE
data\data_prepared\wavs\I0A4mcwH8FI_0300.wav,như mà trong gia phả của họ Nguyễn Phúc Tộc á biết được cái năm sinh rõ ràng của,@HUE
data\data_prepared\wavs\I0A4mcwH8FI_0301.wav,công chúa Ngọc Bình thì có thể chia sẻ phía dưới video để cho nhiều người cũng,@HUE
data\data_prepared\wavs\I0A4mcwH8FI_0302.wav,biết và cũng xin cảm ơn quý vị rất là nhiều và Huy Rio cũng muốn góp một phần,@HUE
data\data_prepared\wavs\I0A4mcwH8FI_0303.wav,nào đó để lan tỏa những cái hình ảnh về những ngôi lan mộ của các cái bà hoàng,@HUE
data\data_prepared\wavs\I0A4mcwH8FI_0304.wav,các cái vua chúa triều Nguyễn à và cái đặc biệt là cái ngôi lăng mộ này một số,@HUE
data\data_prepared\wavs\I0A4mcwH8FI_0305.wav,phần hết sức rất là đặc biệt trong lịch sử Việt Nam để cho quý vị biết nhiều hơn,@HUE
data\data_prepared\wavs\I0A4mcwH8FI_0306.wav,à biết rõ hơn về cái ngôi lăng mộ của công chúa Ngọc Bình. Và à một lần nữa,@HUE
data\data_prepared\wavs\I0A4mcwH8FI_0307.wav,thì Huế Review cũng xin chân thành cảm ơn tất cả quý vị đã quan tâm và đã biết,@HUE
data\data_prepared\wavs\I0A4mcwH8FI_0308.wav,đến Huế Review cũng như là đã có gửi tin nhắn đến để à khích lễ động viên cho Huế,@HUE
data\data_prepared\wavs\I0A4mcwH8FI_0309.wav,Review thực hiện những video về triều Nguyễn cũng như là những video về Huế.,@HUE
data\data_prepared\wavs\I0A4mcwH8FI_0310.wav,"Và cũng kính chúc quý vị sức khỏe, an lành cũng như là nhiều niềm vui gặp",@HUE
data\data_prepared\wavs\I0A4mcwH8FI_0311.wav,"nhiều may mắn trong cuộc sống. Và đừng quên like, chia sẻ, đăng ký kênh Huế",@HUE
data\data_prepared\wavs\I0A4mcwH8FI_0312.wav,Review để nhận được những cái video mới nhất từ kênh Huế Review nha quý vị. À,@HUE
data\data_prepared\wavs\I0A4mcwH8FI_0313.wav,Huế Review xin kết thúc video đây.,@HUE
data\data_prepared\wavs\mY4GvHqqZ6w_0001.wav,"Vâng, mến chào quý vị đã quay lại với Huế Review. À quý vị và các bạn thân",@HUE
data\data_prepared\wavs\mY4GvHqqZ6w_0002.wav,"mến, hiện tại thì Huế Review đang có vật ở đường Lê Ngô Cát và ở đây có một cái",@HUE
data\data_prepared\wavs\mY4GvHqqZ6w_0003.wav,"à ngã ba đấy, ngã rẻ để chúng ta đi lên. Một cái địa điểm mà hôm nay Huế Review",@HUE
data\data_prepared\wavs\mY4GvHqqZ6w_0004.wav,cũng muốn giới thiệu cho quý vị xem đó là lăng mộ của một cái vị vương công quỷ,@HUE
data\data_prepared\wavs\mY4GvHqqZ6w_0005.wav,tộc mà vị vương công này có tới tận ba người con là làm vua đó chính là lăng mộ,@HUE
data\data_prepared\wavs\mY4GvHqqZ6w_0006.wav,của Kiên Thái Vương. Kiên Thái Vương thì tên thực là Nguyễn Phúc Hồng Cai và ông,@HUE
data\data_prepared\wavs\mY4GvHqqZ6w_0007.wav,được phong làm kiên thải tiên thiên hải vương sau,@HUE
data\data_prepared\wavs\mY4GvHqqZ6w_0008.wav,khi mà vua Đồng Khánh lên ngồi được 3 năm.,@HUE
data\data_prepared\wavs\mY4GvHqqZ6w_0009.wav,Và bây giờ à để quý vị không chờ lâu thì mời quý vị chúng ta cùng đồng hành với,@HUE
data\data_prepared\wavs\mY4GvHqqZ6w_0010.wav,Huế Review à đi trên cái con đường đến lăng của vị vương công thủy tộc của vị,@HUE
data\data_prepared\wavs\mY4GvHqqZ6w_0011.wav,Kiên Thái Vương này. Và mời quý vị cùng theo chân Huy Đêu nha. Xin mời quý vị.,@HUE
data\data_prepared\wavs\mY4GvHqqZ6w_0012.wav,"Kiên Thái Vương được biết đến là cha của ba vị vua đó là vua Kiến Phúc, Hàm Nghi",@HUE
data\data_prepared\wavs\mY4GvHqqZ6w_0013.wav,và Đồng Khánh. Đây ở đây là có một cái ngôi lăng mộ của,@HUE
data\data_prepared\wavs\mY4GvHqqZ6w_0014.wav,"vua Tử Đức. Thưa quý vị, đây vua Tử Đức là",@HUE
data\data_prepared\wavs\mY4GvHqqZ6w_0015.wav,như quý vị đã biết thì vua Tử Đức là vị vua thứ tư thứ tư của Triều Nguyệt sau,@HUE
data\data_prepared\wavs\mY4GvHqqZ6w_0016.wav,vua Gia Long Minh Mạng và vua Thiếu Trị và bức tường thành bảo vệ bên ngoài lăng,@HUE
data\data_prepared\wavs\mY4GvHqqZ6w_0017.wav,à quý vị có thể thấy là rất là dài. Thì à sắp tới Huế Đ Vi cũng sẽ làm một,@HUE
data\data_prepared\wavs\mY4GvHqqZ6w_0018.wav,cái series về các cái lăng tẩm của chính chúa 13 vua.,@HUE
data\data_prepared\wavs\mY4GvHqqZ6w_0019.wav,À và cũng mong quý vị à ủng hộ hiện tại thì các cái khu di tích lăng,@HUE
data\data_prepared\wavs\mY4GvHqqZ6w_0020.wav,bẩm thì cũng đã bị gọi là đã tạm thời dừng hoạt động đóng cửa rồi thưa quý.,@HUE
data\data_prepared\wavs\mY4GvHqqZ6w_0021.wav,Thì đi qua khỏi lăng tử Đức thì chúng ta sẽ men theo cái con đường à đoàn Nhữ Hài,@HUE
data\data_prepared\wavs\mY4GvHqqZ6w_0022.wav,này để đến ngôi lăng mộ của vị vua là con trai của Kiên Thái Vương gọi chính,@HUE
data\data_prepared\wavs\mY4GvHqqZ6w_0023.wav,là vua Đồng Khánh. Tuy nhiên thì trong cái khuôn khổ video này thì Huế Ru không,@HUE
data\data_prepared\wavs\mY4GvHqqZ6w_0025.wav,xem. Hẹn quý vị ở một số các cái video sau.,@HUE
data\data_prepared\wavs\mY4GvHqqZ6w_0026.wav,Còn bây giờ thì chúng ta sẽ tiến thẳng đến,@HUE
data\data_prepared\wavs\mY4GvHqqZ6w_0027.wav,đường dẫn vào khu lăng mộ của Kiên Thái Vương.,@HUE
data\data_prepared\wavs\mY4GvHqqZ6w_0028.wav,Đây được xem là một cái nhân vật cũng à khá là,@HUE
data\data_prepared\wavs\mY4GvHqqZ6w_0029.wav,hay bởi vì là làm ba của ba vị vua. Đồng thời thì cái kiến trúc lăng tẩm của,@HUE
data\data_prepared\wavs\mY4GvHqqZ6w_0030.wav,Kiên Thái Vương cũng rất chi là đặc sắc và,@HUE
data\data_prepared\wavs\mY4GvHqqZ6w_0031.wav,Huế Review cũng mong rằng quý vị chúng ta xem hết video để tìm hiểu được cái sự,@HUE
data\data_prepared\wavs\mY4GvHqqZ6w_0032.wav,độc đáo và đặc sắc đó của lăng mộ của Kiế Thái Vương.,@HUE
data\data_prepared\wavs\mY4GvHqqZ6w_0033.wav,Đây phía bên này là lăng của Vua Đồng Khánh.,@HUE
data\data_prepared\wavs\mY4GvHqqZ6w_0034.wav,Nhưng mà bây giờ chúng ta sẽ đi vào cái con đường này để đến khu lăng mộ của,@HUE
data\data_prepared\wavs\mY4GvHqqZ6w_0035.wav,Kiên Thái Vương. Đây là phía bên ngoài của lăng vô Đồng,@HUE
data\data_prepared\wavs\mY4GvHqqZ6w_0036.wav,Khánh đây quý vị. Và mộ của Kiên Thái Vương đó lăng mộ của,@HUE
data\data_prepared\wavs\mY4GvHqqZ6w_0037.wav,Kiên Thái Vương thì nằm ở phía bên trên kia.,@HUE
data\data_prepared\wavs\mY4GvHqqZ6w_0038.wav,Bây giờ mời quý vị cùng với Hế Review chúng ta lên khám phá cái ngôi lăng mộ,@HUE
data\data_prepared\wavs\mY4GvHqqZ6w_0039.wav,của Kiên Hải Vương nha quý vị. Vâng và để đến à khu lăng mộ của Kiên,@HUE
data\data_prepared\wavs\mY4GvHqqZ6w_0040.wav,Thái Vương thì quý vị sẽ men theo dọc cái con đường mòn này. Và như quý vị có,@HUE
data\data_prepared\wavs\mY4GvHqqZ6w_0041.wav,thể thấy rằng là ở đây khu lăng mộ được xây dựng trong một cái khuôn viên là,@HUE
data\data_prepared\wavs\mY4GvHqqZ6w_0042.wav,những cái đồi thông rất là mát rượi thôi quý vị.,@HUE
data\data_prepared\wavs\mY4GvHqqZ6w_0043.wav,Đây cũng là một cái ân huệ mà vua Đồng Khánh đã dành cho cha mình khi mà xây,@HUE
data\data_prepared\wavs\mY4GvHqqZ6w_0044.wav,dựng khu lăng bộ trong cuộc cái thường thông à mát lạnh như sữa Đà Lạt. Đây,@HUE
data\data_prepared\wavs\mY4GvHqqZ6w_0045.wav,thưa quý vị. Và cũng nói qua vua cũng nói qua Kiêu,@HUE
data\data_prepared\wavs\mY4GvHqqZ6w_0046.wav,Thái Vương thì Kiêu Thái Vương tên thật là Nguyễn Phúc Hồng Cai.,@HUE
data\data_prepared\wavs\mY4GvHqqZ6w_0047.wav,Ông sinh năm 1845 và mức năm 1871,@HUE
data\data_prepared\wavs\mY4GvHqqZ6w_0048.wav,đấy. Thọ 31 tuổi cũng à gọi là mất sớm đâ quý vị. Mất khá,@HUE
data\data_prepared\wavs\mY4GvHqqZ6w_0049.wav,là sớm chỉ là 31 tuổi đã mất rồi. Và ông chính là ba là chính là thân phụ của ba,@HUE
data\data_prepared\wavs\mY4GvHqqZ6w_0050.wav,"vị vua đó là vua à Kiến Phúc, Hàm Nghi và Đồng Khánh.",@HUE
data\data_prepared\wavs\mY4GvHqqZ6w_0051.wav,Ở đây thì quý vị còn có thể thấy là kiến trúc khu lă mộ cũng khá là đặc biệt.,@HUE
data\data_prepared\wavs\mY4GvHqqZ6w_0052.wav,Ở đây là cái nghi môn thưa quý vị. Đây chính được gọi là cái nghi môn tức là,@HUE
data\data_prepared\wavs\mY4GvHqqZ6w_0053.wav,cái cổng để đi vào lăng. Thì,@HUE
data\data_prepared\wavs\mY4GvHqqZ6w_0054.wav,nghi môn ở đây có một điều đặc biệt là có một cái tấm bia ngay ở giữa ng môn,@HUE
data\data_prepared\wavs\mY4GvHqqZ6w_0055.wav,"đây. Đó,",@HUE
data\data_prepared\wavs\mY4GvHqqZ6w_0056.wav,đến này thì cũng có một số các cái hòa tiết được trang trí.,@HUE
data\data_prepared\wavs\mY4GvHqqZ6w_0057.wav,Tuy nhiên thì bây giờ quý vị có thể thấy là qua thời gian mưa gió thì các cái họa,@HUE
data\data_prepared\wavs\mY4GvHqqZ6w_0058.wav,tiết này cũng đã bị xuống cấp và bong tróc hết rồi.,@HUE
data\data_prepared\wavs\mY4GvHqqZ6w_0059.wav,Lúc trước là được trang trí bằng mẻ sành mẻ sứ. Tuy nhiên thì quý vị có thể thấy,@HUE
data\data_prepared\wavs\mY4GvHqqZ6w_0060.wav,là các cái mẻ sàn mẹ sứ bây giờ nó cũng bị bong tróc rất là nhiều.,@HUE
data\data_prepared\wavs\mY4GvHqqZ6w_0061.wav,Đấy và như cái ý nghĩa của tấm bia này và Huế Review tìm hiểu thì đây có,@HUE
data\data_prepared\wavs\mY4GvHqqZ6w_0062.wav,nghĩa là dịch ra là Thiên Hoàng Long Sơn.,@HUE
data\data_prepared\wavs\mY4GvHqqZ6w_0063.wav,Đấy và quý vị á có thể thấy là những cái họa tiết nằm ở phía bia.,@HUE
data\data_prepared\wavs\mY4GvHqqZ6w_0065.wav,Đây quý vị có thể thấy rõ hình hai của một con rồng.,@HUE
data\data_prepared\wavs\mY4GvHqqZ6w_0066.wav,"Đấy, đang bay trên mây đấy, nhìn rất là đẹp. Và những cái họa tiết ở phía dưới",@HUE
data\data_prepared\wavs\mY4GvHqqZ6w_0067.wav,"thì ở đây cũng có hai con rồng chầu. Đấy, đây là một con, đây là một con",@HUE
data\data_prepared\wavs\mY4GvHqqZ6w_0068.wav,chầu. Thì à,@HUE
data\data_prepared\wavs\mY4GvHqqZ6w_0069.wav,như quý vị cũng đã biết thì cái kiến trúc chung của tất cả các cái kiến trúc,@HUE
data\data_prepared\wavs\mY4GvHqqZ6w_0070.wav,của lăng ở vua chúa của triều Nguyễn thì đều được trang trí bằng những cái hóa,@HUE
data\data_prepared\wavs\mY4GvHqqZ6w_0071.wav,tiết là long ẩn vân là rồng à trên mây đó.,@HUE
data\data_prepared\wavs\mY4GvHqqZ6w_0072.wav,Và ở phía xa xa kia review thấy cũng có một,@HUE
data\data_prepared\wavs\mY4GvHqqZ6w_0073.wav,cái ngôi lă mộ thì đó chính là ngôi lăng mộ vợ của vua,@HUE
data\data_prepared\wavs\mY4GvHqqZ6w_0074.wav,Đồng Khánh là Tư Minh Lăng. Tuy nhiên thì trong khu,@HUE
data\data_prepared\wavs\mY4GvHqqZ6w_0075.wav,khổ hôm nay thì Huế Review muốn dẫn dắt quý vị đến với cái khu lăng mộ của Kiên,@HUE
data\data_prepared\wavs\mY4GvHqqZ6w_0076.wav,Thái Vương một cái khu lăng mộ mà có thể nói là cũng khá là,@HUE
data\data_prepared\wavs\mY4GvHqqZ6w_0077.wav,ít người biết. Thậm chí là ở Huế là cũng rất là ít,@HUE
data\data_prepared\wavs\mY4GvHqqZ6w_0078.wav,người đến đây để khám phá. Ở đây thì có một cái con đường à dẫn vào,@HUE
data\data_prepared\wavs\mY4GvHqqZ6w_0079.wav,cái khu lăng mộ của Kiên Thái Vương đây quý vị.,@HUE
data\data_prepared\wavs\mY4GvHqqZ6w_0080.wav,Và có thể nói cái khung cảnh xung quanh rất chi là,@HUE
data\data_prepared\wavs\mY4GvHqqZ6w_0081.wav,"gọi là rất chi là ấm áp, rất chi là đẹp, rất chi là thơ mộng.",@HUE
data\data_prepared\wavs\mY4GvHqqZ6w_0082.wav,"Đấy, ở đây thì Huế Ru thấy là phát hiện là có một cái đường à",@HUE
data\data_prepared\wavs\mY4GvHqqZ6w_0083.wav,cái đường cổng nước chảy thì nước sẽ chạy xuống cổng như thế này và sẽ lon,@HUE
data\data_prepared\wavs\mY4GvHqqZ6w_0084.wav,qua bên này để thoát xuống đây.,@HUE
data\data_prepared\wavs\mY4GvHqqZ6w_0085.wav,Đây nhìn chung thì à hệ thống học thoát nước,@HUE
data\data_prepared\wavs\mY4GvHqqZ6w_0086.wav,này là cũng chưa có được gọi là à khoa học cho lắm đấy. Vì nếu như mà trong,@HUE
data\data_prepared\wavs\mY4GvHqqZ6w_0087.wav,tương lai thì cái chỗ này nó sẽ bị sát lỡ.,@HUE
data\data_prepared\wavs\mY4GvHqqZ6w_0089.wav,"cái rừng thông, rừng thông bao lao bát ngác.",@HUE
data\data_prepared\wavs\mY4GvHqqZ6w_0090.wav,Và cảm giác đi ở đây giống như một cái chỗ u tịch hết sức là bình yên.,@HUE
data\data_prepared\wavs\mY4GvHqqZ6w_0091.wav,Và trong cái thời điểm này nữa thì như quý vị thấy là dường như là không có ai,@HUE
data\data_prepared\wavs\mY4GvHqqZ6w_0092.wav,đến viếng những cái ngôi lăng mộ xung quanh cái à lăng đồng Khánh.,@HUE
data\data_prepared\wavs\mY4GvHqqZ6w_0093.wav,"Đấy, >> trên kia thì cũng có một số du khách",@HUE
data\data_prepared\wavs\mY4GvHqqZ6w_0094.wav,cũng đến đây để viễn thâm. Tuy nhiên thì hôm nay Huế Review cũng sẽ,@HUE
data\data_prepared\wavs\mY4GvHqqZ6w_0095.wav,đến để pháp nhang cho cái vị kiên thái vương này,@HUE
data\data_prepared\wavs\mY4GvHqqZ6w_0097.wav,nét độc đáo mà cái khu lăng mộ này có được so với những cái khu lăng mộ khác,@HUE
data\data_prepared\wavs\mY4GvHqqZ6w_0098.wav,của các cái vua chúa triều Nguyễn. Đó là những cái khu lăng m khác thì chỉ có một,@HUE
data\data_prepared\wavs\mY4GvHqqZ6w_0099.wav,cái bi đỉnh. Tuy nhiên thì ở đây thì có tới tầng hai bi đỉnh. Và quý vị thấy thì,@HUE
data\data_prepared\wavs\mY4GvHqqZ6w_0100.wav,bi đình cũng khá là lớn. Đây quý vị nhìn cũng khá là lớn.,@HUE
data\data_prepared\wavs\mY4GvHqqZ6w_0101.wav,Và trong này thì cũng có cái tấm bia khác cái,@HUE
data\data_prepared\wavs\mY4GvHqqZ6w_0102.wav,công lao chắc có lẽ là khác cái công lao của chiên thái vương đây ở bên trong bi,@HUE
data\data_prepared\wavs\mY4GvHqqZ6w_0103.wav,đình vị cái tấm bia này cũng được à trang trí,@HUE
data\data_prepared\wavs\mY4GvHqqZ6w_0104.wav,bằng những cái họa tiết rộng giống như cái tấm bia ở ngoài nghi môn,@HUE
data\data_prepared\wavs\mY4GvHqqZ6w_0105.wav,vậy. Và những cái nội dung trên tấm bia cũng,@HUE
data\data_prepared\wavs\mY4GvHqqZ6w_0106.wav,được khắc cũng còn rất là rõ. Tuy nhiên thì quý vị thấy là,@HUE
data\data_prepared\wavs\mY4GvHqqZ6w_0107.wav,cái chất lượng thì nó cũng đã bị mai một theo thời gian. Hiện tại thì phong cũng,@HUE
data\data_prepared\wavs\mY4GvHqqZ6w_0108.wav,bám rất là nhiều. đó,@HUE
data\data_prepared\wavs\mY4GvHqqZ6w_0109.wav,hòa tiết trên các cái cột kèo của B Đình thì à chúng ta thấy rõ,@HUE
data\data_prepared\wavs\mY4GvHqqZ6w_0110.wav,đây là những cái con rồng đây những con rồng đang bay trên máy,@HUE
data\data_prepared\wavs\mY4GvHqqZ6w_0111.wav,so với à các cái bi đình của các cái vua chúa Triều Nguyễn á thì bi Đình của Lăng,@HUE
data\data_prepared\wavs\mY4GvHqqZ6w_0112.wav,Kiêu Thái Vương nhìn trung là cũng khá là đôi số và cũng khá là giống so với,@HUE
data\data_prepared\wavs\mY4GvHqqZ6w_0113.wav,kiến trúc của các cái bị đình à của các cái vị vua của triều nguyện,@HUE
data\data_prepared\wavs\mY4GvHqqZ6w_0114.wav,"nhìn rất là lớn thôi quý vị. Đấy,",@HUE
data\data_prepared\wavs\mY4GvHqqZ6w_0115.wav,"hiện tại thì các cái buồn cây, các cái buồn hoa thì như quý vị thấy cũng đã",@HUE
data\data_prepared\wavs\mY4GvHqqZ6w_0116.wav,"được xây dựng lại, trung tu lại rồi. Trước kia thì cái khu vực này là các cái",@HUE
data\data_prepared\wavs\mY4GvHqqZ6w_0117.wav,buồn hoa là gạch là nó bị à vỡ vụn và kiểu như là nó bị bể ra thành nhiều mảnh,@HUE
data\data_prepared\wavs\mY4GvHqqZ6w_0118.wav,và xuống cấp rất là nghiêm trọng. Tuy nhiên thì khu vực này bây giờ cũng đã,@HUE
data\data_prepared\wavs\mY4GvHqqZ6w_0119.wav,được trùng tù. Đấy thì thì như quý vị thấy thì hai cái,@HUE
data\data_prepared\wavs\mY4GvHqqZ6w_0120.wav,con vật chàu hai bên bây giờ cũng đã được à xây dựng mới đấy. Tô trét lại rất,@HUE
data\data_prepared\wavs\mY4GvHqqZ6w_0121.wav,là mới và cái khu vực này là dường như mới được,@HUE
data\data_prepared\wavs\mY4GvHqqZ6w_0122.wav,trùng tu lại thôi quý vị. Còn nếu như so với trước kia thì cái khu vực này nó bị,@HUE
data\data_prepared\wavs\mY4GvHqqZ6w_0123.wav,"xuống cấp rất là nhiều. Tuy nhiên thì bây giờ các cái bồn hoa, các cái buồn",@HUE
data\data_prepared\wavs\mY4GvHqqZ6w_0124.wav,"cây thì cũng được trung tu, được làm mới lại và bê tông hóa ở đây thì cũng được",@HUE
data\data_prepared\wavs\mY4GvHqqZ6w_0125.wav,trang trí bằng các cái mẻ sanh mẻ sứ ở bên ngoài đấy.,@HUE
data\data_prepared\wavs\mY4GvHqqZ6w_0126.wav,Rồi các cái loại gạch chữ này nữa này. Nhìn à,@HUE
data\data_prepared\wavs\mY4GvHqqZ6w_0127.wav,hầu hết thì các cái công trình mà sau khi trùng tu thì Huế Review nhận thấy,@HUE
data\data_prepared\wavs\mY4GvHqqZ6w_0128.wav,đều sử dụng các cái loại gạch như thế này để mà trùng tu lại cả. Thì tuy nó có,@HUE
data\data_prepared\wavs\mY4GvHqqZ6w_0129.wav,làm mất đi một cái chút cái giá trị về cổ xưa nhưng mà nhìn khi trung tu mới,@HUE
data\data_prepared\wavs\mY4GvHqqZ6w_0130.wav,"lại thì quý vị thấy cũng rất là bề thế, cũng rất là mới và cũng rất là đẹp.",@HUE
data\data_prepared\wavs\mY4GvHqqZ6w_0131.wav,Ở đây thì bên này cũng có một cái biển và,@HUE
data\data_prepared\wavs\mY4GvHqqZ6w_0132.wav,theo như Huế review thấy thì bình bên kia đã được trùng tu lại rồi. À,@HUE
data\data_prepared\wavs\mY4GvHqqZ6w_0133.wav,nhìn nó mới hơn và biến bên này thì dường như là vẫn chưa được trùng tu lại.,@HUE
data\data_prepared\wavs\mY4GvHqqZ6w_0134.wav,Thì quý vị có thể thấy là cái sự khác nhau giữa cụ và mới ở đây các cái họa,@HUE
data\data_prepared\wavs\mY4GvHqqZ6w_0135.wav,tiết là nó bị phủ mờ hết rồi đó. Toàn bộ là b bị phủ mờ bị mờ hết rồi quý,@HUE
data\data_prepared\wavs\mY4GvHqqZ6w_0136.wav,vị bị bong tróc hết. Chính vì vậy mà việc trung tu là cái điều hiển nhiên.,@HUE
data\data_prepared\wavs\mY4GvHqqZ6w_0137.wav,Tuy nhiên là chắc có lẽ là cái khu vực này bình bên này thì vẫn chưa được trùng,@HUE
data\data_prepared\wavs\mY4GvHqqZ6w_0138.wav,tu. Đó nhưng cái biền khi mà Huế review đọc,@HUE
data\data_prepared\wavs\mY4GvHqqZ6w_0139.wav,trên sách vỡ á thì có thấy tưởng tượng chừng như cái bi đình này khá là nhỏ,@HUE
data\data_prepared\wavs\mY4GvHqqZ6w_0140.wav,nhưng mà bây giờ khi ra thực tế thì thấy cái bi đình thật sự rất là lớn.,@HUE
data\data_prepared\wavs\mY4GvHqqZ6w_0142.wav,giống y chang nhau và đối xứng nhau. Ở bên này cũng có một cái tấm bia nhưng mà,@HUE
data\data_prepared\wavs\mY4GvHqqZ6w_0143.wav,cái tấm bia này có lẽ là không có khắc cái công đức của Thái Vương mà nó có ý,@HUE
data\data_prepared\wavs\mY4GvHqqZ6w_0144.wav,nghĩa gì đó bởi vì cái văn tự trên này nhìn rất là ít và nhìn rất là lớn. thì,@HUE
data\data_prepared\wavs\mY4GvHqqZ6w_0145.wav,chắc có thể là cái bia khắc cái ngày tháng xây dựng hay là gì đó nằm,@HUE
data\data_prepared\wavs\mY4GvHqqZ6w_0146.wav,ở trên này đó thưa quý vị thì quý vị nào có biết chữ hát thì có thể dịch ra giúp,@HUE
data\data_prepared\wavs\mY4GvHqqZ6w_0147.wav,Huế Review và quý vị khán giả trên kênh Huế Review có thể hiểu được,@HUE
data\data_prepared\wavs\mY4GvHqqZ6w_0148.wav,đâ ngay cái chân đế chưa quý vị thấy là cũng là họa tiết rồng đấy rất chi là ạ.,@HUE
data\data_prepared\wavs\mY4GvHqqZ6w_0149.wav,Và bên trong như ở đây thì có vẻ là nó hư hại nhiều hơn so ở bên kia. Đấy.,@HUE
data\data_prepared\wavs\mY4GvHqqZ6w_0150.wav,Đây. Ở đây cũng có một số bà con là đến đây là khắc chữ tùm lum.,@HUE
data\data_prepared\wavs\mY4GvHqqZ6w_0151.wav,Do đó là cái cái mà bảo vệ các cái di tích này cũng rất chi là khó. Quan trọng,@HUE
data\data_prepared\wavs\mY4GvHqqZ6w_0153.wav,Đây nhà tình yêu của anh này đây. Nhìn,@HUE
data\data_prepared\wavs\mY4GvHqqZ6w_0154.wav,không biết là là nhân vật nào nhưng mà có lẽ là,@HUE
data\data_prepared\wavs\mY4GvHqqZ6w_0155.wav,A B C D đủ thứ trên đây quý vị có thể thấy đọc rất là rõ luôn. Và việc mà,@HUE
data\data_prepared\wavs\mY4GvHqqZ6w_0156.wav,làm như thế này cũng là một trong những cái,@HUE
data\data_prepared\wavs\mY4GvHqqZ6w_0157.wav,quá trình làm cho hư hại các cái di tích. Đấy.,@HUE
data\data_prepared\wavs\mY4GvHqqZ6w_0158.wav,Và tiếp theo cái bờ cấp thì chúng ta sẽ đến cái khu,@HUE
data\data_prepared\wavs\mY4GvHqqZ6w_0159.wav,vực Bổ Thành. Và Bũ Thành bây giờ cũng được trung tu,@HUE
data\data_prepared\wavs\mY4GvHqqZ6w_0160.wav,"mới luôn quý vị. Đấy, mới quét sơn mới rồi xây bỏ gạch mới, tường mới luôn.",@HUE
data\data_prepared\wavs\mY4GvHqqZ6w_0161.wav,Đây bây giờ toàn bộ là được trung tu cái khu vực bên trong rồi.,@HUE
data\data_prepared\wavs\mY4GvHqqZ6w_0162.wav,À ở đây còn à không biết thì các cái đầu trụ này,@HUE
data\data_prepared\wavs\mY4GvHqqZ6w_0163.wav,có được à làm mới hay không. Đấy nhưng mà những,@HUE
data\data_prepared\wavs\mY4GvHqqZ6w_0164.wav,cái họa tiết như là các cái gạch này đây thì đây quý vị thấy gạch cũ gạch mới,@HUE
data\data_prepared\wavs\mY4GvHqqZ6w_0165.wav,"hoàn toàn nó khác nhau thôi quý vị. Bên này là gật nhám, còn bên này là gật",@HUE
data\data_prepared\wavs\mY4GvHqqZ6w_0166.wav,"bóng. Đấy,",@HUE
data\data_prepared\wavs\mY4GvHqqZ6w_0167.wav,đây cũng được trồng một số cái cây mai rồi.,@HUE
data\data_prepared\wavs\mY4GvHqqZ6w_0168.wav,Đây là quý vị thấy là khu vực bũ thần phía bên ngoài. Nhìn một cách tổng thể,@HUE
data\data_prepared\wavs\mY4GvHqqZ6w_0169.wav,"thì có hai bổ thành, bổ thần ngoài và bổ thần trong.",@HUE
data\data_prepared\wavs\mY4GvHqqZ6w_0170.wav,"Đấy, phía tiếp theo của Bổ Thành là những cây buồn hoa. Đấy, những buồn cây.",@HUE
data\data_prepared\wavs\mY4GvHqqZ6w_0171.wav,Ở đây thì được trồng hai cây mai vàng. Ở đây chắc là Hoàng Mai Sử Huế đây. Đấy.,@HUE
data\data_prepared\wavs\mY4GvHqqZ6w_0172.wav,Và tiếp theo cái bũ thành đó chính là một cái bức bình phong.,@HUE
data\data_prepared\wavs\mY4GvHqqZ6w_0173.wav,Và chúng ta sẽ tham qua cái bức bình phong đây.,@HUE
data\data_prepared\wavs\mY4GvHqqZ6w_0174.wav,"Đấy, cái họa tiết trang trí của bức bình phong à nhìn rất nhiều chữ khò đây. Và",@HUE
data\data_prepared\wavs\mY4GvHqqZ6w_0176.wav,"rất là thấp, thấp hơn nhiều so với những cái bình phong mà à ở các cái lăng của",@HUE
data\data_prepared\wavs\mY4GvHqqZ6w_0177.wav,"vua chúa, thậm chí là các cái lăng của à nữ nhân trong triều Đình Nhà Nguyễn. Thì",@HUE
data\data_prepared\wavs\mY4GvHqqZ6w_0178.wav,không biết đây là một cái ý đồ như thế nào nhưng mà ngay cái hòa tiết trang trí,@HUE
data\data_prepared\wavs\mY4GvHqqZ6w_0180.wav,được xây dựng và được à đây được trang trí bằng các cái men sứ,@HUE
data\data_prepared\wavs\mY4GvHqqZ6w_0181.wav,đó nhìn rất là đẹp. Ở đây là những cái án mây. Ở đây là các,@HUE
data\data_prepared\wavs\mY4GvHqqZ6w_0182.wav,cái chữ thò đây. Đấy quá đẹp quý vị.,@HUE
data\data_prepared\wavs\mY4GvHqqZ6w_0183.wav,Chắc là cái vôi này sơn này thì mới được quẹt mới rồi. Và chắc chắn là sau này là,@HUE
data\data_prepared\wavs\mY4GvHqqZ6w_0184.wav,cái khu vực này cũng là được đưa vào trong một cái tu du lịch của các cái di,@HUE
data\data_prepared\wavs\mY4GvHqqZ6w_0185.wav,tích. Bởi vì bên kia là lăng Đồng Khánh. Sau lăng Đồng Khánh thì có lăng của vợ,@HUE
data\data_prepared\wavs\mY4GvHqqZ6w_0186.wav,vua Đồng Khánh. Và bây giờ là lăng này là lăng của ba vua Đồng Khánh luôn. Đấy.,@HUE
data\data_prepared\wavs\mY4GvHqqZ6w_0187.wav,Cha của vua Đồng Khánh là Kiên Thái Vương.,@HUE
data\data_prepared\wavs\mY4GvHqqZ6w_0188.wav,Quý vị cũng có thể chiêm ngược lại những cái hóa tiết. Bây giờ những cái hóa tiết,@HUE
data\data_prepared\wavs\mY4GvHqqZ6w_0189.wav,này nhìn cũng khá là mới rồi. Đây đó. Đây là có một con rồng,@HUE
data\data_prepared\wavs\mY4GvHqqZ6w_0190.wav,rồng ngầm viên ngọc đây quý vị này. Đó nhìn rất là đẹp.,@HUE
data\data_prepared\wavs\mY4GvHqqZ6w_0191.wav,Và mộ của Kiên Thái Vương nằm trong một cái khu vực hết sức là yên tĩnh và tỉnh,@HUE
data\data_prepared\wavs\mY4GvHqqZ6w_0192.wav,mịch. Và nếu như mà cái thời điểm mà khoảng,@HUE
data\data_prepared\wavs\mY4GvHqqZ6w_0193.wav,gần hoàng hôn khi quý vị tới đây thì quý vị cảm nhận được cái sự dương tịch đó.,@HUE
data\data_prepared\wavs\mY4GvHqqZ6w_0194.wav,"Ở đây quý vị cũng có thể chiêm ngưỡng một cái tác phẩm, một cái con rồng rất",@HUE
data\data_prepared\wavs\mY4GvHqqZ6w_0195.wav,là đẹp. Đây một cái chú rồng ngoảnh đầu đấy.,@HUE
data\data_prepared\wavs\mY4GvHqqZ6w_0196.wav,Và không biết à quý vị có bao giờ quan sát kỹ những cái hình trên à các cái,@HUE
data\data_prepared\wavs\mY4GvHqqZ6w_0197.wav,công trình mà liên quan tới kiến trúc của vua chú Triều Nguyện hay chưa. Thì,@HUE
data\data_prepared\wavs\mY4GvHqqZ6w_0198.wav,quý vị thấy là con rồng này á có tới tầng năm móng.,@HUE
data\data_prepared\wavs\mY4GvHqqZ6w_0199.wav,"Đấy, bình thường thì rồng chỉ có bốn móng thôi nhưng mà rồng của kiến trúc",@HUE
data\data_prepared\wavs\mY4GvHqqZ6w_0200.wav,cung đình chều nguyện trang trí ở đây thì có tới tầng năm móng.,@HUE
data\data_prepared\wavs\mY4GvHqqZ6w_0201.wav,"Nó tượng trưng cho à một cái quyền lực đây, quyền lực của vương triều.",@HUE
data\data_prepared\wavs\mY4GvHqqZ6w_0202.wav,Và đây những cái họa tiết này thì thực sự,@HUE
data\data_prepared\wavs\mY4GvHqqZ6w_0203.wav,mà nói là ở những cái lăng khác thì Huy Riew vẫn chưa có thấy. Nhưng ở đây thì,@HUE
data\data_prepared\wavs\mY4GvHqqZ6w_0204.wav,có rất nhiều các cái bình hoa này. Đấy nhìn rất là đẹp.,@HUE
data\data_prepared\wavs\mY4GvHqqZ6w_0205.wav,Quý vị cũng để ý kỹ ở đây có các cái dĩa các cái dĩa men sứ trang trí ở ngay cái,@HUE
data\data_prepared\wavs\mY4GvHqqZ6w_0206.wav,khu vực Bổ Thành. Thì những cái công trình nằm ở trong cái men sứ này thì quý,@HUE
data\data_prepared\wavs\mY4GvHqqZ6w_0207.wav,vị có thể thấy là không biết thì thật sự mà nói là Huế,@HUE
data\data_prepared\wavs\mY4GvHqqZ6w_0208.wav,"Review cũng biết là cái chỗ này chỗ này là chỗ nào, nằm ở nước nào nhưng mà",@HUE
data\data_prepared\wavs\mY4GvHqqZ6w_0209.wav,không biết thì quý vị khán giả đoán xem thử là nó nằm ở đâu. Quý vị có thể,@HUE
data\data_prepared\wavs\mY4GvHqqZ6w_0210.wav,comment phía dưới video với những cái họa tiết này nhìn rất là lạ thôi quý vị.,@HUE
data\data_prepared\wavs\mY4GvHqqZ6w_0211.wav,Đấy chắc chắn sẽ rất là lạ. Đây những cái công trình nó như thế này.,@HUE
data\data_prepared\wavs\mY4GvHqqZ6w_0212.wav,Đó. Nhìn rất là đẹp.,@HUE
data\data_prepared\wavs\mY4GvHqqZ6w_0213.wav,Cái này thì nhìn như là mới đây. Mới này. Còn cái này là cũ này. Cho,@HUE
data\data_prepared\wavs\mY4GvHqqZ6w_0215.wav,Hai chú kỳ lưng ngự ở trên cái khu vực cổng của Bổ Thành.,@HUE
data\data_prepared\wavs\mY4GvHqqZ6w_0216.wav,Chúng ta qua bên này để xem thử hai cái đĩa bên này nó sẽ như thế nào. Đây cái,@HUE
data\data_prepared\wavs\mY4GvHqqZ6w_0217.wav,kiến trúc lăng hết sức là đối xứng thôi quý vị. Đối xứng cực kỳ luôn.,@HUE
data\data_prepared\wavs\mY4GvHqqZ6w_0218.wav,Đây bên này cũng cái cái đĩa như thế này.,@HUE
data\data_prepared\wavs\mY4GvHqqZ6w_0219.wav,À rõ ràng là chúng tôi thấy là đĩa bên này là đĩa cũ đĩa này là đĩa mới. Chắc,@HUE
data\data_prepared\wavs\mY4GvHqqZ6w_0220.wav,có lẽ là nó bong tróc và nó rớt ra nó bể rồi hay sao?,@HUE
data\data_prepared\wavs\mY4GvHqqZ6w_0221.wav,Đấy. Đây còn cái địa cũ này quý vị thấy,@HUE
data\data_prepared\wavs\mY4GvHqqZ6w_0222.wav,không phải là người Việt Nam này. Hình ảnh này không phải là ở Việt Nam là chắc,@HUE
data\data_prepared\wavs\mY4GvHqqZ6w_0223.wav,chắc chắn luôn. Đấy thì quý vị suy nghĩ đi. Quý vị suy nghĩ đoán và suy nghĩ,@HUE
data\data_prepared\wavs\mY4GvHqqZ6w_0227.wav,vị. Ở đây á so với,@HUE
data\data_prepared\wavs\mY4GvHqqZ6w_0228.wav,những cái khu vực lăng mùa khác thì quý vị thấy á cái khu vực Bửu Thành này là,@HUE
data\data_prepared\wavs\mY4GvHqqZ6w_0229.wav,chỉ có một cái bản hiệu phía trên thôi. Nhưng mà ở đây là có tới hai bản đây.,@HUE
data\data_prepared\wavs\mY4GvHqqZ6w_0230.wav,Hai bản hiệu đó.,@HUE
data\data_prepared\wavs\mY4GvHqqZ6w_0231.wav,Đó là một cái điều đặc biệt. Và ở đây có rất nhiều các cái đĩa sứ được trang trí.,@HUE
data\data_prepared\wavs\mY4GvHqqZ6w_0232.wav,có rất nhiều cái đĩa xứ được à đem vào để trang trí. Ở đây quý vị cũng có thể,@HUE
data\data_prepared\wavs\mY4GvHqqZ6w_0233.wav,thấy là cái đĩa ở đây là mức rồi này. À đĩa trên,@HUE
data\data_prepared\wavs\mY4GvHqqZ6w_0234.wav,kia là nó còn nhưng mà ở đây mức này là các cái họa tiết bên này nó cũng bị bong,@HUE
data\data_prepared\wavs\mY4GvHqqZ6w_0235.wav,tróc hết rồi. Đó,@HUE
data\data_prepared\wavs\mY4GvHqqZ6w_0236.wav,bên này các cái ô học nó cũng bị bong tróc luôn.,@HUE
data\data_prepared\wavs\mY4GvHqqZ6w_0237.wav,"Đấy, địa bên này thì bị bể rồi. Đây quý vị thấy là",@HUE
data\data_prepared\wavs\mY4GvHqqZ6w_0238.wav,hình ảnh nhìn rất là đẹp. Đây các cái hòa tiết,@HUE
data\data_prepared\wavs\mY4GvHqqZ6w_0239.wav,được trang trí nói chung là cũng rất là sắc xảo đấy quý vị. Rất là tinh tế. Sau,@HUE
data\data_prepared\wavs\mY4GvHqqZ6w_0241.wav,Đấy quý vị thấy chân cái bức binh phóng này,@HUE
data\data_prepared\wavs\mY4GvHqqZ6w_0243.wav,đây. Đây thủy tinh màu đây quý vị. Hai con mắt xanh lè luôn nhìn rất là đẹp,@HUE
data\data_prepared\wavs\mY4GvHqqZ6w_0245.wav,lại tiếp tục được trang trí bằng các cái đĩa. Đấy,@HUE
data\data_prepared\wavs\mY4GvHqqZ6w_0246.wav,một chiếc thuyền này à bên này cũng những cái chiếc đĩa. Hai,@HUE
data\data_prepared\wavs\mY4GvHqqZ6w_0247.wav,cái điện này thì giống nhau n quý vị. Đấy những cái đĩa này giống nhau hết,@HUE
data\data_prepared\wavs\mY4GvHqqZ6w_0248.wav,đấy. Và a kháng bây giờ thì quý vị cũng đã,@HUE
data\data_prepared\wavs\mY4GvHqqZ6w_0249.wav,đoán ra rồi đúng không? Thì những cái đĩa này là những cái hình ảnh ở nước,@HUE
data\data_prepared\wavs\mY4GvHqqZ6w_0250.wav,Pháp đấy. Và vị vua Đồng Khánh của chúng ta là một,@HUE
data\data_prepared\wavs\mY4GvHqqZ6w_0251.wav,cái vị vua cũng à rất là bất lực trước cái thời thế.,@HUE
data\data_prepared\wavs\mY4GvHqqZ6w_0252.wav,Chính vì vậy mà lúc đó thì thực dân Pháp đang đô hộ nước ta. Chính vì vậy mà ừ,@HUE
data\data_prepared\wavs\mY4GvHqqZ6w_0253.wav,cũng không làm gì hơn được. Và,@HUE
data\data_prepared\wavs\mY4GvHqqZ6w_0255.wav,Vương. Bởi vì lúc đó thì kiến trúc của Pháp được xem như là một loại kiến trúc,@HUE
data\data_prepared\wavs\mY4GvHqqZ6w_0256.wav,hết sức là đẹp. Đấy. Nhìn vào bên nhìn ở phía trong của,@HUE
data\data_prepared\wavs\mY4GvHqqZ6w_0257.wav,cổng bộ Thần chúng ta cũng thấy có một cái nét đẹp huyền ảo lung linh và u tịch,@HUE
data\data_prepared\wavs\mY4GvHqqZ6w_0258.wav,đây. Vâng. À và có một cái điều à đặc biệt mà,@HUE
data\data_prepared\wavs\mY4GvHqqZ6w_0259.wav,Huế Review cũng muốn chia sẻ với quý vị đó chính là à vị Kiên Thái Vương này.,@HUE
data\data_prepared\wavs\mY4GvHqqZ6w_0260.wav,Đấy ngày xưa thì được vua Từ Đức rất là coi trọng bởi à cái sự ham học hỏi và,@HUE
data\data_prepared\wavs\mY4GvHqqZ6w_0261.wav,tìm tòi về kiến thức. Chính vì vậy mà vua Tử Đức đã phong làm Kiên Quốc Vương.,@HUE
data\data_prepared\wavs\mY4GvHqqZ6w_0262.wav,Thì à cũng trong thời gian đó cũng trong cái,@HUE
data\data_prepared\wavs\mY4GvHqqZ6w_0263.wav,thời gian đó thì vua Tử Đức đã phong con trai của con trai đầu của ông là vua,@HUE
data\data_prepared\wavs\mY4GvHqqZ6w_0264.wav,Đồng Khánh sau này làm con tr con nuôi. Bởi vì như quý vị biết thì vua Tử Đức là,@HUE
data\data_prepared\wavs\mY4GvHqqZ6w_0265.wav,không có con nối giỏi. Chính vì vậy mà phải nhận con nuôi. Vua Kiến Phúc là một,@HUE
data\data_prepared\wavs\mY4GvHqqZ6w_0267.wav,Phúc cũng là một cái vị vua mà được vua Tự Đức hết sức là ưu ái bởi vì vua Kiến,@HUE
data\data_prepared\wavs\mY4GvHqqZ6w_0268.wav,Phúc là một người hết sức là nhân từ. Tuy nhiên thời thế cũng 8 tháng thì vua,@HUE
data\data_prepared\wavs\mY4GvHqqZ6w_0269.wav,kiến Phúc đã cũng bị phế trúc rồi. Sau vua kiến Phúc là vua Hàm Nghi,@HUE
data\data_prepared\wavs\mY4GvHqqZ6w_0270.wav,thì như lúc nãy Huế Review cũng đã từng chia sẻ với quý vị. Và chắc có lẽ bây,@HUE
data\data_prepared\wavs\mY4GvHqqZ6w_0271.wav,giờ thì mời quý vị chúng ta tiếp tục vào phía bên bổ thành bên trong bổ thành,@HUE
data\data_prepared\wavs\mY4GvHqqZ6w_0272.wav,trong để chúng ta khám phá cái ngôi lăng mộ của vị Kiên Thái Vương này.,@HUE
data\data_prepared\wavs\mY4GvHqqZ6w_0273.wav,Và chắc hẳn là quý vị cũng đã từng nghe một cái câu thơ rất là nổi tiếng nói về,@HUE
data\data_prepared\wavs\mY4GvHqqZ6w_0274.wav,"vị Kiên Thái Vương này. Đó chính là một nhà sinh đặng ba vua, vua còn vua",@HUE
data\data_prepared\wavs\mY4GvHqqZ6w_0275.wav,"mất, vua thua chạy dài. Vua còn là nói đến vua Đồng Khánh, vua mất nói đến vua",@HUE
data\data_prepared\wavs\mY4GvHqqZ6w_0276.wav,Kiếm Phúc và vua thua trải dài đó chính là vua Hàm Nghi đấy. Và đây chính là cái,@HUE
data\data_prepared\wavs\mY4GvHqqZ6w_0277.wav,khu vực à lăng ngộ chôn Kiên Thái Vương. Quý vị thấy,@HUE
data\data_prepared\wavs\mY4GvHqqZ6w_0278.wav,rất sơ xài nhưng mà cũng tỏ ra một cái thần thái của vương giả. Đây quý vị. Đây,@HUE
data\data_prepared\wavs\mY4GvHqqZ6w_0279.wav,quý vị có thể quan sát kỹ. Đó hiện tại thì Huế Review đang đứng,@HUE
data\data_prepared\wavs\mY4GvHqqZ6w_0280.wav,cạnh án Hương Thờ và cái lăng mộ của Kiên Thái Vương đây quý vị. Thì bây giờ,@HUE
data\data_prepared\wavs\mY4GvHqqZ6w_0281.wav,Huế Review sẽ để cho quý vị thấy rõ hơn và Huế Review cũng sẽ thấp một cái nén,@HUE
data\data_prepared\wavs\mY4GvHqqZ6w_0282.wav,nhang để an ủi vong linh của người. đã hội trị tổ bác,@HUE
data\data_prepared\wavs\mY4GvHqqZ6w_0283.wav,đồ hộ tr >> vâng và vừa lúc nãy thì Huế R cũng đã,@HUE
data\data_prepared\wavs\mY4GvHqqZ6w_0284.wav,dâng hương để tưởng niệm đến một cái người đã khuất cũng như là,@HUE
data\data_prepared\wavs\mY4GvHqqZ6w_0285.wav,tưởng niệm đến cha của ba vị vua đó là ba vị vua của Triều Nguyễn thưa quý vị,@HUE
data\data_prepared\wavs\mY4GvHqqZ6w_0286.wav,và như quý vị thấy thì hiện tại trong a cái thời điểm này thì các Cái ánh mặt,@HUE
data\data_prepared\wavs\mY4GvHqqZ6w_0287.wav,"trời nó chiếu sáng, nó chiếu rọi vào các cái bức thành. Nó có những cái màu vàng",@HUE
data\data_prepared\wavs\mY4GvHqqZ6w_0288.wav,"hết sức là đẹp thôi quý vị. Đấy, màu vàng của hoàng gia đây quý vị.",@HUE
data\data_prepared\wavs\mY4GvHqqZ6w_0289.wav,"Và thưởng thức cái ánh hoàng hôn vào buổi chiều, ánh mặt trời chói rò như thế",@HUE
data\data_prepared\wavs\mY4GvHqqZ6w_0290.wav,"này nhìn rất chi là tuyệt. Đấy, chiếu vào mắt. Chiếu vào mặt nhìn rất là",@HUE
data\data_prepared\wavs\mY4GvHqqZ6w_0291.wav,đẹp thưa quý vị. Đấy và bây giờ chúng ta sẽ tham quan cái,@HUE
data\data_prepared\wavs\mY4GvHqqZ6w_0292.wav,phần bên trong gọi là bổ thành nội của cái khu lăng mộ của Kiên Hải Vương nha,@HUE
data\data_prepared\wavs\mY4GvHqqZ6w_0293.wav,quý vị. Vâng và thực sự lúc nãy thì Huế Review,@HUE
data\data_prepared\wavs\mY4GvHqqZ6w_0294.wav,cũng chỉ cầu ngyện rằng là hy vọng rằng cái khu lăng mộ này sẽ được nhiều người,@HUE
data\data_prepared\wavs\mY4GvHqqZ6w_0295.wav,biết đến để có thể tới đây thấp cho à những cái con người này trong lịch sử,@HUE
data\data_prepared\wavs\mY4GvHqqZ6w_0296.wav,một cái nén hương. Như quý vị thấy thì bây giờ đây các cái mâm cúng là cũng rất,@HUE
data\data_prepared\wavs\mY4GvHqqZ6w_0297.wav,là bây giờ cũng ít người đến cúng bái. Các cái bình như thế này cũng bị sức mẻ,@HUE
data\data_prepared\wavs\mY4GvHqqZ6w_0298.wav,rất nhiều. Đây và đây là chữ đế một cái đế để mà,@HUE
data\data_prepared\wavs\mY4GvHqqZ6w_0300.wav,chỉ có hai tầng và rất chi là đơn giản không có gì cầu kỳ. Và có lẽ rằng thì à,@HUE
data\data_prepared\wavs\mY4GvHqqZ6w_0301.wav,"cái sự đơn giản này nó phản ánh đúng cái bản chất, cái tính cách của con người",@HUE
data\data_prepared\wavs\mY4GvHqqZ6w_0302.wav,Kiên Thái Vương. Bởi vì theo sự nhận xét của vua Tử Đức thì Kiến Thái Vương là,@HUE
data\data_prepared\wavs\mY4GvHqqZ6w_0303.wav,một con người hết sức là bình dĩ và rất khao học hỏi. Chính vì vậy mà khu lăng,@HUE
data\data_prepared\wavs\mY4GvHqqZ6w_0304.wav,mộ của người khi được chôn chắc có lẽ cũng đã căn dặn các cái con của mình là,@HUE
data\data_prepared\wavs\mY4GvHqqZ6w_0306.wav,thể thấy nó toát lên một cái vẻ vương công quỷ tộc rất là rất là lớn này.,@HUE
data\data_prepared\wavs\mY4GvHqqZ6w_0307.wav,Rất là khẳng phản phiêu nhìn rất là vuông vức.,@HUE
data\data_prepared\wavs\mY4GvHqqZ6w_0308.wav,"Đấy, chỉ cần như thế này thôi là thấy cũng rất chi là à rất chi là đẹp rồi quý",@HUE
data\data_prepared\wavs\mY4GvHqqZ6w_0309.wav,"vị, không cần phải quá cầu kỳ. Đây phía sau này cũng có một cái bức",@HUE
data\data_prepared\wavs\mY4GvHqqZ6w_0310.wav,"bình phong. Như quý vị thấy thì ở đây nó không được trang trí bằng cái gì cả. Đó,",@HUE
data\data_prepared\wavs\mY4GvHqqZ6w_0311.wav,các cái họa tiết thì có có lẽ cũng đã được giữ nguyên đấy. Có có phần được làm,@HUE
data\data_prepared\wavs\mY4GvHqqZ6w_0312.wav,mới rồi quý vị. Đó.,@HUE
data\data_prepared\wavs\mY4GvHqqZ6w_0313.wav,Và quý vị có nhận ra là cái màu sắc chủ đạo của cái khu lăng mộ này hay không?,@HUE
data\data_prepared\wavs\mY4GvHqqZ6w_0314.wav,Còn Thủy Review thấy thì nó chỉ có hai màu chủ đạo là vàng và đỏ. Và đương,@HUE
data\data_prepared\wavs\mY4GvHqqZ6w_0315.wav,nhiên à khi lựa chọn hai cái màu này thì nó cũng có những cái ý nghĩa riêng của,@HUE
data\data_prepared\wavs\mY4GvHqqZ6w_0316.wav,"nó. Nó tượng trưng cho cái thời điểm là sế chiều và con người ai cũng vậy, cũng",@HUE
data\data_prepared\wavs\mY4GvHqqZ6w_0317.wav,phải đến lúc là cũng phải rời xa thế gian.,@HUE
data\data_prepared\wavs\mY4GvHqqZ6w_0318.wav,Và nơi an vị là có những cái màu chủ đạo như thế này thì cảm thấy một cái sự vắng,@HUE
data\data_prepared\wavs\mY4GvHqqZ6w_0319.wav,lặng u tịch đó đúng chất của một cái nơi gọi là chốn cất của mình. Đấy và ở đây,@HUE
data\data_prepared\wavs\mY4GvHqqZ6w_0320.wav,có một cái điều đặc biệt ở cái bức bình phong hậu,@HUE
data\data_prepared\wavs\mY4GvHqqZ6w_0321.wav,như quý vị thấy là các cái chữ thọ được trang trí đây trang,@HUE
data\data_prepared\wavs\mY4GvHqqZ6w_0322.wav,trí chung quanh bên bên phong luôn rất là đặc biệt.,@HUE
data\data_prepared\wavs\mY4GvHqqZ6w_0323.wav,Nếu như là những cái bức binh phong ở các cái lăng mộ của vua chúa triều,@HUE
data\data_prepared\wavs\mY4GvHqqZ6w_0324.wav,"Nguyễn á thì ở đây sẽ được trang trí một là rộng, hai là phượ hòa. Tuy nhiên thì",@HUE
data\data_prepared\wavs\mY4GvHqqZ6w_0325.wav,ở đây là mong muốn được trường tồn cũng như là một cái gì đó là mãi mãi được,@HUE
data\data_prepared\wavs\mY4GvHqqZ6w_0326.wav,nhiều người à nhớ đến. Chính vì vậy mà có lẽ là cũng đã làm những cái chữ thọ,@HUE
data\data_prepared\wavs\mY4GvHqqZ6w_0327.wav,như thế này để trang trí cái bức bình phong.,@HUE
data\data_prepared\wavs\mY4GvHqqZ6w_0328.wav,"Đấy, ở bên này thì cái bức bình phong hậu ở bổ thàh ngoài thì quý vị cũng có",@HUE
data\data_prepared\wavs\mY4GvHqqZ6w_0329.wav,thể thấy là cũng có rồng chầu viên ngọc. Tuy nhiên thì cái bức bình phong hậu của,@HUE
data\data_prepared\wavs\mY4GvHqqZ6w_0330.wav,bụ thành trong thì lại được trang trí bằng những cái chữ chữ thọ nhìn rất,@HUE
data\data_prepared\wavs\mY4GvHqqZ6w_0331.wav,"nhiều màu sắc, rất đa màu sắc, rất là đẹp.",@HUE
data\data_prepared\wavs\mY4GvHqqZ6w_0332.wav,Đây nhìn các cái trang trí ở trên các cái,@HUE
data\data_prepared\wavs\mY4GvHqqZ6w_0333.wav,trụ nó cũng cho ta một cái sự cầu kỳ hết sức,@HUE
data\data_prepared\wavs\mY4GvHqqZ6w_0334.wav,là lớn và kỹ kỹ thuật hết sức là tinh xảo. Đây quý vị làm như thế này cũng rất,@HUE
data\data_prepared\wavs\mY4GvHqqZ6w_0335.wav,là khó chứ không phải dễ. Đấy và đây là một cái điểm di tích,@HUE
data\data_prepared\wavs\mY4GvHqqZ6w_0336.wav,cần phải quảng bá rộng hơn nữa thưa quý vị.,@HUE
data\data_prepared\wavs\mY4GvHqqZ6w_0337.wav,"Ở đâu chúng ta cũng có thấy những dự những cái dĩa như thế này, cái đĩa như",@HUE
data\data_prepared\wavs\mY4GvHqqZ6w_0338.wav,thế này. Chắc có lẽ là đối với Kia Thái Phương khi được an nghỉ bên cạnh à lăng,@HUE
data\data_prepared\wavs\mY4GvHqqZ6w_0339.wav,của con mình thì cũng đã được hài lòng phần nào. Và,@HUE
data\data_prepared\wavs\mY4GvHqqZ6w_0340.wav,khi được con trai của mình xây dựng một cái ngôi lăng mộ bề thế và rộng rãi như,@HUE
data\data_prepared\wavs\mY4GvHqqZ6w_0341.wav,thế này. Đấy quý vị thấy thì sau khi trùng tu thì lăng cũng nhìn cũng khá là,@HUE
data\data_prepared\wavs\mY4GvHqqZ6w_0342.wav,mới và rất là đẹp. Đây quý vị. Đây quý vị ngay cả cái vấn đề bên ngoài,@HUE
data\data_prepared\wavs\mY4GvHqqZ6w_0343.wav,không đấy. Cái việc trang trí nó được đối xứng với cái hình ở bên trong luôn.,@HUE
data\data_prepared\wavs\mY4GvHqqZ6w_0344.wav,Quá gọi là quá sức là tinh xảo nhìn rất là đẹp.,@HUE
data\data_prepared\wavs\mY4GvHqqZ6w_0345.wav,Đấy và đi ra phía ngoài này thì Huế Review cũng phát hiện có một cái bức,@HUE
data\data_prepared\wavs\mY4GvHqqZ6w_0346.wav,bình phong ở cái khu vực tường thành ở phía ngoài.,@HUE
data\data_prepared\wavs\mY4GvHqqZ6w_0347.wav,Bây giờ chúng ta sẽ xem thử cái bình phong đó nó được trang trí như thế nào.,@HUE
data\data_prepared\wavs\mY4GvHqqZ6w_0348.wav,Đứng đây thì chúng ta cũng có thể thấy là cái bức bình phong nó không có cái,@HUE
data\data_prepared\wavs\mY4GvHqqZ6w_0349.wav,trang trí gì ở giữa cả. Chỉ là những cái họa tiết đơn giản của,@HUE
data\data_prepared\wavs\mY4GvHqqZ6w_0350.wav,những cái gạch có chữ thọ thôi. Đấy cũng có hình của hai con rồng đấy. Chào ở,@HUE
data\data_prepared\wavs\mY4GvHqqZ6w_0351.wav,phía trên nhưng mà được làm theo kiểu cách điệu nhìn cũng rất là đẹp.,@HUE
data\data_prepared\wavs\mY4GvHqqZ6w_0352.wav,Đấy và cái khuôn viên cũng khá là rộng đây quý vị.,@HUE
data\data_prepared\wavs\mY4GvHqqZ6w_0353.wav,Phía sau này thì cũng được lát bằng à gạch láng như thế này.,@HUE
data\data_prepared\wavs\mY4GvHqqZ6w_0354.wav,Có cái tác dụng nó cái này nó có cái tác dụng là bảo vệ rất là tốt nha quý vị.,@HUE
data\data_prepared\wavs\mY4GvHqqZ6w_0355.wav,"Bởi vì mưa gió như thế nào thì nó cũng sẽ theo cái đường trơn này, đường bóng",@HUE
data\data_prepared\wavs\mY4GvHqqZ6w_0356.wav,này là nó được à bảo được bảo quản lâu hơn những cái gì ở trong bức tường.,@HUE
data\data_prepared\wavs\mY4GvHqqZ6w_0357.wav,Đây hai con rồng chàu nhìn quá đẹp đấy. Và vừa rồi thì Huế Review cũng đã quay,@HUE
data\data_prepared\wavs\mY4GvHqqZ6w_0358.wav,cái khu vực lăng mộ của Kiên Thái Vương nổi tiếng với câu thơ đó là một nhà sinh,@HUE
data\data_prepared\wavs\mY4GvHqqZ6w_0359.wav,"đặng ba vua, vua còn vua mất, vua thua trải dài",@HUE
data\data_prepared\wavs\mY4GvHqqZ6w_0360.wav,và Kim Thái Vương chính là cha của ba người vua nói trên.,@HUE
data\data_prepared\wavs\mY4GvHqqZ6w_0361.wav,một cái khu lăng mổ được trang trí cũng à có những cái nét à kiến trúc của triều,@HUE
data\data_prepared\wavs\mY4GvHqqZ6w_0362.wav,nguyện những pha lửng vào đó một số cái kiến trúc à khá là hiện đại và nhìn nó,@HUE
data\data_prepared\wavs\mY4GvHqqZ6w_0363.wav,kết hợp dung hòa rất là nhiều cái mãng kiến trúc với nhau. Đồng thời thì cái,@HUE
data\data_prepared\wavs\mY4GvHqqZ6w_0364.wav,lăng này nó có cái ý nghĩa rất là lớn trong a cái vấn đề là di tích bởi vì à,@HUE
data\data_prepared\wavs\mY4GvHqqZ6w_0365.wav,hiện tại thì nó có đã được trùng tu nhìn đẹp hơn và khang trang hơn.,@HUE
data\data_prepared\wavs\mY4GvHqqZ6w_0366.wav,Đó và chắc chắn sau này khi à quý vị bước đến cái rừng thông bao la báo ngác,@HUE
data\data_prepared\wavs\mY4GvHqqZ6w_0367.wav,này thì quý vị mong quý vị nhớ rằng ở đây cũng có một cái ngôi mộ của một cái,@HUE
data\data_prepared\wavs\mY4GvHqqZ6w_0368.wav,vị Kiên Thái Vương đang nằm heo hút ở trong cái rừng thông này và chúng ta,@HUE
data\data_prepared\wavs\mY4GvHqqZ6w_0369.wav,cũng có thể đến để dắp cho ngài một cái nảnh nhang để tưởng nhớ đến những nhân,@HUE
data\data_prepared\wavs\mY4GvHqqZ6w_0370.wav,vật lịch sử những cái nhân vật mà cũng được gọi là có công trong việc thống,@HUE
data\data_prepared\wavs\mY4GvHqqZ6w_0371.wav,nhất đất nước. Vâng và Huy Review cũng xin kết thúc video ở đây. Nếu quý vị cảm,@HUE
data\data_prepared\wavs\mY4GvHqqZ6w_0372.wav,thấy video hay và ý nghĩa thì cũng mong quý vị like chia sẻ để cho nhiều người,@HUE
data\data_prepared\wavs\mY4GvHqqZ6w_0373.wav,biết đến cái khu lăng mộ này hơn nữa. Xin kính chúc quý vị sức khỏe và bình,@HUE
data\data_prepared\wavs\mY4GvHqqZ6w_0374.wav,an. Hẹn gặp lại quý vị ở những video tiếp theo.,@HUE
data\data_prepared\wavs\Pc6OB26aMFg_0001.wav,"Vâng, mến chào quý vị đã quay trở lại với Huế hôm nay. Quý vị và các bạn thân",@HUE
data\data_prepared\wavs\Pc6OB26aMFg_0002.wav,"mến, như vậy hôm nay đã là ngày 29 tháng 12 năm 2025. Như vậy là chúng ta chỉ còn",@HUE
data\data_prepared\wavs\Pc6OB26aMFg_0003.wav,hai ngày nữa là sẽ kết thúc à năm cũ 2025 và bước sang năm mới 2026.,@HUE
data\data_prepared\wavs\Pc6OB26aMFg_0004.wav,Và em đang ở cầu Lợi Nông để tiếp tục cập,@HUE
data\data_prepared\wavs\Pc6OB26aMFg_0005.wav,nhật cho quý vị những hình ảnh mới nhất về Huế và đặc biệt là sân khấu C năm,@HUE
data\data_prepared\wavs\Pc6OB26aMFg_0006.wav,2026. Một cái sự kiện C down chào năm mới 2026,@HUE
data\data_prepared\wavs\Pc6OB26aMFg_0007.wav,sẽ bùng nổ ở Huế trong một cái vị trí mới.,@HUE
data\data_prepared\wavs\Pc6OB26aMFg_0008.wav,Nguyên nhân tại vì sao em quay ở đây cho quý vị xem vì ở đây chính là khu vực,@HUE
data\data_prepared\wavs\Pc6OB26aMFg_0009.wav,Bông Bon Huế. à nơi diễn ra cái khao đo năm 2025 à vừa,@HUE
data\data_prepared\wavs\Pc6OB26aMFg_0010.wav,rồi đấy à tại ngay cái khu vực trung tâm ở đây đó ngay cái khu vực à vòng xoay đó,@HUE
data\data_prepared\wavs\Pc6OB26aMFg_0011.wav,quý vị đấy và trong cái đêm đó thì thời tiết là nó không được đẹp lắm và à những,@HUE
data\data_prepared\wavs\Pc6OB26aMFg_0012.wav,cái khu vực xung quanh thì cũng à nó chỉ nối dài một cái đường kéo dài như,@HUE
data\data_prepared\wavs\Pc6OB26aMFg_0013.wav,thế này đó và phía các bên trong bồn cỏ đó là trời mưa do đó là nó rất là dơ.,@HUE
data\data_prepared\wavs\Pc6OB26aMFg_0014.wav,Chính vì thế mà năm này à chuyển từ cái khu vực à Yên M à qua,@HUE
data\data_prepared\wavs\Pc6OB26aMFg_0015.wav,một khu vực mới đó là một cái khu vực mà em cũng đã quay cho quý vị xem những,@HUE
data\data_prepared\wavs\Pc6OB26aMFg_0016.wav,ngày qua đó chính là cái quảng trường văn hóa thể thao thành phố.,@HUE
data\data_prepared\wavs\Pc6OB26aMFg_0017.wav,À thì bây giờ hiện tại cái sân khấu khao đào đã đến ngang đâu rồi thì bây giờ quý,@HUE
data\data_prepared\wavs\Pc6OB26aMFg_0018.wav,vị cùng em di chuyển qua phía bên quảng trường văn hóa thể thao và đặc biệt thì,@HUE
data\data_prepared\wavs\Pc6OB26aMFg_0019.wav,có một cái khu vực cũng sẽ bùng nổ trong đêm 30 tháng 12 tới tức là đêm mai để,@HUE
data\data_prepared\wavs\Pc6OB26aMFg_0020.wav,chào mừng năm mới 2026 đấy và kết thúc năm 2025,@HUE
data\data_prepared\wavs\Pc6OB26aMFg_0021.wav,một năm đầy biến động ở một cái khu vực rất là quy tụ à đông đảo à những người,@HUE
data\data_prepared\wavs\Pc6OB26aMFg_0022.wav,bạn nước ngoài thì đó là nơi đâu thì chúng ta sẽ di chuyển qua. Quay trở lại,@HUE
data\data_prepared\wavs\Pc6OB26aMFg_0023.wav,với cái khu vực này thì quý vị thấy là bên kia đang mới khai trương đó một cái,@HUE
data\data_prepared\wavs\Pc6OB26aMFg_0024.wav,showroom bán xe điện. một cái hãng em cũng chưa biết tên à gọi,@HUE
data\data_prepared\wavs\Pc6OB26aMFg_0025.wav,là một cái tên em cũng khó khó nhớ nhưng mà,@HUE
data\data_prepared\wavs\Pc6OB26aMFg_0026.wav,hiện tại thì đã có một cái showroom xe điện và trong tương lai thì các cái,@HUE
data\data_prepared\wavs\Pc6OB26aMFg_0028.wav,phía thành phố Huế đấy và Huế trên bước đường ngày càng phát triển khi mà đã trở,@HUE
data\data_prepared\wavs\Pc6OB26aMFg_0029.wav,thành thành phố Trậc Thổ Trung ương thì quý vị thấy là những cái tòa nhà cao,@HUE
data\data_prepared\wavs\Pc6OB26aMFg_0030.wav,tầng đó những cái khu nhà ở cao cấp và sẽ mọc,@HUE
data\data_prepared\wavs\Pc6OB26aMFg_0032.wav,các cái à công ty về bất động sản đấy. Và quý vị thấy là hiện tại Prisma của,@HUE
data\data_prepared\wavs\Pc6OB26aMFg_0033.wav,Huế đang xây dựng một trong những cái tòa nhà rất là cao đẹp mà quý vị thấy là,@HUE
data\data_prepared\wavs\Pc6OB26aMFg_0034.wav,nhìn rất là hoành tráng. Một cái nơi phồn hoa hoàn hảo thịnh,@HUE
data\data_prepared\wavs\Pc6OB26aMFg_0035.wav,vượng. Đấy quý vị thấy là những cái banner,@HUE
data\data_prepared\wavs\Pc6OB26aMFg_0036.wav,à những cái khu khẩu hiệu về cái khu vực này thì hứa hẹn ở đây sẽ ngày càng mọc,@HUE
data\data_prepared\wavs\Pc6OB26aMFg_0037.wav,nhiều các cái tòa nhà và các cái công trình xây dựng cao tầng kiểu như thế,@HUE
data\data_prepared\wavs\Pc6OB26aMFg_0038.wav,này. Prisma đấy. Phủ Mỹ An đó quý vị thấy là,@HUE
data\data_prepared\wavs\Pc6OB26aMFg_0039.wav,một trong những cái công trình có thể nói là,@HUE
data\data_prepared\wavs\Pc6OB26aMFg_0040.wav,sẽ bọc bực bức phá trong năm 2026. Và ở đây là,@HUE
data\data_prepared\wavs\Pc6OB26aMFg_0041.wav,à khu quy hoạch đấy áo ương dương. Một,@HUE
data\data_prepared\wavs\Pc6OB26aMFg_0042.wav,trong những cái khu quy hoạch mà có thể nói là sẽ,@HUE
data\data_prepared\wavs\Pc6OB26aMFg_0043.wav,bừng sáng trong những năm tới có thể là đến 2030 thì ở đây sẽ đổi khác hoàn,@HUE
data\data_prepared\wavs\Pc6OB26aMFg_0044.wav,toàn. Quý vị thấy là xung quanh ở đây thì vẫn,@HUE
data\data_prepared\wavs\Pc6OB26aMFg_0045.wav,còn rất nhiều những cái khoản đất ruộng đấy thì khả năng là sẽ được sang lập và,@HUE
data\data_prepared\wavs\Pc6OB26aMFg_0046.wav,quy hoạch vào các khu vực đô thị cao cấp như kiểu như thế này. Và đây chính là,@HUE
data\data_prepared\wavs\Pc6OB26aMFg_0047.wav,một trong những cái nơi mà à giới thường lưu người ta có thể nhòm tới đấy ở cái,@HUE
data\data_prepared\wavs\Pc6OB26aMFg_0048.wav,khu vực Huế. Thì mong rằng với cái định hướng phát,@HUE
data\data_prepared\wavs\Pc6OB26aMFg_0049.wav,triển trong tương lai và với cái tốc độ phát triển nhanh mạnh và vực chắc thì,@HUE
data\data_prepared\wavs\Pc6OB26aMFg_0051.wav,cái điều mà rất là mong mỏi của nhiều bà con. thì việc mà Huế phát triển mạnh thì,@HUE
data\data_prepared\wavs\Pc6OB26aMFg_0052.wav,sẽ tạo tiền đề cho việc à công ăn việc làm đấy được à trơn tru hơn và được,@HUE
data\data_prepared\wavs\Pc6OB26aMFg_0053.wav,nhiều hơn cho bà con có thể lao động kiếm tiền nhiều hơn.,@HUE
data\data_prepared\wavs\Pc6OB26aMFg_0054.wav,Đây là khu vực đường Tổ Hữu nha quý vị. Đó quý vị thấy là cái khu chung cư,@HUE
data\data_prepared\wavs\Pc6OB26aMFg_0055.wav,Vicoland đó ở phía bên kia.,@HUE
data\data_prepared\wavs\Pc6OB26aMFg_0056.wav,Đó và vừa rồi thì trong cái đợt lột thì em cũng có tới đây để review cho quý vị,@HUE
data\data_prepared\wavs\Pc6OB26aMFg_0057.wav,xem cái khu vực này thì có thể nói rằng là hy vọng trong tương lai là ở cái đoạn,@HUE
data\data_prepared\wavs\Pc6OB26aMFg_0058.wav,này là sẽ phát triển hơn nữa. Đấy ở đây có kho bạc nhà nước rồi các công trình,@HUE
data\data_prepared\wavs\Pc6OB26aMFg_0059.wav,chi cũng thuế cũng nằm ở phía bên a con đường này. Đấy thì à đường tổ hữu thì có,@HUE
data\data_prepared\wavs\Pc6OB26aMFg_0060.wav,lẽ là trong là một trong những cái con đường mà có thể nói là,@HUE
data\data_prepared\wavs\Pc6OB26aMFg_0061.wav,đô hội nhất ở Huế à và đầu đường hay là những cái khúc cuối,@HUE
data\data_prepared\wavs\Pc6OB26aMFg_0062.wav,"đường thì nó sẽ liên kết được với nhiều các cái dự án, các cái công trình cao",@HUE
data\data_prepared\wavs\Pc6OB26aMFg_0063.wav,cấp đó. Tuy nhiên thì bên cạnh đó thì chúng ta vẫn còn thấy những cái đồng,@HUE
data\data_prepared\wavs\Pc6OB26aMFg_0064.wav,"ruộng, những cái khu đất có thể nói là tiềm năng nếu như mà được sang lập và",@HUE
data\data_prepared\wavs\Pc6OB26aMFg_0065.wav,xây dựng. Công a trình về cái trường học Nguyễn,@HUE
data\data_prepared\wavs\Pc6OB26aMFg_0067.wav,ở Huế là trường chuyên đây quý vị ạ. trường,@HUE
data\data_prepared\wavs\Pc6OB26aMFg_0068.wav,điểm này. Đó thì nhìn xa thì chúng ta cũng thấy tòa nhà Vincom rồi.,@HUE
data\data_prepared\wavs\Pc6OB26aMFg_0069.wav,Thì trên cái con đường này sẽ dẫn đến cho quý vị cái công trình đó là quảng,@HUE
data\data_prepared\wavs\Pc6OB26aMFg_0070.wav,trường văn hóa thể thao thành phố. Hiện tại đang được hoàn thiện cái phần tòa,@HUE
data\data_prepared\wavs\Pc6OB26aMFg_0071.wav,nhà trung tâm tòa nhà thi đạo cũ. thì à để gọi là tạo tiền đề tạo bước đệm,@HUE
data\data_prepared\wavs\Pc6OB26aMFg_0072.wav,cho các cái hoạt động văn hóa thể thao và lẫn du lịch những cái sự kiện lớn,@HUE
data\data_prepared\wavs\Pc6OB26aMFg_0073.wav,trong tương lai sau khi mà cái tòa nhà trung tâm được nâng cấp hoàn thiện thì,@HUE
data\data_prepared\wavs\Pc6OB26aMFg_0074.wav,năm nay vị trí khao đào sự kiện đếm ngược năm mới 2026 sẽ diễn ra và tổ chức,@HUE
data\data_prepared\wavs\Pc6OB26aMFg_0075.wav,ở tại quảng trường này thì khu vực quảng,@HUE
data\data_prepared\wavs\Pc6OB26aMFg_0076.wav,trường ngoài trờ như quý vị thấy cũng đã được khắm thành rồi đấy. Thì đây chính,@HUE
data\data_prepared\wavs\Pc6OB26aMFg_0077.wav,là một cái nơi cửa hẹn là sẽ bùng nổ ở Huế trong,@HUE
data\data_prepared\wavs\Pc6OB26aMFg_0078.wav,đêm khao đào bởi sự kiện này sẽ thu hút khoảng hơn 70.000 người tham dự đấy và,@HUE
data\data_prepared\wavs\Pc6OB26aMFg_0079.wav,nó sẽ trở thành một cái điểm nhấn khao đào lễ hội giao thừa sôi động nhất năm,@HUE
data\data_prepared\wavs\Pc6OB26aMFg_0080.wav,2026. Và đây chắc là dịp để các gia đình bạn bè sẽ cháy hết mình và lưu giữ những,@HUE
data\data_prepared\wavs\Pc6OB26aMFg_0081.wav,kỷ niệm bùng nổ cảm xúc. Và nhìn phía xa kia thì cái sân khấu của đêm cao đào đã,@HUE
data\data_prepared\wavs\Pc6OB26aMFg_0082.wav,"được hoàn thành à đã được hoàn thiện rồi quý vị. Đấy, chúng ta sẽ test lên đèn",@HUE
data\data_prepared\wavs\Pc6OB26aMFg_0083.wav,trong những cái video mới mà em sẽ quay vào bàn đêm. đấy cộng hưởng với cái,@HUE
data\data_prepared\wavs\Pc6OB26aMFg_0084.wav,quảng trường văn hóa thể thao nữa. Đấy có sẽ có những cái công trình nhặt nước,@HUE
data\data_prepared\wavs\Pc6OB26aMFg_0085.wav,và nó sẽ tuyệt vời hơn khi mà kết hợp với cái sân khấu này. À thì quý vị thấy,@HUE
data\data_prepared\wavs\Pc6OB26aMFg_0086.wav,là hiện tại là các cái khu vực fan à các cái khu vực mà tiếp friend cũng đã được,@HUE
data\data_prepared\wavs\Pc6OB26aMFg_0087.wav,"dừng nênấy thì với quy mô là khoảng 70.000 chỗ ngồi, 70.000 người tham dự",@HUE
data\data_prepared\wavs\Pc6OB26aMFg_0088.wav,thì có thể nói rằng là đây có lẽ nói là một trong những cái sự kiện khao đào và,@HUE
data\data_prepared\wavs\Pc6OB26aMFg_0089.wav,quy tụ nhiều người nhất từ trước đến nay và một trong những cái khu vực mà có thể,@HUE
data\data_prepared\wavs\Pc6OB26aMFg_0090.wav,nói là nổi bật nhất ở khu vực trung tâm thành phố bởi vì ở đây khi mà tổ chức ở,@HUE
data\data_prepared\wavs\Pc6OB26aMFg_0091.wav,đây á thì sẽ quy tụ được nhiều khán giả hơn đấy quý vị thấy bên trong m thì nó,@HUE
data\data_prepared\wavs\Pc6OB26aMFg_0092.wav,hơi vắng vẽ nhưng mà ở đây là ngay trung tâm thành phố,@HUE
data\data_prepared\wavs\Pc6OB26aMFg_0093.wav,Đấy thì bà con đôi lúc chỉ cần đi bộ vài bước là ra đến cái khu vực cao đao rồi.,@HUE
data\data_prepared\wavs\Pc6OB26aMFg_0094.wav,"Đấy những cái khu vực quanh quanh thành phố ở đây thì nào là Nguyễn Huệ này đấy,",@HUE
data\data_prepared\wavs\Pc6OB26aMFg_0095.wav,"nào là Hà Huy Tập, nào là Trường Chinh này, à nào là Nguyễn Thái Học hay là Lê",@HUE
data\data_prepared\wavs\Pc6OB26aMFg_0096.wav,"Quỷ Đôn, thậm chí là Phạm Vân Độc thì bà con có thể đi bộ vài bước đó đi bộ một",@HUE
data\data_prepared\wavs\Pc6OB26aMFg_0098.wav,thì nó dễ đi hơn và nó sẽ chắc chắn nó sẽ quy tụ được nhiều người hơn. Mặc dù,@HUE
data\data_prepared\wavs\Pc6OB26aMFg_0099.wav,là người ta tới đôi lúc là các bạn sinh viên người ta tới người ta cũng không,@HUE
data\data_prepared\wavs\Pc6OB26aMFg_0100.wav,"phải là vui chơi gì nhưng mà đến để đón cái thời khắc giao thừa, thời khắc chào",@HUE
data\data_prepared\wavs\Pc6OB26aMFg_0101.wav,năm mới. Và năm nay thì cái sự kiện C down nó cũng quy tụ nhiều cái ca sĩ nổi,@HUE
data\data_prepared\wavs\Pc6OB26aMFg_0102.wav,"tiếng rất quen thuộc với các cái thế hệ 8X như là Đông Nhi, Khắc Việt, Qill rồi",@HUE
data\data_prepared\wavs\Pc6OB26aMFg_0103.wav,"à những cái thế hệ 9X đấy như là 10X này, S9 này xung định Khay hay là DJ Huy",@HUE
data\data_prepared\wavs\Pc6OB26aMFg_0104.wav,"DX đấy. với cái sự dẫn dắt của MC Hoàng Phi, một",@HUE
data\data_prepared\wavs\Pc6OB26aMFg_0105.wav,trong những MC mà cũng rất là cháy trong các cái sự kiện thì nó sẽ tạo nên một,@HUE
data\data_prepared\wavs\Pc6OB26aMFg_0106.wav,cái sân khấu rất là nhiệt từ đầu đến cuối và chắc chắn là sẽ có một cái sự,@HUE
data\data_prepared\wavs\Pc6OB26aMFg_0107.wav,hài hòa giữa âm nhạc hiện đại cùng với cái thị đón Tết tưng bừng của đất của đồ,@HUE
data\data_prepared\wavs\Pc6OB26aMFg_0108.wav,đấy. Và sự kiện nó sẽ diễn ra vào lúc 20 gi ngày,@HUE
data\data_prepared\wavs\Pc6OB26aMFg_0109.wav,31 tháng 12 thưa quý vị năm 2025. Đấy có thể nói rằng chúng ta cũng sẽ,@HUE
data\data_prepared\wavs\Pc6OB26aMFg_0110.wav,mong chờ đến cái sự kiện khao đao Huế năm nay.,@HUE
data\data_prepared\wavs\Pc6OB26aMFg_0111.wav,Mặc dù là nó không quy tụ được nhiều những cái ca sĩ nổi tiếng,@HUE
data\data_prepared\wavs\Pc6OB26aMFg_0112.wav,"nhưng mà những cái ca sĩ về rất thân thuộc với các thế hệ 8x, 9x thậm chí là",@HUE
data\data_prepared\wavs\Pc6OB26aMFg_0113.wav,10x thì cũng như thế là cũng đã ok rồi. Chúng ta chủ yếu là chủ tới tớ tới để,@HUE
data\data_prepared\wavs\Pc6OB26aMFg_0114.wav,vui hòa chung cái không khí để khao đào cao năm mới 2026 để tiễn đưa một cho năm,@HUE
data\data_prepared\wavs\Pc6OB26aMFg_0115.wav,có thể nói là nhiều biến động Huy. Thì,@HUE
data\data_prepared\wavs\Pc6OB26aMFg_0116.wav,con đường Nguyễn Thái Học này đấy thì sắp tới cũng sẽ rộn ràng bên khu vực phổ,@HUE
data\data_prepared\wavs\Pc6OB26aMFg_0117.wav,tây khi mà có một cái sân khấu cũng đang được dựng lên ở đây. Và theo như em thấy,@HUE
data\data_prepared\wavs\Pc6OB26aMFg_0118.wav,là chỉ còn test âm thanh và điện nữa thôi thì cái sân khấu này sẽ hoàn thiện,@HUE
data\data_prepared\wavs\Pc6OB26aMFg_0119.wav,để chuẩn bị đón chờ một cái chương trình văn hóa nghệ thuật rất là lớn để mà kết,@HUE
data\data_prepared\wavs\Pc6OB26aMFg_0120.wav,thúc năm 2025. Thì ở đây nó sẽ quy tụ được nhiều những,@HUE
data\data_prepared\wavs\Pc6OB26aMFg_0121.wav,người bạn nước ngoài hơn đấy. Bởi vì nằm nó nằm trên khu vật tay.,@HUE
data\data_prepared\wavs\Pc6OB26aMFg_0122.wav,Đấy thì đi thẳng đường à Chu Vân An Võ Thị Sáu. Đấy những cái con đường quanh,@HUE
data\data_prepared\wavs\Pc6OB26aMFg_0123.wav,quanh đây thì chúng ta sẽ bắt gặp một cái sân khấu rất là lớn.,@HUE
data\data_prepared\wavs\Pc6OB26aMFg_0124.wav,"Đấy, có thể nói là cái đường thì tuy nó hẹp nhưng mà với cái sân khấu là bốn năm",@HUE
data\data_prepared\wavs\Pc6OB26aMFg_0126.wav,"chơi và xóa cùng với cái đêm a chà chào năm mới 2026. Đấy, cái sân khấu đây quý",@HUE
data\data_prepared\wavs\Pc6OB26aMFg_0127.wav,vị. Đây là sân khảo chạm năm 2026 được tổ,@HUE
data\data_prepared\wavs\Pc6OB26aMFg_0128.wav,chức tại ngã tư này đấy ngã tư ngã nă này quý vị,@HUE
data\data_prepared\wavs\Pc6OB26aMFg_0129.wav,thấy là một cái sân khẩu rất là đẹp. Đó thì vừa rồi thì em cũng,@HUE
data\data_prepared\wavs\Pc6OB26aMFg_0130.wav,cố gắng cập nhật cho quý vị những cái sân khấu mà sẽ sắp tới đây sẽ bùng nổ,@HUE
data\data_prepared\wavs\Pc6OB26aMFg_0131.wav,với những cái sự kiện khao đau đấy là chào m năm mới 2026 thì quý vị nghĩ sao,@HUE
data\data_prepared\wavs\Pc6OB26aMFg_0132.wav,quý mong quý vị like chia sẻ và đăng ký kênh Huế hôm nay thì trên những cái con,@HUE
data\data_prepared\wavs\Pc6OB26aMFg_0133.wav,đường phố Tây thì quý vị thấy là những người bạn nước ngoài của chúng ta cũng,@HUE
data\data_prepared\wavs\Pc6OB26aMFg_0134.wav,đang à rất là vui vẻ để chuẩn bị à kết thúc một cái năm 2025 và để chào đón một,@HUE
data\data_prepared\wavs\Pc6OB26aMFg_0135.wav,cái năm mới 2026. Con đường Lê Lợi với những hình ảnh thân quen về khu vực đập,@HUE
data\data_prepared\wavs\Pc6OB26aMFg_0137.wav,nếu như mà được như thế này thì quá đẹp bởi vì trời nó hơi lạnh thôi đó. Và còn,@HUE
data\data_prepared\wavs\Pc6OB26aMFg_0138.wav,lại thì khô ráo không có bị mưa ướt thì nó sẽ bùng nổ hơn nữa và sẽ nóng hơn nữa,@HUE
data\data_prepared\wavs\Pc6OB26aMFg_0139.wav,khi mà chương trình cao đào sắp diễn ra. Đấy những con đường đi bộ vên sông Như Ý,@HUE
data\data_prepared\wavs\Pc6OB26aMFg_0140.wav,đấy thì hiện tại cũng đang được sơn quét để chuẩn bị chắc có lẽ là sắp khắm thành,@HUE
data\data_prepared\wavs\Pc6OB26aMFg_0141.wav,cái đoạn đường đi bộ ven sông Như Ý từ đá đến bến tòa khấp.,@HUE
data\data_prepared\wavs\Pc6OB26aMFg_0142.wav,Đấy thì em cũng kính chúc quý vị xem video thật là vui vẻ và em xin kết thúc,@HUE
data\data_prepared\wavs\Pc6OB26aMFg_0143.wav,video ở đây. Chúc quý vị có một năm mới thật là an,@HUE
data\data_prepared\wavs\Pc6OB26aMFg_0144.wav,khang thịt vườn và gặp nhiều may mắn. Xin chào và hẹn gặp lại quý vị ở những,@HUE
data\data_prepared\wavs\Pc6OB26aMFg_0145.wav,video tiếp theo.,@HUE
data\data_prepared\wavs\qfnvWGhh2fw_0001.wav,"Vâng, mến chào quý vị và các bạn đã quay trở lại với Huế Review. Thì hôm nay Huế",@HUE
data\data_prepared\wavs\qfnvWGhh2fw_0002.wav,Review cũng mạng phép đến đây để quay cho quý vị một cái ngôi lăng mộ của một,@HUE
data\data_prepared\wavs\qfnvWGhh2fw_0003.wav,vị hoàng hậu trong lịch sử triều Nguyễn. Hiện tại thì tôi đang có mặt tại lăng,@HUE
data\data_prepared\wavs\qfnvWGhh2fw_0004.wav,vua Tử Đức thưa quý vị hay người ta còn gọi là Khiêm Lăng. Và trong khuôn viên,@HUE
data\data_prepared\wavs\qfnvWGhh2fw_0005.wav,của Khiêm Lăng thì cũng tồn tại lăng mộ của vị hoàng hậu đó chính là lăng mộ của,@HUE
data\data_prepared\wavs\qfnvWGhh2fw_0006.wav,Lệ Thiên An hoàng hậu. Về cuộc đời của Lệ Thiên An hoàng hậu thì cũng rất là,@HUE
data\data_prepared\wavs\qfnvWGhh2fw_0007.wav,gian trừng. Chính vì vậy mà tôi cũng muốn đến đây quay và giới thiệu về cuộc,@HUE
data\data_prepared\wavs\qfnvWGhh2fw_0008.wav,đời của bà cho quý vị xem. Và bây giờ không để quý vị chờ lâu thì kính mời quý,@HUE
data\data_prepared\wavs\qfnvWGhh2fw_0009.wav,vị theo chân Huế Review chúng ta cùng khám phá ngôi lăng mộ của Lệ Thiên An,@HUE
data\data_prepared\wavs\qfnvWGhh2fw_0010.wav,Hoàng Hậu nha quý vị. Xin kính mời quý vị. Như quý vị thấy thì phía trước chính,@HUE
data\data_prepared\wavs\qfnvWGhh2fw_0011.wav,là à vụ Khiêm Môn và cũng có những thiếu nữ mặc áo dài trắng à đang tiến vào khu,@HUE
data\data_prepared\wavs\qfnvWGhh2fw_0012.wav,vực lăng mộ. Bên này thì cũng có những nhóm du khách cũng đang chụp hình. Thưa,@HUE
data\data_prepared\wavs\qfnvWGhh2fw_0013.wav,"quý vị, tiếp theo thì tôi xin giới thiệu sơ qua thì lại cái lăng từ đức mà trước",@HUE
data\data_prepared\wavs\qfnvWGhh2fw_0014.wav,"kia tôi cũng đã quay cho quý vị xem. Thì ở đây chính là hồ Lưu Khiêm đấy, một nơi",@HUE
data\data_prepared\wavs\qfnvWGhh2fw_0015.wav,gọi là Minh Đường cho Lăng Tử Đức. Và phía bên kia chính là đảo Tịnh Khiêm,@HUE
data\data_prepared\wavs\qfnvWGhh2fw_0016.wav,thôi quý vị. Đảo Tịnh Khiêm chính là nơi mà vua Tử Đức thường trồng các cái loại,@HUE
data\data_prepared\wavs\qfnvWGhh2fw_0017.wav,cây và nuôi các cái loại thú hiếm. Trong dọc trục đường đi vào thì phía bên tay,@HUE
data\data_prepared\wavs\qfnvWGhh2fw_0018.wav,trái này chính là Chí Khiêm Đường. Chỉ khiêm đường chính là nơi thờ các bài vị,@HUE
data\data_prepared\wavs\qfnvWGhh2fw_0019.wav,của các bà vợ của vua Tử Đức. Đ Chí Khiêm Đường đây quý vị này. Đường này là,@HUE
data\data_prepared\wavs\qfnvWGhh2fw_0021.wav,cho quý vị xem rồi. Do đó là hôm nay với mục đích là quay lăng mộ của bà Lễ Thiên,@HUE
data\data_prepared\wavs\qfnvWGhh2fw_0022.wav,An Hoàng Hậu. Chính vì vậy mà tôi giới thiệu sơ qua cho quý vị và để cho quý vị,@HUE
data\data_prepared\wavs\qfnvWGhh2fw_0023.wav,ngắm lại những cái khung cảnh quen thuộc ngày xưa. Như quý vị thấy thì bên kia,@HUE
data\data_prepared\wavs\qfnvWGhh2fw_0024.wav,đảo Tịnh Khiêm thì là một cái hòn đảo cũng rất là đặc biệt. nó nằm nổi giữa,@HUE
data\data_prepared\wavs\qfnvWGhh2fw_0026.wav,vua và các bà vợ của vua là phải đi thuyền qua bên kia. Nó không có bất cứ,@HUE
data\data_prepared\wavs\qfnvWGhh2fw_0027.wav,một cái cầu nào để bắt qua cái đảo Tần Khiêm cả. Và trên đảo thì được thiết kế,@HUE
data\data_prepared\wavs\qfnvWGhh2fw_0028.wav,"giống như một cái hòn non bộ khổng lồ thôi quý vị. Đấy,",@HUE
data\data_prepared\wavs\qfnvWGhh2fw_0029.wav,rất đẹp. Phía bên này thì chính là con đường đi,@HUE
data\data_prepared\wavs\qfnvWGhh2fw_0030.wav,lên Khiêm Cung Môn đấy. Và phía trước Khiêm Cô Môn chính là à Xung Khiêm Tạ và,@HUE
data\data_prepared\wavs\qfnvWGhh2fw_0031.wav,Dụ Khiêm Tạ thưa quý vị. Đấy thì đây chính là nơi mà ngày xưa trước kia vua,@HUE
data\data_prepared\wavs\qfnvWGhh2fw_0032.wav,"Tử Đức thường ra đây để đọc sách, ngâm thơ cũng như là ngắm cảnh để giải trí.",@HUE
data\data_prepared\wavs\qfnvWGhh2fw_0033.wav,"Đấy, còn đây chính là con đường đi lên không kim môn với hệ thống tam quang rất",@HUE
data\data_prepared\wavs\qfnvWGhh2fw_0034.wav,là đồ sổ và đường bờ cấp đi lên cũng được rải bằng đá rất là đẹp thưa quý vị.,@HUE
data\data_prepared\wavs\qfnvWGhh2fw_0035.wav,Sau khiêm cô môn chính là Hòa Khiêm là nơi mà vua Tử Đức ngày xưa là làm việc,@HUE
data\data_prepared\wavs\qfnvWGhh2fw_0036.wav,và sau Hòa Khiêm là Lương Khiêm là nơi vua nghỉ ngơi. Sau khi lên ngôi vua thì,@HUE
data\data_prepared\wavs\qfnvWGhh2fw_0038.wav,À trước đó thì vua Tử Đức đặt tên là Vạn Niên Cơ đấy nhưng mà sau cái loạn chạy,@HUE
data\data_prepared\wavs\qfnvWGhh2fw_0039.wav,vôi thì vua lại đổi lại thành Kim Cung và sau này thì là Khiêm Lăng.,@HUE
data\data_prepared\wavs\qfnvWGhh2fw_0040.wav,Đây quý vị thấy là các du khách đang cho cá ăn một khô cá rất là đẹp. Phía bên,@HUE
data\data_prepared\wavs\qfnvWGhh2fw_0042.wav,Đó. Đây là các cô gái Huế đang rảo bước áo,@HUE
data\data_prepared\wavs\qfnvWGhh2fw_0043.wav,dài để đi chụp hình. Đây thời điểm này ngày hôm qua thì Huế đã mưa nhưng mà bây,@HUE
data\data_prepared\wavs\qfnvWGhh2fw_0044.wav,giờ thì trời Huế đã nắng lại rồi quý vị. Chính vì vậy mà nó cũng là một điều kiện,@HUE
data\data_prepared\wavs\qfnvWGhh2fw_0045.wav,rất là thích hợp cho việc đi thăm các cái lă tẩm di tích và chụp hình.,@HUE
data\data_prepared\wavs\qfnvWGhh2fw_0046.wav,Và chúng ta bây giờ thì sẽ đi lui phía sau khu vực Khiêm Lăng. Quý vị thấy thì,@HUE
data\data_prepared\wavs\qfnvWGhh2fw_0047.wav,bên này có một cái đồi thông rất là u tịch. đó rất là thơ mộng quá tuyệt vời,@HUE
data\data_prepared\wavs\qfnvWGhh2fw_0048.wav,thôi quý vị rảo bước trên con đường gạch thì chúng ta lại có một cái cảm giác,@HUE
data\data_prepared\wavs\qfnvWGhh2fw_0049.wav,hoài cổ à về những cái cuộc sống của người xưa. Việc làm vua nó tuy là một,@HUE
data\data_prepared\wavs\qfnvWGhh2fw_0050.wav,"cái gì đó rất là oái phong, rất là uy nghiêm nhưng mà bên cạnh đó thì cũng có",@HUE
data\data_prepared\wavs\qfnvWGhh2fw_0051.wav,rất nhiều nỗi ưu tư thôi quý vị. Chính vì vậy mà bên trong lăng được thiết kế,@HUE
data\data_prepared\wavs\qfnvWGhh2fw_0052.wav,phản ánh được những cái nỗi u sầu đôi lúc có những cái suy tư của vua mà vua,@HUE
data\data_prepared\wavs\qfnvWGhh2fw_0053.wav,không thể nói ra được. Các công trình của Khiêm Lăng đều được có chữ khiêm nằm,@HUE
data\data_prepared\wavs\qfnvWGhh2fw_0054.wav,ở trong đó. Ví dụ như lúc nãy thì Huế Review đã nói rằng là vụ khiêm mô này,@HUE
data\data_prepared\wavs\qfnvWGhh2fw_0055.wav,rồi Hồ Lưu Khiêm rồi đảo tịnh Khiêm rồi Sung Khiêm Tả và Dụ Khiêm Tạ tất cả đều,@HUE
data\data_prepared\wavs\qfnvWGhh2fw_0057.wav,người đã đến đây để thăm lăng của Vu Tử Đức à tuy nhiên thì cũng có những quý vị,@HUE
data\data_prepared\wavs\qfnvWGhh2fw_0058.wav,chưa xem thì hôm nay thì Huy R cũng quay cái khu vực lăng mộ của vua Tử Đức cho,@HUE
data\data_prepared\wavs\qfnvWGhh2fw_0059.wav,quý vị xem đây khu vực mộ vua Đây có một cái tấm bia đá khắc để giới,@HUE
data\data_prepared\wavs\qfnvWGhh2fw_0060.wav,thiệu luôn quý vị bằng tiếng Việt và tiếng Anh.,@HUE
data\data_prepared\wavs\qfnvWGhh2fw_0061.wav,Tôi sẽ đi lên phía trên này để thắp cho ngài một nén nhang thì sau đó chúng ta,@HUE
data\data_prepared\wavs\qfnvWGhh2fw_0062.wav,sẽ đi thăm long mộ của bà Lễ Thi An Hoàng Hậu.,@HUE
data\data_prepared\wavs\qfnvWGhh2fw_0063.wav,Rất đẹp thưa quý vị. Quan cảnh quá tuyệt vời. Những cái hàng,@HUE
data\data_prepared\wavs\qfnvWGhh2fw_0064.wav,"sứ, những cái cây sứ và lăng từ Đức là một trong những cái ngôi lăng mộ mà có",@HUE
data\data_prepared\wavs\qfnvWGhh2fw_0065.wav,thể nói rằng là đẹp nhất của Triều Nguyễn Việt Nam.,@HUE
data\data_prepared\wavs\qfnvWGhh2fw_0066.wav,"Đó, chúng ta sẽ đi theo lối đi chính. Quý vị thấy nhìn phía trên cái bi đình",@HUE
data\data_prepared\wavs\qfnvWGhh2fw_0067.wav,là chúng ta đã thấy được một cái màu rất là cổ kính rồi quý vị.,@HUE
data\data_prepared\wavs\qfnvWGhh2fw_0068.wav,Đây chính là khu vực à Bái Đình của Khiêm Lăng.,@HUE
data\data_prepared\wavs\qfnvWGhh2fw_0069.wav,"Thì cũng như những cái lăng mộ của các vị vua đi trước như lăng vua Gia Long,",@HUE
data\data_prepared\wavs\qfnvWGhh2fw_0070.wav,"lăng vua Minh Mạn, lăng vua thiếu trị thì ở đây cũng có một hệ thống bức tượng",@HUE
data\data_prepared\wavs\qfnvWGhh2fw_0071.wav,văn vỏ bát quang và voi ngựa. Đặc biệt thì những cái bức tường phía bên ngoài,@HUE
data\data_prepared\wavs\qfnvWGhh2fw_0072.wav,này quý vị đó được trang trí bằng những loại bạc tràng rất là đẹp. Đây ngay cả,@HUE
data\data_prepared\wavs\qfnvWGhh2fw_0073.wav,tường voi không thôi quý vị. Những cái tường voi ngựa cũng có những cái hòa,@HUE
data\data_prepared\wavs\qfnvWGhh2fw_0074.wav,tiết khắc trên đó rất là đẹp luôn. Quá tuyệt vời.,@HUE
data\data_prepared\wavs\qfnvWGhh2fw_0075.wav,Đó. Bên này là cái ghế ngồi của người cưỡi voi đây quý vị này. Đó gọi là tượng,@HUE
data\data_prepared\wavs\qfnvWGhh2fw_0076.wav,binh. Rồi bên này là ngựa đó. Quang văng và Quang Võ. Và cái khu vực Bái Đình gồm,@HUE
data\data_prepared\wavs\qfnvWGhh2fw_0077.wav,có hai tầng sân này sẽ dẫn chúng ta đi lên khu vực B Định.,@HUE
data\data_prepared\wavs\qfnvWGhh2fw_0078.wav,"những cái hòa tiết trang trí đấy, những cái khảm sàn sứ nhìn rất là tuyệt vời.",@HUE
data\data_prepared\wavs\qfnvWGhh2fw_0079.wav,Có thể nói là không có cái từ nào để diễn tả cái nét tuyệt vời đó. Những cái,@HUE
data\data_prepared\wavs\qfnvWGhh2fw_0082.wav,cái bi đình rất là to. Đó phía bên trong B Đình thì có một cái,@HUE
data\data_prepared\wavs\qfnvWGhh2fw_0083.wav,bia rất là lớn đó chính là cái bia mà khắc bài khiêm cung ký của vua Tử Đức.,@HUE
data\data_prepared\wavs\qfnvWGhh2fw_0084.wav,Vua Tử Đức thì là một vị vua không có con. Chính vì vậy mà vua nhận con nuôi,@HUE
data\data_prepared\wavs\qfnvWGhh2fw_0085.wav,từ các hoàng thân trong triều đình. Vua đã nhận được ba vị hoàng tử và sau này,@HUE
data\data_prepared\wavs\qfnvWGhh2fw_0086.wav,"trở thành ba vị vua. Đó là vua Dục Đức, vua Kiến Phúc và vua Đồng Khánh. Thưa",@HUE
data\data_prepared\wavs\qfnvWGhh2fw_0087.wav,"quý vị, những cái hòa tiết vânng may quá tuyệt vời thưa quý vị ơi. Wow, long ẩn",@HUE
data\data_prepared\wavs\qfnvWGhh2fw_0088.wav,vânng đây quý vị này. Ròng cưỡi may rất là đẹp.,@HUE
data\data_prepared\wavs\qfnvWGhh2fw_0089.wav,Chúng ta sẽ tiếp tục một cái bài thơ gọi là một cái bài khiêm,@HUE
data\data_prepared\wavs\qfnvWGhh2fw_0090.wav,cung ký à rất là nhiều các cái chữ và ngay cái tấm bia không thì các cái hỏa,@HUE
data\data_prepared\wavs\qfnvWGhh2fw_0091.wav,tiết nó cũng nói lên một cái sự hoành tráng rồi quý vị.,@HUE
data\data_prepared\wavs\qfnvWGhh2fw_0092.wav,Đó và phía sau cái B Đình thì chúng ta sẽ,@HUE
data\data_prepared\wavs\qfnvWGhh2fw_0093.wav,đến khu vực hai cái trụ biểu và có lẽ hai cái trụ biểu này chính là hai trụ,@HUE
data\data_prepared\wavs\qfnvWGhh2fw_0094.wav,biểu đặc trưng nhất về kiến trúc của từ thời vua Gia Long cho tới vua tự đức,@HUE
data\data_prepared\wavs\qfnvWGhh2fw_0095.wav,thưa quý vị. Cho tới vua Thiều Trì luôn. Đấy những cái lăng mộ sau thì những cái,@HUE
data\data_prepared\wavs\qfnvWGhh2fw_0096.wav,bi đình nó rất là nhỏ. Hai cái cuộc đình này thì có thể nói là nó quá cao và quá,@HUE
data\data_prepared\wavs\qfnvWGhh2fw_0097.wav,"lớn, quá tuyệt vời. Đó, xung quanh thì cũng được trồng các",@HUE
data\data_prepared\wavs\qfnvWGhh2fw_0098.wav,"cái loại hoa, loại cây cổ. Và tiếp theo đây chống chính là một cái hồ bá nguyệt",@HUE
data\data_prepared\wavs\qfnvWGhh2fw_0099.wav,"đây thưa quý vị. Đó, trước khu vực tẩm mộ của vua Tử Đức. Đây chính là khu vực",@HUE
data\data_prepared\wavs\qfnvWGhh2fw_0100.wav,một cái hồ Bá Nguyệt đây. Một cái hồ rất là đẹp và nước thì rất là trong xanh.,@HUE
data\data_prepared\wavs\qfnvWGhh2fw_0101.wav,rất là nhiều loại cá được nuôi ở đây. Tôi sẽ tiến vào phía bên trong lăng mộ,@HUE
data\data_prepared\wavs\qfnvWGhh2fw_0102.wav,của ngài. Việc mà vua Tử Đức không có con thì nó,@HUE
data\data_prepared\wavs\qfnvWGhh2fw_0103.wav,cũng ảnh hưởng rất nhiều đến cuộc sống của vua và thậm chí đến tư tưởng của vua,@HUE
data\data_prepared\wavs\qfnvWGhh2fw_0104.wav,"cũng thế. Dạo bước trong cái khung cảnh này, tôi",@HUE
data\data_prepared\wavs\qfnvWGhh2fw_0105.wav,"có thể cảm nhận được là một không gian, một cái không khí u tịch. rất là yên",@HUE
data\data_prepared\wavs\qfnvWGhh2fw_0106.wav,"tĩnh và thư thái. Thưa quý vị, một cái ngày lễ như thế này mà nếu như",@HUE
data\data_prepared\wavs\qfnvWGhh2fw_0107.wav,đến những cái nơi như thế này để chúng ta khám phá và để chúng ta tìm hiểu cũng,@HUE
data\data_prepared\wavs\qfnvWGhh2fw_0108.wav,như là để ngắm cũng như là chụp hình thì quá tuyệt vời.,@HUE
data\data_prepared\wavs\qfnvWGhh2fw_0109.wav,Đây a tôi sẽ đi lên phía trước khu vực à tập mộ của ngài. Ở đây gọi chung là,@HUE
data\data_prepared\wavs\qfnvWGhh2fw_0111.wav,vực phía trên sân. Ở đây thì quý vị cũng có thể thấy là những cái khu vực cột kẹo,@HUE
data\data_prepared\wavs\qfnvWGhh2fw_0112.wav,để làm à cái mái che khi mà là tế tế lễ hoặc là những cái ngày hủy kỳ của vua. Ở,@HUE
data\data_prepared\wavs\qfnvWGhh2fw_0113.wav,đây thì chúng ta sẽ thấy cái bũ thành ngoài và cổng bổ thành.,@HUE
data\data_prepared\wavs\qfnvWGhh2fw_0114.wav,Thực sự mà nói thì qua những cái ngôi lăng mổ mà Huy Review đã từng quay cho,@HUE
data\data_prepared\wavs\qfnvWGhh2fw_0115.wav,quý vị xem thì khu vực Bửu Thành của Lăng Vô Tử Đức có thể nói là rất là cao,@HUE
data\data_prepared\wavs\qfnvWGhh2fw_0116.wav,"và nhìn có vẻ rất đơn giản nhưng mà rất là thanh thoát thôi quý vị. Đấy, phía",@HUE
data\data_prepared\wavs\qfnvWGhh2fw_0117.wav,trên thì như quý vị thấy là có hai chú rồng chầu vào ở giữa rồi các cái họa,@HUE
data\data_prepared\wavs\qfnvWGhh2fw_0118.wav,tiết trang trí trong các ô học gồm có các con kỳ lưng à và các cái hòa tiến,@HUE
data\data_prepared\wavs\qfnvWGhh2fw_0119.wav,"này nhìn rất là rõ, hoa văn rất là đẹp. Sau bũ thành thì chúng ta sẽ đi vào phía",@HUE
data\data_prepared\wavs\qfnvWGhh2fw_0120.wav,bên trong lăng mộ của ngài khu vực tổng mổ.,@HUE
data\data_prepared\wavs\qfnvWGhh2fw_0121.wav,Và ngay cái khoảng cách giữa bộ thần ngoài và bổ thần trong không thì chúng,@HUE
data\data_prepared\wavs\qfnvWGhh2fw_0122.wav,ta cũng đã thấy có một cái sự khác biệt rất là lớn với những cái ngôi lăng mộ,@HUE
data\data_prepared\wavs\qfnvWGhh2fw_0123.wav,khác rồi. Đập vào mắt chúng ta chúng ta sẽ thấy,@HUE
data\data_prepared\wavs\qfnvWGhh2fw_0124.wav,bức bình phong một cái chữ thọ rất là lớn ở giữa và các được và cái chữ thọ,@HUE
data\data_prepared\wavs\qfnvWGhh2fw_0125.wav,này được khám sanh xứ. Các cái hòa tiết phía bên này thì lại được trang trí,@HUE
data\data_prepared\wavs\qfnvWGhh2fw_0126.wav,những chú rồng rất là đẹp thưa quý vị. Có thể nói là tuyệt vời quá tuyệt diệu,@HUE
data\data_prepared\wavs\qfnvWGhh2fw_0127.wav,luôn. Một cái công trình kiến trúc rất là đồ sổ.,@HUE
data\data_prepared\wavs\qfnvWGhh2fw_0128.wav,và vào bên trong lă mộ tôi cũng sẽ đi vào để thắp nhang cho ngài. Sau đó thì,@HUE
data\data_prepared\wavs\qfnvWGhh2fw_0129.wav,chúng ta sẽ qua thăm lăng mộ của lễ thi hành hồ hậu. Cái bộ thàh trong thì chúng,@HUE
data\data_prepared\wavs\qfnvWGhh2fw_0130.wav,ta lại thấy nó có một cái sự khác biệt nữa đó chính là hai cái cột cổng vào á,@HUE
data\data_prepared\wavs\qfnvWGhh2fw_0131.wav,đây thì chúng ta lại thấy có hai hoa sen ở trên đầu và xung quanh thì được trang,@HUE
data\data_prepared\wavs\qfnvWGhh2fw_0132.wav,trí bằng những cái loại gạch đó. rồi các cái chữ thọ vân vân. Và đây chính là khu,@HUE
data\data_prepared\wavs\qfnvWGhh2fw_0133.wav,vực tẩm mộ của ngài. Đây tẩm mộ của ngài thì cũng là một tấm,@HUE
data\data_prepared\wavs\qfnvWGhh2fw_0134.wav,mộ nổi phía bên trên. Và như quý vị thấy thì à trước kia Huế Review quay về xương,@HUE
data\data_prepared\wavs\qfnvWGhh2fw_0135.wav,lăng cũng như là xương thọ lăng. Thì cái kiểu kiến trúc này là kiểu kiến trúc đặc,@HUE
data\data_prepared\wavs\qfnvWGhh2fw_0136.wav,trưng cho thời đó và ngôi mộ được làm bằng đánh rất là kỹ càng.,@HUE
data\data_prepared\wavs\qfnvWGhh2fw_0137.wav,Đó và quý vị thấy thì hiện tại nó được trùng tu và như là mức độ xuống cấp nó,@HUE
data\data_prepared\wavs\qfnvWGhh2fw_0139.wav,Bức a bình phong hậu ở phía sau của bổ thần trong thì như quý vị thấy rõ ràng,@HUE
data\data_prepared\wavs\qfnvWGhh2fw_0140.wav,là hai trủ rộng rất là còn rất là nguyên vẹn thô quý vị. Và đang cưỡi may để chầu,@HUE
data\data_prepared\wavs\qfnvWGhh2fw_0141.wav,"vào ở giữa. Đây là lượng lông chầu Nhật đây quý vị. Đấy, rất đẹp. Những ròng",@HUE
data\data_prepared\wavs\qfnvWGhh2fw_0142.wav,được khám sanh xứ quá tuyệt vời. Rồi bây giờ thì tôi xin thấp nhang cho,@HUE
data\data_prepared\wavs\qfnvWGhh2fw_0143.wav,"ngài, sau đó thì chúng ta sẽ tiếp tục hành trình qua lăng mộ của vị hoàng hậu",@HUE
data\data_prepared\wavs\qfnvWGhh2fw_0144.wav,mà hôm nay tôi muốn giới thiệu đến quý vị.,@HUE
data\data_prepared\wavs\qfnvWGhh2fw_0145.wav,Vâng và trước cái khu vực mà ngay trụ biểu của lăng Vô Tử Đức thì chúng ta,@HUE
data\data_prepared\wavs\qfnvWGhh2fw_0146.wav,cũng sẽ có một cái lối đi để dẫn chúng ta tới khu vực của Lễ Thoàn Hậu. Thì khu,@HUE
data\data_prepared\wavs\qfnvWGhh2fw_0148.wav,hoàng hậu của mình bên cạnh lăng của vua thì đó là một cái điều rất là đặc biệt,@HUE
data\data_prepared\wavs\qfnvWGhh2fw_0149.wav,trong cái khuốc lăng vua Tử Đức thưa quý vị à trước kia khi mà Huy R quay những,@HUE
data\data_prepared\wavs\qfnvWGhh2fw_0150.wav,cái ngôi lăng mổ của các cái vị vua trước hay là những cái vị vua sau thì,@HUE
data\data_prepared\wavs\qfnvWGhh2fw_0151.wav,khu vực lăng tẩm của vị các vị hoàng hậu thường là ở cách xa à khu vực lăng tẩm,@HUE
data\data_prepared\wavs\qfnvWGhh2fw_0152.wav,của vua nhưng mà quý vị thấy thì ở đây rõ ràng là chúng ta thấy rằng ngôi lăng,@HUE
data\data_prepared\wavs\qfnvWGhh2fw_0153.wav,mộ của vị hoàng hậu chúng nằm phía bên này.,@HUE
data\data_prepared\wavs\qfnvWGhh2fw_0154.wav,"Vâng, kính thưa quý vị thì à Lệ Thi An Hoàng Hậu có tên thực là Võ Thị Duyên",@HUE
data\data_prepared\wavs\qfnvWGhh2fw_0155.wav,hay người ta còn gọi là Vũ Thị Duyên là con của đông các đại học sĩ Võ Xung Cẩn,@HUE
data\data_prepared\wavs\qfnvWGhh2fw_0156.wav,"và Lễ Quốc Phu nhân. Thưa quý vị, bà sinh năm 1828",@HUE
data\data_prepared\wavs\qfnvWGhh2fw_0157.wav,và từ nhỏ thì bà cũng đã được nuôi dưỡng rất là nghiêm khắc. Đồng thời thì người,@HUE
data\data_prepared\wavs\qfnvWGhh2fw_0158.wav,"đời cũng đã truyền lại rằng là bà ngày xưa rất là đẹp, nhan sắc thì tuyệt trần",@HUE
data\data_prepared\wavs\qfnvWGhh2fw_0159.wav,à đặc biệt là có tài văn chương. Chính vì vậy mà cũng được rất nhiều những vị,@HUE
data\data_prepared\wavs\qfnvWGhh2fw_0160.wav,công tử để ý đến. Thì đến năm 1843 thì bà được đưa vào cung để hầu hạ cho hoàng,@HUE
data\data_prepared\wavs\qfnvWGhh2fw_0161.wav,"tử Hồng Nhẫm. Lúc đó thì vẫn chưa lên ngôi vua Tử Đức. Thưa quý vị, sau khi",@HUE
data\data_prepared\wavs\qfnvWGhh2fw_0162.wav,vào cung thì bà hầu hạ bềa trên rất là cẩn thận và chu đáo. Chính vì vậy mà,@HUE
data\data_prepared\wavs\qfnvWGhh2fw_0163.wav,nhận được sự thương yêu hết mực của vua Tử Đức. À sau khi vua Tử Đức lên ngồi,@HUE
data\data_prepared\wavs\qfnvWGhh2fw_0164.wav,thì rất là sủng ái bà và dần dần thì bà được đi lên cái vị trí cao nhất đó chính,@HUE
data\data_prepared\wavs\qfnvWGhh2fw_0165.wav,là vị trí Hoàng Quỷ Phi. Hoàng Quỷ Phi lúc đó thì là vị trí cao nhất trong hậu,@HUE
data\data_prepared\wavs\qfnvWGhh2fw_0167.wav,thì là một điều rất là vinh hạnh cho một người phụ nữ thời đó. Tuy nhiên thì nó,@HUE
data\data_prepared\wavs\qfnvWGhh2fw_0168.wav,cũng mang lại rất nhiều những cái rủi ro. À đặc biệt thì như quý vị biết là,@HUE
data\data_prepared\wavs\qfnvWGhh2fw_0169.wav,cái thời điểm đó thì Vu Tử Đức à đang rất là đau đầu trong cái việc mà chống,@HUE
data\data_prepared\wavs\qfnvWGhh2fw_0170.wav,Pháp. Chính vì vậy mà ông thường hay tức tối và có những cái lần giận hờn vô cớ.,@HUE
data\data_prepared\wavs\qfnvWGhh2fw_0171.wav,Thì có một cái sự việc được truyền lại đó là lúc đó thì vua Tử Đức là đang à,@HUE
data\data_prepared\wavs\qfnvWGhh2fw_0172.wav,chờ để mà à người mang thuốc đến cho vua. Nhưng mà tỳ nữ hầu cạnh á thì lại,@HUE
data\data_prepared\wavs\qfnvWGhh2fw_0173.wav,mang đến rất là muộn. Chính vì vậy mà vua rất là tức giận. Từ đó thì vua lại,@HUE
data\data_prepared\wavs\qfnvWGhh2fw_0174.wav,khiển trách Lễ Thiên Anh Hoàng Hậu là thiếu cẩn trọng trong việc hầu hạ và đã,@HUE
data\data_prepared\wavs\qfnvWGhh2fw_0175.wav,gián chức bà xuống làm Trung Phi. Việc này thì làm bà rất là đau khổ và rất là,@HUE
data\data_prepared\wavs\qfnvWGhh2fw_0176.wav,buồn bã. Tuy nhiên là với bản tính là một người phụ nữ mạnh mẽ chính vì vậy mà,@HUE
data\data_prepared\wavs\qfnvWGhh2fw_0178.wav,sắc chung thủy đối với người chồng của mình là Vu Tử Đức. Hiện tại thì Huế Rêu,@HUE
data\data_prepared\wavs\qfnvWGhh2fw_0179.wav,đang đứng trước khu vực lăng mộ của Lệ Thiên Anh Hoàng Hậu. Đấy thì bây giờ,@HUE
data\data_prepared\wavs\qfnvWGhh2fw_0180.wav,chúng ta sẽ từ từ đi vào để khám phá ngôi lăng mộ của bà nha quý vị. Xin kính,@HUE
data\data_prepared\wavs\qfnvWGhh2fw_0181.wav,mời quý vị. Đấy thì khu vực lăng mộ của vua Tử Đức là nằm phía bên kia. Còn đây,@HUE
data\data_prepared\wavs\qfnvWGhh2fw_0182.wav,là chính là khu vực đi lên. khu vực lăng mộ của lễ thiên anh Hoàng Hậu. Thưa quý,@HUE
data\data_prepared\wavs\qfnvWGhh2fw_0183.wav,"vị, chắc có lẽ là nhiều quý vị đang thắc mắc tại vì sao hôm nay là một ngày đặc",@HUE
data\data_prepared\wavs\qfnvWGhh2fw_0184.wav,biệt là ngày 8 tháng thì Huế Review lại chọn cái khu vực lăng mộ của Lễ Th Hoàng,@HUE
data\data_prepared\wavs\qfnvWGhh2fw_0185.wav,Hậu để giới thiệu đến quý vị. Bởi vì cuộc đời của bà như Huyết R kể lúc nãy,@HUE
data\data_prepared\wavs\qfnvWGhh2fw_0186.wav,cho quý vị nghe thì sau khi bà giảng chức là bị làm trung phi thì đó là một,@HUE
data\data_prepared\wavs\qfnvWGhh2fw_0187.wav,cái nỗi buồn rất là đau đớn của một người phụ nữ khi mà đang ở trên đỉnh cao,@HUE
data\data_prepared\wavs\qfnvWGhh2fw_0188.wav,thì lại rớt xuống phía dưới mà thời xưa phong thời phong kiến ngày xưa thì rất,@HUE
data\data_prepared\wavs\qfnvWGhh2fw_0189.wav,là nhiều điều dị nghị về cái việc đó thôi quý vị chính vì vậy mà bà sống,@HUE
data\data_prepared\wavs\qfnvWGhh2fw_0190.wav,trong đau khổ và buồn tuổi và đặc biệt á thì sau này thì cũng có những cái điều,@HUE
data\data_prepared\wavs\qfnvWGhh2fw_0191.wav,thú vị mà Huế R lác sẽ chia sẻ cho quý vị bị thêm. Còn bây giờ thì chúng ta sẽ,@HUE
data\data_prepared\wavs\qfnvWGhh2fw_0192.wav,thấy rằng là phía bên trên bậc cấp của cái khu vực lăng mộ của bà thì chúng ta,@HUE
data\data_prepared\wavs\qfnvWGhh2fw_0193.wav,"sẽ thấy hai cái trụ biểu phía bên ngoài. Đấy, phía trước cũng có một cái vòng bá",@HUE
data\data_prepared\wavs\qfnvWGhh2fw_0194.wav,"nguyệt như thế này. À rồi quý vị, một cái vòng cung bá nguyệt nối lại phía",@HUE
data\data_prepared\wavs\qfnvWGhh2fw_0195.wav,"trước thì cũng có một cái hồ đó nổi liền với cái hồ lưu khiêm đó rồi. Đấy, thì",@HUE
data\data_prepared\wavs\qfnvWGhh2fw_0196.wav,còn mang yếu tố minh đường đó rồi. Đấy để cho à trước khi à đi về vào cái khu,@HUE
data\data_prepared\wavs\qfnvWGhh2fw_0197.wav,vực lăng mộ ở đây. Khu vực Bái Đình thì à khác với các vị vua thì các vị hoàng,@HUE
data\data_prepared\wavs\qfnvWGhh2fw_0198.wav,hậu là không có các cái vị quang chậu. Đó là điều đương nhiên. À tuy nhiên thì,@HUE
data\data_prepared\wavs\qfnvWGhh2fw_0199.wav,à phía sân bãi thì cũng rất là rộng rãi và rất là đẹp thưa quý vị. Được à có,@HUE
data\data_prepared\wavs\qfnvWGhh2fw_0200.wav,những bồn hoa để trồng hoa. À lối đi thì cũng có ba lỗi đi chính. Và à các cái,@HUE
data\data_prepared\wavs\qfnvWGhh2fw_0201.wav,"phù điêu này được cắt điệu bằng các những con kỳ lân, những con à kỳ lân để",@HUE
data\data_prepared\wavs\qfnvWGhh2fw_0202.wav,chầu đi lên. Đấy thì khu vực này cũng có những cái lỗ như thế này để mà dựng cột,@HUE
data\data_prepared\wavs\qfnvWGhh2fw_0204.wav,rất là đẹp. Ở đây thì cổng bổ thành ở phía trên là,@HUE
data\data_prepared\wavs\qfnvWGhh2fw_0205.wav,phía bên vua tử đức á là sẽ có hai con rồng chầu còn bên này là có hai chim,@HUE
data\data_prepared\wavs\qfnvWGhh2fw_0206.wav,phượng hoàng chậu à ở giữa đây các bạn. Đây là lưỡng phụng chầu chầu nguyệt nha,@HUE
data\data_prepared\wavs\qfnvWGhh2fw_0207.wav,quý vị. Đấy bên này là chầu mặt trăng rồi cũng có những cái họa tiết kỳ lưng,@HUE
data\data_prepared\wavs\qfnvWGhh2fw_0208.wav,trang trí cũng tương tự so với lăng vô tử đức. Tuy nhiên chỉ khác là đội ngôi,@HUE
data\data_prepared\wavs\qfnvWGhh2fw_0209.wav,lăng mũ này là có đôi chim phụng. Như quý vị biết là là ngày xưa cái việc mà,@HUE
data\data_prepared\wavs\qfnvWGhh2fw_0210.wav,làm cái cổng mở làm cái cửa để đi vào là làm bằng đồng hết thưa quý vị. Đây cổng,@HUE
data\data_prepared\wavs\qfnvWGhh2fw_0211.wav,này bằng đồng hết th quý vị. Đó do đó là thường là sẽ có những cái,@HUE
data\data_prepared\wavs\qfnvWGhh2fw_0212.wav,chốt những cái chốt như thế này để làm đi vào. Tuy nhiên thì cũng có nhiều ngôi,@HUE
data\data_prepared\wavs\qfnvWGhh2fw_0213.wav,làng bộ Huy Review quay cho quý vị xem thì quý vị cũng đã thấy là nó không còn,@HUE
data\data_prepared\wavs\qfnvWGhh2fw_0214.wav,những cái cửa nữa. Và đặc biệt đập vào mắt chúng ta sau cái cổng bụ thành đó,@HUE
data\data_prepared\wavs\qfnvWGhh2fw_0215.wav,chính là bức bình phong. A bức bên phong này thì thiết kế quá là,@HUE
data\data_prepared\wavs\qfnvWGhh2fw_0216.wav,tuyệt vời luôn quý vị ơi. Quý vị thấy là một cái hình tròn tượng trưng cho mặt,@HUE
data\data_prepared\wavs\qfnvWGhh2fw_0217.wav,trăng và bên này chính là hai con chim phứ hỏa ở giữa chậu rất là đẹp đấy. Đáng,@HUE
data\data_prepared\wavs\qfnvWGhh2fw_0218.wav,bay và rất là sinh động thưa quý vị. có thể nói là,@HUE
data\data_prepared\wavs\qfnvWGhh2fw_0219.wav,bằng những cái khảm sàn xứ nhưng mà các nghệ nhân đã làm nên một cái hình tượng,@HUE
data\data_prepared\wavs\qfnvWGhh2fw_0220.wav,lượng phụng cho nguyệt rất là đẹp đấy. Quá tuyệt vời. Quý vị thấy là những cái,@HUE
data\data_prepared\wavs\qfnvWGhh2fw_0221.wav,khảm sành sử này đó khủy tinh màu này rất là đẹp à ra những cái đôi mày ngại,@HUE
data\data_prepared\wavs\qfnvWGhh2fw_0222.wav,rất là tuyệt vời luôn. Đó xung quanh thì đúng được trang trí bằng những cái hóa,@HUE
data\data_prepared\wavs\qfnvWGhh2fw_0223.wav,tiết là chim đậu trên cần. Rồi bên này là cũng có rồng nữa quý vị này. Đấy hoa,@HUE
data\data_prepared\wavs\qfnvWGhh2fw_0224.wav,hoa mà được làm chạm trổ rất là đẹp thôi quý vị. Chỉ là bằng những cái mảnh sàn,@HUE
data\data_prepared\wavs\qfnvWGhh2fw_0225.wav,sứ thôi. Đây phía chân của bức bình phong thì chúng ta cũng có thể thấy là,@HUE
data\data_prepared\wavs\qfnvWGhh2fw_0226.wav,cũng được trang trí bằng những cái họa tiết đặc trưng cho vua chúa triều Nguyễn,@HUE
data\data_prepared\wavs\qfnvWGhh2fw_0227.wav,thời đó. Ở đây là các cái bà hoàng. Vâng. Phía mặt sau bình phong thì chúng,@HUE
data\data_prepared\wavs\qfnvWGhh2fw_0228.wav,ta sẽ thấy một cái à chữ thọ rất là lớn và xung quanh ở đây thì hai bên này cũng,@HUE
data\data_prepared\wavs\qfnvWGhh2fw_0230.wav,"trí cả quý vị, đều có khảm sành sướng cả và những cái họa tiết quá là tuyệt vời.",@HUE
data\data_prepared\wavs\qfnvWGhh2fw_0231.wav,À sau cái bức binh phong thì chúng ta sẽ thấy bộ thần trong và cái cổng bộ thần,@HUE
data\data_prepared\wavs\qfnvWGhh2fw_0232.wav,trong thì ở đây được trang trí nó có vẻ là đơn giản hơn so với bên Lăng Tử Đức.,@HUE
data\data_prepared\wavs\qfnvWGhh2fw_0233.wav,Và phía trên cũng có những cái hoa sen cũng được khắc những cái chữ thọ xung,@HUE
data\data_prepared\wavs\qfnvWGhh2fw_0234.wav,quanh ấy. Nhìn rất là đồng điều thôi. Quý vị chắc có lẽ thì tôi cũng xin thấp,@HUE
data\data_prepared\wavs\qfnvWGhh2fw_0235.wav,nhang trước khi chúng ta bước vào ngôi lăng mộ của bà. Vâng kính thưa quý vị,@HUE
data\data_prepared\wavs\qfnvWGhh2fw_0236.wav,thì sau bước bình phong chính là cái cổng đi vào tẩm mùa của bà thưa quý vị.,@HUE
data\data_prepared\wavs\qfnvWGhh2fw_0237.wav,Và rõ ràng thì ở đây quý vị thấy là đập vào mắt chúng ta sẽ thấy một cái hương,@HUE
data\data_prepared\wavs\qfnvWGhh2fw_0238.wav,án và sau hương án đó chính là cái à khu vực tẩm mộ của bà. Những cái ngôi lăng,@HUE
data\data_prepared\wavs\qfnvWGhh2fw_0239.wav,mộ trước kia mà Huyết trên video quay cho quý vị xem thì thường á là sẽ có,@HUE
data\data_prepared\wavs\qfnvWGhh2fw_0240.wav,những cái bia mổ phía trước sau đó là sẽ đến tẩm mổ. Tuy nhiên ở đây thì chúng ta,@HUE
data\data_prepared\wavs\qfnvWGhh2fw_0241.wav,sẽ thấy là ở đây không có bia à không có bia mổ và chỉ có một hương án như thế,@HUE
data\data_prepared\wavs\qfnvWGhh2fw_0242.wav,này. Và sau này đây chính là cái khu vực tẩm mộ của bà. Khác so với khu lăng mộ,@HUE
data\data_prepared\wavs\qfnvWGhh2fw_0243.wav,của vua Tử Đức thì ở đây sẽ có hai chim phượng hoàng trầu vào ở giữa đây quý vị,@HUE
data\data_prepared\wavs\qfnvWGhh2fw_0244.wav,này. Đấy một con chim hai con chim. Và xung quanh thì cũng có những cái bụ,@HUE
data\data_prepared\wavs\qfnvWGhh2fw_0245.wav,tượng phượng hoàng đấy được khắc trạm xung quanh để trầu vào ở giữa. Còn ở đây,@HUE
data\data_prepared\wavs\qfnvWGhh2fw_0246.wav,thì tập mổ thì được xây dựng bằng đá thân rất là đẹp. một cái kiểu kiến trúc,@HUE
data\data_prepared\wavs\qfnvWGhh2fw_0247.wav,rất là đặc trưng thời đó. Rồi à phía sau phần tẩm mộ sẽ chính là cái khu vực bình,@HUE
data\data_prepared\wavs\qfnvWGhh2fw_0248.wav,phong của Bụ Thành Trong ở phía sau. Như quý vị thấy thì ở đây cũng có chữ thọ ở,@HUE
data\data_prepared\wavs\qfnvWGhh2fw_0249.wav,giữa đấy. Và xung quanh thì gồm có hai chim phương hoàng. Đấy hai chú chim,@HUE
data\data_prepared\wavs\qfnvWGhh2fw_0250.wav,phượng hoàng này à cách điệu nhìn có vẻ là nó cũng tương tự so với hai chú chim,@HUE
data\data_prepared\wavs\qfnvWGhh2fw_0251.wav,phượng hoàng ở phía bình trước. Nhưng mà rõ ràng thì ở đây trầu một chữ,@HUE
data\data_prepared\wavs\qfnvWGhh2fw_0252.wav,chữ thọ ở giữa đây quý vị này à chắc có lẽ là với mong muốn rằng là sẽ trường,@HUE
data\data_prepared\wavs\qfnvWGhh2fw_0253.wav,tồn đấy. Một chữ thọ rất là đẹp. À những cái họa tiết xung quanh thì được trang,@HUE
data\data_prepared\wavs\qfnvWGhh2fw_0254.wav,trí bằng hoa lá. Đây thì quý vị có thể thấy quý vị vị có thể thấy cần cảnh một,@HUE
data\data_prepared\wavs\qfnvWGhh2fw_0255.wav,chỗ chim phượng hoa đây. Đây đây là đôi chân đang cặp một đang quắp một cái gì,@HUE
data\data_prepared\wavs\qfnvWGhh2fw_0256.wav,đó là đôi chim ph hoa quá tuyệt vời thưa quý vị.,@HUE
data\data_prepared\wavs\qfnvWGhh2fw_0257.wav,Đấy xung quanh thì có các cái họa tiết à rồng rồi rùa. Như vậy là long lân quy,@HUE
data\data_prepared\wavs\qfnvWGhh2fw_0258.wav,"phụng tử linh quy tụ ở cái bức bình phong này luôn thưa quý vị. Đấy, đặc",@HUE
data\data_prepared\wavs\qfnvWGhh2fw_0259.wav,biệt thì như quý vị thấy thì ở trên này cũng có hai cái chim phượng hoàng này,@HUE
data\data_prepared\wavs\qfnvWGhh2fw_0260.wav,"chàu vào ở giữa nữa này. Đấy, rất nhiều chim phương hoàng luôn. Quá tuyệt vời",@HUE
data\data_prepared\wavs\qfnvWGhh2fw_0261.wav,thưa quý vị. À vâng kính thưa quý vị thì để tiếp tục câu chuyện lúc nãy thì Huế,@HUE
data\data_prepared\wavs\qfnvWGhh2fw_0262.wav,Review muốn chia sẻ với quý vị là sau khi mà bà bị vua Tử Đức giáng xuống làm,@HUE
data\data_prepared\wavs\qfnvWGhh2fw_0263.wav,Trung Phi thì bà vẫn tiếp tục cái công việc của mình. Tuy nhiên đến năm 1883,@HUE
data\data_prepared\wavs\qfnvWGhh2fw_0264.wav,thì vua Tử Đức đột ngột băng hạ. Chắc có lẽ là do hối hận về những gì mình đã đối,@HUE
data\data_prepared\wavs\qfnvWGhh2fw_0265.wav,xử với người vợ của mình. Chính vì vậy mà vua Tử Đức đã để trong di chiếu rằng,@HUE
data\data_prepared\wavs\qfnvWGhh2fw_0266.wav,muốn phong bà làm Hoàng Thái Hậu và đưa cái vị hoàng tử là con trai của chính bà,@HUE
data\data_prepared\wavs\qfnvWGhh2fw_0267.wav,nuôi dưỡng là hoàng tử ưng chân lên kế vị và lấy hiệu là vua dục đức. Cứ tưởng,@HUE
data\data_prepared\wavs\qfnvWGhh2fw_0268.wav,rằng là khổ tận cam li. Tuy nhiên thì à à mọi điều lại không được như vua Tử Đức,@HUE
data\data_prepared\wavs\qfnvWGhh2fw_0269.wav,mong muốn. Đó chính là như quý vị biết thì thời gian đó cũng xảy ra cái sự việc,@HUE
data\data_prepared\wavs\qfnvWGhh2fw_0270.wav,là Tử Nguyệt Tam Vương trong 4 tháng đã phế trúc lần lượt là ba vị vua thưa quý,@HUE
data\data_prepared\wavs\qfnvWGhh2fw_0271.wav,vị. Và vua Dục Đức tuy chỉ lên ngôi được 3 ngày thì là đã bị hai đại thần là Tôn,@HUE
data\data_prepared\wavs\qfnvWGhh2fw_0272.wav,Thất Thiết và Nguyễn Vân Tường phế trức à không cho được làm vua nữa và phải mất,@HUE
data\data_prepared\wavs\qfnvWGhh2fw_0273.wav,đi trong ngục tù rất là cay đắng thô quý vị. Chính vì vậy mà số phận của bà Vũ,@HUE
data\data_prepared\wavs\qfnvWGhh2fw_0274.wav,Thị Duyên cũng lại hỏng hươu thôi. Quý vị cứ tưởng rằng là sẽ,@HUE
data\data_prepared\wavs\qfnvWGhh2fw_0275.wav,được lên lại cái ngôi cao nhưng mà cuối cùng thì sự việc tử nguyệt Tam Vương xảy,@HUE
data\data_prepared\wavs\qfnvWGhh2fw_0276.wav,ra đã làm cho cuộc đời của bà thay đổi hoàn toàn. Sau này mà khi vua Hiệp Hòa,@HUE
data\data_prepared\wavs\qfnvWGhh2fw_0277.wav,lên ngồi tức là em của vua Tử Đức thì cũng có ngọ ý là muốn làm theo di chiếu,@HUE
data\data_prepared\wavs\qfnvWGhh2fw_0278.wav,của Tiên Đế là đưa bà lên làm Hoàng Thái Hậu. Tuy nhiên thì lúc đó thì bà lại,@HUE
data\data_prepared\wavs\qfnvWGhh2fw_0279.wav,nhận ra những cái cây đẳng trong triều đình của những cái cây đẳng của số phận.,@HUE
data\data_prepared\wavs\qfnvWGhh2fw_0280.wav,Chính vì vậy bà đã không chấp nhận à cái yêu cầu đó và bà đã không nhận lời để,@HUE
data\data_prepared\wavs\qfnvWGhh2fw_0281.wav,trở thành Hoàng Thái Hậu mà chỉ muốn lên Khiêm Cung tức là cái tên của Khiêm Lăng,@HUE
data\data_prepared\wavs\qfnvWGhh2fw_0282.wav,thời đó thôi quý vị để à lo hương khói à cho chồng của mình đó là Vu Tử Đức. Và,@HUE
data\data_prepared\wavs\qfnvWGhh2fw_0283.wav,trong thời gian ở khiêm cung ấy thì bà tức bực và luôn hết lòng để lo hương,@HUE
data\data_prepared\wavs\qfnvWGhh2fw_0284.wav,khói cho tổ tiên cũng như là lo hương khói cho tiên đế và thể hiện được cái,@HUE
data\data_prepared\wavs\qfnvWGhh2fw_0285.wav,lòng son sắc chung thủy của mình đối với người chồng của mình. Thì đến năm 1902,@HUE
data\data_prepared\wavs\qfnvWGhh2fw_0286.wav,thì sau khi vua Thành Thái lên ngồi thì năm đó thì bà cũng băng thể và thọ 75,@HUE
data\data_prepared\wavs\qfnvWGhh2fw_0287.wav,tuổi. Vua Thanh Thái đã truy phong cho bà là lễ thiên an hoàng hậu như ngày nay,@HUE
data\data_prepared\wavs\qfnvWGhh2fw_0288.wav,mà chúng ta thường nghe tên. Có thể nói rằng trong tất cả các cái lăng tẩm của,@HUE
data\data_prepared\wavs\qfnvWGhh2fw_0289.wav,các vị hoàng hậu thì tôi rất là cảm kích vị hoàng hậu này. Tuy đã nhiều lần thắng,@HUE
data\data_prepared\wavs\qfnvWGhh2fw_0290.wav,trầm trong cuộc đời nhưng mà bà vẫn giữ mãi cái lòng son sắc. thể hiện được cái,@HUE
data\data_prepared\wavs\qfnvWGhh2fw_0291.wav,đức tính của người phụ nữ thời phong kiến luôn hết lòng vì gia đình chồng,@HUE
data\data_prepared\wavs\qfnvWGhh2fw_0292.wav,luôn thể hiện được cái tình yêu son sắc đối với người chồng của mình và đặc biệt,@HUE
data\data_prepared\wavs\qfnvWGhh2fw_0293.wav,là vua Tử Đức không có con và nỗi buồn mà khi không có người con ruột của bà,@HUE
data\data_prepared\wavs\qfnvWGhh2fw_0294.wav,thì cũng cảm thấy rất là xót xa thưa quý vị đây là một vị hoàng hậu rất là đặc,@HUE
data\data_prepared\wavs\qfnvWGhh2fw_0295.wav,biệt chính vì vậy mà hôm nay ngày mùng 8 tháng thì Huế R cũng muốn đến thấp cho,@HUE
data\data_prepared\wavs\qfnvWGhh2fw_0296.wav,bà một nến nhang đồng thời thì cũng muốn giới thiệu đến quý vị cuộc đời và những,@HUE
data\data_prepared\wavs\qfnvWGhh2fw_0297.wav,cái điều thăng trầm đối với vị hoàng hậu đặc biệt này. Và chắc có lẽ đến đây thì,@HUE
data\data_prepared\wavs\qfnvWGhh2fw_0299.wav,"thì cũng mong quý vị chúng ta like, chia sẻ cũng như đăng ký kênh để có thể nhận",@HUE
data\data_prepared\wavs\qfnvWGhh2fw_0300.wav,được những video mới nhất về lăng tẩm triều Nguyễn nói riêng và về Huế nói,@HUE
data\data_prepared\wavs\qfnvWGhh2fw_0301.wav,chung. Rồi xin chào và hẹn gặp lại quý vị ở những video tiếp theo.,@HUE
data\data_prepared\wavs\qyannyc5FeA_0001.wav,"Vâng, mến chào quý vị đã quay lại với Huế Review. Quý vị và các bạn thân mến,",@HUE
data\data_prepared\wavs\qyannyc5FeA_0002.wav,"hiện tại thì tôi đang có mặt ở làng Cư Chánh, xã Thủy Bằng, thị xã Hưng Thủy,",@HUE
data\data_prepared\wavs\qyannyc5FeA_0003.wav,"tỉnh Thừ Thiên Huế. Thưa quý vị, hôm nay lại tiếp tục cái hành trình khám phá một",@HUE
data\data_prepared\wavs\qyannyc5FeA_0004.wav,cái ngôi mộ của lăng tập triều Nguyễn. Và ở đây chính là cái khu vực sông Hương,@HUE
data\data_prepared\wavs\qyannyc5FeA_0005.wav,đây quý vị này. Và đây chính là cái khu vực mà thuộc cái phía đầu nguồn của sông,@HUE
data\data_prepared\wavs\qyannyc5FeA_0006.wav,Hương. Đây là khu vực ở trên tuần. Thì Huế Review cũng đã có một cái video nó,@HUE
data\data_prepared\wavs\qyannyc5FeA_0007.wav,làm làm về cái ngã ba bàn lạng và cũng đã chiếu qua cái khu vực mà ngay cái ngã,@HUE
data\data_prepared\wavs\qyannyc5FeA_0008.wav,đầu sông Hương này. Tuy nhiên thì ở đây nó tồn tại một cái giai thoại về một cái,@HUE
data\data_prepared\wavs\qyannyc5FeA_0009.wav,ngôi lăng mộ của một cái vị vương tử con của một vị chú Nguyễn và đó cũng chính,@HUE
data\data_prepared\wavs\qyannyc5FeA_0010.wav,là phụ thân của một cái vị vua rất là nổi tiếng vị vua đầu tiên của Triều,@HUE
data\data_prepared\wavs\qyannyc5FeA_0011.wav,Nguyễn. Thưa quý vị và nguyên nhân tại vì sao Huế Review lại đứng ở đây? Bởi vì,@HUE
data\data_prepared\wavs\qyannyc5FeA_0012.wav,"cái ngôi mộ này nó có liên quan mậc thiết đến cái dòng sông Hương, một cái",@HUE
data\data_prepared\wavs\qyannyc5FeA_0013.wav,dòng sông huyền thoại của sự Huế. Ngôi mộ đó nó nằm trước mặt quý vị đây quý,@HUE
data\data_prepared\wavs\qyannyc5FeA_0014.wav,"vị. Đó và cái ngôi mộ đó là ngôi mộ của ai? Nó có cái bí sử gì, giai thoại gì,",@HUE
data\data_prepared\wavs\qyannyc5FeA_0015.wav,những cái bí ẩn gì cũng như những cái điều thú vị gì mà Huy Review lại muốn,@HUE
data\data_prepared\wavs\qyannyc5FeA_0016.wav,quay cho quý vị xem. Thì hôm nay tôi kính mời quý vị cùng các bạn chúng ta,@HUE
data\data_prepared\wavs\qyannyc5FeA_0017.wav,tham quan và khám phá cái bí ẩn cái ngôi lăng bộ này và Huế Review cũng sẽ giải,@HUE
data\data_prepared\wavs\qyannyc5FeA_0018.wav,thích những cái điều ở sau bên trong cái ngôi lăng bộ này khi mà chúng ta xem hết,@HUE
data\data_prepared\wavs\qyannyc5FeA_0019.wav,video nha quý vị. Xin mời quý vị. Vâng kính thưa quý vị thì hiện tại thì,@HUE
data\data_prepared\wavs\qyannyc5FeA_0020.wav,bây giờ nhiệt độ ở đây b nhiệt độ ở Huế rất là cao thôi quý vị cũng phải là 39,@HUE
data\data_prepared\wavs\qyannyc5FeA_0021.wav,40 độ do đó là thời tiết rất là nóng chính vì vậy mà Huế Review cũng à đi vào,@HUE
data\data_prepared\wavs\qyannyc5FeA_0022.wav,cái lúc mà khoảng cỡ 4 5:00 chiều để cho trời nó mát nó mát noát chịu một xíu chứ,@HUE
data\data_prepared\wavs\qyannyc5FeA_0023.wav,còn mà nếu như mà đi buổi sáng hay là buổi trưa thì thật sự mà nói là không,@HUE
data\data_prepared\wavs\qyannyc5FeA_0024.wav,thể chịu nổi thôi quý vị và hiện tại thì Huế Review đang di chuyển đến cái ngôi,@HUE
data\data_prepared\wavs\qyannyc5FeA_0025.wav,lăng mộ mà hôm nay Huế Huy review muốn quay cho quý vị xem. Thì khác với những,@HUE
data\data_prepared\wavs\qyannyc5FeA_0026.wav,cái ngôi lăng mộ trước mà Huế Review quay cho quý vị xem thì hôm nay Huy,@HUE
data\data_prepared\wavs\qyannyc5FeA_0027.wav,Review sẽ giới thiệu sơ qua cái nhân vật nằm trong cái ngôi lă mộ này. Và ở đây,@HUE
data\data_prepared\wavs\qyannyc5FeA_0028.wav,thì hiện tại thì quý vị cũng thấy là cái ngôi lă mộ này là bị khóa cái cọc ngoài,@HUE
data\data_prepared\wavs\qyannyc5FeA_0029.wav,rồi. Chúng ta không thể đi vào bên trong cái ngôi lăng mộ này à bằng cái con,@HUE
data\data_prepared\wavs\qyannyc5FeA_0030.wav,đường cổng chính được. Chính vì vậy mà Huế Review sẽ đi vào bằng cái con đường,@HUE
data\data_prepared\wavs\qyannyc5FeA_0031.wav,đất đó. một có một cái con nước đất ở đây thưa quý vị này chúng ta sẽ phải leo,@HUE
data\data_prepared\wavs\qyannyc5FeA_0032.wav,vào cái thành đó để đi vào cái khu vực lăng mộ thì bây giờ mời quý vị chúng ta,@HUE
data\data_prepared\wavs\qyannyc5FeA_0033.wav,đồng hành cùng Huế review sẽ vào cái khu vực làng mộ,@HUE
data\data_prepared\wavs\qyannyc5FeA_0035.wav,là coi như là đã đóng cái cửa rồi. Ở đây có một cái cổng này quý vị này. Đấy cái,@HUE
data\data_prepared\wavs\qyannyc5FeA_0036.wav,cổng này hiện tại bây giờ như quý vị thấy thì nó cũng đã bị khóa rồi. Chính,@HUE
data\data_prepared\wavs\qyannyc5FeA_0037.wav,vì vậy mà Huế Review sẽ đi bằng một cái lối đi khác đó chính là ở đây là quý vị,@HUE
data\data_prepared\wavs\qyannyc5FeA_0039.wav,thành đấy thì bây giờ chúng ta sẽ men theo cái con đường này leo lên cái thành,@HUE
data\data_prepared\wavs\qyannyc5FeA_0040.wav,vào luôn quý vị. Wa,@HUE
data\data_prepared\wavs\qyannyc5FeA_0041.wav,ồ nói chung là phải,@HUE
data\data_prepared\wavs\qyannyc5FeA_0042.wav,nói chung là phải dùng hạ sách này để leo tường để đi vào cái khu vực lăng mộ,@HUE
data\data_prepared\wavs\qyannyc5FeA_0043.wav,này. Bởi vì Huế Review cũng không liên lạc được với cái người mà cất giữ cái,@HUE
data\data_prepared\wavs\qyannyc5FeA_0044.wav,chìa khóa của khu lă mổ. Đây chính là bên trong cái khu lă mộ mà Huế Review,@HUE
data\data_prepared\wavs\qyannyc5FeA_0046.wav,thiệu về cái ngôi lă mộ này. Thì ngôi lă mộ này có tên là Lăng Cơ Thánh và,@HUE
data\data_prepared\wavs\qyannyc5FeA_0047.wav,người dân thường hay gọi một cách thân quen đó là lăng sọ. Thì đây chính là nơi,@HUE
data\data_prepared\wavs\qyannyc5FeA_0048.wav,chôn cất một cái hộp sọ của Vương Tử Nguyễn Phúc Lưng là con thứ hai,@HUE
data\data_prepared\wavs\qyannyc5FeA_0049.wav,của chúa Nguyễn Phúc Khoác. Như những cái video trước mà Huế Review quay về,@HUE
data\data_prepared\wavs\qyannyc5FeA_0050.wav,lăng thoại thánh cũng như là lăng của công chúa Long Thành thì như quý vị biết,@HUE
data\data_prepared\wavs\qyannyc5FeA_0051.wav,rằng là Vương Tử Nguyễn Phúc Lân chính là cha đẻ của vua Gia Long vị vua đầu,@HUE
data\data_prepared\wavs\qyannyc5FeA_0053.wav,rất là nóng thưa quý vị. Chính vì vậy mà Huy Review cũng sẽ cố gắng để quay nhanh,@HUE
data\data_prepared\wavs\qyannyc5FeA_0054.wav,cho quý vị xem. Thì ông Nguyễn Phúc Lưng sinh năm 1733,@HUE
data\data_prepared\wavs\qyannyc5FeA_0055.wav,là con trai thứ hai của chúa Nguyễn Phúc Khoác. Chúa ng chúa Nguyễn Phúc Khoác là,@HUE
data\data_prepared\wavs\qyannyc5FeA_0056.wav,một trong chín cái vị chúa của triều Nguyễn. Và à từ nhỏ thì Vương Tử Nguyễn,@HUE
data\data_prepared\wavs\qyannyc5FeA_0057.wav,"Phúc Luân đã thể hiện mình là một người rất là thông minh, rất là có tư chất để",@HUE
data\data_prepared\wavs\qyannyc5FeA_0058.wav,mà làm một cái người trị vị của đất nước. Chính vì vậy mà chúa Nguyễn Phúc,@HUE
data\data_prepared\wavs\qyannyc5FeA_0059.wav,"Khoác rất là hài lòng về cái vị vương tử này. Chính vì quá thông minh, chính vì",@HUE
data\data_prepared\wavs\qyannyc5FeA_0060.wav,"tư chất quá giỏi, do đó là cũng khá là nhiều người đố kỵ. Đến năm 1765",@HUE
data\data_prepared\wavs\qyannyc5FeA_0061.wav,thì chúa Nguyễn Phúc Khoác mất. Trong di chiếu để lại thì chúa Nguyễn Phúc Khoác,@HUE
data\data_prepared\wavs\qyannyc5FeA_0062.wav,cũng đã nhường ngôi à cũng là muốn nhường ngôi cho à Vương Tử Nguyễn Phúc,@HUE
data\data_prepared\wavs\qyannyc5FeA_0063.wav,Luân. Tuy nhiên thì người cầu ruột của chú Ngễ Phúc Khoác đó chính là Hương,@HUE
data\data_prepared\wavs\qyannyc5FeA_0064.wav,Phúc Loan là một người cũng có chức vụ trong triều đình vì sợ rằng là khi mà,@HUE
data\data_prepared\wavs\qyannyc5FeA_0065.wav,Vương Tử Nguyễn Phúc Luân lên ngôi vua là với một cái người thông minh đức độ,@HUE
data\data_prepared\wavs\qyannyc5FeA_0066.wav,và rất là nhiều tài như vậy lên lãnh đạo ông sẽ mất đi những cái chức tước những,@HUE
data\data_prepared\wavs\qyannyc5FeA_0067.wav,cái quyền hành để có thể là không còn lòng hành như trước. Chính vì vậy mà đã,@HUE
data\data_prepared\wavs\qyannyc5FeA_0068.wav,cấu kết với các cái quang lại trong triều và cuối cùng đã đưa ra những cái,@HUE
data\data_prepared\wavs\qyannyc5FeA_0069.wav,"mưu đồ hết sức là mát rỡ, những cái mưu đồ hết sức là đáng sợ khủng khiếp. Đó là",@HUE
data\data_prepared\wavs\qyannyc5FeA_0070.wav,những cái mưu đồ gì? Thứ nhất là ông c kết với những cái vị qua lại cũng dạng,@HUE
data\data_prepared\wavs\qyannyc5FeA_0071.wav,là quang tham đấy để sửa di chiếu. Cái thứ hai là cũng đầy đọa vương tử Nguyễn,@HUE
data\data_prepared\wavs\qyannyc5FeA_0072.wav,Phúc Lưng làm sao cho Vương tử Nguyễn Phúc Lưng trở nên à yếu đuối và có thể,@HUE
data\data_prepared\wavs\qyannyc5FeA_0073.wav,là tự vững. Tuy nhiên thì cái mưu đồ tự vững thì có vẻ là không thành nhưng mà,@HUE
data\data_prepared\wavs\qyannyc5FeA_0074.wav,điều thành công đó chính là sửa được di chiếu. Sau khi sửa di chiếu thì Trương,@HUE
data\data_prepared\wavs\qyannyc5FeA_0075.wav,Phúc Loan đã sửa thành à đã sửa cái chiếu như ngôi đó dành cho Nguyễn Phúc,@HUE
data\data_prepared\wavs\qyannyc5FeA_0076.wav,Thuần cũng là con thứ của chú Nguyễn Phúc Khoác và lúc đó chỉ mới 12 tuổi để,@HUE
data\data_prepared\wavs\qyannyc5FeA_0077.wav,mà dễ bị thao túng để dễ bị à cai trị và để dễ bề mà đứng đằng sau để giật dây.,@HUE
data\data_prepared\wavs\qyannyc5FeA_0078.wav,Và chính vì điều này đã làm cho Vương tử Nguyễn Phúc Luân hết sức là ấm ức. À sự,@HUE
data\data_prepared\wavs\qyannyc5FeA_0079.wav,ấm ức này thể hiện qua cái việc là ông à không ăn không uống và cuối cùng là sinh,@HUE
data\data_prepared\wavs\qyannyc5FeA_0080.wav,bệnh rất là nặng. Và 3 tháng sau đó thì ông đã qua đời. Cứ tưởng rằng thì khi,@HUE
data\data_prepared\wavs\qyannyc5FeA_0081.wav,chết là sẽ hết. Nhưng mà sau khi Vương Tưởng Nguyễn Phúc Luân qua đời cũng được,@HUE
data\data_prepared\wavs\qyannyc5FeA_0082.wav,mai tán tại làng Cư Hóa này thưa quý vị. Lúc trước thì ở đây được gọi là làng Cư,@HUE
data\data_prepared\wavs\qyannyc5FeA_0083.wav,Hóa đấy. Thì cứ tưởng mọi chuyện đã xong xuôi nhưng mà đến năm 1790 thì quân Tây,@HUE
data\data_prepared\wavs\qyannyc5FeA_0084.wav,Sơn vì muốn triệt phá phù yểm những cái ngôi mộ của nhà Nguyễn. Chính vì vậy mà,@HUE
data\data_prepared\wavs\qyannyc5FeA_0085.wav,đã đào sới cái khu lăng mộ của Vương Tử Nguyễn Phúc,@HUE
data\data_prepared\wavs\qyannyc5FeA_0086.wav,Lưng lên sau đó thì đem hai cốt vứt xuống sông Hương là cái nơi mà vị trí,@HUE
data\data_prepared\wavs\qyannyc5FeA_0087.wav,lúc nãy Huế Review cũng đã chỉ cho quý vị. Vào ngày nọ thì có một ngư dân tên,@HUE
data\data_prepared\wavs\qyannyc5FeA_0088.wav,"là Nguyễn Ngọc Huyên. Đấy, trong cái quá trình đi đánh bắt cá thì",@HUE
data\data_prepared\wavs\qyannyc5FeA_0089.wav,"khi kéo vó lên á thì phát hiện một cái hộp sọ đó, một cái hộp sọ người. Thì lúc",@HUE
data\data_prepared\wavs\qyannyc5FeA_0090.wav,đầu ông rất là hoảng hốt nhưng mà cũng không có biết rằng là cái hộp sọ đó của,@HUE
data\data_prepared\wavs\qyannyc5FeA_0091.wav,ai. Chính vì vậy mà ông đã vứt ra lại ngoài k ngoài sông. Ngày hôm sau khi mà,@HUE
data\data_prepared\wavs\qyannyc5FeA_0092.wav,Nguyễn Ngọc Huyền đến kéo vó lần thứ hai thì cái hộp sọ đó vẫn nằm trong võ,@HUE
data\data_prepared\wavs\qyannyc5FeA_0093.wav,đến lần thứ ba thì nó cũng là đông võ mặc dù là ông đã đôi ra rất là xa. Đấy,@HUE
data\data_prepared\wavs\qyannyc5FeA_0094.wav,thì chính vì điều đó làm cho Nguyễn Học Hiên à cảm thấy có một sự bất thường và,@HUE
data\data_prepared\wavs\qyannyc5FeA_0095.wav,nghĩ rằng đây chính là một cái hộp sọ của một cái một cái vị nào đó linh,@HUE
data\data_prepared\wavs\qyannyc5FeA_0096.wav,thiên. Chính vì vậy mà ông đã đem cái hộp sọ này về chốn cất rất là đàng,@HUE
data\data_prepared\wavs\qyannyc5FeA_0097.wav,"hoàng, rất là kỹ lưỡng. Đến năm 1802 như quý vị biết Nguyễn Ảnh lên ngồi lấy hiệu",@HUE
data\data_prepared\wavs\qyannyc5FeA_0098.wav,là Gia Long. Nguyễn Ánh là một trong những cái người con của Vương Tử Nguyễn,@HUE
data\data_prepared\wavs\qyannyc5FeA_0099.wav,Phúc Luân. Thì cái điều đầu tiên mà ông sau khi lên ngồi đó ông là muốn truy tìm,@HUE
data\data_prepared\wavs\qyannyc5FeA_0101.wav,chôn cất người thân của mình. Thì biết được điều đó thì ngư dân Nguyễn Ngọc,@HUE
data\data_prepared\wavs\qyannyc5FeA_0102.wav,Huyên đã tìm đến gặp vua Gia Long và đã chỉ dẫn để vua Gia Long tìm đến cái khu,@HUE
data\data_prepared\wavs\qyannyc5FeA_0103.wav,vực mà ông chôn các cái hộp sọ trước kia. thoạt đầu thì vua Gia Long vẫn,@HUE
data\data_prepared\wavs\qyannyc5FeA_0105.wav,biết rằng cái hộp sọ đó hút hết máu của mình thì ông tin rằng đó chính là hộp sò,@HUE
data\data_prepared\wavs\qyannyc5FeA_0106.wav,của người cha thân sinh ra mình và cuối cùng ông quyết định là lấy cái hộp sò đó,@HUE
data\data_prepared\wavs\qyannyc5FeA_0107.wav,trốn lại cái huyệt mộ cũ và mái tán an tản tại cái làng cứ hóa đó và chính,@HUE
data\data_prepared\wavs\qyannyc5FeA_0108.wav,video này mà người dân ở làng cứ hóa á có rất là nhiều cái lợi ích. Trước tiên,@HUE
data\data_prepared\wavs\qyannyc5FeA_0109.wav,là vua Gia Long đã đổi tên làng Cư Hóa thành làng Cư Chánh. Chánh có nghĩa ở,@HUE
data\data_prepared\wavs\qyannyc5FeA_0110.wav,đây là chánh nghĩa đó. Và thứ hai là vua đã đã miễn thuế cho cái khu vực làng cư,@HUE
data\data_prepared\wavs\qyannyc5FeA_0111.wav,chính này một thời gian rất là dài. Và cái điều thứ ba đó chính là cái người mà,@HUE
data\data_prepared\wavs\qyannyc5FeA_0112.wav,cái người ngư dân mà đã vớt cái hộp sọ đó là ông Nguyễn Ngọc Huyền thì đã được,@HUE
data\data_prepared\wavs\qyannyc5FeA_0114.wav,cái quyết định của vua Giao Long đó chính là ông đã cho xây miếu của người,@HUE
data\data_prepared\wavs\qyannyc5FeA_0115.wav,ngư dân Nguyễn Ngọc Huyền sát bên cạnh cái khu lăng mổ của vương,@HUE
data\data_prepared\wavs\qyannyc5FeA_0116.wav,tử Nguyễn Phúc Luân để cho nhân dân à ngày ngày tới đến thấp hương thờ tử. Và,@HUE
data\data_prepared\wavs\qyannyc5FeA_0117.wav,điều đó thật sự mà nói là thể hiện một cái tính nhân văn và một cái sự công,@HUE
data\data_prepared\wavs\qyannyc5FeA_0118.wav,công minh của một cái ông vua đứng đầ thiên hạ đó là Vu Gia Long. Kể đến đây,@HUE
data\data_prepared\wavs\qyannyc5FeA_0119.wav,thì chắc quý vị cũng đã hiểu rằng cái ngôi mộ này nó có những cái điều gì đặc,@HUE
data\data_prepared\wavs\qyannyc5FeA_0120.wav,biệt. Vậy thì cái điều mà Huế cái điều mà Huế Review muốn dẫn quý vị đến đó,@HUE
data\data_prepared\wavs\qyannyc5FeA_0122.wav,nào. Cái thứ hai là nó ẩn chứa những cái bí ẩn gì còn xấu xa nữa không và những,@HUE
data\data_prepared\wavs\qyannyc5FeA_0123.wav,cái vị trí mà à các cái thông tin à báo đài những cái thông tin được đưa trên,@HUE
data\data_prepared\wavs\qyannyc5FeA_0124.wav,mạng á xem thử là những cái vị trí đó nó có đúng hay không. Và bây giờ thì không,@HUE
data\data_prepared\wavs\qyannyc5FeA_0125.wav,"để quý vị chờ lâu nữa, sau khi nghe cái sự chia sẻ của Huế Review thì Huế Review",@HUE
data\data_prepared\wavs\qyannyc5FeA_0126.wav,kính mời quý vị chúng ta cùng tham quan khám phá cái ngôi lăng mộ của Vương Tử,@HUE
data\data_prepared\wavs\qyannyc5FeA_0127.wav,Nguyễn Phúc Luân hay còn gọi là lăng cơ thánh hay còn gọi là lăng xó. Thưa quý,@HUE
data\data_prepared\wavs\qyannyc5FeA_0128.wav,"vị, kính mời quý vị chúng ta tiếp tục. Đây kính thưa quý vị, sau khi mà chúng",@HUE
data\data_prepared\wavs\qyannyc5FeA_0129.wav,ta đi vào cái khu lăng mộ thì ở đây á nếu như chúng ta đi qua cái cổng này thì,@HUE
data\data_prepared\wavs\qyannyc5FeA_0130.wav,sẽ có cái lối đi vào thưa quý vị. Và bên kia là một cái khoảng đất trống. Đấy. Và,@HUE
data\data_prepared\wavs\qyannyc5FeA_0131.wav,trên kia thì dường như cũng có một cái công trình gì đó nhưng mà có vẻ nó đã,@HUE
data\data_prepared\wavs\qyannyc5FeA_0133.wav,Sau đó thì chúng ta sẽ phát hiện rằng là có một cái bức bình phong ở đây thô quý,@HUE
data\data_prepared\wavs\qyannyc5FeA_0134.wav,vị. Đây chính là cái bức tường thành ngoài của cái khu vực lăng mũ này. Và ở,@HUE
data\data_prepared\wavs\qyannyc5FeA_0135.wav,đây có một cái bức bình phong đó. là một cái bưng bức bình phong rất là dài. Ở,@HUE
data\data_prepared\wavs\qyannyc5FeA_0136.wav,giữa bức bình phong thì chúng ta không thấy bất cứ một cái họa tiết trang trí,@HUE
data\data_prepared\wavs\qyannyc5FeA_0137.wav,nào. Tuy nhiên thì ở xung quanh cái bình phong thì chúng ta thấy những cái họa,@HUE
data\data_prepared\wavs\qyannyc5FeA_0138.wav,"tiết trang trí hết sức là đơn giản, những cái trang trí hết sức là đơn",@HUE
data\data_prepared\wavs\qyannyc5FeA_0139.wav,"thuần. Đấy, ngoài ra thì quý vị thấy là cái khu vực này nó như như cũng có một",@HUE
data\data_prepared\wavs\qyannyc5FeA_0140.wav,"cái sự đổ vỡ. Đấy, dường như nó cũng có một cái sự đổ",@HUE
data\data_prepared\wavs\qyannyc5FeA_0141.wav,vỡ ở đây rồi quý vị. Đó cái khu vực tường bao quanh bây giờ,@HUE
data\data_prepared\wavs\qyannyc5FeA_0142.wav,cũng đã được chốn cọc này quý vị thấy được chốn cả cái cọc và được trồng a các,@HUE
data\data_prepared\wavs\qyannyc5FeA_0143.wav,cái tre cái trúc đ bên này thì cũng có những cái loại hoa vàng rồi nhìn rất là,@HUE
data\data_prepared\wavs\qyannyc5FeA_0144.wav,đẹp đó và tiếp theo là cái khoảng sân đấy cái,@HUE
data\data_prepared\wavs\qyannyc5FeA_0145.wav,khoảng sân chầu thì như quý vị thấy bên trong cái sân chầu này thì được trồng,@HUE
data\data_prepared\wavs\qyannyc5FeA_0146.wav,rất là nhiều các cái loại cây và được bố trí rất nhiều các cái chậu cây. Đây quý,@HUE
data\data_prepared\wavs\qyannyc5FeA_0147.wav,vị này. Đó. Ở đây quý vị biết chắc cây này là cây gì quý vị biết không? Ở đây,@HUE
data\data_prepared\wavs\qyannyc5FeA_0148.wav,"thì chính là cây ngâu này. Đó, cây ngâu rồi cây mai đấy. Rồi những cái cây loại",@HUE
data\data_prepared\wavs\qyannyc5FeA_0149.wav,cây khác. Và bên kia chính là hai cái cây sứ ở cuối mã sân chầu. Và đây chính,@HUE
data\data_prepared\wavs\qyannyc5FeA_0150.wav,là cái a sân chầu cuối trước khi mà chúng ta bước,@HUE
data\data_prepared\wavs\qyannyc5FeA_0151.wav,vào cái khu vực Bử Thành và khu vực Huyền Cung. Đó.,@HUE
data\data_prepared\wavs\qyannyc5FeA_0152.wav,Ở đây thì quý vị thấy là cái khu vực này dường như là ở các cái,@HUE
data\data_prepared\wavs\qyannyc5FeA_0153.wav,đường chàu đi lên thì quý vị thấy là nó được trang trí rất là đơn giản. Nhưng mà,@HUE
data\data_prepared\wavs\qyannyc5FeA_0154.wav,"theo Huy Review thấy, theo Huy Review nghĩ thì ở đây đáng lẽ là sẽ có bốn con",@HUE
data\data_prepared\wavs\qyannyc5FeA_0155.wav,rồng đấy. Nhưng mà qua quá trình thời gian thì nó vỡ đổ vỡ này. Quý vị này,@HUE
data\data_prepared\wavs\qyannyc5FeA_0156.wav,thấy có những cái dấu hiệu của sự đổ vỡ này. Đó. Bốn con rong chầu ba cái bậc ba,@HUE
data\data_prepared\wavs\qyannyc5FeA_0158.wav,đấy. Và ở đây là khoảng giữa đi lên thì Huế Review sẽ đi ở cái khoảng giữa này,@HUE
data\data_prepared\wavs\qyannyc5FeA_0159.wav,để đi lên. Và sau cái bậc thang sau cái bậc cấp đi lên,@HUE
data\data_prepared\wavs\qyannyc5FeA_0160.wav,là sẽ có một cái khoảng xương chầu cuối. Một cái khoảng xương chầu thứ ba nữa,@HUE
data\data_prepared\wavs\qyannyc5FeA_0161.wav,thưa quý vị. Đấy và chúng ta sẽ nhìn thấy một cái bũ thành và có cái huyền,@HUE
data\data_prepared\wavs\qyannyc5FeA_0162.wav,công một cái cửa màu vàng đó là nơi à bên trong chôn cất à cái hộp sọ của,@HUE
data\data_prepared\wavs\qyannyc5FeA_0164.wav,"tương thành đó, những bức tương thành bao quanh ở phía sân chầu thì Huế R phát",@HUE
data\data_prepared\wavs\qyannyc5FeA_0165.wav,"hiện là nó cũng à được xây dựng rất là đơn sơ, giảng dị. Và như quý vị thấy thì",@HUE
data\data_prepared\wavs\qyannyc5FeA_0166.wav,xem những cái video về cái lăng thoại thánh hay là về lăng vua Gia Long thì,@HUE
data\data_prepared\wavs\qyannyc5FeA_0167.wav,cái cấu trúc này nó phản ánh kiến trúc của Việt Nam cái thời mà,@HUE
data\data_prepared\wavs\qyannyc5FeA_0168.wav,vị vua đầu tiên của nhà Nguyễn Trị Vị. Thì ở đây được siêu được sơn sơn sơn màu,@HUE
data\data_prepared\wavs\qyannyc5FeA_0169.wav,đỏ nhìn rất là đẹp và tất cả đều được xây bằng gạch và vôi vữa đấy như quý vị,@HUE
data\data_prepared\wavs\qyannyc5FeA_0170.wav,thấy này. Đó mức độ liên kết thì nó cũng đã dần dần nó à yếu đi rồi. Và quý vị,@HUE
data\data_prepared\wavs\qyannyc5FeA_0171.wav,thấy là có những cái sự bong tróc của các cái lớp vôi vừa.,@HUE
data\data_prepared\wavs\qyannyc5FeA_0172.wav,"Đấy, sau cái khu vực Sơn Châu này là",@HUE
data\data_prepared\wavs\qyannyc5FeA_0173.wav,tiếp đến là chúng ta sẽ thấy một cái bũ thành. Và như quý vị thấy thì ở đây B,@HUE
data\data_prepared\wavs\qyannyc5FeA_0174.wav,thành nó được xây dựng bằng các cái loại đá đó bằng,@HUE
data\data_prepared\wavs\qyannyc5FeA_0175.wav,các cái cục đá này. Đá này thì thường thường là theo Huy Review thấy là dường,@HUE
data\data_prepared\wavs\qyannyc5FeA_0176.wav,như đá trầm tích và các cái đá này được à gắn kết bằng các cái vôi vựa. Ở đây,@HUE
data\data_prepared\wavs\qyannyc5FeA_0177.wav,cũng có một số các cái yếu tố gạch đây quý vị này. Đó và tiếp theo là cái cọng,@HUE
data\data_prepared\wavs\qyannyc5FeA_0178.wav,bụ thành. Ở đây thì cái cọc màu vàng này nó bị lủng bộc lỗ rồi. Và quý vị có thể,@HUE
data\data_prepared\wavs\qyannyc5FeA_0179.wav,thấy bên trong đấy. Bên trong thì chúng ta sẽ thấy rõ ràng,@HUE
data\data_prepared\wavs\qyannyc5FeA_0180.wav,"là một cái bức bình phong có một cái hình con rồng. Wow, một con rồng rất là",@HUE
data\data_prepared\wavs\qyannyc5FeA_0181.wav,lớn thôi quý vị. một cái bức bình phong hết sức là đẹp,@HUE
data\data_prepared\wavs\qyannyc5FeA_0182.wav,luôn đấy. Và dường như quý vị thấy là ở phía sau á ở phía sau dường như là có,@HUE
data\data_prepared\wavs\qyannyc5FeA_0183.wav,một cái hướng đi lên để có thể là đi vào. Thì bây giờ Huế Reviw sẽ lui sau để,@HUE
data\data_prepared\wavs\qyannyc5FeA_0184.wav,"xem như thế nào. Đó, ở đây cái cửa nó bị loang lỗ rất là",@HUE
data\data_prepared\wavs\qyannyc5FeA_0185.wav,"nhiều rồi quý vị. Đấy, lủng rất là nhiều lỗ.",@HUE
data\data_prepared\wavs\qyannyc5FeA_0186.wav,"Đó, còn cái cọc bổ thành thì như quý vị thấy",@HUE
data\data_prepared\wavs\qyannyc5FeA_0187.wav,là nó chỉ có một tầng thôi. Và ở phía trên là cái họa tiết hết sức là đơn,@HUE
data\data_prepared\wavs\qyannyc5FeA_0188.wav,giản. Đó là hết sức à một cái hòa tiết về hoa lá. Rồi các cái ô học trong cái,@HUE
data\data_prepared\wavs\qyannyc5FeA_0189.wav,cổng bụ thành thì nó không có một cái chi tiết nào trang trí cả. Đấy và rõ,@HUE
data\data_prepared\wavs\qyannyc5FeA_0190.wav,ràng thì nó thể hiện được cái yếu tố kiến trúc đơn giản của thời Nguyễn lúc,@HUE
data\data_prepared\wavs\qyannyc5FeA_0191.wav,700 là mới cái thời buổi sơ khai của triều đình nhà Nguyễn đấy. Và bên này,@HUE
data\data_prepared\wavs\qyannyc5FeA_0192.wav,thì nó cũng có cái cấu trúc tương tự đó. À nhìn ra phía ngoài thì quý vị thấy là,@HUE
data\data_prepared\wavs\qyannyc5FeA_0193.wav,nó cũng có các cái đường à các cái lớp đá để mà gọi là chèn chóng để cho nó giả,@HUE
data\data_prepared\wavs\qyannyc5FeA_0194.wav,giảm đi cái độ sói mòn và cái độ sục lúng.,@HUE
data\data_prepared\wavs\qyannyc5FeA_0195.wav,Rồi bây giờ chúng ta sẽ lui phía sau xem xem thử như thế nào.,@HUE
data\data_prepared\wavs\qyannyc5FeA_0196.wav,Vâng kính thưa quý vị thì hôm nay thì Huế Review cũng có mang nhang theo đây,@HUE
data\data_prepared\wavs\qyannyc5FeA_0197.wav,nhưng mà do lúc nãy đi vội quá do đó là cũng không mang theo bậc lửa. Đấy chính,@HUE
data\data_prepared\wavs\qyannyc5FeA_0198.wav,vì vậy mà cũng không thể thấp nhang ở cái khu vực này được. Tuy nhiên thì Huế,@HUE
data\data_prepared\wavs\qyannyc5FeA_0199.wav,Review sẽ đến để thấp nhang ở đây khi mà có dịp,@HUE
data\data_prepared\wavs\qyannyc5FeA_0200.wav,ghé lại ở đây một lần nữa thì chắc có lẽ là bây giờ chúng ta sẽ lui phía sau. cái,@HUE
data\data_prepared\wavs\qyannyc5FeA_0201.wav,khu vực lăng mộ này để xem thử phía sau có cái gì không nha quý vị. Xin mời quý,@HUE
data\data_prepared\wavs\qyannyc5FeA_0202.wav,"vị. Vâng thưa quý vị, đây là khu vực bên",@HUE
data\data_prepared\wavs\qyannyc5FeA_0203.wav,ngoài đây quý vị này. Thì như quý vị thấy ở đây chúng ta cũng có thể thấy có,@HUE
data\data_prepared\wavs\qyannyc5FeA_0205.wav,ra nhiều tức là tới chắc là có lẽ là những cái mùa mưa đấy. Thì thoát nhiều,@HUE
data\data_prepared\wavs\qyannyc5FeA_0206.wav,quá là bây giờ ở đây nó cũng sói mòn và co như đá ở đây nó cũng bị mất liên kết,@HUE
data\data_prepared\wavs\qyannyc5FeA_0207.wav,rồi quý vị này. Đó còn như ở bên ngoài thì cái bức tương thành này đó nhìn cái,@HUE
data\data_prepared\wavs\qyannyc5FeA_0208.wav,móng không là rất là cao thôi quý vị. Và sau đó là cái lớp bức tường. Nhìn cũng,@HUE
data\data_prepared\wavs\qyannyc5FeA_0209.wav,"quá là đơn giản luôn, rất chi là đơn giản nhưng mà nó cũng thể hiện được cái",@HUE
data\data_prepared\wavs\qyannyc5FeA_0210.wav,kiến trúc của lăng tẩm triều Nguyễn đó cái thời mà sơ khai.,@HUE
data\data_prepared\wavs\qyannyc5FeA_0211.wav,Đây quý vị này rất nhiều các cái khe thuật nước đó được à xây dựng. chứng,@HUE
data\data_prepared\wavs\qyannyc5FeA_0212.wav,tỏ một điều rằng là trước kia thì việc xây dựng lăng mổ tính toán rất là kỹ đó,@HUE
data\data_prepared\wavs\qyannyc5FeA_0213.wav,để có thể là bảo tồn những cái ngôi lòng mố này lâu dài.,@HUE
data\data_prepared\wavs\qyannyc5FeA_0214.wav,Đó tuy nhiên thì ở đây cũng có những cái sự đổ vỡ đó. Đây quý vị thấy cái gạch,@HUE
data\data_prepared\wavs\qyannyc5FeA_0215.wav,ngày xưa. Quý vị thấy cái gạch ngày xưa không là nhìn thấy rất là chắc chắn này.,@HUE
data\data_prepared\wavs\qyannyc5FeA_0216.wav,Đó một cái viên gạch rất là dài. Những cái viên vặt rất là chi là dài. Rồi,@HUE
data\data_prepared\wavs\qyannyc5FeA_0217.wav,chúng ta sẽ đi lên phía sau này. Ở đây thì cũng đã được rào xung quanh rồi quý,@HUE
data\data_prepared\wavs\qyannyc5FeA_0218.wav,vị. Đó được rào trắng xung quanh rất là kỹ để phân định cái ranh giới rồi. Vì ở,@HUE
data\data_prepared\wavs\qyannyc5FeA_0220.wav,"vườn tược được người ta trồng. Đây quý vị, quý vị có thể xem qua cái",@HUE
data\data_prepared\wavs\qyannyc5FeA_0221.wav,khu vực phía sau này chúng ta đi lên là được cái bức hành đây quý vị này. Đấy nó,@HUE
data\data_prepared\wavs\qyannyc5FeA_0222.wav,"khác với những cái khu lăng bộ khác là chúng ta sẽ không nhìn thấy, chúng ta sẽ",@HUE
data\data_prepared\wavs\qyannyc5FeA_0223.wav,không đi lên được cái khu vực tường thành. Nhưng mà ở đây á thì chúng ta có,@HUE
data\data_prepared\wavs\qyannyc5FeA_0224.wav,thể đi lên khu vực tường thành này. Và ở đây theo Huế Review nghĩ thì ở đây đ đã,@HUE
data\data_prepared\wavs\qyannyc5FeA_0225.wav,đã được bồi đắp đất ở đây sẽ được đã được bồi đắp lên rất là cao như thế này.,@HUE
data\data_prepared\wavs\qyannyc5FeA_0226.wav,Nó lên cái mặt bức hành như thế này luôn đó. Và chúng ta có thể leo lên cái bức,@HUE
data\data_prepared\wavs\qyannyc5FeA_0227.wav,tường thành này. À rất là đáng tiếc là Huế Review cũng không thể đi vào trong,@HUE
data\data_prepared\wavs\qyannyc5FeA_0228.wav,này được bởi vì nếu như quý vị chúng ta đi vào chúng ta nhảy xuống thì sẽ không,@HUE
data\data_prepared\wavs\qyannyc5FeA_0229.wav,có đường ra luôn. Do đó là Huế Review cũng chỉ có thể là,@HUE
data\data_prepared\wavs\qyannyc5FeA_0230.wav,quay cho quý vị thấy ờ những cái hình ảnh ở xa xa như thế này thôi. Tuy nhiên,@HUE
data\data_prepared\wavs\qyannyc5FeA_0231.wav,thì như thế này thì chúng ta cũng đã nhìn thấy rất là kỹ rồi quý vị. À như,@HUE
data\data_prepared\wavs\qyannyc5FeA_0232.wav,quý vị thấy thì sau cái cổng Bổ Thành chính là cái bức bình phong. Và như lúc,@HUE
data\data_prepared\wavs\qyannyc5FeA_0233.wav,nãy thì Huy Review cũng đã có quay cho quý vị xem cái bức bình phong mà cái mặt,@HUE
data\data_prepared\wavs\qyannyc5FeA_0234.wav,trước của bức bình phong. Đấy là có một cái con rồng nhìn,@HUE
data\data_prepared\wavs\qyannyc5FeA_0235.wav,rất là uy nghiêm. Đấy. Đây chúng ta có thể đi trên thành này,@HUE
data\data_prepared\wavs\qyannyc5FeA_0237.wav,mà có thể là đi được trên thành này. Đó. Nhưng mà Huế Review phát hiện là một cái,@HUE
data\data_prepared\wavs\qyannyc5FeA_0238.wav,con rồng và nó được à nhìn nó có vẻ là rất là óng ánh thôi quý vị. Nó có một,@HUE
data\data_prepared\wavs\qyannyc5FeA_0239.wav,cái nét ống ánh ở đây nó thể hiện được cái uy nghiêm của hoàng gia đây. Hoàng,@HUE
data\data_prepared\wavs\qyannyc5FeA_0240.wav,tộc đây quý vị. Đó quý vị có thể thấy kỹ và sau cái bức bên phong thì chính là,@HUE
data\data_prepared\wavs\qyannyc5FeA_0241.wav,cái ngôi lăng mổ chốn cái hộp sọt của Vương Tử Nguyễn Phúc Luân. Rồi sau đó là,@HUE
data\data_prepared\wavs\qyannyc5FeA_0242.wav,sẽ là có một cái bức bình phù hậu. Rồi tiếp à sau cái sau cái ngôi mộ đó chính,@HUE
data\data_prepared\wavs\qyannyc5FeA_0243.wav,là cái án hương đây. Áng án hương để thấp thấp nhang cho cái ngôi lăng mổ.,@HUE
data\data_prepared\wavs\qyannyc5FeA_0244.wav,Nhìn nó có vẻ là cũng rất là ít người đến đây bởi vì các cái chân hương nó,@HUE
data\data_prepared\wavs\qyannyc5FeA_0245.wav,nhìn rất là ít đó. Cái cấu trúc của cái khu lăng mộ thì nó,@HUE
data\data_prepared\wavs\qyannyc5FeA_0246.wav,"phản án được cái tính chất của lăng tẩm chúng cái chú nguyện thời đó. Đó,",@HUE
data\data_prepared\wavs\qyannyc5FeA_0247.wav,nhìn như thế này thì quý vị cũng có thể hình dung ra được là cái cấu trúc nó khá,@HUE
data\data_prepared\wavs\qyannyc5FeA_0248.wav,là đơn giản rồi thưa quý vị. đó nhưng mà những cái họa tiết rồng trên các cái bức,@HUE
data\data_prepared\wavs\qyannyc5FeA_0249.wav,bình phong thì cho Huy review một cái cảm giác hết sức là uy nghiêm và thật sự,@HUE
data\data_prepared\wavs\qyannyc5FeA_0250.wav,nó rất là đẹp thưa quý vị. Cái họa tiết rất là tỉ mỹ và tinh xảo.,@HUE
data\data_prepared\wavs\qyannyc5FeA_0251.wav,Ở thường m chỗ của các chú nguyện thì nó hết sức là đơn sơ và giảng dị như thế,@HUE
data\data_prepared\wavs\qyannyc5FeA_0252.wav,này. Nó có như quý vị thấy thì cái ngôi lăng mộ này nó cũng có ba tầng đấy và ba,@HUE
data\data_prepared\wavs\qyannyc5FeA_0253.wav,tầng hình chữ nhật như thế này được phân tầng lên. Còn ở sau cái bức bên phong,@HUE
data\data_prepared\wavs\qyannyc5FeA_0254.wav,phía trước cũng là một cây đầu rồng. Đây quý vị này. Đó một cái con rồng. Nhìn kỹ,@HUE
data\data_prepared\wavs\qyannyc5FeA_0255.wav,thì chúng ta cũng thể thấy là có một cái con rồng.,@HUE
data\data_prepared\wavs\qyannyc5FeA_0256.wav,Bởi vì rõ ràng ở đây thì như quý vị biết thì Vương Tử Nguyễn Phúc,@HUE
data\data_prepared\wavs\qyannyc5FeA_0258.wav,trang trí các cái họa tiết là các cái con rồng. Đây ở bức bình phong hậu cũng,@HUE
data\data_prepared\wavs\qyannyc5FeA_0259.wav,"vậy. Nhưng mà quý vị để ý thấy này, cái bức bình phong hậu nó có vẻ dày hơn so",@HUE
data\data_prepared\wavs\qyannyc5FeA_0261.wav,trước kia cũng đã từng bị quân Tây Sơn đào sở thôi quý vị. Và hiện tại thì như,@HUE
data\data_prepared\wavs\qyannyc5FeA_0262.wav,"quý vị thấy là cái khu vực này nó cũng đã xuống cấp rất là nghiêm trọng. Đấy,",@HUE
data\data_prepared\wavs\qyannyc5FeA_0263.wav,cái bực các cái bức tường thành này như quý vị thấy là qua quá trình phong hóa,@HUE
data\data_prepared\wavs\qyannyc5FeA_0264.wav,của mưa gió thì nó có phong hóa ra những cái hạt sạn như thế này rồi. Đây. Đấy.,@HUE
data\data_prepared\wavs\qyannyc5FeA_0265.wav,Và hiện tại nó đang xuống cấp khá là nghiêm trọng.,@HUE
data\data_prepared\wavs\qyannyc5FeA_0266.wav,Còn lại cái bức bình phong của cái bũ thành thì như quý vị thấy nó cũng không,@HUE
data\data_prepared\wavs\qyannyc5FeA_0267.wav,"có trang trí gì cả, rất là đơn sơ và giảng dĩ.",@HUE
data\data_prepared\wavs\qyannyc5FeA_0268.wav,Thường ở đây quý vị sẽ có một cái phép so sánh. Trước kia thì đối với cái lăng,@HUE
data\data_prepared\wavs\qyannyc5FeA_0269.wav,mộ của vua Gia Long thì nhìn nó cũng rất là đơn giản. Và chính vì có lẽ như vậy,@HUE
data\data_prepared\wavs\qyannyc5FeA_0270.wav,thì những cái ngôi lăng mộ mà vua Gia Long xây cho Hoàng Thân Quốc Thích thì,@HUE
data\data_prepared\wavs\qyannyc5FeA_0271.wav,nó cũng tương tự như vậy thôi. Bởi vì ông vua Gia Long là một ông a vua rất là,@HUE
data\data_prepared\wavs\qyannyc5FeA_0272.wav,"giảng dị, rất là chất phát. Chính vì vậy mà những cái điều ông làm r cũng mang",@HUE
data\data_prepared\wavs\qyannyc5FeA_0273.wav,cái tính giảng dị và rất là gần gũi đó. Ngay cả cái việc mà xây miếu cho cái,@HUE
data\data_prepared\wavs\qyannyc5FeA_0274.wav,người ngư dân đã từng vớt cái hộp sọ của vương tử Nguyễn Phúc Luân lên là tức là,@HUE
data\data_prepared\wavs\qyannyc5FeA_0275.wav,ông Nguyễn Ngọc Huyên cũng đã thể hiện được cái đạo đức của vua Gia Long rồi,@HUE
data\data_prepared\wavs\qyannyc5FeA_0276.wav,thưa quý vị. Mức độ hư hại của cái bức tường bên này nó có vẻ là nó nặng hơn so,@HUE
data\data_prepared\wavs\qyannyc5FeA_0277.wav,với cái bức tường bên này thưa quý vị. Đấy.,@HUE
data\data_prepared\wavs\qyannyc5FeA_0278.wav,Rồi còn bây giờ thì chúng ta sẽ tiếp tục đi a khám phá cái miếu thờ của nhà họ,@HUE
data\data_prepared\wavs\qyannyc5FeA_0279.wav,Ngọc Nguyễn và miếu thờ của ông Nguyễn Ngọc Huyên người đã,@HUE
data\data_prepared\wavs\qyannyc5FeA_0280.wav,vớt cái hộp sò của Vương Tử Nguyễn Phúc luôn để chốn cất à rất là kỹ và để sau,@HUE
data\data_prepared\wavs\qyannyc5FeA_0281.wav,đó thì vua Gia Long à nhận lại được cái người thân phụ đã sinh ra mình đấy. Mời,@HUE
data\data_prepared\wavs\qyannyc5FeA_0282.wav,quý vị. Thì như quý như Huế Review lúc đầu cũng,@HUE
data\data_prepared\wavs\qyannyc5FeA_0283.wav,đã giới thiệu cho quý vị là cái miếu của ông Nguyễn Ngọc Huyền cũng được chôn cất,@HUE
data\data_prepared\wavs\qyannyc5FeA_0284.wav,gần khu lăng mộ của Vương Tử Nguyễn Phúc Luân. Đấy,@HUE
data\data_prepared\wavs\qyannyc5FeA_0285.wav,đường đi xuống này. Và như quý vị thấy thì cái ngôi mộ của,@HUE
data\data_prepared\wavs\qyannyc5FeA_0286.wav,Vương Tử Nguyễn Phúc Lưng có thể nói là một cái ngôi mộ mà có cái quy mô nhỏ,@HUE
data\data_prepared\wavs\qyannyc5FeA_0287.wav,nhất đó. trong các cái ngôi mộ của Vương Triều,@HUE
data\data_prepared\wavs\qyannyc5FeA_0288.wav,Nguyện đấy. Và ở đây bên cạnh là quý vị thấy có một cái miếu. Đây,@HUE
data\data_prepared\wavs\qyannyc5FeA_0289.wav,có một cái miếu thờ nhưng mà rất tiếc thì hôm nay là do đi vội đó là Huế,@HUE
data\data_prepared\wavs\qyannyc5FeA_0290.wav,Review quên đi cái bậc lửa chính vì vậy mà cũng không thể thấp nhang thấp hương,@HUE
data\data_prepared\wavs\qyannyc5FeA_0291.wav,cho những cái vị tiền bối ở đây được. Chính vì vậy mà chắc chắn thì Huế Review,@HUE
data\data_prepared\wavs\qyannyc5FeA_0292.wav,sẽ ghé lại thêm một lần nữa để mà có thể thắp một nén nhang tử nhớ. Đây là miếu,@HUE
data\data_prepared\wavs\qyannyc5FeA_0293.wav,thờ của ngư nhân Nguyễn Ngọc Huyên đây quý vị. Như quý vị thấy thì bên trong,@HUE
data\data_prepared\wavs\qyannyc5FeA_0294.wav,miếu nó cũng được thấp nhang thường xuyên nhưng mà các cái hòa tiết trong,@HUE
data\data_prepared\wavs\qyannyc5FeA_0295.wav,miếu là dường như là đã bị gọi là đã bị xuống cấp. Đó.,@HUE
data\data_prepared\wavs\qyannyc5FeA_0296.wav,Ở đây thì có cái dấu vết của cái việc mà lợp lại cái mái. Còn lại các cái chữ,@HUE
data\data_prepared\wavs\qyannyc5FeA_0297.wav,nghĩa ở trong cái miếu này thì dường như là đã bị file mờ khá là nhiều.,@HUE
data\data_prepared\wavs\qyannyc5FeA_0298.wav,Đấy đa đa phần khoảng 90% là b file mờ chữ rồi quý vị. Đây rất nhiều cái bạc,@HUE
data\data_prepared\wavs\qyannyc5FeA_0299.wav,nhang ở trong này thì chắc cũng có lẽ là cũng người thân của ông Nguyễn Ngọc,@HUE
data\data_prepared\wavs\qyannyc5FeA_0301.wav,đây là cũng có những cái miếu của thổ địa đây này. Miếu thổ thần đức đai ở,@HUE
data\data_prepared\wavs\qyannyc5FeA_0302.wav,đây. Ở bên kia cũng có vậy thưa quý vị. Đấy những cái miếu am nhưng mà đây có,@HUE
data\data_prepared\wavs\qyannyc5FeA_0303.wav,cái miếu thờ này của cái ông Nguyễn Ngọc Hiên là bởi vì như quý vị thấy là ở đây,@HUE
data\data_prepared\wavs\qyannyc5FeA_0304.wav,có một cái bức bình phong đấy và chắc chắn rằng thì Huế R chắc chắn rằng đây,@HUE
data\data_prepared\wavs\qyannyc5FeA_0305.wav,chính là cái miếu thờ của ông Nguyễn Ngọc Huyên đó,@HUE
data\data_prepared\wavs\qyannyc5FeA_0306.wav,nhìn cái kiến trúc rõ ràng là kiến trúc của,@HUE
data\data_prepared\wavs\qyannyc5FeA_0307.wav,Triều Nguyễn Sơ Khai nhìn rất là chất phát và rất là giảng dĩ các cái ngói,@HUE
data\data_prepared\wavs\qyannyc5FeA_0308.wav,liệt được lợp lên thì như quý vị thấy là nó,@HUE
data\data_prepared\wavs\qyannyc5FeA_0309.wav,cũng đã xuống cấp này. Nói chung là cái gì tồn tại giữa không gian mà giữa trời,@HUE
data\data_prepared\wavs\qyannyc5FeA_0310.wav,mưa gió như thế này thì chắc chắn là sẽ xuống cấp rất là nghiêm trọng rồi đó.,@HUE
data\data_prepared\wavs\qyannyc5FeA_0311.wav,Làm sao mà có thể chóng chọi được với thời gian được. Đấy những cái miếu bên,@HUE
data\data_prepared\wavs\qyannyc5FeA_0312.wav,kia có một ngu bên kia ở bên này cũng có những cái cây cổ thụ rất là lớn. Đây quý,@HUE
data\data_prepared\wavs\qyannyc5FeA_0313.wav,vị này. Đó thì không biết à cái công trình này là gì mà thấy có vẻ là đập đá,@HUE
data\data_prepared\wavs\qyannyc5FeA_0314.wav,"lên rất là cao, một cái móng rất là cao. Nhưng mà bây giờ thì nó dường như là nó",@HUE
data\data_prepared\wavs\qyannyc5FeA_0315.wav,"cũng đã là nó bị sụp đổ rồi, hoa tàng rồi.",@HUE
data\data_prepared\wavs\qyannyc5FeA_0316.wav,Wow. Đây quý vị này.,@HUE
data\data_prepared\wavs\qyannyc5FeA_0317.wav,Đó một cái vải đứt trống. Và quý vị thấy là,@HUE
data\data_prepared\wavs\qyannyc5FeA_0318.wav,ở đó là có cái núi đá này. Đây núi đá lên rất là cao.,@HUE
data\data_prepared\wavs\qyannyc5FeA_0319.wav,Đó bây giờ mời quý vị nhìn lại một lần nữa cái khu vực lăng mộ của vương tử,@HUE
data\data_prepared\wavs\qyannyc5FeA_0320.wav,Nguyễn Phúc Lưng. Một cái hộp sọ được nằm trong được chôn,@HUE
data\data_prepared\wavs\qyannyc5FeA_0321.wav,cất trong lăng mổ và được xác định đó chính là thân phụ của vua Gia Long.,@HUE
data\data_prepared\wavs\qyannyc5FeA_0322.wav,"Đấy, ngoài ra thì cũng có những cái miếu của",@HUE
data\data_prepared\wavs\qyannyc5FeA_0323.wav,người ngư dân đã vớt cái hộp sò cũng như là miếu thổ thân thổ địa ở đây.,@HUE
data\data_prepared\wavs\qyannyc5FeA_0324.wav,Và đến đây thì chắc có lẽ là Huy Review cũng xin kết thúc video à khi mà đã giới,@HUE
data\data_prepared\wavs\qyannyc5FeA_0325.wav,thiệu cho quý vị đến cái ngôi lăng mổ mà có rất nhiều cái biến ứng này. Trong đó,@HUE
data\data_prepared\wavs\qyannyc5FeA_0326.wav,là có một cái điều mà Huế Review cảm thấy rất là tâm đắc đó chính là cái ngôi,@HUE
data\data_prepared\wavs\qyannyc5FeA_0327.wav,mộ này. chôn cất của người người chết nhưng mà,@HUE
data\data_prepared\wavs\qyannyc5FeA_0328.wav,sau khi chết vẫn không được yên khi mà tiếp tục lại bị quân tây sơn đào sới.,@HUE
data\data_prepared\wavs\qyannyc5FeA_0329.wav,Đấy lấy kỳ mà chuyện việc ngư dân Nguyễn Ngọc Huyên sau khi ba lần mà đi cất rỡ,@HUE
data\data_prepared\wavs\qyannyc5FeA_0330.wav,thì cũng đã à bắt gặp ba lần cái hộp sọ này nằm trong,@HUE
data\data_prepared\wavs\qyannyc5FeA_0331.wav,trong võ. Thì theo như quý vị là cái câu chuyện này nó có thật hay không? Bởi vì,@HUE
data\data_prepared\wavs\qyannyc5FeA_0332.wav,Huế Review cũng đọc được một cái tư liệu cũng nói rằng là ngư dân Nguyễn Học,@HUE
data\data_prepared\wavs\qyannyc5FeA_0333.wav,Huyên sau khi mà thấy quân Tây Sơn đó đào mộ và đem xương cốt,@HUE
data\data_prepared\wavs\qyannyc5FeA_0334.wav,v xuống sông hương à đem xương cốt đém xuống sông Hương thì đêm hôm đó đêm hôm,@HUE
data\data_prepared\wavs\qyannyc5FeA_0335.wav,đó thì Nguyễn Ngọc Huyên cũng đã à lặn xuống để mà vớt cái hộp sọ lên và chôn,@HUE
data\data_prepared\wavs\qyannyc5FeA_0336.wav,cất rất là kỹ ở một nơi nào đó sau đó thì mới b sau khi mà Vu Gia Long lên,@HUE
data\data_prepared\wavs\qyannyc5FeA_0337.wav,ngồi thì cũng đã báo cho Vu Gia Long biết đấy cũng có rất nhiều cái giả thiết,@HUE
data\data_prepared\wavs\qyannyc5FeA_0338.wav,"thưa quý vị. Tuy nhiên thì việc mà chúng ta đưa ra những cái giai thoại, những",@HUE
data\data_prepared\wavs\qyannyc5FeA_0339.wav,cái câu chuyện mà mang c tính cổ tích thì đôi lúc nó cũng à có một cái sự ly,@HUE
data\data_prepared\wavs\qyannyc5FeA_0340.wav,kỳ ở trong đó. Chính vì vậy mà Huế Rio nghĩ là nó đang đã cường điều hóa hơi đã,@HUE
data\data_prepared\wavs\qyannyc5FeA_0341.wav,có cái sự cương điều hóa trong cái câu chuyện này. Tuy nhiên thì là lịch sử thì,@HUE
data\data_prepared\wavs\qyannyc5FeA_0342.wav,chúng ta cũng đôi lúc chúng ta cũng có thể vẽ nên những cái bức tranh như thế,@HUE
data\data_prepared\wavs\qyannyc5FeA_0343.wav,để có thể nói về lịch sử. Còn lại thì bây giờ hôm nay thì Huyết R cũng đã giới,@HUE
data\data_prepared\wavs\qyannyc5FeA_0344.wav,thiệu cho quý vị về ngôi lăng mộ của Vương Tử Nguyễn Phúc Lân à gọi là lăng,@HUE
data\data_prepared\wavs\qyannyc5FeA_0345.wav,cơ thánh hay còn gọi là lăng sỏ. Thì nếu quý vị thấy video này hay và ý nghĩa thì,@HUE
data\data_prepared\wavs\qyannyc5FeA_0346.wav,"cũng mong quý vị cho Huế Review một like, một chia sẻ cũng như là một cái",@HUE
data\data_prepared\wavs\qyannyc5FeA_0347.wav,lượt đăng ký để nhận được những cái video mới nhất về trên kênh Huế Review.,@HUE
data\data_prepared\wavs\qyannyc5FeA_0348.wav,Xin kính chào và kính chúc quý vị luôn sức khỏe và bình an. Hẹn gặp lại quý vị,@HUE
data\data_prepared\wavs\qyannyc5FeA_0349.wav,ở những video tiếp theo.,@HUE
data\data_prepared\wavs\r04R2nOFkA4_0001.wav,"Vâng, mến chào quý vị đã quay lại với Huế Review. Quý vị và các bạn thân mến",@HUE
data\data_prepared\wavs\r04R2nOFkA4_0002.wav,thì hiện tại Huế Review đang ở cái chỗ ngã ba giữa đường Võ Văn Kiệt và cái,@HUE
data\data_prepared\wavs\r04R2nOFkA4_0003.wav,đường này là đường Tam Thai quý vị. Đây đường Tam Thai là đi theo hướng này lên.,@HUE
data\data_prepared\wavs\r04R2nOFkA4_0004.wav,Thì à hôm nay Huế Review sẽ giới thiệu cho quý,@HUE
data\data_prepared\wavs\r04R2nOFkA4_0005.wav,vị cái đường đến một cái ngôi lăng mộ và cũng sẽ giới thiệu cho quý vị cái ngôi,@HUE
data\data_prepared\wavs\r04R2nOFkA4_0006.wav,"lăng mộ của một trong Tử Nguyệt Tam Vương, một cái thời kỳ đen tối nhất của",@HUE
data\data_prepared\wavs\r04R2nOFkA4_0007.wav,triều Nguyễn trong cái lịch sử triều Nguyễn thưa quý vị. Và chúng ta sẽ menem,@HUE
data\data_prepared\wavs\r04R2nOFkA4_0008.wav,theo cái đường Tam thai để đến cái ngôi mộ của nhân vật đó.,@HUE
data\data_prepared\wavs\r04R2nOFkA4_0009.wav,Đây ờ cái đường Võ Bắc Kiệt này thì một hướng nếu như mà đi theo hướng này vào,@HUE
data\data_prepared\wavs\r04R2nOFkA4_0010.wav,Nam thì sẽ dẫn quý vị đến cầu Vực Thị Dương. Còn hướng này thì sẽ dẫn quý vị,@HUE
data\data_prepared\wavs\r04R2nOFkA4_0011.wav,đến cầu lim đấy. Và không để quý vị chờ lâu thì bây giờ mời quý vị cùng đồng,@HUE
data\data_prepared\wavs\r04R2nOFkA4_0012.wav,hành với H review Review cùng khám phá cái ngôi lă mộ của một trong Tử Nguyệt,@HUE
data\data_prepared\wavs\r04R2nOFkA4_0013.wav,Tam Vương nha quý vị. Xin mời quý vị.,@HUE
data\data_prepared\wavs\r04R2nOFkA4_0014.wav,Cũng à xin giới thiệu qua với quý vị thì cái con đường Tam Thai này là,@HUE
data\data_prepared\wavs\r04R2nOFkA4_0015.wav,hình thành vào à thế kỷ thứ 18 cùng à với à cái thời điểm hình thành,@HUE
data\data_prepared\wavs\r04R2nOFkA4_0016.wav,lên cái chùa Thiền Tôn thưa quý vị. Và nguyên trước đây thì con đường Tam,@HUE
data\data_prepared\wavs\r04R2nOFkA4_0017.wav,Thay này là một cái con đường à gọi là một cái lối mòn,@HUE
data\data_prepared\wavs\r04R2nOFkA4_0018.wav,rất là nhỏ. Tuy nhiên thì sau này khi xác nhập vào,@HUE
data\data_prepared\wavs\r04R2nOFkA4_0019.wav,thành phố thì con đường này được mở rộng ra,@HUE
data\data_prepared\wavs\r04R2nOFkA4_0020.wav,và bây giờ được cái thực trạng như ngày hôm nay,@HUE
data\data_prepared\wavs\r04R2nOFkA4_0021.wav,trước năm 1995 á thì cái con đường này được bà con gọi là đường nghĩa trang,@HUE
data\data_prepared\wavs\r04R2nOFkA4_0022.wav,thành phố. Bởi vì trên cái con đường này thì sẽ,@HUE
data\data_prepared\wavs\r04R2nOFkA4_0023.wav,có một cái nghĩa trang của thành phố nằm ở cái khu vực của con đường Tam Thai,@HUE
data\data_prepared\wavs\r04R2nOFkA4_0024.wav,"này. Như quý vị đã thấy thì ở đây có rất nhiều các cái mù mã, các cái mộ được",@HUE
data\data_prepared\wavs\r04R2nOFkA4_0025.wav,chôn cức. Chính vì vậy mà cái nghĩa trang thành phố nó cũng nằm trên con,@HUE
data\data_prepared\wavs\r04R2nOFkA4_0026.wav,đường này. Và từ năm 1996 thì được đổi tên đường Tam Thái và được dùng cho tới,@HUE
data\data_prepared\wavs\r04R2nOFkA4_0027.wav,ngày hôm nay. Như quý vị thấy thì đường Tam Thai bây,@HUE
data\data_prepared\wavs\r04R2nOFkA4_0028.wav,giờ nó cũng là một cái con đường bê tông và rãy được rãi nhựa nhìn đi cũng rất là,@HUE
data\data_prepared\wavs\r04R2nOFkA4_0029.wav,đẹp. trước kia mà cái thời điểm mà Huế Review,@HUE
data\data_prepared\wavs\r04R2nOFkA4_0030.wav,còn nhỏ thì cũng đã từng đến cái con đường này và,@HUE
data\data_prepared\wavs\r04R2nOFkA4_0032.wav,bà con à tổ tiên a cũng như là ông bà của Huế Review cũng có chôn cất trên cái,@HUE
data\data_prepared\wavs\r04R2nOFkA4_0033.wav,khu vực à đường Tam Thai này thưa quý vị.,@HUE
data\data_prepared\wavs\r04R2nOFkA4_0034.wav,Đây ở đây là nghĩa nghĩa trang rất nhiều cái nghĩa trang của các cái dòng họ được,@HUE
data\data_prepared\wavs\r04R2nOFkA4_0035.wav,chung cức. Chính vì vậy mà cái con đường tam thai này trước kia cũng được gọi là,@HUE
data\data_prepared\wavs\r04R2nOFkA4_0036.wav,cái con đường nghĩa trang thành phố. À nhờ quý vị nhìn ra thì quý vị cũng có,@HUE
data\data_prepared\wavs\r04R2nOFkA4_0037.wav,"thể thấy là các cái lăng mộ của các cái dòng tộc, các cái dòng họ",@HUE
data\data_prepared\wavs\r04R2nOFkA4_0038.wav,đấy. Rất là nhiều lăng mộ luôn quý vị.,@HUE
data\data_prepared\wavs\r04R2nOFkA4_0039.wav,Ở đây thì cũng có một số các cái ngôi chùa có tiếng của Hu à được gọi là,@HUE
data\data_prepared\wavs\r04R2nOFkA4_0040.wav,các cái tổ đình ấy. Trong đó có cái tổ đình Tây Thiên,@HUE
data\data_prepared\wavs\r04R2nOFkA4_0041.wav,"đây. Bao la rất là bao la luôn quý vị. toàn bộ là nghĩa tang là rất là nhiều,",@HUE
data\data_prepared\wavs\r04R2nOFkA4_0042.wav,những ngành lăng mộ rất là nhiều. Và ở đây thì,@HUE
data\data_prepared\wavs\r04R2nOFkA4_0043.wav,à các cái nhà cửa của người dân thì cũng sống chung với các cái ngôi mộ như thế,@HUE
data\data_prepared\wavs\r04R2nOFkA4_0044.wav,này. Và cái không khí bây giờ mà Huế Review cảm nhận là rất chi là mát thôi.,@HUE
data\data_prepared\wavs\r04R2nOFkA4_0045.wav,vị tại cái thời điểm này là 4:30 chiều và cái không khí bây giờ khi,@HUE
data\data_prepared\wavs\r04R2nOFkA4_0046.wav,đi trên cái con đường này trên các cái ngọn đồi thì cảm giác rất là mát mẻ.,@HUE
data\data_prepared\wavs\r04R2nOFkA4_0047.wav,Đây thì không biết à trên kênh khán giả Huế,@HUE
data\data_prepared\wavs\r04R2nOFkA4_0048.wav,Review thì có ai là ông bà tổ tiên là cũng được chôn cực ở nơi đây hay không?,@HUE
data\data_prepared\wavs\r04R2nOFkA4_0049.wav,Bởi vì à ở đây là cái khu quy hoạch lăng ngộ,@HUE
data\data_prepared\wavs\r04R2nOFkA4_0050.wav,"nghĩa trang thành phố. Đấy, chính vì vậy mà sẽ có rất nhiều các",@HUE
data\data_prepared\wavs\r04R2nOFkA4_0051.wav,cái ngôi lăng ngủ được chôn cất ở đây. Và H review cũng chắc chắn rằng cũng sẽ,@HUE
data\data_prepared\wavs\r04R2nOFkA4_0052.wav,có một số ông bà tổ tiên của một số quý vị là cũng được chôn cất ở nơi này. Thì,@HUE
data\data_prepared\wavs\r04R2nOFkA4_0053.wav,nếu như có thì cũng mong quý vị chúng ta xem thử là lăng ngộ của ông bà tổ tiên,@HUE
data\data_prepared\wavs\r04R2nOFkA4_0054.wav,có nằm trong cái video này hay không thì chúng ta có thể chia sẻ.,@HUE
data\data_prepared\wavs\r04R2nOFkA4_0055.wav,Bởi vì Huy Viw thấy thì các cái lăng mộ rất là nhiều và xây dựng cũng rất chi là,@HUE
data\data_prepared\wavs\r04R2nOFkA4_0056.wav,đẹp luôn đấy.,@HUE
data\data_prepared\wavs\r04R2nOFkA4_0057.wav,Và nằm trên một cái độ thông. Tuy nó không nhiều cây thông lắm nhưng mà nhìn,@HUE
data\data_prepared\wavs\r04R2nOFkA4_0058.wav,chung nó sẽ nó rất là đẹp. và được chôn cất ở nơi đây thì coi như,@HUE
data\data_prepared\wavs\r04R2nOFkA4_0059.wav,cũng là một cái điều gì đó nó cũng được an ủi phầ nào đối với những người đã,@HUE
data\data_prepared\wavs\r04R2nOFkA4_0060.wav,khuất. Bởi vì bây giờ thì như quý vị đã biết,@HUE
data\data_prepared\wavs\r04R2nOFkA4_0061.wav,thì cái đất mà để chôn cất thì bây giờ nó cũng đã đang rất là hiếm và cũng đang,@HUE
data\data_prepared\wavs\r04R2nOFkA4_0062.wav,được quy hoạch lại rất là nhiều. nó không có bừa bãi như trước kia nữa.,@HUE
data\data_prepared\wavs\r04R2nOFkA4_0063.wav,Chính vì vậy mà bây giờ kiếm được một cái miếng đất để mà chôn cất thì cũng,@HUE
data\data_prepared\wavs\r04R2nOFkA4_0064.wav,rất chi là khó. Và quý vị thấy thì cái con đường Tam,@HUE
data\data_prepared\wavs\r04R2nOFkA4_0065.wav,Thai nhìn cũng rất là đẹp thô quý vị. Đây rất nhiều là lăng mổ.,@HUE
data\data_prepared\wavs\r04R2nOFkA4_0066.wav,Cái khu vực này thì Huế vi thấy là nó càng lăng mộ nó càng nhiều hơn nữa.,@HUE
data\data_prepared\wavs\r04R2nOFkA4_0067.wav,"Đấy, về cái số liệu mà bao nhiêu lăng mộ thì quý vị cũng có thể là tham khảo phía",@HUE
data\data_prepared\wavs\r04R2nOFkA4_0068.wav,ở trên internet hoặc Huế Review vẫn chưa cập nhật được cái số liệu cụ thể bởi vì,@HUE
data\data_prepared\wavs\r04R2nOFkA4_0069.wav,lăng mộ thì mỗi ngày nó móc càng nhiều. Khu vực này là thông cũng khá là dày rồi,@HUE
data\data_prepared\wavs\r04R2nOFkA4_0070.wav,đây quý vị. Và tam thai là tên của một cái ngọn núi,@HUE
data\data_prepared\wavs\r04R2nOFkA4_0071.wav,cũng rất là nổi tiếng ở Thừa Thiên Huế. Và không biết thì quý vị có bao giờ đến,@HUE
data\data_prepared\wavs\r04R2nOFkA4_0073.wav,Thai thì video sắp tới Huy Review cũng sẽ quay.,@HUE
data\data_prepared\wavs\r04R2nOFkA4_0074.wav,cái núi Tam Thai cho quý vị được chiêm ngưỡng cái vẻ đẹp của núi Tam Thai.,@HUE
data\data_prepared\wavs\r04R2nOFkA4_0075.wav,Và nói qua cái nội dung hôm nay video mà Huy Đường muốn,@HUE
data\data_prepared\wavs\r04R2nOFkA4_0076.wav,à truyền tải đến quý vị đó chính là một cái ngôi lăng mộ của một trong những cái,@HUE
data\data_prepared\wavs\r04R2nOFkA4_0077.wav,tử nguyệt tam vương là một cái thời kỳ đen tổ nhất của lịch sử triều Nguyễn,@HUE
data\data_prepared\wavs\r04R2nOFkA4_0078.wav,và nhân gian đã có hai câu thơ nói về cái,@HUE
data\data_prepared\wavs\r04R2nOFkA4_0080.wav,tám à Tứ Nguyệt Tam Vương Triệu Bất Tường,@HUE
data\data_prepared\wavs\r04R2nOFkA4_0081.wav,tức là dịch ra là muốn nói rằng một sông mà hai nước,@HUE
data\data_prepared\wavs\r04R2nOFkA4_0082.wav,à thì khó nói nên lời và 4 tháng mà có tới ba vua.,@HUE
data\data_prepared\wavs\r04R2nOFkA4_0083.wav,Đây là một cái điều rất là bất thường,@HUE
data\data_prepared\wavs\r04R2nOFkA4_0084.wav,và trong lịch sử cũng đã chứng minh rằng cái thời kỳ tử Nguyệt Tam Vương đó là,@HUE
data\data_prepared\wavs\r04R2nOFkA4_0085.wav,"một cái thời kỳ hết sức đen tối, tối tm nhất của lịch sử triều nguyện.",@HUE
data\data_prepared\wavs\r04R2nOFkA4_0086.wav,"Và cái ngôi mộ, ngôi lăng mổ của một cái vị vua, một cái vị vương trong Tam Vương",@HUE
data\data_prepared\wavs\r04R2nOFkA4_0087.wav,mà Huế Đ vi muốn giới thiệu với quý vị đây chính là mộ của vua Hiệp Hòa.,@HUE
data\data_prepared\wavs\r04R2nOFkA4_0088.wav,Để bắt đầu câu chuyện thì cũng như quý vị biết,@HUE
data\data_prepared\wavs\r04R2nOFkA4_0089.wav,à đất nước à triều đình nhà Nguyễn là bắt đầu,@HUE
data\data_prepared\wavs\r04R2nOFkA4_0091.wav,Trước khi vua Tử Đức ban hạ thì như quý vị đã biết vua Tử Đức là một cái ông vua,@HUE
data\data_prepared\wavs\r04R2nOFkA4_0092.wav,mà không có con nối giỏi. Chính vì vậy mà ông phải nhận con nuôi.,@HUE
data\data_prepared\wavs\r04R2nOFkA4_0093.wav,Thì có rất nhiều người con được ông nhận nuôi. Mà đến lúc mà băng hạ thì à lúc đó,@HUE
data\data_prepared\wavs\r04R2nOFkA4_0094.wav,thì đất nước à triều đình à Nguyễn đang a trong quá trình là chống lại thực,@HUE
data\data_prepared\wavs\r04R2nOFkA4_0095.wav,dân Pháp. Và ở đây quý vị thấy,@HUE
data\data_prepared\wavs\r04R2nOFkA4_0096.wav,có một cái biển. Đây là chỉ vào lăng vua Hiệp Hòa,@HUE
data\data_prepared\wavs\r04R2nOFkA4_0097.wav,đây. Quý vị có thể thấy rõ và chắc có lẽ thì Huy Rio sẽ dừng xe ở,@HUE
data\data_prepared\wavs\r04R2nOFkA4_0098.wav,"đây và đi bộ vào bên trong. Vâng, kính thưa quý vị và như vậy thì",@HUE
data\data_prepared\wavs\r04R2nOFkA4_0099.wav,chúng ta đang đứng ngay trước cái biển chỉ dẫn vào lăng vua Hiệp Hòa và chúng,@HUE
data\data_prepared\wavs\r04R2nOFkA4_0100.wav,ta sẽ men theo cái con đường dốc này để đi vào viếng lăng của vua Hiệp Hòa. Và,@HUE
data\data_prepared\wavs\r04R2nOFkA4_0101.wav,bây giờ thì mời quý vị cùng Huế review chúng ta cùng giào bộ đi vào để thâm,@HUE
data\data_prepared\wavs\r04R2nOFkA4_0102.wav,"lăng vù Hiệp Hòa nha quý vị. Đây là một cái ngôi mổ, ngôi lăng mổ mà được nằm",@HUE
data\data_prepared\wavs\r04R2nOFkA4_0103.wav,sau trong cái rừng thông heo hút này. Chính vì vậy mà cũng có rất nhiều để,@HUE
data\data_prepared\wavs\r04R2nOFkA4_0104.wav,nhiều điều để chúng ta cảm nhận. Và bây giờ mời quý vị cùng đồng hành với Huế,@HUE
data\data_prepared\wavs\r04R2nOFkA4_0107.wav,vị. Và như lúc nãy Huế Review cũng đã kể cho quý vị nghe ngang cái đoạn mà vua Tử,@HUE
data\data_prepared\wavs\r04R2nOFkA4_0108.wav,Đức băng hà. Đấy thì đó là cũng là một trong những,@HUE
data\data_prepared\wavs\r04R2nOFkA4_0109.wav,cái giai đoạn mà triều đình nhà Nguyễn đang,@HUE
data\data_prepared\wavs\r04R2nOFkA4_0110.wav,gồng mình để chống trọi lại với thực dân Pháp.,@HUE
data\data_prepared\wavs\r04R2nOFkA4_0111.wav,Và sau khi mà tương quan lực lượng của hai bên thì Quang Quân Triều Nguyễn lúc,@HUE
data\data_prepared\wavs\r04R2nOFkA4_0112.wav,đó là không thể nào mà đánh bại được thực chương Pháp. Do đó là cuối cùng,@HUE
data\data_prepared\wavs\r04R2nOFkA4_0113.wav,phải đồng ý ký cái điều ước hòa ước hát măng năm 1883.,@HUE
data\data_prepared\wavs\r04R2nOFkA4_0114.wav,"Đấy. Và sau khi ký cái điều ước ấy, cái hòa ước ấy thì cũng đồng nghĩa với việc",@HUE
data\data_prepared\wavs\r04R2nOFkA4_0115.wav,là Triều Nguyện tức là Việt Nam chúng ta,@HUE
data\data_prepared\wavs\r04R2nOFkA4_0116.wav,đồng ý cho Pháp là bảo hộ. Và lúc đó thì tòa khâm xử trung trì đã cũng bắt đầu,@HUE
data\data_prepared\wavs\r04R2nOFkA4_0117.wav,nhúngm tay vào các cái công việc triều chính của nhà Nguyễn. Trong nội bộ,@HUE
data\data_prepared\wavs\r04R2nOFkA4_0118.wav,triều đình thì cũng đã xuất hiện hai phe đối lập. Một phe chủ chiếm do,@HUE
data\data_prepared\wavs\r04R2nOFkA4_0119.wav,Tôn Thất Huyết và Nguyễn Văn Tường đứng đầu và một bên là chủ hòa do Trần Tiễn,@HUE
data\data_prepared\wavs\r04R2nOFkA4_0120.wav,Thành đứng đầu. Tuy nhiên thì mọi quyền lực của Triều,@HUE
data\data_prepared\wavs\r04R2nOFkA4_0121.wav,Nguyễn á thì lại nằm trong tay của hai phụ chính đại thần đó là à ông Tôn Thất,@HUE
data\data_prepared\wavs\r04R2nOFkA4_0122.wav,Thuyết và ông Nguyễn Văn Tường. Kể đến đây thì quý vị cũng đã hiểu được,@HUE
data\data_prepared\wavs\r04R2nOFkA4_0123.wav,phần nào cái mức độ rối ren của triều đình nhà Nguyễn lúc đó bị Pháp bảo hộ,@HUE
data\data_prepared\wavs\r04R2nOFkA4_0124.wav,trong khi đó thì nội bộ lại lục đục. Thì phải nói rằng là đó là một cái thời kỳ,@HUE
data\data_prepared\wavs\r04R2nOFkA4_0125.wav,cực kỳ là đen tối tâm tối của triều nguyện.,@HUE
data\data_prepared\wavs\r04R2nOFkA4_0126.wav,Bây giờ chúng ta sẽ đi theo cái con đường này để vào lăng,@HUE
data\data_prepared\wavs\r04R2nOFkA4_0127.wav,"của vua Hiệp Hòa. Đây, ở đây có một cái biển chỉ là lăng",@HUE
data\data_prepared\wavs\r04R2nOFkA4_0128.wav,vua Hiệp Hòa và cách 50 m. Thì như quý vị thấy ở đây là một cái,@HUE
data\data_prepared\wavs\r04R2nOFkA4_0129.wav,rừng thông rất là điều vắn bóng người và đương nhiên thì những cái ngôi lng mộ,@HUE
data\data_prepared\wavs\r04R2nOFkA4_0130.wav,nằm trong cái khu vực này phải nói rằng là sẽ rất là xót xa khi mà một cái sự,@HUE
data\data_prepared\wavs\r04R2nOFkA4_0131.wav,điều hươu này ít ai viễn thâm ít ai tới để cúngng bái thì đó là cũng là một cái,@HUE
data\data_prepared\wavs\r04R2nOFkA4_0132.wav,điều mà làm chúng ta phải cảm nhận về một cái vị vua thực sự là quá bi thương,@HUE
data\data_prepared\wavs\r04R2nOFkA4_0133.wav,này thưa quý vị. Và trong lịch sử cũng đã chứng minh rằng,@HUE
data\data_prepared\wavs\r04R2nOFkA4_0134.wav,"cái điều bi thương này đối với vua Hiệp Hòa,",@HUE
data\data_prepared\wavs\r04R2nOFkA4_0135.wav,những cái gì mà lịch sử kể lại thì đương nhiên chúng ta phải trân quý. Nhưng mà,@HUE
data\data_prepared\wavs\r04R2nOFkA4_0136.wav,nói về vị vua Hiệp hòa này thì phải có phải có rất nhiều điều để nói. Tuy nhiên,@HUE
data\data_prepared\wavs\r04R2nOFkA4_0137.wav,thì trước tiên Huế Review cũng muốn quý vị chúng ta tham quan một cái bức bình,@HUE
data\data_prepared\wavs\r04R2nOFkA4_0138.wav,phong phía trước lăng mộ. Đây,@HUE
data\data_prepared\wavs\r04R2nOFkA4_0139.wav,ở đây thì quý vị cũng có thể thấy là cỏ dài mọc đầy,@HUE
data\data_prepared\wavs\r04R2nOFkA4_0140.wav,và chắc có lẽ thì con cháu của ngài cũng à đã hay cũng hay tới đây để chạp,@HUE
data\data_prepared\wavs\r04R2nOFkA4_0141.wav,tạo mộ. Chính vì vậy mà cây cối nó mọc không có có vươn lên được. Nếu như mà,@HUE
data\data_prepared\wavs\r04R2nOFkA4_0142.wav,không có chặt cây chặt cối như thế này thì bây giờ nó cái cây nó đã vươn lên,@HUE
data\data_prepared\wavs\r04R2nOFkA4_0143.wav,trên nóc của bình phong này rồi. Đây thì trước mặt cái bình phong trước,@HUE
data\data_prepared\wavs\r04R2nOFkA4_0144.wav,này thì nó có một cái chữ hỉ. Thì thực sự mà nói á không biết cái,@HUE
data\data_prepared\wavs\r04R2nOFkA4_0145.wav,"nguyên do nào, lý do nào mà khắc cái chữ hỉ trên cái bình phong này. Bởi vì",@HUE
data\data_prepared\wavs\r04R2nOFkA4_0146.wav,thường là à đối với các bậc quân vương thì họ mong,@HUE
data\data_prepared\wavs\r04R2nOFkA4_0147.wav,"rằng là thường là có những cái chữ thọ đấy, những cái chữ thọ để mà khắc trên",@HUE
data\data_prepared\wavs\r04R2nOFkA4_0148.wav,các cái bình phong hay là các cái họa tiết bên trong lăng mộ và mong cho triều,@HUE
data\data_prepared\wavs\r04R2nOFkA4_0149.wav,"đại luôn luôn mãi mãi trường tồn. Tuy nhiên thì cái việc cắt chữ hỷ ở đây, các",@HUE
data\data_prepared\wavs\r04R2nOFkA4_0150.wav,chữ hỉ ở đây theo Huế Ru nghĩ nó có một cái lý do nào đó chắc là muốn an ủi cái,@HUE
data\data_prepared\wavs\r04R2nOFkA4_0151.wav,"vị vua sáu số này, cái vị vua vắng số này để vị vua này có một cái niềm vui",@HUE
data\data_prepared\wavs\r04R2nOFkA4_0152.wav,nho nhỏ à biết rằng con cháu vẫn luôn quan tâm và phóng viễn à ngài. Ở đây quý,@HUE
data\data_prepared\wavs\r04R2nOFkA4_0153.wav,vị thấy [Vỗ tay],@HUE
data\data_prepared\wavs\r04R2nOFkA4_0154.wav,các cái họa tiết này đều làm bằng xi măng đấy. trét ra cả quý vị à làm những,@HUE
data\data_prepared\wavs\r04R2nOFkA4_0156.wav,Còn lại thì à cái hộ vật dụng mà trang trí cho cái chữ hỉ này,@HUE
data\data_prepared\wavs\r04R2nOFkA4_0157.wav,thì cũng là mẻ sành mẻ sứ đấy. Có họa tiết long ẩng vân,@HUE
data\data_prepared\wavs\r04R2nOFkA4_0158.wav,đây. Và trước mặt quý vị kia chính là cái,@HUE
data\data_prepared\wavs\r04R2nOFkA4_0159.wav,"khu vực à lăng mộ của vua Hiệp Hòa. Đấy,",@HUE
data\data_prepared\wavs\r04R2nOFkA4_0160.wav,một cái ngôi lăng mộ hết sức là nhỏ bé trong một cái khu rừng thông hết sức là,@HUE
data\data_prepared\wavs\r04R2nOFkA4_0161.wav,rộng lớn này. Và khi nhìn vào cái ngôi lă mổ thì Huế,@HUE
data\data_prepared\wavs\r04R2nOFkA4_0162.wav,"Review hết sức là xúc động, hết sức là cảm động khi mà nhìn ngôi mộ của một ông",@HUE
data\data_prepared\wavs\r04R2nOFkA4_0163.wav,vua mà lại nhỏ bé như thế này. Và có lẽ đây là một trong những cái ngôi,@HUE
data\data_prepared\wavs\r04R2nOFkA4_0164.wav,mộ nhỏ nhất của triều đình nhà Nguyễn của 13 vị vua triều Nguyễn so với các,@HUE
data\data_prepared\wavs\r04R2nOFkA4_0165.wav,"cái lăng gia long, lăng Minh Mạn, lăng của Tử Đức rồi lăng thiểu trị vân vân",@HUE
data\data_prepared\wavs\r04R2nOFkA4_0166.wav,vân vân. Thì cái ngôi mộ này khuôn viên của ngôi mộ quả trước hết sức là nhỏ,@HUE
data\data_prepared\wavs\r04R2nOFkA4_0167.wav,luôn quý vị. Và theo như lịch sử thì vua Hiệp Hòa là một phế đế. Chính vì vậy mà,@HUE
data\data_prepared\wavs\r04R2nOFkA4_0168.wav,ông cũng không được thờ trong thể tổ miếu.,@HUE
data\data_prepared\wavs\r04R2nOFkA4_0169.wav,Và những cái ngôi lăng mộ như thế này thì trước kia là cũng rất là nhỏ nhưng,@HUE
data\data_prepared\wavs\r04R2nOFkA4_0170.wav,mà sau này thì con cháu của ngài đã trùng tu và xây dựng lại một cách khang,@HUE
data\data_prepared\wavs\r04R2nOFkA4_0172.wav,thấy là đi lên cái khu lă mổ thì có một cái bậc cấp rất là chắc chắn bằng đá như,@HUE
data\data_prepared\wavs\r04R2nOFkA4_0173.wav,thế này. Và đập vào mắt chúng ta đầu tiên đó,@HUE
data\data_prepared\wavs\r04R2nOFkA4_0174.wav,chính là cái bậc cấp đi lên được à cách điệu bằng hai cái con vật hai bên,@HUE
data\data_prepared\wavs\r04R2nOFkA4_0175.wav,trào hai bên. Đấy hai con vật đối xứng trào hai bên.,@HUE
data\data_prepared\wavs\r04R2nOFkA4_0176.wav,Và không biết thì quý vị có nhận ra cái hình hài của công vật này hay không? Huy,@HUE
data\data_prepared\wavs\r04R2nOFkA4_0177.wav,review không phải là thách đố mà chỉ là muốn cho quý vị chúng ta cùng tương tác,@HUE
data\data_prepared\wavs\r04R2nOFkA4_0178.wav,để chúng ta hiểu thêm về một cái kiểu kiến trúc lăng mộ của các cái vua chúa,@HUE
data\data_prepared\wavs\r04R2nOFkA4_0179.wav,triều Nguyễn. Bởi vì mỗi ngày mỗi người đều có một cái kiểu kiến trúc khác nhau.,@HUE
data\data_prepared\wavs\r04R2nOFkA4_0180.wav,Tuy là quy rằng tuy là quy chuẩn về kiến trúc của cung đình triều nguyện nhưng mà,@HUE
data\data_prepared\wavs\r04R2nOFkA4_0182.wav,"mong quý vị chúng ta comment phía dưới video xem cái họa tiết này, cái hình hài",@HUE
data\data_prepared\wavs\r04R2nOFkA4_0183.wav,này là nói về cái con vật gì và quý vị có thể comment phía dưới video. Đương,@HUE
data\data_prepared\wavs\r04R2nOFkA4_0184.wav,nhiên thì Huế Review cũng đã tìm hiểu trước rồi và không biết thì quý vị có,@HUE
data\data_prepared\wavs\r04R2nOFkA4_0186.wav,vị có thể comment phía dưới video nha quý vị. Vâng. À thưa quý vị thì như quý,@HUE
data\data_prepared\wavs\r04R2nOFkA4_0187.wav,vị thấy thì sau khi mà chúng ta đi lên cái bậc cấp thì chúng ta sẽ thấy hai cái,@HUE
data\data_prepared\wavs\r04R2nOFkA4_0188.wav,trụ biểu hai bên đây quý vị. Đấy và hai cái trụ biểu này được à khảm sàn sứ nhìn,@HUE
data\data_prepared\wavs\r04R2nOFkA4_0189.wav,rất là đẹp. Đấy có rất nhiều các cái họa tiết chữ rồi các cái họa tiết được à,@HUE
data\data_prepared\wavs\r04R2nOFkA4_0190.wav,khảm sàn xứ. Và theo như à Huyết Đị Viếp tìm hiểu thì hai cái trụ biểu này là nó,@HUE
data\data_prepared\wavs\r04R2nOFkA4_0191.wav,cao khoảng hơn 10 m đấy. Và ừ hai trụ biểu đó chính là một cái ranh giới để,@HUE
data\data_prepared\wavs\r04R2nOFkA4_0192.wav,chúng ta bước vào cái ngôi l mộ của một cái vị vua. Và sau cái à hai cái trụ,@HUE
data\data_prepared\wavs\r04R2nOFkA4_0193.wav,biểu thì đây chính là cái lư hương. Thì như quý vị thấy cái lư hương này cũng,@HUE
data\data_prepared\wavs\r04R2nOFkA4_0194.wav,"được trang trí bằng đá. Đấy, rất là đẹp. Đây quý vị có thể thấy rõ và cũng được",@HUE
data\data_prepared\wavs\r04R2nOFkA4_0195.wav,"khắc các cái hình rồng, hai cái đầu rồng hai bên. Đây nhìn rất chi là đẹp luôn",@HUE
data\data_prepared\wavs\r04R2nOFkA4_0196.wav,"quý vị. Đấy, ngoài ra thì quý vị cũng có thể thấy có những cái mặt rồng nó hiện",@HUE
data\data_prepared\wavs\r04R2nOFkA4_0197.wav,hữu phía trên cái lư hương. Và cái chất liệu mà làm cái lư này là bằng đá thôi,@HUE
data\data_prepared\wavs\r04R2nOFkA4_0198.wav,quý vị. Đá thật ăn. Như Huế R vi mà đoán không lầm thì đây,@HUE
data\data_prepared\wavs\r04R2nOFkA4_0199.wav,là đá thật ăn này. Nhìn rất là cứng cáp và chắc chắn.,@HUE
data\data_prepared\wavs\r04R2nOFkA4_0200.wav,Đây và nhìn vào những cái chân hương như thế này thì chúng ta cũng có thể đoạn,@HUE
data\data_prepared\wavs\r04R2nOFkA4_0201.wav,biết rằng ở đây ngôi mộ là cũng đã được cũng rất cũng khá là nhiều người đến để,@HUE
data\data_prepared\wavs\r04R2nOFkA4_0202.wav,cống viếng để thắp nhang đây chứ không phải là ít đâu. Chắc có lẽ là cái thời,@HUE
data\data_prepared\wavs\r04R2nOFkA4_0203.wav,điểm mà sau này khi nhiều người biết đến thì à cũng đã tới đây để ví ngài và thắp,@HUE
data\data_prepared\wavs\r04R2nOFkA4_0204.wav,"hương cho ngài. Tiếp theo là cái bi đình. Đấy, cái bi",@HUE
data\data_prepared\wavs\r04R2nOFkA4_0205.wav,đình thì như quý vị thấy nó cũng rất chi là đơn giản và sơ xài.,@HUE
data\data_prepared\wavs\r04R2nOFkA4_0206.wav,Và bốn cột của Bi Đình thì cũng được à khắc các cái họa tiết rồng ửng long ẩn,@HUE
data\data_prepared\wavs\r04R2nOFkA4_0207.wav,vừng rộng bài trên mây. Ở trên thì quý vị cũng thấy là cũng lợp hợp theo cái,@HUE
data\data_prepared\wavs\r04R2nOFkA4_0208.wav,kiểu kiến trúc cung định đó các cái ngói hoàng lưu ly và ở phía trên là có,@HUE
data\data_prepared\wavs\r04R2nOFkA4_0209.wav,"hai con long mã. Đấy, hai Long Mã đang chầu",@HUE
data\data_prepared\wavs\r04R2nOFkA4_0210.wav,và không biết thì cái dĩa đó nó hình hài đó thì không biết có phải là của Pháp,@HUE
data\data_prepared\wavs\r04R2nOFkA4_0211.wav,hay không nhưng mà Huế Review nghĩ thì thời đó thì vua Hiệp Hòa cũng à được xem,@HUE
data\data_prepared\wavs\r04R2nOFkA4_0212.wav,như là cũng à đối nghịch với là hai phụ chính đại thần là Tôn Thất Thuyết và,@HUE
data\data_prepared\wavs\r04R2nOFkA4_0213.wav,"Nguyễn Vân Tường và cũng muốn là cầu hòa với Pháp. Đấy,",@HUE
data\data_prepared\wavs\r04R2nOFkA4_0214.wav,chính vì vậy mà cái lỗi kiến trúc này đôi lúc cũng có một cái phần nào đó ăn,@HUE
data\data_prepared\wavs\r04R2nOFkA4_0215.wav,"vào cái kiến trúc của Pháp. Đấy, và quý vị thấy thì các cái cột kèo như",@HUE
data\data_prepared\wavs\r04R2nOFkA4_0217.wav,"Đấy, buổi chiều hoàng hôn và đến những cái ngôi lăng mộ như thế này để tưởng",@HUE
data\data_prepared\wavs\r04R2nOFkA4_0218.wav,nhớ người xưa thì quá tuyệt vời. Quý vị cũng có thể thấy cái bia đấy. Vừa,@HUE
data\data_prepared\wavs\r04R2nOFkA4_0219.wav,rồi thì một số khán giả của Huế Review cũng đã góp ý là hai cái hình mà con,@HUE
data\data_prepared\wavs\r04R2nOFkA4_0220.wav,rồng chầu vào cái viên ngọc này thì được gọi là sông Long Tranh Châu. Hai con,@HUE
data\data_prepared\wavs\r04R2nOFkA4_0221.wav,rồng tranh một cái viên ngọc. xung quanh cái bia thì cũng được,@HUE
data\data_prepared\wavs\r04R2nOFkA4_0222.wav,khảm những cái hòa tiết về các cái rồng. Và đây chính là cái bia à mổ của,@HUE
data\data_prepared\wavs\r04R2nOFkA4_0223.wav,vua Hiệp Hòa. Các cái chân đế rồi cũng được lót bằng,@HUE
data\data_prepared\wavs\r04R2nOFkA4_0224.wav,các cái đá granit.,@HUE
data\data_prepared\wavs\r04R2nOFkA4_0225.wav,Rõ ràng thì cái lăng này cũng mới được xây lại đây quý vị. Trước kia nó không,@HUE
data\data_prepared\wavs\r04R2nOFkA4_0226.wav,được đẹp như thế này đâu quý vị. Đấy và rõ ràng thì nó mang trong mình một cái,@HUE
data\data_prepared\wavs\r04R2nOFkA4_0227.wav,nắt hiện đại. Ở đây thì có hai con rồng trước khi mà chúng ta đi,@HUE
data\data_prepared\wavs\r04R2nOFkA4_0228.wav,vào cái khu vực bổ thành bên trong. Quả sức là nhỏ bé luôn. Ở đây thì cái,@HUE
data\data_prepared\wavs\r04R2nOFkA4_0229.wav,lăng vua Hiệp Hòa được xếp hạng là di tích cấp tỉnh và thành phố,@HUE
data\data_prepared\wavs\r04R2nOFkA4_0230.wav,"và nó thuộc phường An Tây, thành phố Huế.",@HUE
data\data_prepared\wavs\r04R2nOFkA4_0231.wav,Bên này thì một tấm bia ghi là Hiệp Hòa là niên hiệu vị vua thứ sáu của Triều,@HUE
data\data_prepared\wavs\r04R2nOFkA4_0232.wav,Nguyễn sinh ngày 24 tháng 9 năm Đinh Mùi tức ngày mùng 01 tháng 11 năm 1847,@HUE
data\data_prepared\wavs\r04R2nOFkA4_0233.wav,là con thứ 29 của vua thủ trị. Lúc còn hoàng tử tên là Hồng Dật ngài,@HUE
data\data_prepared\wavs\r04R2nOFkA4_0234.wav,lên ngôi ngày 27 tháng 6 năm Quý Mùi mất ngày 30 tháng 10 năm Quý Mùi.,@HUE
data\data_prepared\wavs\r04R2nOFkA4_0235.wav,Và cái mặt trước văng bia như cái dòng chữ màu vàng lúc nãy Huế review quay cho,@HUE
data\data_prepared\wavs\r04R2nOFkA4_0236.wav,quý vị xem thì có ghi là Phùng Vị Đại Nam Hiệp hòa hoàng đế thủy trang cung,@HUE
data\data_prepared\wavs\r04R2nOFkA4_0237.wav,chi tẩm tức là tẩm của hoàng đế Hiệp Hòa tên Thụy là Trang Cung của nước Đại Nam,@HUE
data\data_prepared\wavs\r04R2nOFkA4_0238.wav,và mặt sau vang bia thì ghi một cái ngự chế thi,@HUE
data\data_prepared\wavs\r04R2nOFkA4_0239.wav,đấy. Và đây chính là cái mặt sau của vă bia.,@HUE
data\data_prepared\wavs\r04R2nOFkA4_0240.wav,"thì ghi là một cái bài thơ như thế này. Đấy, ở đây là vừa rồi Huế Review có quay",@HUE
data\data_prepared\wavs\r04R2nOFkA4_0241.wav,cái lăng mộ của Kiên Thái Vương thì cái cọc bổ thành có hai tầng. Ở đây quý vị,@HUE
data\data_prepared\wavs\r04R2nOFkA4_0243.wav,tiết ở phía trên đấy. Những cái hòa tiết rồng đó,@HUE
data\data_prepared\wavs\r04R2nOFkA4_0244.wav,nhìn à rất chi là đa màu sắc luôn quý vị.,@HUE
data\data_prepared\wavs\r04R2nOFkA4_0245.wav,Đấy được kháp bằng thủy tinh màu. Nhìn cũng rất là đẹp.,@HUE
data\data_prepared\wavs\r04R2nOFkA4_0246.wav,Như quý vị thấy thì được làm bằng bê tông và tô tre.,@HUE
data\data_prepared\wavs\r04R2nOFkA4_0247.wav,Nó không giống như những cái lăng tắm khác.,@HUE
data\data_prepared\wavs\r04R2nOFkA4_0248.wav,Đấy và rõ ràng thì nó cũng mới được làm lại xe mới đây thôi làm mới lại đây. Bên,@HUE
data\data_prepared\wavs\r04R2nOFkA4_0249.wav,trong và bên ngoài thì nó hoàn toàn giống nhau.,@HUE
data\data_prepared\wavs\r04R2nOFkA4_0250.wav,Những cái hòa tiết thì như quý vị thấy cũng khảm sàn sứ. Những cái sàn sứ này,@HUE
data\data_prepared\wavs\r04R2nOFkA4_0251.wav,thì nó cũng khá là mới rồi đấy. Và cái bổ thành thì chỉ có một vòng mà,@HUE
data\data_prepared\wavs\r04R2nOFkA4_0252.wav,thôi. Vòng bổ thành này thì cũng được xây bằng đá.,@HUE
data\data_prepared\wavs\r04R2nOFkA4_0253.wav,Kết cấu cũng rất là chắc chắn. Có thể nói thì lăng của vua Hiệp Hòa thì,@HUE
data\data_prepared\wavs\r04R2nOFkA4_0254.wav,"tuy là nhỏ nhưng mà cũng là rất là bền, rất là lâu, rất là là vền vững với thời",@HUE
data\data_prepared\wavs\r04R2nOFkA4_0255.wav,gian. Và quý vị thấy thì cái cổng của Bũ Thành thì chúng ta sẽ thấy một cái bình,@HUE
data\data_prepared\wavs\r04R2nOFkA4_0257.wav,cứ sau bụ thành là chúng ta sẽ thấy một cái bình phong. Và rõ ràng thì bình,@HUE
data\data_prepared\wavs\r04R2nOFkA4_0258.wav,phong này ghi là cái chữ này là chữ thọ đây quý vị. Và như quý vị thấy thì các,@HUE
data\data_prepared\wavs\r04R2nOFkA4_0259.wav,cái họa tiết trang trí nó cũng là các cái họa tiết được làm,@HUE
data\data_prepared\wavs\r04R2nOFkA4_0260.wav,mới. Chính vì vậy mà nhìn chung thì nó cũng được à,@HUE
data\data_prepared\wavs\r04R2nOFkA4_0261.wav,khảm các cái loại sàn sứ. Và rõ ràng thì quý vị có thể hình dung,@HUE
data\data_prepared\wavs\r04R2nOFkA4_0262.wav,ra hình hai của một chú rồng. Và đây quý vị cũng có thể thấy là nó có tới tầng,@HUE
data\data_prepared\wavs\r04R2nOFkA4_0263.wav,năm móng. 1 2 3 4 5. Ở đây này 1 2 3 4 5. Đấy quý vị để ý kỹ thì bên lăng của,@HUE
data\data_prepared\wavs\r04R2nOFkA4_0265.wav,thấy cũng có năm móng đó. Đây,@HUE
data\data_prepared\wavs\r04R2nOFkA4_0266.wav,những cái hình xoắn như thế này nhìn xoắn ốc rất là đẹp.,@HUE
data\data_prepared\wavs\r04R2nOFkA4_0267.wav,Và sau cái bức bình phong thì chúng ta sẽ đến à,@HUE
data\data_prepared\wavs\r04R2nOFkA4_0268.wav,khu mộ của nơi chôn cất vua Hiệp Hòa. Đây thì cũng làm 1 2 3 4 tầng thôi quý,@HUE
data\data_prepared\wavs\r04R2nOFkA4_0269.wav,vị. bốn tầng và,@HUE
data\data_prepared\wavs\r04R2nOFkA4_0270.wav,cái phía sau mặt sau của cái bức bình phong thì nó lại có một cái chữ khác.,@HUE
data\data_prepared\wavs\r04R2nOFkA4_0271.wav,Thì à thật sự mà nói là Huế Review còn chưa nghiên cứu về các cái chữ Hán. Do,@HUE
data\data_prepared\wavs\r04R2nOFkA4_0272.wav,đó là quý vị có thể biết là cái chữ này là chữ gì hay không thì quý vị có thể,@HUE
data\data_prepared\wavs\r04R2nOFkA4_0273.wav,comment phía dưới video giúp Huế review. Quý vị review chỉ biết cái chữ thọ là,@HUE
data\data_prepared\wavs\r04R2nOFkA4_0275.wav,vu Hiệp Hòa đấy. Và chắc có lẽ thì bây giờ Huy Review cũng sẽ thấp nhang để,@HUE
data\data_prepared\wavs\r04R2nOFkA4_0276.wav,củng bãi cùng viếng cái lăng mộ của ngài. Mời quý vị chúng ta cùng đồng hành,@HUE
data\data_prepared\wavs\r04R2nOFkA4_0277.wav,để thắp một cái nến nhang để à triềng tới cái vị vu hiệp hòa này. một,@HUE
data\data_prepared\wavs\r04R2nOFkA4_0278.wav,cái nén nhang để tưởng tưởng nhớ tưởng niệm đến vị vua hiệp hò này nha thưa quý,@HUE
data\data_prepared\wavs\r04R2nOFkA4_0279.wav,vị. À vâng quý vị thân mến thì vừa rồi Huế,@HUE
data\data_prepared\wavs\r04R2nOFkA4_0280.wav,Review đã thập nhang để tưởng niệm tới cái vị vua vắng số này một cái vị vua mà,@HUE
data\data_prepared\wavs\r04R2nOFkA4_0281.wav,có thể nói là mang trong mình rất nhiều cái uấtc khi mà còn sống cũng như là khi,@HUE
data\data_prepared\wavs\r04R2nOFkA4_0283.wav,chi là nhỏ nhỏ bé nói chung là một trong những cái khu lăng mộ nhỏ nhất của 13,@HUE
data\data_prepared\wavs\r04R2nOFkA4_0284.wav,triệu vua nhà Nguyễn. Tuy nhiên thì những cái hóa tiết rồi,@HUE
data\data_prepared\wavs\r04R2nOFkA4_0285.wav,những cái trang trí xung quanh lăng mộ nó cũng à được thể hiện một bậc à à đế,@HUE
data\data_prepared\wavs\r04R2nOFkA4_0286.wav,vương. Và như quý vị thấy thì ở đây được à xây bằng các cái loại đá rất là cứng.,@HUE
data\data_prepared\wavs\r04R2nOFkA4_0287.wav,Nó có một cái lớp vôi lớp trơn nhưng mà bây giờ thì theo thời gian nó cũng đã bị,@HUE
data\data_prepared\wavs\r04R2nOFkA4_0288.wav,phai mờ rồi. Đấy có tới 1 2 3 4 bậc luôn th quý vị.,@HUE
data\data_prepared\wavs\r04R2nOFkA4_0289.wav,"Và quý vị thấy thì cái lư cẩm hương, lư cẩm nhang thì nó cũng rất chi là đẹp,",@HUE
data\data_prepared\wavs\r04R2nOFkA4_0290.wav,được làm bằng đá và cũng có hai cái đầu rồng hai pin. Đấy nhìn hết sức là đẹp.,@HUE
data\data_prepared\wavs\r04R2nOFkA4_0291.wav,Và phía sau là một cái bức bình phong hậu. Đấy cũng có cái chữ thọ rồi cũng,@HUE
data\data_prepared\wavs\r04R2nOFkA4_0292.wav,được xây bằng bê tông xi măng đấy. Và cũng được trang trí bằng các cái họa,@HUE
data\data_prepared\wavs\r04R2nOFkA4_0293.wav,tiết đó. các cái ô học như thế này rất là đơn giản nhưng mà cũng không kém,@HUE
data\data_prepared\wavs\r04R2nOFkA4_0294.wav,phần sang trọng thôi quý vị. Đây là sông Long Tranh Châu nằm ở,@HUE
data\data_prepared\wavs\r04R2nOFkA4_0295.wav,cái khu vực Bình Phong Hậu này. Đấy một cái khu lăng mộ hết sức là đơn,@HUE
data\data_prepared\wavs\r04R2nOFkA4_0296.wav,"giản, rất là đơn sơ và nó cũng à phản ánh một cái tính cách của vua Hiệp Hòa",@HUE
data\data_prepared\wavs\r04R2nOFkA4_0297.wav,"thời đó. Vua là một cái người rất là phóng khoáng, rất là nhân từ và cũng là",@HUE
data\data_prepared\wavs\r04R2nOFkA4_0298.wav,một người rất là ham thích học hỏi. Chính vì vậy mà vua Tử Đức cũng à khá là,@HUE
data\data_prepared\wavs\r04R2nOFkA4_0299.wav,yêu mến cái hoàng đệ của mình. Vua Hiệp Hòa chính là hoàng đệ của vua Tử Đức,@HUE
data\data_prepared\wavs\r04R2nOFkA4_0301.wav,vua Tử Đức cũng đã từng có mong muốn lập vua Hiệp Hòa lên ngôi vua. Tuy nhiên là,@HUE
data\data_prepared\wavs\r04R2nOFkA4_0302.wav,vì lúc đó là vua Hiệp Hòa còn rất là nhỏ và vua Tử Đức nghĩ ra là không có kham,@HUE
data\data_prepared\wavs\r04R2nOFkA4_0303.wav,nổi công việc của triều đình. Chính vì vậy mà cuối cùng thì vua đã lập vua Dục,@HUE
data\data_prepared\wavs\r04R2nOFkA4_0304.wav,Đức tức là Nguyễn Phúc Ưng Chân đấy lên làm vua.,@HUE
data\data_prepared\wavs\r04R2nOFkA4_0305.wav,"Và kính thưa quý vị, để tiếp tục cái câu chuyện mà tại vì sao Huế Review lại à",@HUE
data\data_prepared\wavs\r04R2nOFkA4_0306.wav,"nói rằng đây là một trong những cái tử nguyệt tam vương, một cái thời kỳ đen",@HUE
data\data_prepared\wavs\r04R2nOFkA4_0307.wav,tối của Triều Nguyệt. Bởi vì chúng ta tiếp tục cái câu chuyện mà lúc nãy Huy,@HUE
data\data_prepared\wavs\r04R2nOFkA4_0308.wav,Review cũng đã kể cho quý vị nghe đó chính là khi cái thời điểm mà vua Tử Đức,@HUE
data\data_prepared\wavs\r04R2nOFkA4_0309.wav,băng hạ thì như quý vị đã biết vua Tử Đức là một cái vị vua không có con.,@HUE
data\data_prepared\wavs\r04R2nOFkA4_0310.wav,Chính vì vậy mà để tìm được một cái người con nối ngôi thì phải thực sự là,@HUE
data\data_prepared\wavs\r04R2nOFkA4_0311.wav,phải đủ đức đủ tài để lãnh đạo triều đình. Tuy nhiên thì cái thời điểm đó tất,@HUE
data\data_prepared\wavs\r04R2nOFkA4_0312.wav,cả các vị hoàng tử đều nhỏ tuổi. Ở đây có một cái vị thái tử à được vua à tự,@HUE
data\data_prepared\wavs\r04R2nOFkA4_0313.wav,đức lập tức tức là vua dục đức sau này thôi quý vị. Lúc đó Ứng Chân là người,@HUE
data\data_prepared\wavs\r04R2nOFkA4_0314.wav,lớn tuổi nhất tuy là có một số các cái điểm yếu khuyết điểm nhưng vua Tự Đức vì,@HUE
data\data_prepared\wavs\r04R2nOFkA4_0315.wav,non song xả tắc đã lập Nguyễn Phúc Ưng chân lên ngôi vua. Tuy nhiên thì trong,@HUE
data\data_prepared\wavs\r04R2nOFkA4_0316.wav,cái chiếu mà nhường ngôi thì vua Tử Đức cũng lưu ý với ba cái vị chính phủ đại,@HUE
data\data_prepared\wavs\r04R2nOFkA4_0317.wav,"thần đó là Tôn Thất Thuyết, Nguyễn Vân Tường và Trần Tiến Thành. Vua Dục Đức",@HUE
data\data_prepared\wavs\r04R2nOFkA4_0318.wav,tức là Nguyễn Phúc Ưng Chân là có những cái tậc xấu. Đó là tính là có cái tậc ở,@HUE
data\data_prepared\wavs\r04R2nOFkA4_0319.wav,mắt rồi cũng có cái tính hiữu dâm và điều đó sẽ làm cho con người nó trở nên,@HUE
data\data_prepared\wavs\r04R2nOFkA4_0320.wav,là không có hoàn hảo và không có tốt. Và vua cũng muốn để trong cái chiếu nhường,@HUE
data\data_prepared\wavs\r04R2nOFkA4_0321.wav,ngôi đó để cho bá quan văn võ đại thần được biết để coi như là một cái điều gì,@HUE
data\data_prepared\wavs\r04R2nOFkA4_0322.wav,đó làm thức tỉnh vua dục đức. Tuy nhiên thì,@HUE
data\data_prepared\wavs\r04R2nOFkA4_0323.wav,đến cái thời điểm mà làm lễ lên ngồi thì vua Dục Đức tức là Nguyễn Phúc Ứng Chân,@HUE
data\data_prepared\wavs\r04R2nOFkA4_0324.wav,đã yêu cầu ông Trần Tiễn Thành lúc đó là bên phe chủ hòa đọc nhỏ cái đoạn mà vua,@HUE
data\data_prepared\wavs\r04R2nOFkA4_0325.wav,Tự Đức đã lưu ý về cái tính cách không tốt của vua Dục Đức. Chính vì vậy mà lợi,@HUE
data\data_prepared\wavs\r04R2nOFkA4_0326.wav,dụng điều đó thì ông Tô Thất Thuyết và ông Nguyễn Vân Tường cho rằng là vua Dục,@HUE
data\data_prepared\wavs\r04R2nOFkA4_0327.wav,Đức không có thật thà gọi là làm sai với di chiếu của vua Tử Đức. Chính vì vậy mà,@HUE
data\data_prepared\wavs\r04R2nOFkA4_0328.wav,đã tâu lên Thái Hoàng Thái Hậu tự dũ à phế trúc dục đức. Trong đó thì có những,@HUE
data\data_prepared\wavs\r04R2nOFkA4_0329.wav,"cái tội đó là thứ nhất sữa di chiếu, thứ hai là mặc áo màu trong đám tang rồi thứ",@HUE
data\data_prepared\wavs\r04R2nOFkA4_0330.wav,ba là hư hỏng và ham chơi. Chính những điều đó tạo một cái cớ để cho hai ông,@HUE
data\data_prepared\wavs\r04R2nOFkA4_0331.wav,"chính phủ đại thần à dâng biểu lên, dâng tàu lên để phế xuất vua dục đức. Chỉ vọn",@HUE
data\data_prepared\wavs\r04R2nOFkA4_0332.wav,vẹn trong 3 ngày vua dục đức lên ngôi trong 3 ngày và sau đó thì đã bị phế,@HUE
data\data_prepared\wavs\r04R2nOFkA4_0333.wav,trúc. Vô dục đức được xem là ông vua có cái thời gian trị vì ngắn nhất trong,@HUE
data\data_prepared\wavs\r04R2nOFkA4_0334.wav,"lịch sử triều Nguyễn. Thưa quý vị, tiếp sau khi mà vua dục đức qua đời triều",@HUE
data\data_prepared\wavs\r04R2nOFkA4_0335.wav,chính một ngày không thể không có vua. Chính vì vậy mà,@HUE
data\data_prepared\wavs\r04R2nOFkA4_0336.wav,Tôn Thất Thuyết và Nguyễn Văn Tường đã đề nghị lập Nguyễn Phúc Hồng Dật tức là,@HUE
data\data_prepared\wavs\r04R2nOFkA4_0337.wav,"vua Hiệp Hòa đây, lên làm ngôi vua. Nguyễn Phúc Hồng Dật thì là đệ đệ ruột,",@HUE
data\data_prepared\wavs\r04R2nOFkA4_0338.wav,hoàng đệ ruột của vua Tử Đức và là con thứ 29 của vua Thiếu Trị.,@HUE
data\data_prepared\wavs\r04R2nOFkA4_0339.wav,À trước kia thì vua Tử Đức cũng đã có ý định là lập vua Hiệp hòa lên ngôi vua.,@HUE
data\data_prepared\wavs\r04R2nOFkA4_0340.wav,Tuy nhiên thì do cái tuổi của vua Hiệp Hòa còn nhỏ chính vì vậy mà chưa đủ sức,@HUE
data\data_prepared\wavs\r04R2nOFkA4_0341.wav,để gánh bác triều đình và cuối cùng đã chọn vua Dục Đức. Tuy nhiên thì sau một,@HUE
data\data_prepared\wavs\r04R2nOFkA4_0342.wav,thời gian thì vua Dục Đức cũng đã bị phế trức.,@HUE
data\data_prepared\wavs\r04R2nOFkA4_0343.wav,Để yên ổn lòng dân và lòng quân thì ông Tô Thất Thuyết và ông Nguyễn Văn Tường,@HUE
data\data_prepared\wavs\r04R2nOFkA4_0344.wav,cuối cùng cũng đã dâng táu lên à Thái Hoàng Tho Dũng để lập Nguyễn Phúc Hồng,@HUE
data\data_prepared\wavs\r04R2nOFkA4_0345.wav,Dật tức là vua Hiệp Hòa lên ngồi và lấy niên hiệu là Hiệp Hòa. Tuy nhiên có một,@HUE
data\data_prepared\wavs\r04R2nOFkA4_0346.wav,cái điều lưu ý mà trước khi mà vua Hiệp hòa lên ngồi thì hai vị phụ chính đại,@HUE
data\data_prepared\wavs\r04R2nOFkA4_0347.wav,thần cũng đã cử người lên Kim Long để thuyết phục Nguyễn Phúc Hồng Dật về,@HUE
data\data_prepared\wavs\r04R2nOFkA4_0348.wav,triều đình để lên làm vua. Tuy nhiên cái ngai vàng lúc đó có thể nói là một cái,@HUE
data\data_prepared\wavs\r04R2nOFkA4_0349.wav,chốn hết sức là nguy hiểm mà bây giờ người ta gọi là ghế nóng. Đây quý vị,@HUE
data\data_prepared\wavs\r04R2nOFkA4_0350.wav,nhận biết được cái điều đó thì à Nguyễn Phúc à Hồng Dật đã hết sức từ chối nói,@HUE
data\data_prepared\wavs\r04R2nOFkA4_0351.wav,rằng là tôi tuổi còn nhỏ à không có hiểu được đạo lý thì làm sao mà có thể là lên,@HUE
data\data_prepared\wavs\r04R2nOFkA4_0352.wav,ngôi được. Tuy nhiên thì dưới cái sự áp bức bằng vũ lực thì cuối cùng à hai vị,@HUE
data\data_prepared\wavs\r04R2nOFkA4_0353.wav,đại thần cũng đã đưa à Nguyễn Phô Hồng Dật về đến đại nội và đăng quang lễ ngôi,@HUE
data\data_prepared\wavs\r04R2nOFkA4_0354.wav,vua. và lấy niên hiệu là hiệp hòa. Tuy nhiên,@HUE
data\data_prepared\wavs\r04R2nOFkA4_0355.wav,thì vua Hiệp Hòa lên ngồi cũng không có thực quyền. Tất cả các cái quyền lực đều,@HUE
data\data_prepared\wavs\r04R2nOFkA4_0356.wav,rơi vào tay của hai cái phụ chính đại thần. Lúc đầu Vu Hiệp Hòa suy nghĩ rằng,@HUE
data\data_prepared\wavs\r04R2nOFkA4_0357.wav,là nếu như muốn tồn tại và muốn dễ bị cai trị thì cũng nên à chiều lòng hai,@HUE
data\data_prepared\wavs\r04R2nOFkA4_0358.wav,ông phủ chính đại thần là Tôn Thất Thuyết và Nguyễn Văn Tường. Tuy nhiên,@HUE
data\data_prepared\wavs\r04R2nOFkA4_0359.wav,sau khi mà nhận thấy hai ông là hết sức là,@HUE
data\data_prepared\wavs\r04R2nOFkA4_0361.wav,"đình. Bên ông Tôn Thất Thuyết thì lập ra một cái đội nghĩa quân, lập ra một đội",@HUE
data\data_prepared\wavs\r04R2nOFkA4_0362.wav,quân riêng chuyên xử lý những cái công việc mà ảnh hưởng đến quyền lợi của ông.,@HUE
data\data_prepared\wavs\r04R2nOFkA4_0363.wav,Rồi còn bên ông Nguyễn Văn Tường thì lại cấu kết với Trung Hoa để,@HUE
data\data_prepared\wavs\r04R2nOFkA4_0364.wav,mua bán và đưa về những cái sản phẩm hết sức là à kém chất lượng. Bắt buộc dân,@HUE
data\data_prepared\wavs\r04R2nOFkA4_0365.wav,chúng là phải lưu hành những cái sản phẩm đó. Chính vì vậy mà hai ông tư lời,@HUE
data\data_prepared\wavs\r04R2nOFkA4_0366.wav,riêng và tạo ra một cái điều bất bình đối với Vu Hiệp Hòa. Trong đầu Vu Hiệp,@HUE
data\data_prepared\wavs\r04R2nOFkA4_0367.wav,Hòa dưới sự tư vấn của ông Trần Tiễn Thành cũng như,@HUE
data\data_prepared\wavs\r04R2nOFkA4_0368.wav,là con trai của Tuy Lý Vương và Tùng Thiện Vương thì vua Hiệp Hòa đã quyết,@HUE
data\data_prepared\wavs\r04R2nOFkA4_0369.wav,định là cấu kết với Pháp để lực độ à Tôn Thất Thuyết và Nguyễn Vân,@HUE
data\data_prepared\wavs\r04R2nOFkA4_0370.wav,Tường. Tuy nhiên thì đến cái thời điểm mà hai người con trai của Tùng Thị Vương,@HUE
data\data_prepared\wavs\r04R2nOFkA4_0371.wav,và Tuy Lý Vương tức là Hồng Sâm và Hồng Phi vừa mới chuẩn bị đi ra khỏi phủ để,@HUE
data\data_prepared\wavs\r04R2nOFkA4_0372.wav,đến gặp sứ Quang Pháp thì à Tôn Thấtc Thuyết đã biết và cử cái đội quân của,@HUE
data\data_prepared\wavs\r04R2nOFkA4_0373.wav,mình đến để khử hai người này và bí mật của vua Hiệp Hòa đã bị bại lộ. Nhận thấy,@HUE
data\data_prepared\wavs\r04R2nOFkA4_0374.wav,những ảnh hưởng của vua Hiệp Hòa đến hai chủ chiến. Chính vì vậy mà ông Tô Thất,@HUE
data\data_prepared\wavs\r04R2nOFkA4_0375.wav,Thiết và ông Nguyễn Vân Tường đã cấu kết với nhau và tâu lên Thái Hòa Thảo Từ Dũ.,@HUE
data\data_prepared\wavs\r04R2nOFkA4_0376.wav,Phế Trúc ngài Hiệp Hòa đã cử ông ích Khiêm dẫn 50 binh lính đến để bắt ép vua,@HUE
data\data_prepared\wavs\r04R2nOFkA4_0377.wav,Hiệp Hòa tự vận. Lúc đó thì ông ích Khiêm đã mang đến đặt trước mặt vua Hiệp,@HUE
data\data_prepared\wavs\r04R2nOFkA4_0378.wav,"Hòa tại cung Càn Thành nơi vua đang nghỉ là một cái chén thuộc độc, một sợ dây và",@HUE
data\data_prepared\wavs\r04R2nOFkA4_0379.wav,"một cái kiếm. Sau một hồi thuyết phục thì vua Hiệp Hòa là không có đồng ý,",@HUE
data\data_prepared\wavs\r04R2nOFkA4_0380.wav,không có chịu tự vận. Chính vì vậy mà đã ông ích khiêm đã cho người ép buộc vua,@HUE
data\data_prepared\wavs\r04R2nOFkA4_0381.wav,là bức vua phải chết và vua Hiệp Hòa cũng bán hà,@HUE
data\data_prepared\wavs\r04R2nOFkA4_0382.wav,ngay sau đó. Và đó chính là một cái kết cục hết sức,@HUE
data\data_prepared\wavs\r04R2nOFkA4_0383.wav,"là gọi là hết sức là đáng thương, hết sức là bi thảm đối với một cái ông vua",@HUE
data\data_prepared\wavs\r04R2nOFkA4_0384.wav,vãng số như vua Hiệp Hoàng. Một ông vua mà thật sự mà nói là lúc đầu không có hề,@HUE
data\data_prepared\wavs\r04R2nOFkA4_0385.wav,muốn lên cái ngay vàng đó bao giờ nhưng mà vì cái sự ép buộc cũng chính vì sự ép,@HUE
data\data_prepared\wavs\r04R2nOFkA4_0386.wav,buộc do đó cũng lên ngay vàng và đến khi chết thì cũng bị ép buộc.,@HUE
data\data_prepared\wavs\r04R2nOFkA4_0387.wav,"Ông được xem như là một phía đế, chính vì vậy mà cũng không được thờ trong thể",@HUE
data\data_prepared\wavs\r04R2nOFkA4_0388.wav,miếu. Và con cháu của ông sau này bây giờ thì cũng đã à xây một cái ngôi lăng,@HUE
data\data_prepared\wavs\r04R2nOFkA4_0389.wav,ngủ à cũng an ủi phần nào đến vong linh của vua Hiệp Hoa. Và hôm nay Huế Review,@HUE
data\data_prepared\wavs\r04R2nOFkA4_0390.wav,"cũng đến để thắp cho ngài một cái nén nhang, một cái nén hương à để an ủi cái",@HUE
data\data_prepared\wavs\r04R2nOFkA4_0391.wav,vong linh vãng số này. Và Huế Review cũng mong rằng quý vị khi nghe đến cuâu,@HUE
data\data_prepared\wavs\r04R2nOFkA4_0392.wav,chuyện này cũng có thể cảm nhận và cũng có thể đồng cảm với một cái vị vua vắng,@HUE
data\data_prepared\wavs\r04R2nOFkA4_0393.wav,số như thế này. Và nếu như quý vị à có lúc nào đó và đi ngang ừ cái khu vực này,@HUE
data\data_prepared\wavs\r04R2nOFkA4_0394.wav,thì cũng mong đến để thấp cho ngài một cái nén hương để an ủi vong linh.,@HUE
data\data_prepared\wavs\r04R2nOFkA4_0395.wav,Thì đương nhiên Tử Nguyệt Tam Vương tức là trong 4 tháng ba ông vua lên ngồi thì,@HUE
data\data_prepared\wavs\r04R2nOFkA4_0397.wav,Vương cho quý vị xem thì cũng đã có nói qua về cái vị vua này đó chính là Nguyễn,@HUE
data\data_prepared\wavs\r04R2nOFkA4_0398.wav,Phúc Ưng Đăng tức là lên vua lên ngôi vua lấy niên hiệu là Kiến Phúc là một,@HUE
data\data_prepared\wavs\r04R2nOFkA4_0399.wav,trong những người con nuôi à của vua Tử Đức Nguyễn Phúc Ứng Đăng tức là vua Kiến,@HUE
data\data_prepared\wavs\r04R2nOFkA4_0400.wav,"Phúc cũng là một cái ông vua hệ là tài hoa cũng há học hỏi, cũng rất là thận",@HUE
data\data_prepared\wavs\r04R2nOFkA4_0401.wav,trọng trong tất cả các việc. Tuy nhiên thì ông lại là cái vị vua mà có thể nói,@HUE
data\data_prepared\wavs\r04R2nOFkA4_0402.wav,"là mất trong cái lứa tuổi sớm nhất, nhỏ nhất của 13 triệu vô đệ Nguyễn. Ông ra",@HUE
data\data_prepared\wavs\r04R2nOFkA4_0403.wav,đi lúc đó mới 15 tuổi đấy. Và câu chuyện của vua kiến Phúc thì chắc có lẽ à sau,@HUE
data\data_prepared\wavs\r04R2nOFkA4_0404.wav,này khi Huế Review quay về cái lăng mộ của Vu Kiến Phúc nằm trong cái khu viên,@HUE
data\data_prepared\wavs\r04R2nOFkA4_0405.wav,của lăng Vu Tử Đức tức là nằm trong Khiêm Lăng và khu vực lăng của ông thì,@HUE
data\data_prepared\wavs\r04R2nOFkA4_0406.wav,được gọi là Bùi Lăng. Thì Huế Review sẽ kể cái câu chuyện này nhiều hơn cho quý,@HUE
data\data_prepared\wavs\r04R2nOFkA4_0407.wav,vị xem. Ở đây Huế Review chỉ lưu ý cho quý vị đó,@HUE
data\data_prepared\wavs\r04R2nOFkA4_0408.wav,"chính là Tam Vương. Ở đây là vua Dục Đức, vua Hiệp Hòa và vua Kiến Phúc. Tử",@HUE
data\data_prepared\wavs\r04R2nOFkA4_0410.wav,trước. Và cái giai đoạn Tử Nguyệt Tam Vương được xem là một cái thời kỳ đen,@HUE
data\data_prepared\wavs\r04R2nOFkA4_0411.wav,tối nhất của lịch sử Trịu Nguyệt như Huế Review nãy giờ đã nhắc cho quý vị. Đây,@HUE
data\data_prepared\wavs\r04R2nOFkA4_0412.wav,"chính là ngôi lăng mổ của một trong cái tử nguyệt tam vương ấy, lăng của vua",@HUE
data\data_prepared\wavs\r04R2nOFkA4_0413.wav,Hiệp Hòa tên thật là Nguyễn Phúc Hồng Dật. Thưa quý vị đến đây thì Huế Review,@HUE
data\data_prepared\wavs\r04R2nOFkA4_0414.wav,sau khi đã tâm sự đã chia sẻ với quý vị thì Huế Review cũng xin kết thúc video ở,@HUE
data\data_prepared\wavs\r04R2nOFkA4_0415.wav,đây. À rất mong quý vị khi chúng ta đi đến cái khu vực này phường Tây nha quý,@HUE
data\data_prepared\wavs\r04R2nOFkA4_0416.wav,"vị đồng cảm để đến đây thắp cho ngài một cái nén nhang, một cái nén nhang để an",@HUE
data\data_prepared\wavs\r04R2nOFkA4_0418.wav,số phận nó vẫn chưa hẩm hươu bằng một cái vị vua mà được gọi là rất là hẩm,@HUE
data\data_prepared\wavs\r04R2nOFkA4_0419.wav,"hiêu à trong lịch sử triều Nguyễn. Nhưng mà dù sao thì những cái nén nhan, những",@HUE
data\data_prepared\wavs\r04R2nOFkA4_0421.wav,rất lớn đối với những cái người hậu thế liên tưởng nhớ đến các bậc tiề nhân. Có,@HUE
data\data_prepared\wavs\r04R2nOFkA4_0422.wav,lẽ rằng Huế review trong cái không gian này à cái thời điểm này thì chắc cũng sẽ,@HUE
data\data_prepared\wavs\r04R2nOFkA4_0423.wav,kết thúc video ở đây bởi vì nó cũng đã đến lúc xế chiều.,@HUE
data\data_prepared\wavs\r04R2nOFkA4_0424.wav,Ở đây Huế Review cũng bật Mỹ cho quý vị. Khi quý vị mà chúng ta đến viện lăng của,@HUE
data\data_prepared\wavs\r04R2nOFkA4_0425.wav,các vị vua hay là những cái lăng khác thì quý vị nên đến vào những cái buổi,@HUE
data\data_prepared\wavs\r04R2nOFkA4_0426.wav,sĩa chiều như thế này thì quý vị sẽ cảm nhận được có một cái sự đồng cảm nào đó,@HUE
data\data_prepared\wavs\r04R2nOFkA4_0427.wav,"đối với những à vị vua, đối với những cái bậc tiền nhân như thế này. Cũng mong",@HUE
data\data_prepared\wavs\r04R2nOFkA4_0428.wav,là quý vị xem video thấy video này hay thì mong quý vị like và chia sẻ video à,@HUE
data\data_prepared\wavs\r04R2nOFkA4_0429.wav,"cũng như đăng ký kênh Huế Review để nhận những cái thông tin mới nhất, những",@HUE
data\data_prepared\wavs\r04R2nOFkA4_0430.wav,"video mới nhất về Huế nha quý vị. Chúc quý vị luôn vui vẻ, sức khỏe và bình an.",@HUE
data\data_prepared\wavs\r04R2nOFkA4_0431.wav,Hẹn gặp lại quý vị ở những video tiếp theo. Xin chào và hẹn gặp lại quý vị.,@HUE
data\data_prepared\wavs\rCsV8trcKqI_0001.wav,Mến chào quý vị đã quay trở lại với Huế hôm nay thôi quý vị ơi.,@HUE
data\data_prepared\wavs\rCsV8trcKqI_0002.wav,Hôm nay là ngày đầu tháng cũng là ngày đầu tuần,@HUE
data\data_prepared\wavs\rCsV8trcKqI_0003.wav,ngày 2 tháng năm 2026 và là 14 tháng Giêng năm Bính Ngọ. Tết Bến Ngọ thưa quý,@HUE
data\data_prepared\wavs\rCsV8trcKqI_0004.wav,"vị. Như vậy thì đã hết tết, đã hết 3 ngày 7",@HUE
data\data_prepared\wavs\rCsV8trcKqI_0005.wav,à đã hết ba ngày tết 7 ngày xuân và hôm nay đã là ngày 14,@HUE
data\data_prepared\wavs\rCsV8trcKqI_0006.wav,thì bà con lại quay trở về với cuộc sống bình thường tiếp tục cày cuốc để,@HUE
data\data_prepared\wavs\rCsV8trcKqI_0008.wav,thì à còn hơn 300 ngày nữa thì sẽ tới Tết. Và,@HUE
data\data_prepared\wavs\rCsV8trcKqI_0009.wav,em xin tiếp tục cập nhật cảnh đường phố Huy à trong những ngày sau Tết xem thử,@HUE
data\data_prepared\wavs\rCsV8trcKqI_0010.wav,tình hình bây giờ đường phố bây giờ đã thay đổi như thế nào cũng như là cuộc,@HUE
data\data_prepared\wavs\rCsV8trcKqI_0011.wav,sống quay lại với cái nhịp độ bình thường thì sẽ ra sao. Thì đương nhiên,@HUE
data\data_prepared\wavs\rCsV8trcKqI_0012.wav,rồi quý vị. Sau tết thì bà con lại tiếp tục trở về,@HUE
data\data_prepared\wavs\rCsV8trcKqI_0013.wav,"lại cái cuộc sống bình thường thì đường phố chắc chắn là sẽ vắng vẻ, nó sẽ không",@HUE
data\data_prepared\wavs\rCsV8trcKqI_0014.wav,còn à rộn ràng đó như những ngày Tết.,@HUE
data\data_prepared\wavs\rCsV8trcKqI_0015.wav,Chính vì thế mà quý vị thấy là những cái khu vực này này như những khu vực đây,@HUE
data\data_prepared\wavs\rCsV8trcKqI_0016.wav,đường đi bộ từ biến tòa khâm tới đập đá. Và ngược lại thì quý vị thấy là,@HUE
data\data_prepared\wavs\rCsV8trcKqI_0018.wav,đi thì cũng là chuyện bình thường. Đối với những cái đường đi bộ này thì khả,@HUE
data\data_prepared\wavs\rCsV8trcKqI_0020.wav,Những người bạn nước ngoài thì họ cũng đến đây cứ lưu trú tại những cái khu vực,@HUE
data\data_prepared\wavs\rCsV8trcKqI_0021.wav,khách sạn xung quanh đây thì họ cũng thích thú khi mà được ngắm sông hương à,@HUE
data\data_prepared\wavs\rCsV8trcKqI_0023.wav,cái cầu quốc dân đẹp nhất sự Huế. Thì à quý vị cũng có thể thấy rằng là,@HUE
data\data_prepared\wavs\rCsV8trcKqI_0024.wav,các cái biến thuyền tòa khâm này bây giờ là cũng đã làm các cái bậc cấp đá và,@HUE
data\data_prepared\wavs\rCsV8trcKqI_0025.wav,chuẩn bị lót đá à những cái khu vực à lân cận để tạo ra cái tuyến đường đi dạo,@HUE
data\data_prepared\wavs\rCsV8trcKqI_0026.wav,từ biến tòa khâm tới cầu lim. có thể nói rằng là à rất nhiều những cái,@HUE
data\data_prepared\wavs\rCsV8trcKqI_0027.wav,dự án đang được triển khai và chuẩn bị đi vào hoạt động trong năm 2026 này.,@HUE
data\data_prepared\wavs\rCsV8trcKqI_0028.wav,Đồng thời thì thời tiết ở Huế bây giờ quý vị thấy là trời cũng đã nắng nóng.,@HUE
data\data_prepared\wavs\rCsV8trcKqI_0029.wav,"Em đi trên đường thì cũng đã thấy rằng là biến ve kêu răm rang rồi, báo hiệu",@HUE
data\data_prepared\wavs\rCsV8trcKqI_0030.wav,một cái mùa hè sắp đến và những cái khu vực à công viên có linh vật bệnh ngọ thì,@HUE
data\data_prepared\wavs\rCsV8trcKqI_0031.wav,quý vị cũng có thể thấy rằng là không còn bóng dáng người qua lại.,@HUE
data\data_prepared\wavs\rCsV8trcKqI_0032.wav,ở những cái thời điểm mà Tết và những cái thời điểm mà còn mùng á thì em,@HUE
data\data_prepared\wavs\rCsV8trcKqI_0033.wav,thấy là bà con dù là khá trưa nhưng mà vẫn còn đến đây để chụp hình check in à,@HUE
data\data_prepared\wavs\rCsV8trcKqI_0034.wav,chụp hình để mà lưu lự lưu giữ những cái hình ảnh về thủ,@HUE
data\data_prepared\wavs\rCsV8trcKqI_0035.wav,về tết thì bây giờ cũng vắng vẽ thì đương nhiên là bà con bây giờ là bựn,@HUE
data\data_prepared\wavs\rCsV8trcKqI_0036.wav,đi làm với là hơn nữa là ngày đầu tuần thì cũng sẽ vắng người là chuyện đư Tuy,@HUE
data\data_prepared\wavs\rCsV8trcKqI_0037.wav,"nhiên, tuy nhiên thì những bạn học sinh đ giờ tiếtc học thể dục thì cũng à đến à",@HUE
data\data_prepared\wavs\rCsV8trcKqI_0038.wav,quanh cái khu vực này để à học thể dục với là chơi cầu long. Đấy,@HUE
data\data_prepared\wavs\rCsV8trcKqI_0039.wav,quý chị thấy là những bộ môn thể dục rất là à tuyệt vời để rèn luyện sức khỏe cho,@HUE
data\data_prepared\wavs\rCsV8trcKqI_0040.wav,"các em, các cháu và phía",@HUE
data\data_prepared\wavs\rCsV8trcKqI_0041.wav,lĩnh vực à Bến Ngọ ở khu vực bia quốc học thì cũng đã chuẩn bị được à hạ gii.,@HUE
data\data_prepared\wavs\rCsV8trcKqI_0042.wav,Thường thì em thấy là sẽ để trong khoảng thời gian từ 15 tới 30 ngày gì đó à hoặc,@HUE
data\data_prepared\wavs\rCsV8trcKqI_0043.wav,là hơn thì chắc chắn là sẽ hạ giải cái khu vực này để trả lại cái sân,@HUE
data\data_prepared\wavs\rCsV8trcKqI_0044.wav,trước bia quốc học và những cái hoa tươi trang trí trong các cái khu vực công,@HUE
data\data_prepared\wavs\rCsV8trcKqI_0045.wav,viên dọc bờ sông Hương thì quý vị thấy là cũng đã được đem về để dưỡng cho,@HUE
data\data_prepared\wavs\rCsV8trcKqI_0046.wav,những cái năm sau. và trả lại cái khu vực công viên cỏ xanh,@HUE
data\data_prepared\wavs\rCsV8trcKqI_0047.wav,rất là đẹp và phải nói rằng là Huế bây giờ rất yên,@HUE
data\data_prepared\wavs\rCsV8trcKqI_0048.wav,"bình, yên bình và đẹp nữa quý vị.",@HUE
data\data_prepared\wavs\rCsV8trcKqI_0049.wav,À đợt trước thì cũng có một quý vị khán,@HUE
data\data_prepared\wavs\rCsV8trcKqI_0050.wav,giả là yêu cầu em quay cái đường An Dương Vương à từ chợ ăn cụ tới bến xe,@HUE
data\data_prepared\wavs\rCsV8trcKqI_0051.wav,thì em đang ở khu vực bến xe phía Nam thì đáp ứng được cái yêu cầu đó của vị,@HUE
data\data_prepared\wavs\rCsV8trcKqI_0052.wav,khán giả thì em cũng quay cho quý vị xem luôn từ khu vực bến xe phía Nam thì như,@HUE
data\data_prepared\wavs\rCsV8trcKqI_0053.wav,quý vị thấy là khu vực bến xe bây giờ cũng rất đông người. Thứ nhất là bà con,@HUE
data\data_prepared\wavs\rCsV8trcKqI_0054.wav,"đón tết song là đi làm ăn xa những cái khu vực như Sài Gòn, Hà Nội",@HUE
data\data_prepared\wavs\rCsV8trcKqI_0055.wav,vân vân à thì sẽ đến bến xe rất là đông. Huế và Đà,@HUE
data\data_prepared\wavs\rCsV8trcKqI_0056.wav,Nẵng cũng thế. À còn khu vực đường An Dương Vương thì,@HUE
data\data_prepared\wavs\rCsV8trcKqI_0057.wav,phải nói rằng là một trong những cái con đường đô hội của xứ Huế. Bởi vì ở đây,@HUE
data\data_prepared\wavs\rCsV8trcKqI_0058.wav,cũng gần bến xe phía Nam là thứ nhất. Cái thứ hai thì cũng gần các cái khu chợ,@HUE
data\data_prepared\wavs\rCsV8trcKqI_0059.wav,lớn như trong đó có chợ ăn cụ thì lát em cũng sẽ cũ để quay cho quý vị xem luôn.,@HUE
data\data_prepared\wavs\rCsV8trcKqI_0060.wav,Đấy à đường An Nhân Vương trong một à buổi sáng rộn ràng cho ta một cái cảm,@HUE
data\data_prepared\wavs\rCsV8trcKqI_0061.wav,giác à cũng có gì đó mà còn một sự nhộn nhịp của những ngày Tết.,@HUE
data\data_prepared\wavs\rCsV8trcKqI_0062.wav,Tuy nhiên thì với cái thời tiết nóng nực như thế này thì bà con chúng ta cần phải,@HUE
data\data_prepared\wavs\rCsV8trcKqI_0063.wav,có một cái sự chuẩn bị sớm để đón cái mùa hè. Vì em nghe dự báo thì nói năm,@HUE
data\data_prepared\wavs\rCsV8trcKqI_0064.wav,nay cũng trời cũng sẽ rất là nóng đấy và nóng sớm hơn so với năm ngoái.,@HUE
data\data_prepared\wavs\rCsV8trcKqI_0065.wav,Thì à sức nóng đó thì bây giờ quý vị thấy là,@HUE
data\data_prepared\wavs\rCsV8trcKqI_0066.wav,được tới vừa rồi đó. Trời tuy là có lạnh nhưng mà cũng đã à nắng rồi. So với,@HUE
data\data_prepared\wavs\rCsV8trcKqI_0067.wav,những năm trước thì năm nay đúng là nắng sớm hơn so với à những năm trở về trước.,@HUE
data\data_prepared\wavs\rCsV8trcKqI_0068.wav,Hiện tại thì bây giờ quý vị thấy là xung quanh nhà của bà con thì vẫn còn những,@HUE
data\data_prepared\wavs\rCsV8trcKqI_0069.wav,cái cháu hoa cúc còn nở rất là rực rỡ. Đó là nguyên nhân mà tại vì sao mà Hoa,@HUE
data\data_prepared\wavs\rCsV8trcKqI_0070.wav,Cúc luôn là một cái sự lựa chọn tuyệt đối trong những ngày Tết mà bà con muốn,@HUE
data\data_prepared\wavs\rCsV8trcKqI_0071.wav,à mua ở chợ Hoa Tết. Chính vì thế mà năm nay thì em thấy quý vị cũng thể thấy là,@HUE
data\data_prepared\wavs\rCsV8trcKqI_0072.wav,chợ Hoa Tết vừa rồi đó thì cũng à đã bán hết rất là sớm,@HUE
data\data_prepared\wavs\rCsV8trcKqI_0073.wav,và đương nhiên thì nhắc với bờ Nam thì không thể quên chợ ăn cụ một trong những,@HUE
data\data_prepared\wavs\rCsV8trcKqI_0074.wav,cái ngôi chợ lớn nhất bờ Nam. à chợ ăn cựu trong những ngày đầu năm à,@HUE
data\data_prepared\wavs\rCsV8trcKqI_0075.wav,thì cũng buôn bán rộn ràng. Những tiệm vàng thì vẫn sặc sỡ rực rỡ. Bà con đi,@HUE
data\data_prepared\wavs\rCsV8trcKqI_0076.wav,chợ cũng rất là đông mặc dù là đã gần trưa,@HUE
data\data_prepared\wavs\rCsV8trcKqI_0077.wav,thì ngày mai là ngày rằm tháng giêng rồi đó thì bà con cũng đi chợ để mua hoa,@HUE
data\data_prepared\wavs\rCsV8trcKqI_0078.wav,cũng rầm đó. mới đó mà đã qua Tết nửa tháng rồi nha quý vị.,@HUE
data\data_prepared\wavs\rCsV8trcKqI_0079.wav,Thời gian trôi rất là nhanh và cuộc sống thì diễn ra liên tục liên tục như thế.,@HUE
data\data_prepared\wavs\rCsV8trcKqI_0081.wav,"Huế. Vẻ đẹp của Huế thì không nơi nào có được và nó đã đi vào thi ca, nó đã đi",@HUE
data\data_prepared\wavs\rCsV8trcKqI_0082.wav,vào âm nhạc. Và đương nhiên thì những bà con mà đã,@HUE
data\data_prepared\wavs\rCsV8trcKqI_0083.wav,rời xa quê hương lâu năm thì không thể không,@HUE
data\data_prepared\wavs\rCsV8trcKqI_0084.wav,à theo dõi từng cái thay đổi của Huế bởi vì bây giờ nó khác xưa rất là nhiều. Vẻ,@HUE
data\data_prepared\wavs\rCsV8trcKqI_0085.wav,"đẹp, nó có một cái gì đó pha lửng sự hiện đại nhưng mà vẫn giữ trong à",@HUE
data\data_prepared\wavs\rCsV8trcKqI_0086.wav,lòng những cái sự truyền thống cổ điện. Rất là Huế đấy. Giữ chút gì rất Huế đi,@HUE
data\data_prepared\wavs\rCsV8trcKqI_0087.wav,em. Và đây chính là nét đẹp đó của Huế. Những ngôi chợ,@HUE
data\data_prepared\wavs\rCsV8trcKqI_0088.wav,giống như chợ quê trong lòng thành phố. Một cái nét đẹp mà không pha lửng vào,@HUE
data\data_prepared\wavs\rCsV8trcKqI_0089.wav,bất cứ một nơi nào trên đất nước Việt Nam.,@HUE
data\data_prepared\wavs\rCsV8trcKqI_0090.wav,Đó là nguyên nhân tại vì sao mà em cũng muốn gửi đến cho quý vị những hình ảnh,@HUE
data\data_prepared\wavs\rCsV8trcKqI_0091.wav,về Huế sau Tết. trong đó phải ghé tất cả các chợ để cập nhật cho quý vị. Thì sắp,@HUE
data\data_prepared\wavs\rCsV8trcKqI_0092.wav,tới em cũng sẽ có một cái series làm về chợ Huế. Thì mong bà con chúng ta ủng hộ,@HUE
data\data_prepared\wavs\rCsV8trcKqI_0093.wav,theo dõi. Đây là đường Hà Tập à một trong những,@HUE
data\data_prepared\wavs\rCsV8trcKqI_0094.wav,cái con đường cũng có thay đổi rất lớn. Bây giờ quý vị thấy là cũng có rất nhiều,@HUE
data\data_prepared\wavs\rCsV8trcKqI_0095.wav,những cái quán xá à mọc lên quanh cái khu vực đường hào y tập này và đặc biệt,@HUE
data\data_prepared\wavs\rCsV8trcKqI_0096.wav,là chuẩn bị chúng ta được khánh thành một trong những cái quảng trường lớn,@HUE
data\data_prepared\wavs\rCsV8trcKqI_0097.wav,nhất sử Huế quảng trường văn hóa thể thao thành phố với tổng vốn đầu tư gần,@HUE
data\data_prepared\wavs\rCsV8trcKqI_0098.wav,200 tỷ đồng và theo như dự kiến thì tháng ba này là,@HUE
data\data_prepared\wavs\rCsV8trcKqI_0099.wav,sẽ khánh thành tuy nhiên em thấy là hiện tại cái tòa nhà trung tâm thì vẫn còn,@HUE
data\data_prepared\wavs\rCsV8trcKqI_0100.wav,"ngủ ngang đấy, chưa có cái sự à thay đổi nào lớn.",@HUE
data\data_prepared\wavs\rCsV8trcKqI_0101.wav,Tuy nhiên hy vọng rằng thì cũng sẽ sớm khảnh thành cái khu vực quảng trường này,@HUE
data\data_prepared\wavs\rCsV8trcKqI_0102.wav,và nhà trung tâm này để à tôn lên cái vẻ đẹp của một cái quảng,@HUE
data\data_prepared\wavs\rCsV8trcKqI_0103.wav,trường với tỷ giá gần 200 tỷ đồng. Ấy thì vừa rồi trong một cái buổi sáng,@HUE
data\data_prepared\wavs\rCsV8trcKqI_0104.wav,ngày đầu tuần đầu tháng à thì em cũng gửi đến cho quý vị một vài,@HUE
data\data_prepared\wavs\rCsV8trcKqI_0105.wav,hình ảnh đường phố cũng như là những cái dự án đang thi công sắp khắnh thành. Thì,@HUE
data\data_prepared\wavs\rCsV8trcKqI_0106.wav,"mong quý vị chúng ta vào xem, like, chia sẻ và đăng ký kênh Huế hôm nay để có thể",@HUE
data\data_prepared\wavs\rCsV8trcKqI_0107.wav,tiếp tục cập nhật những hình ảnh mới nhất về Huế.,@HUE
data\data_prepared\wavs\rCsV8trcKqI_0109.wav,em có thể tiếp thu và thực hiện theo yêu cầu của quý vị nhé. Còn bây giờ kính,@HUE
data\data_prepared\wavs\rCsV8trcKqI_0110.wav,chúc quý vị xem video thật là vui vẻ. Xin chào và hẹn gặp lại quý vị ở những,@HUE
data\data_prepared\wavs\rCsV8trcKqI_0111.wav,video tiếp theo.,@HUE
data\data_prepared\wavs\tjllnJX0Bc4_0002.wav,thôi. Ồ không biết tình hình là có đi qua được,@HUE
data\data_prepared\wavs\tjllnJX0Bc4_0003.wav,hay không. Nếu như không qua được thì chắc cũng,@HUE
data\data_prepared\wavs\tjllnJX0Bc4_0004.wav,không dám quay đâu quý vị. Đường này rất là nguy hiểm luôn. Wow.,@HUE
data\data_prepared\wavs\tjllnJX0Bc4_0005.wav,"Và chúng ta phải vượt qua thêm một cái, chúng ta phải vượt qua thêm một cái rừng",@HUE
data\data_prepared\wavs\tjllnJX0Bc4_0006.wav,keo nữa. Ồ,@HUE
data\data_prepared\wavs\tjllnJX0Bc4_0007.wav,đây quý vị thấy cái ngôi lăng mộ nó nằm ở đây rồi. Mến chào quý vị đã quay trở,@HUE
data\data_prepared\wavs\tjllnJX0Bc4_0008.wav,"lại với Huế Review. Quý vị và các bạn thân mến, hiện tại thì Huế Review đang",@HUE
data\data_prepared\wavs\tjllnJX0Bc4_0009.wav,đứng ở bờ sông Hương và phía trên kia chính là chúng ta sẽ đi lên cầu tuần,@HUE
data\data_prepared\wavs\tjllnJX0Bc4_0010.wav,thưa quý vị. Và cái phía này chính là lăng cơ thánh tức là hay người ta còn,@HUE
data\data_prepared\wavs\tjllnJX0Bc4_0011.wav,gọi là lăng sọ. Đây chính là cái ngôi lăng mộ mà người thân sinh ra vua Gia,@HUE
data\data_prepared\wavs\tjllnJX0Bc4_0012.wav,Long thưa quý vị. Tuy nhiên thì hôm nay Huế Review không phải quay lăng sọ cũng,@HUE
data\data_prepared\wavs\tjllnJX0Bc4_0013.wav,không phải là lăng cơ thánh mà tại vì là cái con đường này chính là một cái con,@HUE
data\data_prepared\wavs\tjllnJX0Bc4_0014.wav,đường dẫn chúng ta sẽ đi khám phá một cái lăng của vị chúa thứ hai của nhà,@HUE
data\data_prepared\wavs\tjllnJX0Bc4_0015.wav,Nguyễn đó chính là chúa Nguyễn Phúc Nguyên. Có một số quý vị là hỏi thời,@HUE
data\data_prepared\wavs\tjllnJX0Bc4_0016.wav,gian vừa rồi sao lại ít đăng video vậy? Thì thật ra mà nói là do cái quá trình,@HUE
data\data_prepared\wavs\tjllnJX0Bc4_0017.wav,mà đi lội nắng cũng như là đi quay rất nhiều cái lăng trước kia thì Huế Review,@HUE
data\data_prepared\wavs\tjllnJX0Bc4_0018.wav,có không khỏe trong người. Chính vì vậy mà vừa vừa rồi là cũng nghỉ mấy ngày và,@HUE
data\data_prepared\wavs\tjllnJX0Bc4_0019.wav,cảm ơn những cái quý vị đã hỏi thăm sức khỏe của Huy Review trong thời gian qua.,@HUE
data\data_prepared\wavs\tjllnJX0Bc4_0020.wav,Và hôm nay sau khi khỏe lại thì tôi đã tiến hành đi quay à tiếp cái ngôi lăng,@HUE
data\data_prepared\wavs\tjllnJX0Bc4_0022.wav,Nguyễn Phúc Nguyên nó nằm ở phía đối diện của cái bờ sông này. Đó là tính là,@HUE
data\data_prepared\wavs\tjllnJX0Bc4_0023.wav,phía bên kia thuộc cái địa phận là hải cát. Và bây giờ chúng ta sẽ đi tìm ngôi,@HUE
data\data_prepared\wavs\tjllnJX0Bc4_0024.wav,lăng mộ của ngài xem thử là có đối diện được với cái khu vực này hay không hay,@HUE
data\data_prepared\wavs\tjllnJX0Bc4_0025.wav,"là tôi định vị sai. Và không để quý vị chờ lâu, mời quý vị theo chân Huế Review",@HUE
data\data_prepared\wavs\tjllnJX0Bc4_0026.wav,chúng ta cùng khám phá ngôi lăng ngộ của vị chú thứ hai của nhà Nguyễn. có thể,@HUE
data\data_prepared\wavs\tjllnJX0Bc4_0027.wav,nói có rất nhiều cái bí ẩn và rất nhiều cái điều thú vị nằm phía sau cái ngôi,@HUE
data\data_prepared\wavs\tjllnJX0Bc4_0028.wav,lăng mộ này. Xin kính mời quý vị. Vâng c kính thưa quý vị thì hiện tại tôi,@HUE
data\data_prepared\wavs\tjllnJX0Bc4_0029.wav,đang có mặt ở ngay cái thôn Hải Cát đây quý vị. thì không hải cát thuộc xã Hương,@HUE
data\data_prepared\wavs\tjllnJX0Bc4_0030.wav,"Khó, thị xã Hương Trà, tỉnh Thư Thiên Huế. Và cái con đường này sẽ dẫn chúng",@HUE
data\data_prepared\wavs\tjllnJX0Bc4_0031.wav,ta đến ngôi lăng mộ của chúa sải Nguyễn Phúc Nguyên có tên gọi là lăng Trường,@HUE
data\data_prepared\wavs\tjllnJX0Bc4_0033.wav,cảnh thì thật là nên thơ. Nếu như chỗ quý vị nhìn qua phía bên kia thì chúng,@HUE
data\data_prepared\wavs\tjllnJX0Bc4_0034.wav,"ta có thể thấy là cái đường đi lên phía cầu tùm. Đấy,",@HUE
data\data_prepared\wavs\tjllnJX0Bc4_0035.wav,ở đây thì đường xá nhìn cũng rất là đẹp đây quý vị.,@HUE
data\data_prepared\wavs\tjllnJX0Bc4_0037.wav,những cái khung cảnh làng quê thì rất là êm dễu và cũng rất là thơ mỏng. Và nếu,@HUE
data\data_prepared\wavs\tjllnJX0Bc4_0038.wav,như mà quý vị đến Huế rồi thì rõ ràng là quý vị sẽ không thể quên được những cái,@HUE
data\data_prepared\wavs\tjllnJX0Bc4_0039.wav,"con đường làng như thế này. Đặc biệt thì cái dòng sông Hương Thơ Mộng, một cái",@HUE
data\data_prepared\wavs\tjllnJX0Bc4_0040.wav,dòng sông Hương huyền thoại đó. Và trước giờ thì chúng ta,@HUE
data\data_prepared\wavs\tjllnJX0Bc4_0041.wav,chỉ ở cái khu vực à hạ lưu của sông Hương nhưng mà bây giờ ở,@HUE
data\data_prepared\wavs\tjllnJX0Bc4_0042.wav,đây là thuộc khu vực thường lưu. Thì con đường này sẽ dẫn đến một cái,@HUE
data\data_prepared\wavs\tjllnJX0Bc4_0043.wav,cánh đồng rất là lớn. Và trong cái cản đồng đó thì đi vào cái ngôi lăng ngộ,@HUE
data\data_prepared\wavs\tjllnJX0Bc4_0044.wav,theo như Huế Review tìm hiểu thì vào cái ngôi lăng trường diện á thì cũng rất là,@HUE
data\data_prepared\wavs\tjllnJX0Bc4_0046.wav,có thể thấy rõ rằng là người dân à sống trong cái không khí rất,@HUE
data\data_prepared\wavs\tjllnJX0Bc4_0047.wav,là yên bình. Con đường này cũng dẫn chúng ta đến điểm hòn chén thô quý vị.,@HUE
data\data_prepared\wavs\tjllnJX0Bc4_0048.wav,vào những cái ngày tháng 3 âm lịch hay là những cái ngày tháng bả người ta gọi,@HUE
data\data_prepared\wavs\tjllnJX0Bc4_0049.wav,là tháng bả vía cha tháng ba vía mẹ thì ở khu vực làng hải cát thường tổ chức à,@HUE
data\data_prepared\wavs\tjllnJX0Bc4_0050.wav,cái lễ hội đi hòng chén một cái lễ hội có thể nói là tâm linh lớn nhất của Việt,@HUE
data\data_prepared\wavs\tjllnJX0Bc4_0051.wav,Nam ở đây là cái khu vực à,@HUE
data\data_prepared\wavs\tjllnJX0Bc4_0052.wav,"đinh làng Hải Cát đây quý vị. Đấy, một cái đinh làng rất là đẹp và cũng có rất",@HUE
data\data_prepared\wavs\tjllnJX0Bc4_0053.wav,nhiều cái sự tích quanh cái ngôi đình làng này.,@HUE
data\data_prepared\wavs\tjllnJX0Bc4_0054.wav,Do là hôm nay cái con đường này là dẫn chúng ta đến một cái ngôi lăng mộ của vị,@HUE
data\data_prepared\wavs\tjllnJX0Bc4_0055.wav,trú thứ hai. Chính vì vậy mà Huế Riew cũng luôn tiện muốn quay cho quý vị xem,@HUE
data\data_prepared\wavs\tjllnJX0Bc4_0056.wav,cái khung cảnh đường làng ở cái phía thượng nguồn sông Hương,@HUE
data\data_prepared\wavs\tjllnJX0Bc4_0057.wav,đó. những cái lũ t làng nhìn rất là đẹp. Thời tiết hôm nay cũng khá là âm u thưa,@HUE
data\data_prepared\wavs\tjllnJX0Bc4_0058.wav,"quý vị. Đấy, Huế Review đi nhưng mà thực sự cũng",@HUE
data\data_prepared\wavs\tjllnJX0Bc4_0059.wav,rất là sợ là sẽ gặp mưa. Nhưng mà vì lâu ngày rồi không có đăng,@HUE
data\data_prepared\wavs\tjllnJX0Bc4_0060.wav,video chính vì vậy mà cũng có nhiều quý vị là,@HUE
data\data_prepared\wavs\tjllnJX0Bc4_0061.wav,muốn xem video của Huế Review. Do đó là hôm nay bất chấp dù có mưa như thế nào,@HUE
data\data_prepared\wavs\tjllnJX0Bc4_0062.wav,thì Huế Review cũng sẽ cố gắng. để tìm đến cái ngôi lăng mộ của vị trú thứ hai,@HUE
data\data_prepared\wavs\tjllnJX0Bc4_0063.wav,đấy trong cái series chuỗi tìm kiếm lăng mộ của chín chú Nguyễn,@HUE
data\data_prepared\wavs\tjllnJX0Bc4_0064.wav,đây cũng có lẽ là lần đầu tiên để review đến cái ngôi lăng mù này do đó là phải,@HUE
data\data_prepared\wavs\tjllnJX0Bc4_0065.wav,trải qua một cái quá trình tìm kiếp sau đó mong quý vị cùng theo chân huế đ,@HUE
data\data_prepared\wavs\tjllnJX0Bc4_0066.wav,video việ chúng ta khám phá và tìm kiếm cái ngôi lă mộ,@HUE
data\data_prepared\wavs\tjllnJX0Bc4_0067.wav,như như là chúng ta đã đến cái khu vực đối diện với cái lăng a cơ thánh nằm,@HUE
data\data_prepared\wavs\tjllnJX0Bc4_0068.wav,phía bên kia quý vị này. Đấy và dường như là ngôi lăng mộ nó nằm ở đâu quanh,@HUE
data\data_prepared\wavs\tjllnJX0Bc4_0069.wav,khu vực này. Thế thì vi sẽ check lại bảng đồ để xem,@HUE
data\data_prepared\wavs\tjllnJX0Bc4_0070.wav,thử nó nằm ở đâu quan cái khu vực này nha quý vị. À nhìn ra cái bờ sông Hương,@HUE
data\data_prepared\wavs\tjllnJX0Bc4_0071.wav,nhìn rất là đẹp luôn quý vị. Phung cảnh rất là tuyệt vời.,@HUE
data\data_prepared\wavs\tjllnJX0Bc4_0072.wav,Nhìn rất là hùng vị luôn. Nhưng như ở đây là cũng có đang thi công,@HUE
data\data_prepared\wavs\tjllnJX0Bc4_0073.wav,"một cái công trình gì đây. Đấy,",@HUE
data\data_prepared\wavs\tjllnJX0Bc4_0074.wav,những chiếc xe tại cửa lớn đang chuyên trở đất.,@HUE
data\data_prepared\wavs\tjllnJX0Bc4_0075.wav,Nhưng như nó nằm cái lăng mộ mà nếu như theo định vị thì nó sẽ nằm đâu ở phía,@HUE
data\data_prepared\wavs\tjllnJX0Bc4_0077.wav,cái lăng sổ. Cái vị trí lúc nãy mà Huế Review đứng là,@HUE
data\data_prepared\wavs\tjllnJX0Bc4_0078.wav,ở đường này quý vị. Một con đường quá đẹp quý vị. Thực sự mà,@HUE
data\data_prepared\wavs\tjllnJX0Bc4_0079.wav,nói luôn quá đẹp. Ở đây nhà cửa của bà con thì nhìn cũng,@HUE
data\data_prepared\wavs\tjllnJX0Bc4_0080.wav,"rất là cao, cái móng rất là cao. Ở đây thì Huế Ria cũng thấy có nhiều",@HUE
data\data_prepared\wavs\tjllnJX0Bc4_0081.wav,"miếu mổ, nhiều cái miếu, những con đường rất là đẹp.",@HUE
data\data_prepared\wavs\tjllnJX0Bc4_0082.wav,Không biết nó có nằm quanh khu vực này hay không. Bây giờ chúng ta sẽ chét bạc,@HUE
data\data_prepared\wavs\tjllnJX0Bc4_0083.wav,đồ xem như thế nào. Vâng kính thưa quý vị thì theo như định,@HUE
data\data_prepared\wavs\tjllnJX0Bc4_0084.wav,vị thì cái ngôi lăng mộ của chúng ta là ngôi lăng trường diễn nó sẽ nằm theo cái,@HUE
data\data_prepared\wavs\tjllnJX0Bc4_0085.wav,đường này. Và ở đây là xung quanh là quý vị thấy là có nhà của người dân ở đây,@HUE
data\data_prepared\wavs\tjllnJX0Bc4_0086.wav,này. Do đó là Huy Vi gửi xe ở đây và sẽ băng theo cái con đường này để chúng ta,@HUE
data\data_prepared\wavs\tjllnJX0Bc4_0087.wav,di chuyển đến ngôi long mổ. Đó,@HUE
data\data_prepared\wavs\tjllnJX0Bc4_0089.wav,vị. Nhìn như là ở đây con đường này là cũng,@HUE
data\data_prepared\wavs\tjllnJX0Bc4_0090.wav,có cây cối bằng rừng đây quý vị.,@HUE
data\data_prepared\wavs\tjllnJX0Bc4_0091.wav,Thì không biết cái con đường này là cái con đường đã được tối ưu hóa chưa? Không,@HUE
data\data_prepared\wavs\tjllnJX0Bc4_0092.wav,biết là cái con đường này con đường ngắn nhất chưa? Nhưng mà theo như Huế Review,@HUE
data\data_prepared\wavs\tjllnJX0Bc4_0093.wav,thì à Huế Review sẽ đi cái con đường này để qua cái ngôi lăng mộ đó.,@HUE
data\data_prepared\wavs\tjllnJX0Bc4_0094.wav,Hiện tại thì bên này là đang dự định làm con đường mở để đi qua thôi quý vị này.,@HUE
data\data_prepared\wavs\tjllnJX0Bc4_0095.wav,Nhưng mà quý vị thấy là ở đây dường như là Thủy review tìm hiểu thì nhìn như là,@HUE
data\data_prepared\wavs\tjllnJX0Bc4_0096.wav,chỉ có duy nhất một cái con đường này để qua thôi. Do đó là đ phải phải chấp nhận,@HUE
data\data_prepared\wavs\tjllnJX0Bc4_0097.wav,là để à lừng mò xem thử. Ui giờ bây giờ cy cối nó tm lm tm lá,@HUE
data\data_prepared\wavs\tjllnJX0Bc4_0098.wav,luôn quý vị này. Ồ,@HUE
data\data_prepared\wavs\tjllnJX0Bc4_0099.wav,không biết tần hình là có đi qua được hay không.,@HUE
data\data_prepared\wavs\tjllnJX0Bc4_0100.wav,Nếu như không qua được thì chắc cũng không dám quay đâu quý vị. Đường này rất,@HUE
data\data_prepared\wavs\tjllnJX0Bc4_0101.wav,là nguy hiểm luôn. Wow. Wow.,@HUE
data\data_prepared\wavs\tjllnJX0Bc4_0102.wav,Nhưng như ở đây là có một cái con suối. Có một cái con suối nhưng mà bây giờ nó,@HUE
data\data_prepared\wavs\tjllnJX0Bc4_0103.wav,"cũng đã bị dập luôn rồi. Wow,",@HUE
data\data_prepared\wavs\tjllnJX0Bc4_0104.wav,khá là giang n quý vị. Chúng ta sẽ đạp lên cỏ đi thôi.,@HUE
data\data_prepared\wavs\tjllnJX0Bc4_0105.wav,Bây giờ chỉ cần vượt qua cái đoạn này là có thể qua được.,@HUE
data\data_prepared\wavs\tjllnJX0Bc4_0106.wav,Ô đi được quý vị không biết là đi cái hộ lỗi này như thế,@HUE
data\data_prepared\wavs\tjllnJX0Bc4_0108.wav,Wow lăng mà nằm ở vị thế nó như thế này mà,@HUE
data\data_prepared\wavs\tjllnJX0Bc4_0109.wav,nếu như không làm đường thì chắc cũng không ai dám đến để đi tham quan luôn,@HUE
data\data_prepared\wavs\tjllnJX0Bc4_0110.wav,"quý vị ơi. Và chúng ta phải vượt qua thêm một cái,",@HUE
data\data_prepared\wavs\tjllnJX0Bc4_0111.wav,chúng ta phải vượt qua thêm một cái rừng keo nữa.,@HUE
data\data_prepared\wavs\tjllnJX0Bc4_0113.wav,Đây đôi đôi giày nó hư rồi. Do đó là cũng,@HUE
data\data_prepared\wavs\tjllnJX0Bc4_0114.wav,mang theo cái đuôi dép thôi. Quý vị chúng ta phải vượt qua cái rừng keo này,@HUE
data\data_prepared\wavs\tjllnJX0Bc4_0115.wav,nữa mới có thể tìm qua được cái ngôi lăng mổ.,@HUE
data\data_prepared\wavs\tjllnJX0Bc4_0116.wav,Thật ra thì có nhiều quý vị nói là quay lăng thôi đừng có quay đường đi.,@HUE
data\data_prepared\wavs\tjllnJX0Bc4_0117.wav,Nhưng mà thực sự mà nếu như mà quý vị không có coi những cái thử phim này thì,@HUE
data\data_prepared\wavs\tjllnJX0Bc4_0118.wav,quý vị cũng sẽ không có thể hiểu được là cái việc mà đi tìm những cái ngôi lăng,@HUE
data\data_prepared\wavs\tjllnJX0Bc4_0119.wav,mộ như thế này nó vất vả như thế nào. Đâu quý vị.,@HUE
data\data_prepared\wavs\tjllnJX0Bc4_0120.wav,"Bởi vậy mà chúng ta phải chấp nhận,",@HUE
data\data_prepared\wavs\tjllnJX0Bc4_0121.wav,"muốn tìm về nguồn cội thì phải chấp nhận thôi quý vị. Đây, ở đây người ta cũng",@HUE
data\data_prepared\wavs\tjllnJX0Bc4_0122.wav,"rào kín lại luôn rồi này. Ồ,",@HUE
data\data_prepared\wavs\tjllnJX0Bc4_0123.wav,vẫn chưa có lối ra thôi quý vị. Ồ!,@HUE
data\data_prepared\wavs\tjllnJX0Bc4_0124.wav,Đây quý vị thấy cái ngôi lăng mộ nó nằm ở đây rồi.,@HUE
data\data_prepared\wavs\tjllnJX0Bc4_0125.wav,Cũng có người mở lối để đi qua khu vực này.,@HUE
data\data_prepared\wavs\tjllnJX0Bc4_0126.wav,W tiếp tục quý v ơi. Đây,@HUE
data\data_prepared\wavs\tjllnJX0Bc4_0127.wav,review đã tìm tới ngôi lă mộ rồi quý vị. Quý vị thân mến thì ở đây cũng có rất,@HUE
data\data_prepared\wavs\tjllnJX0Bc4_0128.wav,nhiều cái lối đi vào nhưng mà rõ ràng thì cái khu vực này cái ngôi lăng mộ của,@HUE
data\data_prepared\wavs\tjllnJX0Bc4_0129.wav,chúng ta nó nằm ở cái phía khu vực rất là sâu ở phía trong này rất là hẻo lánh,@HUE
data\data_prepared\wavs\tjllnJX0Bc4_0130.wav,luôn. Đây điều này chứng tỏ là khi mà quá trình tìm ra được cái ngôi lăng mộ,@HUE
data\data_prepared\wavs\tjllnJX0Bc4_0131.wav,này thì con cháu của Nguyễn Phước Tộc cũng rất là vất vả khi mà,@HUE
data\data_prepared\wavs\tjllnJX0Bc4_0132.wav,tìm đến và trùng tu cái ngôi lăng mộ này thôi quý vị. Và ngôi lăng mộ này bây giờ,@HUE
data\data_prepared\wavs\tjllnJX0Bc4_0133.wav,cũng đã được trùng tu. Phần nào,@HUE
data\data_prepared\wavs\tjllnJX0Bc4_0134.wav,đây? Xin mời quý vị chúng ta có một cái tấm bia trước khi vào lăng mổ. Đấy như,@HUE
data\data_prepared\wavs\tjllnJX0Bc4_0135.wav,"quý vị thấy thì ở đây là có cái bia là Nguyễn Phúc tộc Hệ Ba, Lăng Trường Diễn,",@HUE
data\data_prepared\wavs\tjllnJX0Bc4_0136.wav,"Đức H tông Hiếu Văn Hoàng Đế, Huy là Nguyễn Phúc Nguyên. Năm 1563 đến năm",@HUE
data\data_prepared\wavs\tjllnJX0Bc4_0137.wav,1635 thời gian trị vị 163 đến 1635 thôi quý,@HUE
data\data_prepared\wavs\tjllnJX0Bc4_0138.wav,vị. Hội đồng trị sự Nguyễn Phúc Cọc Phùng Lập năm 2004.,@HUE
data\data_prepared\wavs\tjllnJX0Bc4_0139.wav,"Đấy, như vậy là năm 2004 là có trùng tu lại và quý vị thấy cái tấm bia đấy.",@HUE
data\data_prepared\wavs\tjllnJX0Bc4_0140.wav,Không biết cái chữ này là chữ gì quý vị thì quý vị có thể dịch ra giúp Huy,@HUE
data\data_prepared\wavs\tjllnJX0Bc4_0141.wav,review. Đây à bia mổ. Đây là cái cái đế bia đó.,@HUE
data\data_prepared\wavs\tjllnJX0Bc4_0142.wav,Ở đây thì về mặt cấu trúc và kiến trúc thì theo,@HUE
data\data_prepared\wavs\tjllnJX0Bc4_0143.wav,như Huế R tìm hiểu ngôi làng mộ này cũng khá là giống cái lăng trường cơ chỉ có,@HUE
data\data_prepared\wavs\tjllnJX0Bc4_0144.wav,một vài khác biệt nhỏ và lát nữa Huế R vi cũng sẽ phân tích cho quý vị xem thì,@HUE
data\data_prepared\wavs\tjllnJX0Bc4_0145.wav,ở phía ngoài cái bụ thành ngoài là rõ ràng chúng ta thấy là cái cột của cái bụ,@HUE
data\data_prepared\wavs\tjllnJX0Bc4_0146.wav,thành nó rất là to bên này là đá này đó bộ thần ngoài được xây Đây làm,@HUE
data\data_prepared\wavs\tjllnJX0Bc4_0147.wav,bằng đá hết quý vị. Ở trên thì được à cái mái vòm là được,@HUE
data\data_prepared\wavs\tjllnJX0Bc4_0148.wav,xây bằng gạch vô. Tuy nhiên thì bây giờ cũng đã được xi măng hóa.,@HUE
data\data_prepared\wavs\tjllnJX0Bc4_0149.wav,Sau cái à bũ thành đó chính là cái cổng bũ thành.,@HUE
data\data_prepared\wavs\tjllnJX0Bc4_0150.wav,Nói về cái mặt cộc bụ thành thì so với lăng trường cơ thì khu vực này vẫn chưa,@HUE
data\data_prepared\wavs\tjllnJX0Bc4_0151.wav,"được trùng tu lại. Đấy, chính vì vậy mà quý vị vẫn có thể thấy được cái nét cổ",@HUE
data\data_prepared\wavs\tjllnJX0Bc4_0152.wav,"xưa và rõ ràng thì cái cổng bũ thành nó cũng rất là đơn giản, không có gì cầu kỳ",@HUE
data\data_prepared\wavs\tjllnJX0Bc4_0153.wav,phức tạp. những cái hoa văn ở phía trên đó thậm,@HUE
data\data_prepared\wavs\tjllnJX0Bc4_0154.wav,chí là những cái cách điệu ở phía trên dường như nó cũng đã bị bong tróc rồi.,@HUE
data\data_prepared\wavs\tjllnJX0Bc4_0155.wav,Không biết có hay không nhưng mà nếu có thì bây giờ nó cũng bị bong tróc và nó,@HUE
data\data_prepared\wavs\tjllnJX0Bc4_0156.wav,trở thành cái máy bằng rồi quý vị. Các cái ô học thì cũng không có cái gì trang,@HUE
data\data_prepared\wavs\tjllnJX0Bc4_0157.wav,trí bị biến trong. Hầu hết các cái lăng của chúa đó các cái lăng của chúa Nguyễn,@HUE
data\data_prepared\wavs\tjllnJX0Bc4_0158.wav,thì đều là như vậy. Quý vị thấy ngày xưa nó cũng có những cái vết sơn đỏ này xe,@HUE
data\data_prepared\wavs\tjllnJX0Bc4_0159.wav,bằng gạch này. Hôm nay thì rõ ràng là không có chìa khóa.,@HUE
data\data_prepared\wavs\tjllnJX0Bc4_0160.wav,H review cũng không thể nào vào bên trong. Nhưng mà,@HUE
data\data_prepared\wavs\tjllnJX0Bc4_0161.wav,nếu mà nhìn sơ bộ phía cái bức bình phong tiện thì cái mặt trước quý vị thấy,@HUE
data\data_prepared\wavs\tjllnJX0Bc4_0162.wav,là không có cái hình long mã giống như lăng trường cơ. À và rõ ràng là nó không,@HUE
data\data_prepared\wavs\tjllnJX0Bc4_0163.wav,có cái trang trí gì ở phía trên mặt cả. Đó thì làm thì vật liệu thì được xây,@HUE
data\data_prepared\wavs\tjllnJX0Bc4_0164.wav,dựng bằng gạch vô. Khác với,@HUE
data\data_prepared\wavs\tjllnJX0Bc4_0165.wav,cái bổ thần trong của lăng trường cơ thì cái bụ thần trong của lăng trường diễn,@HUE
data\data_prepared\wavs\tjllnJX0Bc4_0166.wav,nó đủ cũng được làm bằng đá chứ không phải là làm bằng gạch vô như là lăng,@HUE
data\data_prepared\wavs\tjllnJX0Bc4_0168.wav,không có cái gì cầu kỳ phức tạp. Bây giờ chúng ta sẽ bay Fly Cam lên cao,@HUE
data\data_prepared\wavs\tjllnJX0Bc4_0169.wav,để xem thử là có gì bên trong hay không và Huế Review cũng sẽ chia sẻ về tiểu sử,@HUE
data\data_prepared\wavs\tjllnJX0Bc4_0170.wav,của cái vị chúa thứ hai của nhà Nguyễn này. Xin kính mời quý vị. Kính thưa quý,@HUE
data\data_prepared\wavs\tjllnJX0Bc4_0171.wav,"vị, vừa rồi thì Huế Review cũng đã thấp một cái nén nhang ngay cái chỗ khu vực",@HUE
data\data_prepared\wavs\tjllnJX0Bc4_0172.wav,bia lăng này để tưởng niệm ngài. Bởi vì bây giờ Huế Review không vào bên trong,@HUE
data\data_prepared\wavs\tjllnJX0Bc4_0173.wav,được do đó chúng ta chỉ có thể là thấp ở phía ngoài này thôi thôi quý vị. Và bây,@HUE
data\data_prepared\wavs\tjllnJX0Bc4_0174.wav,giờ chúng ta sẽ bay Fly Gam lên cao xem thử có gì bên trong.,@HUE
data\data_prepared\wavs\tjllnJX0Bc4_0175.wav,Như quý vị thấy thì sau cái bụ th ngoài đó chính là bức bình phong. Đấy thì cái,@HUE
data\data_prepared\wavs\tjllnJX0Bc4_0176.wav,bức bình phong này ở phía trên mặt thì cũng không có cái họa tiết gì đáng chú,@HUE
data\data_prepared\wavs\tjllnJX0Bc4_0177.wav,ý. Sau cái bức bình phong chính là cái bộ thành trong và sau cái bụ thành trong,@HUE
data\data_prepared\wavs\tjllnJX0Bc4_0178.wav,đó chính là cái ngôi mộ của vị chúa thứ hai của nhà Nguyễn chúa xã Nguyễn Phúc,@HUE
data\data_prepared\wavs\tjllnJX0Bc4_0179.wav,Nguyên. Cái năm mộ này nó cũng hai tầng giống,@HUE
data\data_prepared\wavs\tjllnJX0Bc4_0180.wav,như chỗ lăng trường cơ thôi quý vị. Và sau cái nắm mổ đó chính là,@HUE
data\data_prepared\wavs\tjllnJX0Bc4_0181.wav,"một bức bình phong của cái bũ thanh ngoài. Nhìn chung thì cấu trúc lăng,",@HUE
data\data_prepared\wavs\tjllnJX0Bc4_0182.wav,"kiến trúc lăng rất chi là đơn giản, không có gì phức tạp. Tuy nhiên điều",@HUE
data\data_prepared\wavs\tjllnJX0Bc4_0183.wav,đáng nói ở đây chính là phía sau cái ngôi lăng mùa này là một con người rất,@HUE
data\data_prepared\wavs\tjllnJX0Bc4_0184.wav,là giỏi và rất là được người dân tôn sùng ở cái thời điểm đó. Ông tên thật là,@HUE
data\data_prepared\wavs\tjllnJX0Bc4_0185.wav,"Nguyễn Phúc Nguyên, là vị con thứ sáu của chúa Nguyễn Hoàng. Chúa Nguyễn Hoàng",@HUE
data\data_prepared\wavs\tjllnJX0Bc4_0186.wav,là cái người mà nằm trong cái lăng trường cơ mà Huế Review vừa rồi đã quay,@HUE
data\data_prepared\wavs\tjllnJX0Bc4_0187.wav,cho quý vị xem ở video đầu tiên của lăng Chí Chủ Nguyễn. Ngài sinh năm 1563 và,@HUE
data\data_prepared\wavs\tjllnJX0Bc4_0188.wav,mức năm 1635. Năm 1613 thì sau khi mà chỗ tiên Nguyễn,@HUE
data\data_prepared\wavs\tjllnJX0Bc4_0189.wav,Hoàng ôm và muốn tìm người kế vị thì đã gọi ngài từ Quảng Nam để kế vị. Ngài,@HUE
data\data_prepared\wavs\tjllnJX0Bc4_0190.wav,"Nguyễn Phúc Nguyên từ nhỏ là một người rất là thông minh, lanh lợi và rất là",@HUE
data\data_prepared\wavs\tjllnJX0Bc4_0191.wav,can đảm. Năm 1585. lúc đó ngài chỉ mới hai mươi mấy tuổi,@HUE
data\data_prepared\wavs\tjllnJX0Bc4_0192.wav,thôi nhưng mà đã chỉ huy à một cái đội quân đánh thắng hai cái chiếc thuyền mà,@HUE
data\data_prepared\wavs\tjllnJX0Bc4_0193.wav,gọi là cướp biển của Nhật và được chủ tiên Nguyễn Hoàng rất là khen ngợi và,@HUE
data\data_prepared\wavs\tjllnJX0Bc4_0194.wav,ngài đã thuốt ra rằng là con ta đúng là anh Kiệt. đến năm 1602,@HUE
data\data_prepared\wavs\tjllnJX0Bc4_0195.wav,đấy thì ngài được cử vào trấn thủ dân Quảng Nam và ngài đã ngày đêm chăm lo,@HUE
data\data_prepared\wavs\tjllnJX0Bc4_0197.wav,chủ tiên Nguyễn Hoàng rất là hài lòng. Đến năm 1613 sau khi kế vị từ chú tiên,@HUE
data\data_prepared\wavs\tjllnJX0Bc4_0198.wav,Nguyễn Hoàng thì chúa xã Nguyễn Phúc Nguyên cũng đã chăm lo cuộc sống của,@HUE
data\data_prepared\wavs\tjllnJX0Bc4_0199.wav,người dân rất là cần mng cũng như là rất thương yêu người dân chúng. lo cuộc sống,@HUE
data\data_prepared\wavs\tjllnJX0Bc4_0200.wav,của quân và dân. Chính vì vậy mà người dân cũng như là quân đội cũng hay gọi,@HUE
data\data_prepared\wavs\tjllnJX0Bc4_0202.wav,khỏi chính quyền của nhà Lê và đà ngoài à,@HUE
data\data_prepared\wavs\tjllnJX0Bc4_0203.wav,bằng việc là ngài đã không nộp thuế cho cái khu vực phía đang ngoài. Vì vậy mà,@HUE
data\data_prepared\wavs\tjllnJX0Bc4_0204.wav,"cuộc chiến giữa đang trong và đang ngoài, giữa họ Trịnh và họ Nguyễn là",@HUE
data\data_prepared\wavs\tjllnJX0Bc4_0205.wav,"ngày càng gây gắt. Thưa quý vị, ngài cũng chính là cái người đầu tiên ấy đặt",@HUE
data\data_prepared\wavs\tjllnJX0Bc4_0206.wav,nền móng cho việc xây dựng à cái sự lớn mạnh của đàng trong. Và điều đặc biệt,@HUE
data\data_prepared\wavs\tjllnJX0Bc4_0207.wav,hơn nữa thưa quý vị thì à ngài chính là cái người đầu tiên mà mang họ kép Nguyễn,@HUE
data\data_prepared\wavs\tjllnJX0Bc4_0208.wav,Phúc. Thật ra có một cái giai thoại mà liên quan đến cái việc mà ngài mang tên,@HUE
data\data_prepared\wavs\tjllnJX0Bc4_0209.wav,của họ kép Nguyễn Phúc đó chính là thân mẫu của ngài sau khi mà nằm mơ đấy thì,@HUE
data\data_prepared\wavs\tjllnJX0Bc4_0210.wav,có một cái vị thần đã à ban cho một cái tờ giấy và trên tờ giấy đó viết một cái,@HUE
data\data_prepared\wavs\tjllnJX0Bc4_0211.wav,chữ là chữ phúc. Sau khi tỉnh giấc mộng thì thân mẫu của ngài mới nói cho tất cả,@HUE
data\data_prepared\wavs\tjllnJX0Bc4_0212.wav,mọi người thì mọi người mới khuyên rằng là nên đặt chữ phúc. Tuy nhiên thân mẫu,@HUE
data\data_prepared\wavs\tjllnJX0Bc4_0213.wav,của ngài nói rằng nếu như đã phúc thì cả dòng họ cũng hưởng chứ không thể là một,@HUE
data\data_prepared\wavs\tjllnJX0Bc4_0214.wav,riêng ai hưởng. Chính vì vậy mà lấy cái chữ phúc đó làm cái chữ lót cho tất cả,@HUE
data\data_prepared\wavs\tjllnJX0Bc4_0215.wav,các cái tên. Thì chính vì vậy mà ngài sau khi sinh ra đã được đặt tên là,@HUE
data\data_prepared\wavs\tjllnJX0Bc4_0216.wav,Nguyễn Phúc Nguyên. Sau khi kế vị thì ngài đã không làm phụ lòng người cha của,@HUE
data\data_prepared\wavs\tjllnJX0Bc4_0217.wav,mình đó chính là chú Tiên Nguyễn Hoàng. ngài đã ra sức xây thành đắp lũy cũng,@HUE
data\data_prepared\wavs\tjllnJX0Bc4_0218.wav,như là các cái quan ải và đặc biệt là cái quan hệ giao thương buôn bán với các,@HUE
data\data_prepared\wavs\tjllnJX0Bc4_0219.wav,nước như nhật bản thì cũng rất là thuận lợi. Ở cái thời kỳ của ngài thì cái,@HUE
data\data_prepared\wavs\tjllnJX0Bc4_0220.wav,thương cảng Hội An được xem như là cái thương cảng lớn nhất và đô hội nhất thời,@HUE
data\data_prepared\wavs\tjllnJX0Bc4_0221.wav,đó. Ngài cũng ra sức ổn định cái khu vực phía Nam bằng việc là gã con gái ngọc,@HUE
data\data_prepared\wavs\tjllnJX0Bc4_0223.wav,Đồng thời thì cũng đã giúp vua Chân Lạp đem quân để mà hỗ trợ vua Chân Lạp đánh,@HUE
data\data_prepared\wavs\tjllnJX0Bc4_0224.wav,lại cái sự xâm lửng của quân Xiêm La. Ngài cũng đã gả con gái Ngọc Khoa cho,@HUE
data\data_prepared\wavs\tjllnJX0Bc4_0225.wav,vua Châm Ba và chính điều đó cũng đã ổn định được cái phần bờ cỏi ở phía nam để,@HUE
data\data_prepared\wavs\tjllnJX0Bc4_0226.wav,ngài dốc sức toàn lực đánh ra phía đàn ngoài và cuộc diễn giữa đàn ngoài và,@HUE
data\data_prepared\wavs\tjllnJX0Bc4_0227.wav,đàng trong cứ thế tiếp diễn cho những cái đời Chúa về sau. Đến năm 1635 thì,@HUE
data\data_prepared\wavs\tjllnJX0Bc4_0228.wav,ngài qua đời và người kế vị chính là chú Nguyễn Phúc Lang. hay còn gọi là chủ,@HUE
data\data_prepared\wavs\tjllnJX0Bc4_0229.wav,thượng và cái tên Nguyễn Phúc Nguyên thưa quý vị cũng đã được đặt tên cho một,@HUE
data\data_prepared\wavs\tjllnJX0Bc4_0230.wav,"cái con đường ở quận 3, thành phố Hồ Chí Minh ngày nay. Và sau ngài Nguyễn Hoàng",@HUE
data\data_prepared\wavs\tjllnJX0Bc4_0231.wav,tức là vị chúa tiên của chúng ta đã di dân và đặt nền móng cho việc mở cõi,@HUE
data\data_prepared\wavs\tjllnJX0Bc4_0232.wav,xuống phía Nam thì ngài Nguyễn Phúc Nguyên chính là vị chúa đầu tiên xây,@HUE
data\data_prepared\wavs\tjllnJX0Bc4_0233.wav,dựng thành một cái chính quyền đằng trong độc lập để có thể đấu tranh và,@HUE
data\data_prepared\wavs\tjllnJX0Bc4_0234.wav,chống lại à đàng ngoài tức là họ Trị và nhà Lê những cái chúa về sau và sau đó,@HUE
data\data_prepared\wavs\tjllnJX0Bc4_0235.wav,là chúa Nguyễn Phúc Lang tức là vị chúa thứ ba mà sắp tới Huy Rươ sẽ quay cái lă,@HUE
data\data_prepared\wavs\tjllnJX0Bc4_0236.wav,mộ của ngài để cho quý vị thưởng thức tiếp tục ké dựng cơ đồ của đang trong và,@HUE
data\data_prepared\wavs\tjllnJX0Bc4_0237.wav,tiếp tục đấu tranh chống lại cái lực lượng của đang ngoài. Có thể nói là chúa,@HUE
data\data_prepared\wavs\tjllnJX0Bc4_0238.wav,sải Nguyễn Phúc Nguyên là một con người rất là tuyệt vời. Ông cũng không có phụ,@HUE
data\data_prepared\wavs\tjllnJX0Bc4_0239.wav,lòng mong mỏi của cha mình đã gày dựng một cái sự đăng trong là tạo tiền đề cho,@HUE
data\data_prepared\wavs\tjllnJX0Bc4_0240.wav,việc mở rộng bờ cõi xuống phía Nam càng về sau thưa quý vị. Và hôm nay thì trời,@HUE
data\data_prepared\wavs\tjllnJX0Bc4_0241.wav,cũng khá là mu tuy nhiên thì do một cái số lý do khách quan vừa rồi thì Huế,@HUE
data\data_prepared\wavs\tjllnJX0Bc4_0242.wav,Review cũng có một thời gian là bị ốm mấy ngày. Chính vì vậy mà cũng không,@HUE
data\data_prepared\wavs\tjllnJX0Bc4_0243.wav,quay tiếp tục cho quý vị xem được. Do đó là mong quý vị thông cảm nếu như thời,@HUE
data\data_prepared\wavs\tjllnJX0Bc4_0244.wav,tiết bây giờ tốt hơn thì Huế Review sẽ tiếp tục đi quay những cái lăng tẩm liên,@HUE
data\data_prepared\wavs\tjllnJX0Bc4_0245.wav,quan tới vua chúa nhà Nguyễn cho quý vị xem. Và cũng rất mong quý vị là luôn ủng,@HUE
data\data_prepared\wavs\tjllnJX0Bc4_0246.wav,hộ Huế Review. Mong quý vị khi chúng ta xem video thì mong chúng ta xem hết,@HUE
data\data_prepared\wavs\tjllnJX0Bc4_0247.wav,"video để hiểu được cái bối cảnh lịch sử. Đấy, ngoài việc cái quay lăng mộ thì Huế",@HUE
data\data_prepared\wavs\tjllnJX0Bc4_0248.wav,"Review cũng muốn chia sẻ cho quý vị những cái điều liên quan tới lịch sử,",@HUE
data\data_prepared\wavs\tjllnJX0Bc4_0249.wav,những cái tiểu sử mà liên quan tới nhân vật nằm trong lă mộ cũng như là muốn,@HUE
data\data_prepared\wavs\tjllnJX0Bc4_0250.wav,chia sẻ cái bối cảnh lịch sử lúc đó để chúng ta hiểu rõ hơn chứ không phải là,@HUE
data\data_prepared\wavs\tjllnJX0Bc4_0251.wav,Huy Review dài dòng hay là như thế nào cả. Nếu như là lịch sử mà chúng ta hiểu,@HUE
data\data_prepared\wavs\tjllnJX0Bc4_0252.wav,không tương tử thì nó sẽ gây ra những cái sai lịch trong cái vấn đề nhận thức.,@HUE
data\data_prepared\wavs\tjllnJX0Bc4_0253.wav,Và cũng mong quý vị thông cảm cái điều đó. Và rõ ràng thì có con đường đi mà để,@HUE
data\data_prepared\wavs\tjllnJX0Bc4_0254.wav,chúng ta đi đến ngôi làng mùa này cũng khá là vất vả đây thưa quý vị. Nếu như,@HUE
data\data_prepared\wavs\tjllnJX0Bc4_0255.wav,mà muốn đưa vào du lịch thì cũng phải cất công để mà xây dựng đường xá rất là,@HUE
data\data_prepared\wavs\tjllnJX0Bc4_0256.wav,nhiều. Và rõ ràng thì quý vị thấy rằng cái ngôi lă mộ này bây giờ nó cũng đã,@HUE
data\data_prepared\wavs\tjllnJX0Bc4_0257.wav,được trùng tu khá là tốt rồi. Ngày xưa thì không có những cái cổng hay là những,@HUE
data\data_prepared\wavs\tjllnJX0Bc4_0258.wav,cái bức tường phía sau á là nó đã bị sụp đổ hết rồi thư quý vị. Đấy nhưng mà bây,@HUE
data\data_prepared\wavs\tjllnJX0Bc4_0259.wav,giờ thì đã được trung tu rất là đẹp và đầy điều này cũng rất là đáng mừng. à,@HUE
data\data_prepared\wavs\tjllnJX0Bc4_0260.wav,nhất là con cháu nhà Nguyễn nói riêng và con cháu mà khu vực từ Thanh Hóa đổ vào,@HUE
data\data_prepared\wavs\tjllnJX0Bc4_0261.wav,trong. Thực ra thì những cái vị chúa này chính là những cái người mà tổ tiên của,@HUE
data\data_prepared\wavs\tjllnJX0Bc4_0262.wav,chúng ta đây thưa quý vị. Đấy chính những ngày này đã cất công lãng lội để,@HUE
data\data_prepared\wavs\tjllnJX0Bc4_0263.wav,xây dựng cơ đồ và để có đất nước hình chữ ép nhà ngày hôm nay và có chúng ta,@HUE
data\data_prepared\wavs\tjllnJX0Bc4_0264.wav,ngày hôm nay. Do đó là mong quý vị chúng ta tôn trọng tiền nhân và có thể nói,@HUE
data\data_prepared\wavs\tjllnJX0Bc4_0265.wav,rằng à hãy giúp Huế Review lan tỏa những cái video,@HUE
data\data_prepared\wavs\tjllnJX0Bc4_0266.wav,như thế này để cho nhiều người biết và nhiều người có thể hiểu được ấy tổ tiên,@HUE
data\data_prepared\wavs\tjllnJX0Bc4_0267.wav,chúng ta đã xây dựng cơ nghiệp như thế nào. Kính chúc quý vị luôn sức khỏe vui,@HUE
data\data_prepared\wavs\tjllnJX0Bc4_0268.wav,vẻ và xem video thật là giải trí. Hẹn gặp lại quý vị ở những video tiếp theo.,@HUE
data\data_prepared\wavs\vOOql70PN8E_0001.wav,Mến chào quý vị đã quay trở lại với Huế hôm nay.,@HUE
data\data_prepared\wavs\vOOql70PN8E_0002.wav,Quý vị và các bạn thân mến thì hôm nay là ngày 8 tháng,@HUE
data\data_prepared\wavs\vOOql70PN8E_0003.wav,ngày Quốc Tế Phụ nữ và trong khuôn khổ video này thì em cũng,@HUE
data\data_prepared\wavs\vOOql70PN8E_0004.wav,xin kính chúc những quý vị là nữ giới trên kênh Huy hôm nay một ngày quốc tế,@HUE
data\data_prepared\wavs\vOOql70PN8E_0005.wav,thủ nữ thật là vui vẻ và ngập tràng may mắn hạnh phúc.,@HUE
data\data_prepared\wavs\vOOql70PN8E_0006.wav,À và quay trở lại với video ngày hôm nay thì em xin cập nhật cho quý vị cái dự án,@HUE
data\data_prepared\wavs\vOOql70PN8E_0007.wav,VN đại ba và nằm trong khuôn khổ của cái dự án này,@HUE
data\data_prepared\wavs\vOOql70PN8E_0008.wav,thì cái dự án mở rộng đường Nguyễn Hoàng thông qua cầu Nguyễn Hoàng đây quý vị và,@HUE
data\data_prepared\wavs\vOOql70PN8E_0009.wav,cầu An Ninh Hạ là một trong những à cái nút thắc rất là quan trọng trong a cái,@HUE
data\data_prepared\wavs\vOOql70PN8E_0010.wav,tuyển đường VN Đà Bắc Đây và quý vị đang di chuyển trên bờ của,@HUE
data\data_prepared\wavs\vOOql70PN8E_0011.wav,sông Hương phía cầu Nguyễn Hoàng và sắp tới ở đây thì cũng sẽ có một cái công,@HUE
data\data_prepared\wavs\vOOql70PN8E_0012.wav,viên à Nguyễn Hoàng đấy. Công viên bên bời sông Hương kiểu tựa tựa giống như,@HUE
data\data_prepared\wavs\vOOql70PN8E_0013.wav,cái công viên à bia quốc học vậy quý vị. Sau thành công của cái công viên Bộ Học,@HUE
data\data_prepared\wavs\vOOql70PN8E_0014.wav,thì sẽ có một cái dự án công viên kiểu Bán Nguyệt. Có cái cầu bán nguyệt sân,@HUE
data\data_prepared\wavs\vOOql70PN8E_0015.wav,khấu bán nguyệt ở phía trước cầu Nguyễn Hoàng.,@HUE
data\data_prepared\wavs\vOOql70PN8E_0016.wav,Và đây chính là cái khu vực chúng ta đang đi trên cầu Nguyễn Hoàng một trong,@HUE
data\data_prepared\wavs\vOOql70PN8E_0017.wav,"những cái cầu có thể nói là rất đẹp, mới khánh thành à trong thời gian gần nhất.",@HUE
data\data_prepared\wavs\vOOql70PN8E_0018.wav,Thì trên kênh Huế hôm nay thì em cũng đã có những cái video cập nhật từ cái quá,@HUE
data\data_prepared\wavs\vOOql70PN8E_0019.wav,trình xây dựng à thi công cho tới cái quá trình à khánh thành khai trương cái,@HUE
data\data_prepared\wavs\vOOql70PN8E_0020.wav,cầu này. Và quý vị thấy thì cũng đã hơn 1 năm trời,@HUE
data\data_prepared\wavs\vOOql70PN8E_0021.wav,cái cầu Nguyễn Hoàng đi vào hoạt động và cầu vẫn vững mã vững chắc theo thời,@HUE
data\data_prepared\wavs\vOOql70PN8E_0022.wav,gian. Đấy cái lúc mà cầu mới thi công và,@HUE
data\data_prepared\wavs\vOOql70PN8E_0023.wav,mới khánh thành thì cũng có rất nhiều luồng ý kiến trái chiều. Tuy nhiên bây,@HUE
data\data_prepared\wavs\vOOql70PN8E_0024.wav,giờ thì cầu Nguyễn Hoàng đã trở thành một trong những cây cầu đặc trưng của,@HUE
data\data_prepared\wavs\vOOql70PN8E_0025.wav,Siêu Huế với những cái chiếc lòng vàng và những cái,@HUE
data\data_prepared\wavs\vOOql70PN8E_0026.wav,cung đó những cái hình vòng cung kiểu thiết kế theo kiểu lòng vàng đặc trưng,@HUE
data\data_prepared\wavs\vOOql70PN8E_0027.wav,cho thời kỳ vua chúa ngày xưa của Kinh Thành,@HUE
data\data_prepared\wavs\vOOql70PN8E_0028.wav,Huế. với cái kiến trúc là hạt chàu thiên mù,@HUE
data\data_prepared\wavs\vOOql70PN8E_0029.wav,thì à chúng ta vừa đi qua cái cầu Nguyễn Hoàng,@HUE
data\data_prepared\wavs\vOOql70PN8E_0030.wav,và nối dài với cái khu vực cầu Nguyễn Hoàng đó chính là đường Nguyễn Hoàng,@HUE
data\data_prepared\wavs\vOOql70PN8E_0031.wav,thưa quý vị. Và con đường này hiện tại thì quý vị thấy là ở phía trước đường đó,@HUE
data\data_prepared\wavs\vOOql70PN8E_0032.wav,thì cũng đã có rất nhiều những cái công trình mọc lên,@HUE
data\data_prepared\wavs\vOOql70PN8E_0033.wav,mong công trình nhà ở của người dân và cầu này trong tương lai à và cái đường,@HUE
data\data_prepared\wavs\vOOql70PN8E_0034.wav,này trong tương lai cũng sẽ được mở rộng.,@HUE
data\data_prepared\wavs\vOOql70PN8E_0035.wav,Và vào tháng 7 năm 2025 thì thành phố Huế,@HUE
data\data_prepared\wavs\vOOql70PN8E_0036.wav,cũng đã phê duyệt dự án mở rộng đường Nguyễn Hoàng với tổng mức đầu tư là,@HUE
data\data_prepared\wavs\vOOql70PN8E_0037.wav,khoảng hơn 100 tỷ đồng nhằm hoàn thiện hệ thống giao thông kết nối với khu vực,@HUE
data\data_prepared\wavs\vOOql70PN8E_0038.wav,trọng điểm và giảm tả cho quốc lộ 1A. Dự án mở rộng dài hơn 1 km đường Nguyễn,@HUE
data\data_prepared\wavs\vOOql70PN8E_0040.wav,là cái vị trí mà chúng ta vừa đi qua đấy với cái điểm cuối tại nút giao với cái,@HUE
data\data_prepared\wavs\vOOql70PN8E_0041.wav,đường Lý 5D đấy. Như vậy là tại nút giao đường Lý Nam Đế phường Kim Long thành,@HUE
data\data_prepared\wavs\vOOql70PN8E_0042.wav,phố Huế. Và tuyến đường này được thiết kế theo tiêu chuẩn đường phố chính đô,@HUE
data\data_prepared\wavs\vOOql70PN8E_0043.wav,thị với cái vận tốc là khoảng 60 km/h mặt,@HUE
data\data_prepared\wavs\vOOql70PN8E_0044.wav,cắt ngang rộng 43 m gồm sáu làng xe ô tô giải phân cách giữa rộng 5 m và vĩa hè,@HUE
data\data_prepared\wavs\vOOql70PN8E_0045.wav,"là rộng mỗi bên là 8,5 m. Như vậy thì nếu như mà cái khu vực đường",@HUE
data\data_prepared\wavs\vOOql70PN8E_0046.wav,Nguyễn Hoàng này mở rộng ra thì các cái khu vực nhà ở này sẽ phải trả,@HUE
data\data_prepared\wavs\vOOql70PN8E_0047.wav,mặt bằng. Thì với cái gọi là 1 km chiều dài thì nằm,@HUE
data\data_prepared\wavs\vOOql70PN8E_0048.wav,trong cái dự án Vận đâ ba. Đường Nguyễn Hoàng mở rộng này sẽ cho chúng ta một,@HUE
data\data_prepared\wavs\vOOql70PN8E_0049.wav,"cái tuyến đường có bị rộng tới 43 m. Thưa quý vị, với à gọi là",@HUE
data\data_prepared\wavs\vOOql70PN8E_0050.wav,thông số là nó là đạt theo tiêu chuẩn của đường phổ chính đô thị,@HUE
data\data_prepared\wavs\vOOql70PN8E_0051.wav,thì cũng rất mong là tuyến đường này sẽ sớm hoàn thành với chiều dài 1 km thì em,@HUE
data\data_prepared\wavs\vOOql70PN8E_0052.wav,nghĩ cũng sẽ nhanh thôi. Và cái dự án này sẽ bao gồm cái việc là xây dựng mới,@HUE
data\data_prepared\wavs\vOOql70PN8E_0053.wav,"cầu An Ninh Hạ bắt qua sông Bạch Yến, thay thế cái cầu hiện trạng. Và chúng ta",@HUE
data\data_prepared\wavs\vOOql70PN8E_0054.wav,đang a di chuyển ngay khu vực trường trung học,@HUE
data\data_prepared\wavs\vOOql70PN8E_0055.wav,cơ sở Nguyễn Hoàng. Đó thì quý vị thấy là cái tuyến đường này cũng đã đổ đất và,@HUE
data\data_prepared\wavs\vOOql70PN8E_0056.wav,cho ra cái mặt bằng rộng rất là rộng 43 m. Thì như vậy thì cái tuyến đường,@HUE
data\data_prepared\wavs\vOOql70PN8E_0057.wav,Nguyễn Hoàng này sau này là sẽ là một trong những cái tuyến đường chính và nó,@HUE
data\data_prepared\wavs\vOOql70PN8E_0058.wav,sẽ giải tỏa cái áp lực cho tuyến quốc lộ 1A khi mà cái tuyến đường Vân Đài Bàn,@HUE
data\data_prepared\wavs\vOOql70PN8E_0059.wav,thiện à 100%. Các cái khu vực à thi công thì vẫn đang,@HUE
data\data_prepared\wavs\vOOql70PN8E_0060.wav,tiến hành à xúc đất đá à đổ à lè gọi là lưu lèn các cái khu vực đường,@HUE
data\data_prepared\wavs\vOOql70PN8E_0061.wav,đó. Và quý vị thấy là những cây rào trắng cũng đã được,@HUE
data\data_prepared\wavs\vOOql70PN8E_0062.wav,bổ bố trí để mà phân cách với các cái đoạn đường di chuyển của bà con.,@HUE
data\data_prepared\wavs\vOOql70PN8E_0063.wav,"Đấy. Quý vị thấy là các cái xe cẩu, xe múc người ta đang tiến hành xây dựng à",@HUE
data\data_prepared\wavs\vOOql70PN8E_0064.wav,"tiến hành múc đất này. Đó, đào các cái hố móng đường này. Đó, quý vị thấy là",@HUE
data\data_prepared\wavs\vOOql70PN8E_0065.wav,cái móng rất là sâu và chắc chắn thì cái tuyến đường này sau này sẽ rất là chắc.,@HUE
data\data_prepared\wavs\vOOql70PN8E_0066.wav,Và cái khu vực này chính là một trong những cái,@HUE
data\data_prepared\wavs\vOOql70PN8E_0067.wav,thành phần của cái dự án đường vành đây bà. Và khi hoàn thành thì công trình này,@HUE
data\data_prepared\wavs\vOOql70PN8E_0068.wav,sẽ kết nối liên thông từ cái núc giao quốc lộ 1A với đường Nguyễn Văn Linh đến,@HUE
data\data_prepared\wavs\vOOql70PN8E_0069.wav,"giao lộ Minh mạng Võ Văn Kiệt với tổng chiều dài khoảng 6,5 km.",@HUE
data\data_prepared\wavs\vOOql70PN8E_0070.wav,nó sẽ giảm cái việc uống tắc giao thông rất là,@HUE
data\data_prepared\wavs\vOOql70PN8E_0071.wav,nhiều cho khu vực thành phố Huế. Đây là khu vực cầu An Đinh Hà quý vị thấy là,@HUE
data\data_prepared\wavs\vOOql70PN8E_0073.wav,cũng sẽ được xe mới. Thì cái thông số của cầu thì cũng chưa có em cũng chưa có,@HUE
data\data_prepared\wavs\vOOql70PN8E_0074.wav,nắm thông tin. Tuy nhiên chắc chắn là sẽ cầu này sẽ được mở rộng ra với,@HUE
data\data_prepared\wavs\vOOql70PN8E_0075.wav,à để đáp ứng được cái nhu cầu của tuyến đường Nguyễn Hoàng Mở Rộng.,@HUE
data\data_prepared\wavs\vOOql70PN8E_0076.wav,Và cái không khí thi công sau Tết Bến Ngọ cũng đang rất là rộn ràng. Và đặc,@HUE
data\data_prepared\wavs\vOOql70PN8E_0077.wav,biệt thì quý vị thấy là các cái xe tải chợ đất di chuyển à liên tục.,@HUE
data\data_prepared\wavs\vOOql70PN8E_0079.wav,đổ đức và tạm mặt bằng các cái tính điện thoại cũ máy hàng cũ,@HUE
data\data_prepared\wavs\vOOql70PN8E_0080.wav,>> các cái công nhân điện lực người ta cũng đang tiến hành thi công,@HUE
data\data_prepared\wavs\vOOql70PN8E_0081.wav,xử lý các cái đường dây điện xung quanh cái khu vực này để tạo mặt bằng để cho,@HUE
data\data_prepared\wavs\vOOql70PN8E_0083.wav,Đó quý vị thấy là cái cầu An Ninh Hạ thì với cái cầu An Ninh Hạ của hiện tràng á,@HUE
data\data_prepared\wavs\vOOql70PN8E_0084.wav,thì nó khá nhỏ và nó không đáp ứng được cái nhu cầu di chuyển quanh cái khu vực,@HUE
data\data_prepared\wavs\vOOql70PN8E_0085.wav,này. Chính vì thế mà đường Nguyễn Hoàng mở rộng tại ngay cái nút giao với Lý Nam,@HUE
data\data_prepared\wavs\vOOql70PN8E_0086.wav,Đế này quý vị thì sẽ mở thẳng ra trong cái tuyến đường và N3 trong các cái giai,@HUE
data\data_prepared\wavs\vOOql70PN8E_0087.wav,đoạn tiếp theo là chạy thẳng ra khu vực giao với Nguyễn Văn Linh.,@HUE
data\data_prepared\wavs\vOOql70PN8E_0088.wav,để tạo thành cái tuyến đường VN B3 ở khu vực bơ bắc. Đấy,@HUE
data\data_prepared\wavs\vOOql70PN8E_0089.wav,thì nằm trong cái nút dao giữa đường Nguyễn Hoàng và đường Lý Nam Đế thì cái,@HUE
data\data_prepared\wavs\vOOql70PN8E_0090.wav,khu vực đường Lý Nam Đế cũng là một trong những cái tuyến đường cũng đã được,@HUE
data\data_prepared\wavs\vOOql70PN8E_0091.wav,nâng cấp và xử lý.,@HUE
data\data_prepared\wavs\vOOql70PN8E_0092.wav,Cái tuyến đường này thì nó nằm với bên cạnh bên bờ sông của sông Bạch,@HUE
data\data_prepared\wavs\vOOql70PN8E_0093.wav,Yến. Sa Mạch Yến thì là một trong những con sông nhánh của sông Hương đó.,@HUE
data\data_prepared\wavs\vOOql70PN8E_0094.wav,Nó là một cái phù lưu rất là quan trọng của dòng sông Hương Thơ Mộng. Nó chạy,@HUE
data\data_prepared\wavs\vOOql70PN8E_0095.wav,qua phía Bắc kinh thành. Và cái dòng sông này cũng mang đậm một cái giá trị,@HUE
data\data_prepared\wavs\vOOql70PN8E_0096.wav,lịch sử và văn hóa gắn liền với cái mảnh đất cổ đồ. Và quý vị thấy thì,@HUE
data\data_prepared\wavs\vOOql70PN8E_0097.wav,"một cái khung cảnh rất là bình yên, có thể nói là giống như một cái làng quê",@HUE
data\data_prepared\wavs\vOOql70PN8E_0098.wav,"giữa lòng thành phố khi mà ở đây vẫn còn tồn tại những cái hàng câu, những cái",@HUE
data\data_prepared\wavs\vOOql70PN8E_0099.wav,hàng gia tàu nhìn rất là đẹp. Và phía hai bên bờ sông thì à những cái,@HUE
data\data_prepared\wavs\vOOql70PN8E_0100.wav,tuyến đường được trải nhựa cũng đã tạo nên một cái vẻ đẹp bình yên vốn gọi là,@HUE
data\data_prepared\wavs\vOOql70PN8E_0101.wav,hiếm có. à ở một cái khu vực thành phố bắt đầu,@HUE
data\data_prepared\wavs\vOOql70PN8E_0102.wav,chuyển mình như là thành phố Huế đặt trứng hớt đặt trứng hướng hết đó,@HUE
data\data_prepared\wavs\vOOql70PN8E_0103.wav,chính là những cái khu vực nhà thờ đó quý vị thấy là những cái nhà thờ rất là,@HUE
data\data_prepared\wavs\vOOql70PN8E_0104.wav,đẹp và với cái quy mô cũng lớn và nó mọc sang sát sang sát trên cái tuyến đường,@HUE
data\data_prepared\wavs\vOOql70PN8E_0105.wav,phía đi ra chỗ cầu An Hoa nha quý vị. Đó.,@HUE
data\data_prepared\wavs\vOOql70PN8E_0106.wav,Thì cái dòng sông Bạch Yến này nó bắt đầu từ khu vực phía tây bắc của thành,@HUE
data\data_prepared\wavs\vOOql70PN8E_0107.wav,phố Huế và nó chạy qua các cái phường Kim Long rồi Hương Long rồi An Hòa và,@HUE
data\data_prepared\wavs\vOOql70PN8E_0108.wav,trước khi đổ ra sông Hương và các cái hệ thống học kinh rạch nội đồ.,@HUE
data\data_prepared\wavs\vOOql70PN8E_0110.wav,một cái vai trò quan trọng trong việc thoát nước và giao thương đường thủy cho,@HUE
data\data_prepared\wavs\vOOql70PN8E_0111.wav,phía Bắc Kinh thành. Chúng ta,@HUE
data\data_prepared\wavs\vOOql70PN8E_0112.wav,vừa di chuyển vừa chiêm ngưỡng những cái hình ảnh có thể nói rằng là mọc mạc và,@HUE
data\data_prepared\wavs\vOOql70PN8E_0113.wav,chân chất nhất của sự Huế. Nằm ở cái đoạn đường à ven sông có giá,@HUE
data\data_prepared\wavs\vOOql70PN8E_0114.wav,trị lịch sửa lớn này. Và một trong những cái hình ảnh mà có thể nói rằng là cũng,@HUE
data\data_prepared\wavs\vOOql70PN8E_0115.wav,đặc trưng cho cái khu vực này đó chính là khu vực Vạn Đỏ.,@HUE
data\data_prepared\wavs\vOOql70PN8E_0116.wav,Thì ở đây vẫn còn tồn tại những bà con sinh sống bằng các cái nghề vãn đỏ. Thì,@HUE
data\data_prepared\wavs\vOOql70PN8E_0117.wav,"đối với ngày xưa, đối với những cái khu vực như là sông Đông, Ba cũ thì",@HUE
data\data_prepared\wavs\vOOql70PN8E_0118.wav,các cái biến đò như thế này là rất là thịnh hành.,@HUE
data\data_prepared\wavs\vOOql70PN8E_0119.wav,Và chúng ta nhìn thấy một cái phần nào đó của sông Đông Ba Đen ngay cầu Đông Ba,@HUE
data\data_prepared\wavs\vOOql70PN8E_0120.wav,Đen đó và nằm ở đây là khu vực sông Bạch Yến. Thì đường Lý Nam Đế à,@HUE
data\data_prepared\wavs\vOOql70PN8E_0121.wav,sẽ đi chạy thẳng ra khu vực cầu An Hòa nha quý vị.,@HUE
data\data_prepared\wavs\vOOql70PN8E_0122.wav,Nó bắt đầu từ cái khu vực cầu An Hòa chạy lên trên phía Hương Long á. Đấy,@HUE
data\data_prepared\wavs\vOOql70PN8E_0123.wav,là và sông Bạch Yến đục cũng được xem là một cái dấu tích liên quan đến,@HUE
data\data_prepared\wavs\vOOql70PN8E_0124.wav,"hồ Thanh Hà, tức là cái dòng sông bảo vệ kinh thành ngày xưa à nó gắn liền với",@HUE
data\data_prepared\wavs\vOOql70PN8E_0125.wav,"các cái làng cổ lâu đời như là làng An Hòa, nơi có bề dày lịch sử hơn 500 năm.",@HUE
data\data_prepared\wavs\vOOql70PN8E_0126.wav,quê hương của các danh nhân nổi tiếng như là Nguyễn Cư Trình rồi Nguyễn Đăng,@HUE
data\data_prepared\wavs\vOOql70PN8E_0127.wav,Thịnh rồi làng Lữu Bảo là nổi tiếng với nghề làm bánh tráng bánh nước truyền,@HUE
data\data_prepared\wavs\vOOql70PN8E_0128.wav,thống cũng nằm trên bên dòng sông Bạch Yến này,@HUE
data\data_prepared\wavs\vOOql70PN8E_0129.wav,thì sát bờ sông cũng có một cái chùa gọi là chùa Phước Duyên cũng rất là nổi,@HUE
data\data_prepared\wavs\vOOql70PN8E_0130.wav,tiếng một cái không gian thiền định và tĩnh lặng nằm ở dưới chân độ R tạo nên,@HUE
data\data_prepared\wavs\vOOql70PN8E_0131.wav,một cái cảnh quang sơn thủy rất là hữu tình đặc trưng cho sự Huế,@HUE
data\data_prepared\wavs\vOOql70PN8E_0132.wav,Đấy và chúng ta thấy cái rõ nét hơn nữa khi mà ở đây vẫn còn lưu giữ những cái,@HUE
data\data_prepared\wavs\vOOql70PN8E_0133.wav,"hình ảnh rất là xưa cũ với những cái rằng gia tàu, những hàng cầu",@HUE
data\data_prepared\wavs\vOOql70PN8E_0134.wav,và bên bờ sông Bạch Yến à cũng đang a ở cái đoạn này thì cũng đang làm một cái,@HUE
data\data_prepared\wavs\vOOql70PN8E_0135.wav,trong những cái bờ kẻ. Đây là chúng ta đang di chuyển,@HUE
data\data_prepared\wavs\vOOql70PN8E_0136.wav,với cái đường Lý Nam Đế ở cái đoạn nối với đường à,@HUE
data\data_prepared\wavs\vOOql70PN8E_0137.wav,Vạn Xuân. Đây thì quý vị thấy là ở đoạn này thì,@HUE
data\data_prepared\wavs\vOOql70PN8E_0139.wav,đảm bảo rằng là cái khu vực này sẽ mở rộng cái đường xá ở đây và cái bờ kè ở,@HUE
data\data_prepared\wavs\vOOql70PN8E_0140.wav,đây cũng sẽ được làm lại để cho nó đảm bảo cái mức độ giữ đất của bên bờ sông.,@HUE
data\data_prepared\wavs\vOOql70PN8E_0141.wav,Tuy nhiên thì chúng ta vẫn còn nhìn thấy những cái,@HUE
data\data_prepared\wavs\vOOql70PN8E_0142.wav,"bến đá, những cái đa, những cái sung cổ thủ ở phía bên bờ sông.",@HUE
data\data_prepared\wavs\vOOql70PN8E_0143.wav,Và bà con cũng đã đang xây dựng rất là nhiều những cái,@HUE
data\data_prepared\wavs\vOOql70PN8E_0144.wav,ngôi nhà và vách đá gọi là vạch xi măng rất là,@HUE
data\data_prepared\wavs\vOOql70PN8E_0145.wav,đẹp quanh cái khu vực này. Và trước mặt quý vị đó chính là khu vực đình làng An,@HUE
data\data_prepared\wavs\vOOql70PN8E_0146.wav,"Hòa, một trong những cái ngôi đình có lịch sử",@HUE
data\data_prepared\wavs\vOOql70PN8E_0147.wav,"rất là lâu đời, trên 500 năm rồi đó.",@HUE
data\data_prepared\wavs\vOOql70PN8E_0149.wav,lạ và phía đối diện bên kia thì cũng đang gia cố cái bờ kè của sông bạch yến,@HUE
data\data_prepared\wavs\vOOql70PN8E_0150.wav,đấy phía trước quý vị đó chính là khu vực cầu ăn hòa nha,@HUE
data\data_prepared\wavs\vOOql70PN8E_0151.wav,và tàu đang di chuyển qua khu vực đường sắt.,@HUE
data\data_prepared\wavs\vOOql70PN8E_0152.wav,Phải nói rằng là một cái hình ảnh rất là chấng quy trong lòng của thành phố. Quý,@HUE
data\data_prepared\wavs\vOOql70PN8E_0153.wav,vị thấy có một cái chiếc giường tre này đó nằm ở phía trước,@HUE
data\data_prepared\wavs\vOOql70PN8E_0154.wav,rất đẹp. Thưa quý vị thì à vừa rồi em cũng đã cập nhật cho quý vị những hình,@HUE
data\data_prepared\wavs\vOOql70PN8E_0155.wav,ảnh về à dự án mở rộng đường Nguyễn Hoàng nằm,@HUE
data\data_prepared\wavs\vOOql70PN8E_0156.wav,trong cái một phần của dự án Vận đai bà cũng như là một phần của cái dòng sông,@HUE
data\data_prepared\wavs\vOOql70PN8E_0157.wav,Bạch Yến à nơi có làng An Hòa lâu đời hơn 500 năm. Thì quý vị nghĩ sao mong,@HUE
data\data_prepared\wavs\vOOql70PN8E_0158.wav,"quý vị like, chia sẻ và đăng ký kênh Huế hôm nay và quý vị cũng có thể chia sẻ",@HUE
data\data_prepared\wavs\vOOql70PN8E_0159.wav,những ý kiến của mình giữa phần bình luận.,@HUE
data\data_prepared\wavs\vOOql70PN8E_0160.wav,Còn bây giờ thì em cũng xin kết thúc video ở đây. Kính chúc quý vị xem video,@HUE
data\data_prepared\wavs\vOOql70PN8E_0161.wav,thật là vui vẻ và thư giãn. Chúc quý vị một ngày cuối tuần thật nhiều niềm vui,@HUE
data\data_prepared\wavs\vOOql70PN8E_0163.wav,Huế yêu thương sự mộng mơ kinh thành xưa. Xin chào và hẹn gặp lại quý vị.,@HUE
data\data_prepared\wavs\XavqlfDnS9I_0001.wav,"Vâng, mến chào quý vị đã quay lại với Huế Review. À quý vị và các bạn thân",@HUE
data\data_prepared\wavs\XavqlfDnS9I_0002.wav,"mến, hiện tại thì Huế Review đang có mặt trên đường Thiên Thai rồi thưa quý vị.",@HUE
data\data_prepared\wavs\XavqlfDnS9I_0003.wav,Và để đi đến cái con đường Thiên Thai này thì nó cũng rất là dễ.,@HUE
data\data_prepared\wavs\XavqlfDnS9I_0004.wav,Nếu như quý vị đi từ dưới đường à Điện Biên Phủ đi lên đấy thì quý vị sẽ,@HUE
data\data_prepared\wavs\XavqlfDnS9I_0005.wav,thấy có con đường Tam Thai. và đi a,@HUE
data\data_prepared\wavs\XavqlfDnS9I_0006.wav,qua khúc cái cung đường Tam Thai đó thì chúng ta cũng sẽ thấy một cái ngã giao,@HUE
data\data_prepared\wavs\XavqlfDnS9I_0007.wav,với đại lộ Võ Văn Kiệt thì à quý vị sẽ thấy một cái bảng là đường Thiên Thai và,@HUE
data\data_prepared\wavs\XavqlfDnS9I_0008.wav,quý vị có thể đi theo cái bảng đó để lên cái được con đường Thiên Thai này.,@HUE
data\data_prepared\wavs\XavqlfDnS9I_0009.wav,Thì con đường Thiên Thai này là một cái con đường nó gắn liền với cái ngọn núi,@HUE
data\data_prepared\wavs\XavqlfDnS9I_0010.wav,Thiên Thai cũng rất nổi tiếng ở Thừa Thiên Hủy.,@HUE
data\data_prepared\wavs\XavqlfDnS9I_0011.wav,Tuy nhiên thì hôm nay Huế Review không phải giới thiệu cái con đường thiên th,@HUE
data\data_prepared\wavs\XavqlfDnS9I_0012.wav,này cho quý vị xem mà Huế Review muốn từ con đường Thiên Thái này Huyế Review sẽ,@HUE
data\data_prepared\wavs\XavqlfDnS9I_0013.wav,dẫn quý vị đến một cái ngôi biệt thự mà cái ngôi biệt thự đó là,@HUE
data\data_prepared\wavs\XavqlfDnS9I_0014.wav,hiện tại bây giờ đang bị bỏ hoang và là một di tích cấp quốc gia cũng được à,@HUE
data\data_prepared\wavs\XavqlfDnS9I_0015.wav,công nhận năm 1993 thưa quý vị và Khi nghe đến đây thì quý vị cũng đã,@HUE
data\data_prepared\wavs\XavqlfDnS9I_0016.wav,biết nơi đó là đâu rồi. Tuy nhiên thì cũng có một số quý vị chúng ta chưa biết,@HUE
data\data_prepared\wavs\XavqlfDnS9I_0017.wav,được cái địa điểm mà Huế Rio sắp tới sẽ muốn giới thiệu cho quý vị. Chính vì vậy,@HUE
data\data_prepared\wavs\XavqlfDnS9I_0018.wav,mà mời quý vị chúng ta cùng xem hết video để biết về một cái địa điểm đó. Và,@HUE
data\data_prepared\wavs\XavqlfDnS9I_0019.wav,"cái địa điểm này bây giờ hiện tại thì cũng à khá là hoang vắng, hoang sơ và",@HUE
data\data_prepared\wavs\XavqlfDnS9I_0020.wav,cũng khá là rồng rợn. Đấy. Tuy nhiên thì nó là một cái di tích cấp quốc gia,@HUE
data\data_prepared\wavs\XavqlfDnS9I_0021.wav,và Huy Ru cũng muốn đến quay xem thử là cái mức độ,@HUE
data\data_prepared\wavs\XavqlfDnS9I_0022.wav,hoang tàn của nó là như thế nào rồi. Bởi vì Huy Review thông qua cũng được một số,@HUE
data\data_prepared\wavs\XavqlfDnS9I_0023.wav,thông tin á thì cái khu này bây giờ nó rất là hoàn toàn và rất là hoan vắn,@HUE
data\data_prepared\wavs\XavqlfDnS9I_0024.wav,dường như không có người lui tới. Còn như quý vị thấy thì cái con đường,@HUE
data\data_prepared\wavs\XavqlfDnS9I_0025.wav,Thiên Thai này bây giờ thì nó cũng đã được bê thông hóa và trước kia thì con,@HUE
data\data_prepared\wavs\XavqlfDnS9I_0026.wav,đường này cũng là một cái con đường đất thưa quý vị. Ở đây thì cũng có,@HUE
data\data_prepared\wavs\XavqlfDnS9I_0027.wav,cái trại giam. Như quý vị thấy thì con đường Thiên Thai,@HUE
data\data_prepared\wavs\XavqlfDnS9I_0028.wav,này tuy là nằm trên cái trường núi nhưng mà có vẻ là hoạt động sinh hoạt sinh,@HUE
data\data_prepared\wavs\XavqlfDnS9I_0029.wav,sống của bà con thì cũng khá là đông đúc.,@HUE
data\data_prepared\wavs\XavqlfDnS9I_0030.wav,Ở đây thì nhà cửa mọc cũng khá nhiều đây quý vị.,@HUE
data\data_prepared\wavs\XavqlfDnS9I_0031.wav,Thì không biết quý vị khán giả kinh hế review có ai ở cái khu vực con đường,@HUE
data\data_prepared\wavs\XavqlfDnS9I_0032.wav,thiên thà này hay không? Ở đây thì con đường này cũng có khá là,@HUE
data\data_prepared\wavs\XavqlfDnS9I_0033.wav,nhiều chùa và lúc nãy thì Huế Riv cũng đã đi qua cái tổ đình Thiền tô.,@HUE
data\data_prepared\wavs\XavqlfDnS9I_0034.wav,một cái cái tổ đinh cũng rất là lâu đời ở Huế,@HUE
data\data_prepared\wavs\XavqlfDnS9I_0035.wav,à và con đường này khá là nhỏ thôi quý vị.,@HUE
data\data_prepared\wavs\XavqlfDnS9I_0036.wav,Đấy và cây cối ở đây thì phần trên này thì cây cối cũng khá là nhiều.,@HUE
data\data_prepared\wavs\XavqlfDnS9I_0037.wav,Và cái con đường Thiên Thai này cũng dẫn quý vị đến một cái,@HUE
data\data_prepared\wavs\XavqlfDnS9I_0038.wav,di tích cũng rất là nổi tiếng đó là di tích Chín Hầm cũng như là đền công chúa,@HUE
data\data_prepared\wavs\XavqlfDnS9I_0039.wav,Hiền Trân một cái công vị một cái vị công chúa mà có công rất lớn trong việc,@HUE
data\data_prepared\wavs\XavqlfDnS9I_0040.wav,mở mang bờ cõi xuống phía Nam. Tuy nhiên thì nếu như quý vị muốn H review à quay,@HUE
data\data_prepared\wavs\XavqlfDnS9I_0041.wav,cái đề huyện Trân Công chúa thì quý vị cũng có thể comment phía dưới video để,@HUE
data\data_prepared\wavs\XavqlfDnS9I_0042.wav,Huế Review có thể biết được là cái mong muốn của quý vị để Huế Review có thể,@HUE
data\data_prepared\wavs\XavqlfDnS9I_0043.wav,review cái khu đền Huyền Trân đó cho quý vị xem.,@HUE
data\data_prepared\wavs\XavqlfDnS9I_0044.wav,Còn bây giờ thì chúng ta sẽ đến một cái di tích hiện tại bây giờ là cũng đang,@HUE
data\data_prepared\wavs\XavqlfDnS9I_0045.wav,rất là hoan văn để à quay cho vị xem cái di tích đó là,@HUE
data\data_prepared\wavs\XavqlfDnS9I_0046.wav,di tích gì. Và đảm bảo với quý vị thì khi quý vị xem,@HUE
data\data_prepared\wavs\XavqlfDnS9I_0047.wav,cái di tích này thì cũng cảm thấy khá là xót xa. Nhưng mà ở đây là có một cái,@HUE
data\data_prepared\wavs\XavqlfDnS9I_0049.wav,Đây và bây giờ chúng ta đang đến gần cái khu di tích đó rừng,@HUE
data\data_prepared\wavs\XavqlfDnS9I_0050.wav,thưa quý vị. Hình như ở đây có một cái,@HUE
data\data_prepared\wavs\XavqlfDnS9I_0051.wav,nhà máy. Đây quý vị thấy thì,@HUE
data\data_prepared\wavs\XavqlfDnS9I_0052.wav,trời bây giờ hiện tại cũng khá là mù đấy. Có lẽ là sắp mưa rồi.,@HUE
data\data_prepared\wavs\XavqlfDnS9I_0053.wav,Và trên này thì cũng à đất ruộng cũng khá là nhiều. Đây,@HUE
data\data_prepared\wavs\XavqlfDnS9I_0054.wav,đó. Hàng ngoài kia thì có trồng một số cây,@HUE
data\data_prepared\wavs\XavqlfDnS9I_0055.wav,keo trên này thì đó vẫn là khá là nhiều chùa,@HUE
data\data_prepared\wavs\XavqlfDnS9I_0056.wav,thưa quý vị. Thì con đường này Huy Rác hiện thấy là khá là nhiều chùa.,@HUE
data\data_prepared\wavs\XavqlfDnS9I_0057.wav,Đấy trước kia thì Huy R cũng đã giới thiệu cái con đường mà nhiều chùa chiềng,@HUE
data\data_prepared\wavs\XavqlfDnS9I_0058.wav,nhất ở Huy đấy là cái đường địa bên phủ. Nhưng mà dường như là cái nhận định đó,@HUE
data\data_prepared\wavs\XavqlfDnS9I_0060.wav,đường thiên thai này hay sao đó quý vị. Bởi vì từ khi đi từ đầu đường th giờ thì,@HUE
data\data_prepared\wavs\XavqlfDnS9I_0061.wav,phía đều phát hiện ở đây là rất là nhiều chùa. Và ở đây quý vị thấy cũng có một,@HUE
data\data_prepared\wavs\XavqlfDnS9I_0062.wav,cái con ngôi chùa cũng rất là lớn này. Wow.,@HUE
data\data_prepared\wavs\XavqlfDnS9I_0063.wav,Diện tích cũng khá rồng đấy quý vị này. Và chúng ta sắp đến à,@HUE
data\data_prepared\wavs\XavqlfDnS9I_0064.wav,[âm nhạc] đây chúng ta sắp đến à cái địa điểm mà,@HUE
data\data_prepared\wavs\XavqlfDnS9I_0065.wav,Huế R muốn giới thiệu cho quý vị rồi. Đây đường thiện thoại này.,@HUE
data\data_prepared\wavs\XavqlfDnS9I_0066.wav,Và cái địa điểm này thì cũng nằm à khá là hoang vu,@HUE
data\data_prepared\wavs\XavqlfDnS9I_0067.wav,chính vì vậy mà cũng ít người lui tới. Điều này cũng tạo nên một cái,@HUE
data\data_prepared\wavs\XavqlfDnS9I_0068.wav,"sự hoang vu rùng rợn. Đấy, như quý vị thấy là cái con đường đi vào",@HUE
data\data_prepared\wavs\XavqlfDnS9I_0069.wav,đây không là quý vị thấy cũng à khá là hoang vu đây.,@HUE
data\data_prepared\wavs\XavqlfDnS9I_0070.wav,Tuy thuộc địa giới của thành phố nhưng mà,@HUE
data\data_prepared\wavs\XavqlfDnS9I_0071.wav,"có vẻ rất là hoan ngắn, điều hiếu. Và bây giờ chúng ta đã đến được cái khu",@HUE
data\data_prepared\wavs\XavqlfDnS9I_0072.wav,di tích này rồi quý vị. Đây quý vị có thể thấy một cái biển chỉ,@HUE
data\data_prepared\wavs\XavqlfDnS9I_0073.wav,dẫn màu xanh. Đây,@HUE
data\data_prepared\wavs\XavqlfDnS9I_0074.wav,nhà trển tích Ngô Định Cận thưa quý vị. Đây là khu vực phía trước,@HUE
data\data_prepared\wavs\XavqlfDnS9I_0075.wav,quý vị thấy cây cối nó một mọc tâm tùm. Và ở đây là bên trong nhà chứng tích,@HUE
data\data_prepared\wavs\XavqlfDnS9I_0076.wav,này. Bây giờ thì Huế Review. Mời quý vị cùng,@HUE
data\data_prepared\wavs\XavqlfDnS9I_0077.wav,Huế review chúng ta khám phá cái ngôi nhà chứng tích này xem có cái gì đó mà,@HUE
data\data_prepared\wavs\XavqlfDnS9I_0078.wav,nó được nhiều người được cho là đây là một cái biệt thự bỏ hoang và rất chi là,@HUE
data\data_prepared\wavs\XavqlfDnS9I_0079.wav,rụng rỡ đây. Mời quý vị. Vâng kính thưa quý vị thì hiện tại Huế,@HUE
data\data_prepared\wavs\XavqlfDnS9I_0080.wav,Review đang đứng trước cái biệt thự Bỏ Hoàng một cái ngôi biệt thự bỏ hoàng của,@HUE
data\data_prepared\wavs\XavqlfDnS9I_0081.wav,Bào Chúa miền Trung đấy. Trước kia được mình danh là Bào Chúa miền Trung của à,@HUE
data\data_prepared\wavs\XavqlfDnS9I_0082.wav,ông Ngô Đình Cực đấy. Tuy nhiên thì cái vấn đề mà bào chủ hay không bào chú thì,@HUE
data\data_prepared\wavs\XavqlfDnS9I_0083.wav,Huế Review không xét ở đây và không có muốn tranh luận ở đây thưa quý vị. Bởi,@HUE
data\data_prepared\wavs\XavqlfDnS9I_0084.wav,vì đó là những cái điều trong lịch sử và Huế Review cũng không thực sự chứng,@HUE
data\data_prepared\wavs\XavqlfDnS9I_0085.wav,kiến. Do đó là Huy Review cũng không biết nó như thế nào. Nhưng mà Huy Rêu,@HUE
data\data_prepared\wavs\XavqlfDnS9I_0086.wav,"muốn quay cho quý vị xem một cái khu chứng tích đấy, một cái nhà chứng tích",@HUE
data\data_prepared\wavs\XavqlfDnS9I_0087.wav,của ông Ngô Đình Cẩn. Và thông qua cái việc tìm hiểu trên báo đài cũng như là,@HUE
data\data_prepared\wavs\XavqlfDnS9I_0088.wav,trên Internet thì Huế Review cũng biết được là ở trước cái ngôi biệt thự này,@HUE
data\data_prepared\wavs\XavqlfDnS9I_0089.wav,cũng có một cái hồ. Đấy và cái hồ này thì như quý vị thấy bây giờ hiện tại thì,@HUE
data\data_prepared\wavs\XavqlfDnS9I_0090.wav,nó cũng đã được lắp đầy bởi các cái cây cối đấy giống như là một cái nơi hoang,@HUE
data\data_prepared\wavs\XavqlfDnS9I_0091.wav,vắng rồi. Nhưng mà chúng ta cũng sẽ xuống xem thử là cái hồ này nó có cái gì,@HUE
data\data_prepared\wavs\XavqlfDnS9I_0092.wav,"đặc biệt hay không. Đây quý vị thấy này. Dây dở đấy. Dây điện, dây đài ở đây. Đây",@HUE
data\data_prepared\wavs\XavqlfDnS9I_0093.wav,quý vị thấy đó quý vị thấy là dưới này là có một cái hồ. Và như theo Huy Review,@HUE
data\data_prepared\wavs\XavqlfDnS9I_0094.wav,thấy thì cái kiến trúc của các cái hồ này dường như nó cũng khá là giống những,@HUE
data\data_prepared\wavs\XavqlfDnS9I_0095.wav,cái hồ bán nguyệt mà ở các cái công trình lăng tẩm của Triều Nguyễn à nó,@HUE
data\data_prepared\wavs\XavqlfDnS9I_0096.wav,thiết kế là bởi vì quý vị thấy là các cái lớp đã học ấy được thiết kế theo cái,@HUE
data\data_prepared\wavs\XavqlfDnS9I_0097.wav,dạng so le như thế này. Và ở đây nó cũng có một cái hòn trong bộ rất là to ở,@HUE
data\data_prepared\wavs\XavqlfDnS9I_0098.wav,giữa. Tuy nhiên thì bây giờ quý vị thấy thì các cái tre trúc đồ nó mọc lên và nó,@HUE
data\data_prepared\wavs\XavqlfDnS9I_0099.wav,rất là um tùm. Và phía dưới là một cái nền hồ nước. Và nếu như mà theo như Huế,@HUE
data\data_prepared\wavs\XavqlfDnS9I_0100.wav,Review không lầm thì trước kia ở đây là chắc chắn là nuôi những cái con cá cảnh,@HUE
data\data_prepared\wavs\XavqlfDnS9I_0101.wav,rất là đẹp. Bởi vì ông Ngô Đình Cẩn là một cái con,@HUE
data\data_prepared\wavs\XavqlfDnS9I_0102.wav,người mà gọi là thích chơi thú cây cảnh và thích chơi hòn đồng bộ. Chính vì vậy,@HUE
data\data_prepared\wavs\XavqlfDnS9I_0103.wav,mà việc mà ông trang trí cái ngôi biệt thự của mình nó lòng lẫy và nó đẹp cũng,@HUE
data\data_prepared\wavs\XavqlfDnS9I_0104.wav,như là nó rất là khang trang thì đó là cái điều hiển nhiên. Và bây giờ cái thú,@HUE
data\data_prepared\wavs\XavqlfDnS9I_0105.wav,vui bây giờ cũng vậy thôi quý vị. những cái những cái gia đình mà họ thích chơi,@HUE
data\data_prepared\wavs\XavqlfDnS9I_0106.wav,họ nông bộ thích chơi các cái loại hồ hồ cá thì thường thường là các cái sẽ nuôi,@HUE
data\data_prepared\wavs\XavqlfDnS9I_0107.wav,các cái cá coi và như Huế Rêu phát hiện thấy thì cái cấu,@HUE
data\data_prepared\wavs\XavqlfDnS9I_0108.wav,trúc của cái hồ là dường như là cũng là hình bá nguyệt.,@HUE
data\data_prepared\wavs\XavqlfDnS9I_0109.wav,Đấy một cái hình bá nguyệt như thế này không à như như là hình quạt quý vị. Đấy,@HUE
data\data_prepared\wavs\XavqlfDnS9I_0111.wav,vòng cung ở giữa đấy. Nhưng mà ở giữa thì nó cũng không phải là một hình vòng,@HUE
data\data_prepared\wavs\XavqlfDnS9I_0112.wav,cung mà nó có một cái sự rít chắc nhẹ đây.,@HUE
data\data_prepared\wavs\XavqlfDnS9I_0113.wav,Đấy. Và nhìn vào bây giờ nhìn nhìn bây giờ thì,@HUE
data\data_prepared\wavs\XavqlfDnS9I_0114.wav,quý vị thấy là dường như là cái khu này nó đổ nát hoàn toàn và không có cái hình,@HUE
data\data_prepared\wavs\XavqlfDnS9I_0115.wav,thù rõ ràng. Rồi. Chính vì vậy mà chúng ta cũng không có thể xác định được là,@HUE
data\data_prepared\wavs\XavqlfDnS9I_0116.wav,cái diện tích của nó là bao nhiêu. Nhưng mà rõ ràng là một cái sự hoang phế.,@HUE
data\data_prepared\wavs\XavqlfDnS9I_0117.wav,Đây ở đây quý vị thấy này đó,@HUE
data\data_prepared\wavs\XavqlfDnS9I_0118.wav,một cái hòn non bộ rất là bự nằm ở phía trong này. Và ở đây nó có một cái đường,@HUE
data\data_prepared\wavs\XavqlfDnS9I_0119.wav,đi ra đây quý vị. Nhưng như Huế Đ Vi phát hiện thì ở dưới như không có cá gì,@HUE
data\data_prepared\wavs\XavqlfDnS9I_0120.wav,hết cả. Chắc cá cá cũng bự lắm rồi. Cá là cũng,@HUE
data\data_prepared\wavs\XavqlfDnS9I_0121.wav,bự lắm nhưng mà nằm ở phía dưới sâu rồi. Và ở đây là có một cái đường đi ra đây,@HUE
data\data_prepared\wavs\XavqlfDnS9I_0122.wav,quý vị. Đấy quý vị thấy kỹ một cái đường đi ra.,@HUE
data\data_prepared\wavs\XavqlfDnS9I_0123.wav,cái hòn đồng bộ đấy. Nhưng mà chắc có lẽ là Huế Review cũng sẽ không đi ra đó bởi,@HUE
data\data_prepared\wavs\XavqlfDnS9I_0124.wav,vì chúng ta bây giờ sẽ đi vào để review cái căn biệt thử xem thử là nó có gì đặc,@HUE
data\data_prepared\wavs\XavqlfDnS9I_0125.wav,biệt hay không. Bởi vì theo như sách báo thì cả báo đài thì cái khu biệt hự này,@HUE
data\data_prepared\wavs\XavqlfDnS9I_0126.wav,nó chất chữa rất là nhiều cái biển. Và những biến đó là gì thì mong quý vị cũng,@HUE
data\data_prepared\wavs\XavqlfDnS9I_0127.wav,ta xem hết video để cùng Huế review chúng ta theo dõi và tìm hiểu những cái,@HUE
data\data_prepared\wavs\XavqlfDnS9I_0128.wav,"bí ẩn ẩn sau cái ngôi biệt thự này. Thưa quý vị, xin mời quý vị. Vâng, thưa quý",@HUE
data\data_prepared\wavs\XavqlfDnS9I_0129.wav,"vị, như quý vị thấy thì để bước vào cái qua biệt thự thì chúng ta sẽ đi qua một",@HUE
data\data_prepared\wavs\XavqlfDnS9I_0130.wav,cái cổng. Thì ở đây quý vị thấy hai cái trụ cộng nó cũng được thiết kế cũng khá,@HUE
data\data_prepared\wavs\XavqlfDnS9I_0131.wav,là đặc biệt là bởi vì ở đây là Huế Viê thấy ngoài cái trụ chính ra thì ở đây có,@HUE
data\data_prepared\wavs\XavqlfDnS9I_0132.wav,một cái trụ phụ nhỏ ở đây này. Đấy và quý vị thấy là nếu như mà cái cổng lúc,@HUE
data\data_prepared\wavs\XavqlfDnS9I_0133.wav,trước còn thì cũng khá là to. Đấy cái mắt không á cái mắt xích để mà quay cái,@HUE
data\data_prepared\wavs\XavqlfDnS9I_0135.wav,"chúng ta khi chúng ta bước vào là một cái con đường đấy, một cái con đường",@HUE
data\data_prepared\wavs\XavqlfDnS9I_0136.wav,chính như thế này. Và ở đây như quý vị thấy thì cây cối nó rất là um tùm và do,@HUE
data\data_prepared\wavs\XavqlfDnS9I_0137.wav,"là không có ai chăm sóc. Đấy, chính vì vậy mà những cái cây này bây giờ nó cứ",@HUE
data\data_prepared\wavs\XavqlfDnS9I_0138.wav,"mọc lên như thế này và rất nhiều cây dải, những cái cây cổ thụ. Đấy cũng có",@HUE
data\data_prepared\wavs\XavqlfDnS9I_0139.wav,những cái cây cổ thụ mọc ở đây luôn quý vị này. Và ở đây có một cái bảng đấy.,@HUE
data\data_prepared\wavs\XavqlfDnS9I_0140.wav,Một cái bảng ghi là di tích nhà Ngô Định Cửn đấy. Khu đất nhà Ngô Định Cửng,@HUE
data\data_prepared\wavs\XavqlfDnS9I_0144.wav,này lập vườn. Năm 1956 dưới áp lực của Ngô Đình Cẩn thì ông Lý Lâm Tinh buộc,@HUE
data\data_prepared\wavs\XavqlfDnS9I_0145.wav,phải nhường lại toàn bộ khu vườn này cho Ngô Định Cẩn. Sau đó thì cẩn đã cho xây,@HUE
data\data_prepared\wavs\XavqlfDnS9I_0146.wav,"dựng khuôn viên vào một số công trình như là khu biệt thự, nhà thủy tạ, hồ",@HUE
data\data_prepared\wavs\XavqlfDnS9I_0147.wav,"khảnh nguyệt, cổng vò, suối đá, giếng nước và vườn cây ăn họa biến nơi này",@HUE
data\data_prepared\wavs\XavqlfDnS9I_0148.wav,"thành một địa điểm nghỉ ngơi, vui chơi, giải trí, đồng thời theo dõi, giám sát,",@HUE
data\data_prepared\wavs\XavqlfDnS9I_0149.wav,"chỉ đạo các hoạt động tra tấn, đánh đập tù nhân của bọn tây sai đối với các",@HUE
data\data_prepared\wavs\XavqlfDnS9I_0150.wav,chiến sĩ cách mạng đang bị giam cầm đại ải trong khu vực chín hầm.,@HUE
data\data_prepared\wavs\XavqlfDnS9I_0151.wav,Đấy và cùng với di tích chín hầm thì ngô di tích nhà của Ngô Định Cửng cũng được,@HUE
data\data_prepared\wavs\XavqlfDnS9I_0152.wav,Bộ Văn hóa thông tin nay là Bộ Văn hóa Thể thao Du lịch xếp hạng là di tích,@HUE
data\data_prepared\wavs\XavqlfDnS9I_0154.wav,"suối đá, một cái giếng nước, một cái vườn cây ăn quả, một cái cổng vò và một",@HUE
data\data_prepared\wavs\XavqlfDnS9I_0155.wav,"cái hồ Khánh Nguyệt. Rồi hình nhà thủy tạ. Quý vị thân mến, như vậy là cái khu",@HUE
data\data_prepared\wavs\XavqlfDnS9I_0156.wav,vực à Huế Review mà mới quay cho quý vị xem có thể là Hồ Khánh Nguyệt cũng có,@HUE
data\data_prepared\wavs\XavqlfDnS9I_0157.wav,thể là cái suối đá. Đấy thì không biết là quý vị có phân biệt được cái suối đá,@HUE
data\data_prepared\wavs\XavqlfDnS9I_0158.wav,và cái hồ Khánh Nguyệt không thì quý vị có thể comment phía dưới video giúp Huế,@HUE
data\data_prepared\wavs\XavqlfDnS9I_0159.wav,review nha quý vị. À như vậy là sẽ có rất nhiều công trình đó là cái khu biệt,@HUE
data\data_prepared\wavs\XavqlfDnS9I_0160.wav,"thự hai tầng nhà thủy tạ, hồ Khánh Nguyệt Cổng Vỏ. Rồi",@HUE
data\data_prepared\wavs\XavqlfDnS9I_0161.wav,như vậy thì ở đây là cái khu vực này chính là khu vực vườn cây ăn quả trước,@HUE
data\data_prepared\wavs\XavqlfDnS9I_0162.wav,"kia. Thưa quý vị, còn bây giờ thì à có rất nhiều cái cây dài mọc lên rồi và quý",@HUE
data\data_prepared\wavs\XavqlfDnS9I_0163.wav,vị thấy đi vào là giống như rừng rằm Amazon đấy. Nhìn thời tiết âm u n nhìn,@HUE
data\data_prepared\wavs\XavqlfDnS9I_0164.wav,có vẻ rất là sợ đấy quý vị. Đấy nhìn giống như rừng Amazon nếu như mà,@HUE
data\data_prepared\wavs\XavqlfDnS9I_0165.wav,nói không quá thì cái khu vực này bây giờ nó là giống như một cái khu rừng rẫm,@HUE
data\data_prepared\wavs\XavqlfDnS9I_0166.wav,"vì nó là bỏ hoang. Và nếu như mà cái khu vực này không được cải tạo, không được",@HUE
data\data_prepared\wavs\XavqlfDnS9I_0167.wav,tôn tạo lại thì có thể là nó sẽ trở thành một cái phế tích rất là đáng tiếc.,@HUE
data\data_prepared\wavs\XavqlfDnS9I_0168.wav,Thưa quý vị không biết à Trung tâm bảo tồn di tích có nghĩ đến cái phương án,@HUE
data\data_prepared\wavs\XavqlfDnS9I_0169.wav,trùng tu và bảo tồn lại cái khu vực này hay chưa. Đấy nhưng mà nếu như mà chúng,@HUE
data\data_prepared\wavs\XavqlfDnS9I_0170.wav,ta không có bả không có trung tu lại thì có lẽ là khu vực này cũng sẽ trở thành,@HUE
data\data_prepared\wavs\XavqlfDnS9I_0171.wav,phế tích mà thôi. Bởi vì hiện tại như quý vị thấy cái khu vực này nó đang,@HUE
data\data_prepared\wavs\XavqlfDnS9I_0172.wav,xuống cấp rất là nghiêm trọng nữa. Này đây nhìn ra cái con đường này thôi quý,@HUE
data\data_prepared\wavs\XavqlfDnS9I_0173.wav,vị. Nếu như mà thật sự mà nói là cái ngoài kia mà cái khu vực đó là nó nhiều,@HUE
data\data_prepared\wavs\XavqlfDnS9I_0174.wav,cây cối và cái cổng đó nó tối thì chẳng khác gì chúng ta đang lạc vào một cái,@HUE
data\data_prepared\wavs\XavqlfDnS9I_0175.wav,khu rừng đầy huyền bí. Thật sự mà nói là ở nơi đây rất phù hợp cho những ai yêu,@HUE
data\data_prepared\wavs\XavqlfDnS9I_0176.wav,thích khám phá và những ai mà yêu thích nhữ cái sự bí ẩn huyền bí.,@HUE
data\data_prepared\wavs\XavqlfDnS9I_0177.wav,Bên kia thì quý vị thấy những cái cây keo bây giờ nó đang lớn dần lớn dần và,@HUE
data\data_prepared\wavs\XavqlfDnS9I_0178.wav,nó đang lấn vào những cái diện tích của cái khu vườn ăn gọi là cái khu vườn cây,@HUE
data\data_prepared\wavs\XavqlfDnS9I_0179.wav,ăn quả. Đây mà bây giờ Huế Review phát hiện thì ở đây cây ăn quả thì chủ yếu là,@HUE
data\data_prepared\wavs\XavqlfDnS9I_0180.wav,có những cái cây mít mà thôi. Bởi vì những cái cây mít nó bây giờ nó lớn rất,@HUE
data\data_prepared\wavs\XavqlfDnS9I_0181.wav,là rất là to luôn. À có rất là nhiều trẻ mít này.,@HUE
data\data_prepared\wavs\XavqlfDnS9I_0182.wav,Wow. Đấy quý vị có thể thấy là mít ở đây rất,@HUE
data\data_prepared\wavs\XavqlfDnS9I_0183.wav,là nhiều đó.,@HUE
data\data_prepared\wavs\XavqlfDnS9I_0184.wav,Có những trái là chín rồi quý vị này. Đấy nhưng mà cường như là cũng à chẳng,@HUE
data\data_prepared\wavs\XavqlfDnS9I_0185.wav,"ai dám hái luôn. cũng không có ai tới đây, rất là ít",@HUE
data\data_prepared\wavs\XavqlfDnS9I_0186.wav,người tới đây. Thường thì các thường tới cái mùa du lịch mà phát triển á sẽ có,@HUE
data\data_prepared\wavs\XavqlfDnS9I_0187.wav,rất khá là nhiều người tới đây để mà chụp ảnh nhìn có vẻ hoang vu đấy. Nhưng,@HUE
data\data_prepared\wavs\XavqlfDnS9I_0188.wav,mà hiện tại thì cái tình hình dịch bệnh nó xảy ra chính vì vậy mà cũng không có,@HUE
data\data_prepared\wavs\XavqlfDnS9I_0189.wav,ai đến đây. Do đó là Huế Review cũng muốn quay cái khu vực này cho quý vị,@HUE
data\data_prepared\wavs\XavqlfDnS9I_0190.wav,xem. Hơn nữa thì có một số quý vị khán giả là,@HUE
data\data_prepared\wavs\XavqlfDnS9I_0191.wav,nói rằng là Huế Review có dám đi một mình vào đây hay không. để quay cái khu,@HUE
data\data_prepared\wavs\XavqlfDnS9I_0192.wav,"vực chứng tích này hay không, cái nhà chứng tích này hay không. Đấy thì Huy",@HUE
data\data_prepared\wavs\XavqlfDnS9I_0194.wav,đấy đem lòng nhũngng cạo của mình để đến đây để quay cho quý vị xem bởi vì đi vào,@HUE
data\data_prepared\wavs\XavqlfDnS9I_0195.wav,một mình luôn. Huế v đi một mình không không đi với ai cả và cảm thấy cũng khá,@HUE
data\data_prepared\wavs\XavqlfDnS9I_0196.wav,"là bồi hồi, khá là sợ hãi. Nhưng mà dù sao thì cái máu khám phá, cái máu yêu",@HUE
data\data_prepared\wavs\XavqlfDnS9I_0197.wav,thích khám phá của H review Review nó cũng nổi lên rồi. Và như quý vị thấy ở,@HUE
data\data_prepared\wavs\XavqlfDnS9I_0198.wav,đây là có cái nhà thủy tạ. Theo như Huế Review tìm hiểu thì những,@HUE
data\data_prepared\wavs\XavqlfDnS9I_0199.wav,cái công trình kiến trúc ở đây nó được thiết kế theo kiểu phong kiến. Chính vì,@HUE
data\data_prepared\wavs\XavqlfDnS9I_0200.wav,vậy mà Huế Review cũng rất là tò mò và muốn đến đây để khám phá xem thử cái,@HUE
data\data_prepared\wavs\XavqlfDnS9I_0201.wav,thông tin đó có đúng hay không. Nhưng mà như quý vị thấy thì cái khu vực nhà thủy,@HUE
data\data_prepared\wavs\XavqlfDnS9I_0202.wav,"tạ đấy, khu vực nhà thủy tạ thì các cái cột",@HUE
data\data_prepared\wavs\XavqlfDnS9I_0203.wav,kèo bây giờ nó cũng được trang trí. Đấy the như quý vị thấy không? Ở đây thì Huy,@HUE
data\data_prepared\wavs\XavqlfDnS9I_0206.wav,họa tiết rồng ửng vân long ẩn vân trong các cái cổ kèo đấy thậm chí là những cái,@HUE
data\data_prepared\wavs\XavqlfDnS9I_0207.wav,họa tiết cung đình nó vẫn hiện ở đây chứng tỏ là ông Ngô Đình Cẩn là một cái,@HUE
data\data_prepared\wavs\XavqlfDnS9I_0208.wav,ông cũng rất là hoài niệm và cũng à rất là câm câm ghét cái tòa không sử pháp,@HUE
data\data_prepared\wavs\XavqlfDnS9I_0209.wav,nhưng mà sau này vì cái hoàn cảnh đôi lúc nó có một cái sự gì đó bất rất dĩ.,@HUE
data\data_prepared\wavs\XavqlfDnS9I_0210.wav,Chính vì vậy mà ông a mới à bị người ta đặt cái biệt danh là bảo chúa miền,@HUE
data\data_prepared\wavs\XavqlfDnS9I_0212.wav,cũng không tệ để phân tích bởi vì nó là lịch sử và nó liên quan đến những cái à,@HUE
data\data_prepared\wavs\XavqlfDnS9I_0213.wav,yếu tố nó không a nó ảnh hưởng tới chính trị. Chính vì vậy mà Huế Review cũng,@HUE
data\data_prepared\wavs\XavqlfDnS9I_0214.wav,không có đề cập ở đây. Nhưng mà quý vị thấy rõ ràng thì cái hòn non bộ đấy. Cái,@HUE
data\data_prepared\wavs\XavqlfDnS9I_0215.wav,"hòn non bộ như thế này rất là bự, rất là to. được đặt dưới cái hồ như thế này thì",@HUE
data\data_prepared\wavs\XavqlfDnS9I_0216.wav,theo như Huệ Review thấy ở đây có một cái hồ thì chắc ở đây là hồ Khánh Nguyệt,@HUE
data\data_prepared\wavs\XavqlfDnS9I_0217.wav,nằm bên trong nhà thủy tạ còn ở ngoài kia chính là cái suối đá đấy. Cái suối,@HUE
data\data_prepared\wavs\XavqlfDnS9I_0218.wav,đó thì chắc là cũng để tắm à để tắm rửa vui chơi ở ngoài. Còn ở đây là cái khu,@HUE
data\data_prepared\wavs\XavqlfDnS9I_0219.wav,vực để giải trí như là ngồi đánh cờ hay như thế nào đó. Và trong cái hồ này thì,@HUE
data\data_prepared\wavs\XavqlfDnS9I_0220.wav,quý vị thấy nhìn vào cái mức độ của hòng non bộ thì chúng ta có thể cảm giác được,@HUE
data\data_prepared\wavs\XavqlfDnS9I_0221.wav,rằng ông Cẩn là một con người rất là đam mê gọi là đam mê thú vui những cái thổ,@HUE
data\data_prepared\wavs\XavqlfDnS9I_0222.wav,vui dân gian và những cái thổ vui hết sức là tao nhã này làm hòn n bộ này chơi,@HUE
data\data_prepared\wavs\XavqlfDnS9I_0223.wav,cây cảnh đấy như Huế Đ vi tìm hiểu thì ngoài những cái thú vui về cây cảnh và,@HUE
data\data_prepared\wavs\XavqlfDnS9I_0224.wav,nông bộ thì ông a còn à thích đá gà thích à,@HUE
data\data_prepared\wavs\XavqlfDnS9I_0225.wav,núi chim chính vì vậy mà nhà của ông lúc nào cũng rộn tiếng chim cả.,@HUE
data\data_prepared\wavs\XavqlfDnS9I_0226.wav,Nhưng mà mà như quý vị thấy thì các cái kiến trúc này bây giờ nó đã xuống cấp,@HUE
data\data_prepared\wavs\XavqlfDnS9I_0227.wav,hết sức là nghiêm trọng. Các cái lớp vẫy rồng nó bong tróc hết rồi đấy. Và quý vị,@HUE
data\data_prepared\wavs\XavqlfDnS9I_0228.wav,"thấy này, nó vỡ vụn ra và nó lòi ra luôn cái dây thép này. Thì chứng tỏ là cái",@HUE
data\data_prepared\wavs\XavqlfDnS9I_0229.wav,khu di tích này nó đang a xuống cấp hết sức là nghiêm trọng. Và nếu như mà không,@HUE
data\data_prepared\wavs\XavqlfDnS9I_0230.wav,"có tu sửa, không có tùng tu thì cũng có nguy cơ là sụp đổ làm phế tích. Bởi vì",@HUE
data\data_prepared\wavs\XavqlfDnS9I_0231.wav,do đó là nếu như mà khi quý vị tới đây thì quý vị hạn chế chúng ta đừng có nên,@HUE
data\data_prepared\wavs\XavqlfDnS9I_0232.wav,bước vào ở trong này. Lúc này Huế Review muốn quay chi tiết cho quý vị xem chứ,@HUE
data\data_prepared\wavs\XavqlfDnS9I_0233.wav,còn đôi lúc mà quý vị bước vào trong này nó tọa một cái là coi như là cũng khổ,@HUE
data\data_prepared\wavs\XavqlfDnS9I_0234.wav,lắm đó thưa quý vị. Đấy các cái hòa tiết trên đầu quyết đầu,@HUE
data\data_prepared\wavs\XavqlfDnS9I_0235.wav,hồi dường như là nó không còn rõ hình thù nhưng mà Huy Review đảm bảo chắc,@HUE
data\data_prepared\wavs\XavqlfDnS9I_0236.wav,chắn nó sẽ quy tụ rõ bốn con tử linh đó là quy tụ đủ bốn con tử linh đó là long,@HUE
data\data_prepared\wavs\XavqlfDnS9I_0237.wav,lân quy phụng thôi quý vị như quý vị thấy ở trên kia là có một con lưng rồi,@HUE
data\data_prepared\wavs\XavqlfDnS9I_0238.wav,đấy thì ở đây là có thể là con rồng hoặc là có thể là con phượng,@HUE
data\data_prepared\wavs\XavqlfDnS9I_0239.wav,bởi vì rồng ở đây là bốn cột rồi đấy và cái mái đình này đây cái mái đình thủy,@HUE
data\data_prepared\wavs\XavqlfDnS9I_0240.wav,tạ này nó sẽ quy tụ tự linh và rõ ràng thì đây là một cái kiến trúc kiểu phong,@HUE
data\data_prepared\wavs\XavqlfDnS9I_0241.wav,kiến nhà Nguyễn đây. Và cũng giới thiệu luôn quý vị đó là ông,@HUE
data\data_prepared\wavs\XavqlfDnS9I_0242.wav,Ngô Đình Cửng là con thứ tám của ông Ngô Đình Khả. Ông Ngô Đình Khả trước kia,@HUE
data\data_prepared\wavs\XavqlfDnS9I_0243.wav,cũng là một quan thượng thư của triều Nguyễn. Chính vì vậy mà cũng có một phần,@HUE
data\data_prepared\wavs\XavqlfDnS9I_0244.wav,nào đó ảnh hưởng đến các cái à tư tưởng của phong kiến.,@HUE
data\data_prepared\wavs\XavqlfDnS9I_0245.wav,Và được biết thì ông Cẩn cũng là một người rất là bảo thủ không biết là như,@HUE
data\data_prepared\wavs\XavqlfDnS9I_0246.wav,thế nào đó thì sau này thì ông lại có một cái,@HUE
data\data_prepared\wavs\XavqlfDnS9I_0247.wav,à biệt danh là bảo chỗ miền Trung. Thì nếu như quý vị nào biết thì quý vị cũng,@HUE
data\data_prepared\wavs\XavqlfDnS9I_0248.wav,có thể comment phía dưới video giúp Huế Review. Nhưng mà ở đây này chúng ta thấy,@HUE
data\data_prepared\wavs\XavqlfDnS9I_0249.wav,"các cái đường đi lên đây, các cái bậc cấp đi lên ngay cả bậc cấp đi lên cũng",@HUE
data\data_prepared\wavs\XavqlfDnS9I_0250.wav,có được trang trí rất là đẹp luôn quý vị. Màu sắc rất là sặc sở được trang trí,@HUE
data\data_prepared\wavs\XavqlfDnS9I_0251.wav,bằng thủy tinh màu. Đấy những cái loại thủy tinh mà trước kia là chỉ có vua,@HUE
data\data_prepared\wavs\XavqlfDnS9I_0252.wav,"chúa mới dùng được. Nhưng mà ông Cửng cũng chơi một cách rất là xa hoa. Đấy,",@HUE
data\data_prepared\wavs\XavqlfDnS9I_0253.wav,chơi những cái thủy tinh như thế này luôn rất là đẹp. Cái như vậy thì cái hồ,@HUE
data\data_prepared\wavs\XavqlfDnS9I_0254.wav,thủy tạ này ấy thì quý vị thấy là thuyết thiết kế theo cái kiểu kiến trúc à phong,@HUE
data\data_prepared\wavs\XavqlfDnS9I_0255.wav,kiến. Còn đây chính là cái biệt thự mà gọi là biệt thự hai tầng. một cái biệt,@HUE
data\data_prepared\wavs\XavqlfDnS9I_0256.wav,"thự mà người quý vị bà con thường gọi là biệt thự bỏ hoang. Đây quý vị, bây giờ",@HUE
data\data_prepared\wavs\XavqlfDnS9I_0257.wav,"chúng ta sẽ vào để khám phá xem thử nội thất bên trong nó như thế nào, nó có cái",@HUE
data\data_prepared\wavs\XavqlfDnS9I_0258.wav,gì nó đặc biệt hay không. Nhưng mà ở đây là Huế Review phát hiện,@HUE
data\data_prepared\wavs\XavqlfDnS9I_0259.wav,"thấy là có dấu tích của chăn nuôi bò, trau bò.",@HUE
data\data_prepared\wavs\XavqlfDnS9I_0260.wav,Ở đây cũng có một cái hầm. Wow! Một cái hầm này thấy có cá đồng đầy,@HUE
data\data_prepared\wavs\XavqlfDnS9I_0261.wav,thô quý vị. Thì không biết cái hầm này là lúc trước có cái tác dụng gì hay,@HUE
data\data_prepared\wavs\XavqlfDnS9I_0262.wav,không. Vào đây cảm thấy rất là rung rung rợn,@HUE
data\data_prepared\wavs\XavqlfDnS9I_0263.wav,luôn. Nổi da gà luôn quý vị. Rất là lạnh luôn.,@HUE
data\data_prepared\wavs\XavqlfDnS9I_0264.wav,À này được trứng dụng để hiện tại là được trứng dụng để nuôi trâu bò. Đây quý,@HUE
data\data_prepared\wavs\XavqlfDnS9I_0265.wav,vị này. Đó các cái công trình thì bây giờ các,@HUE
data\data_prepared\wavs\XavqlfDnS9I_0266.wav,cái a vôi vữa bây giờ nó cũng đã xuống cấp,@HUE
data\data_prepared\wavs\XavqlfDnS9I_0267.wav,rồi. Đây quý vị thấy nó bể nước bể rồi. Thì như khu vực bên trong này thì được,@HUE
data\data_prepared\wavs\XavqlfDnS9I_0268.wav,dọn dẹp sạch sẽ để mà thả bò thả trâu. Chính vì vậy mà cũng không có cái gì bên,@HUE
data\data_prepared\wavs\XavqlfDnS9I_0269.wav,trong cả quý vị. Nhưng mà chúng ta nhìn bên ngoài thì rõ ràng là những cái viên,@HUE
data\data_prepared\wavs\XavqlfDnS9I_0271.wav,tích của các cái thủy tinh màu đây quý vị. Wow! Rồi bên ngoài thì các cái đá,@HUE
data\data_prepared\wavs\XavqlfDnS9I_0272.wav,được xây dựng rất là ngăn nắp đấy và xếp rất là đẹp. Đây. Wow!,@HUE
data\data_prepared\wavs\XavqlfDnS9I_0274.wav,xem là cho rất là đẹp. Đây quý vị. Đây ở đây Huy R phát hiện có một cái cái,@HUE
data\data_prepared\wavs\XavqlfDnS9I_0275.wav,hầm đây. Một cái hầm này.,@HUE
data\data_prepared\wavs\XavqlfDnS9I_0276.wav,Cái hầm này chắc trước kia thì cũng à được à dùng để mà núp bom đạn hay sao,@HUE
data\data_prepared\wavs\XavqlfDnS9I_0277.wav,chứ. Theo quý vị thì quý vị có ngả nghĩ có,@HUE
data\data_prepared\wavs\XavqlfDnS9I_0278.wav,nghĩ như vậy hay không? Bởi vì Huủ Review nhận thấy thì cái cái,@HUE
data\data_prepared\wavs\XavqlfDnS9I_0279.wav,hầm này là dường như có cái đường đi vào đấy. Có cái đường có cái lỗ chui vô đây.,@HUE
data\data_prepared\wavs\XavqlfDnS9I_0280.wav,Đây có một cái cái lỗ để chui vô đây quý vị này.,@HUE
data\data_prepared\wavs\XavqlfDnS9I_0281.wav,Đấy nhưng mà quý vị thấy thì đứt nó lắp lên rồi do đó là nó che lên rất là,@HUE
data\data_prepared\wavs\XavqlfDnS9I_0282.wav,nhiều. Còn lại mà thực sự mà nói là nếu như cái hầm này trước kia thì chắc cũng,@HUE
data\data_prepared\wavs\XavqlfDnS9I_0283.wav,rất là cao. Đây thì chắc có vẻ là nơi trú ẩn hay là có cái ý đồ gì đó để ẩn,@HUE
data\data_prepared\wavs\XavqlfDnS9I_0284.wav,ấp. Rồi bây giờ chúng ta sẽ lên cái lầu thứ,@HUE
data\data_prepared\wavs\XavqlfDnS9I_0285.wav,hai để xem như thế nào. Quý vị thấy là cái cốt đứt ở đây nó cũng,@HUE
data\data_prepared\wavs\XavqlfDnS9I_0286.wav,rất là cao này. Và trên kia thì bà con cũng trưng dụng để mà trồng keo trạm.,@HUE
data\data_prepared\wavs\XavqlfDnS9I_0287.wav,Đây ở ngoài kia Huế Raia phát hiện thấy có một cái cái miếu gì đó thôi quý vị.,@HUE
data\data_prepared\wavs\XavqlfDnS9I_0288.wav,Lát nữa Huế Review sẽ ra xem thử như thế nào.,@HUE
data\data_prepared\wavs\XavqlfDnS9I_0289.wav,Cái đó dì như là một cái miếu. Rồi bây giờ chúng ta đi lên cái là tầng,@HUE
data\data_prepared\wavs\XavqlfDnS9I_0291.wav,hầm à. À cái c này nó thông nó thông qua với,@HUE
data\data_prepared\wavs\XavqlfDnS9I_0292.wav,cái hầm kia thôi quý vị. Như vậy là cái này nó ở trên và cái hầm ở dưới.,@HUE
data\data_prepared\wavs\XavqlfDnS9I_0293.wav,Thì không biết là cái cái mục đích là như thế nào thì quý vị nào biết thì có,@HUE
data\data_prepared\wavs\XavqlfDnS9I_0294.wav,thể giải thích dưới video giúp cho Huế review được không? Để cho Huế review và,@HUE
data\data_prepared\wavs\XavqlfDnS9I_0295.wav,mọi người cũng biết là không biết là cái cái này là để làm cái gì đây. Bởi vì Huế,@HUE
data\data_prepared\wavs\XavqlfDnS9I_0296.wav,Review cũng không phải là người am hiểu về kiến trúc nhưng mà có những,@HUE
data\data_prepared\wavs\XavqlfDnS9I_0297.wav,cái phát hiện này thì quý Huế Review cũng muốn quay cho quý vị xem.,@HUE
data\data_prepared\wavs\XavqlfDnS9I_0298.wav,"Ở đây quý vị thấy các cái cột keo này này. Đó, các cái keo này nó được thiết",@HUE
data\data_prepared\wavs\XavqlfDnS9I_0299.wav,kế theo dạng phong kiến. Đây quý vị nhìn rất là đẹp luôn.,@HUE
data\data_prepared\wavs\XavqlfDnS9I_0300.wav,"Wow! Một cái công trình, một cái di tích rất",@HUE
data\data_prepared\wavs\XavqlfDnS9I_0302.wav,Đây Huế Đ vi phát hiện có một cái kim cái mền.,@HUE
data\data_prepared\wavs\XavqlfDnS9I_0303.wav,Như vậy là buổi tối dường như cũng có người tới đây ở thôi quý vị.,@HUE
data\data_prepared\wavs\XavqlfDnS9I_0304.wav,Như vậy là buổi tối cũng có người tới đây ngủ này.,@HUE
data\data_prepared\wavs\XavqlfDnS9I_0305.wav,Đây rõ ràng thì cái chỗ này mà dùng để ẩn thân thì cũng rất là tuyệt đây. Wow.,@HUE
data\data_prepared\wavs\XavqlfDnS9I_0306.wav,Chúng ta sẽ đi một vòng xem như thế nào. À bên này mà cũng có một cái cái hầm,@HUE
data\data_prepared\wavs\XavqlfDnS9I_0307.wav,đây. À như vậy là hai cái hầm thông nhau. Lúc nãy thì Huế Review cũng à phát,@HUE
data\data_prepared\wavs\XavqlfDnS9I_0308.wav,hiện bên kia là có cái hầm. Bên này cũng có cái hầm đây quý vị. Nhưng mà bên này,@HUE
data\data_prepared\wavs\XavqlfDnS9I_0309.wav,có nước còn bên kia lại không có nước. Đấy thì cái cái cái cái,@HUE
data\data_prepared\wavs\XavqlfDnS9I_0310.wav,chúng ta làm sao để giải thích được đây? Wow.,@HUE
data\data_prepared\wavs\XavqlfDnS9I_0311.wav,Đây như quý vị thấy thì à các cái hòa tiết trang trí đ bây giờ nó,@HUE
data\data_prepared\wavs\XavqlfDnS9I_0312.wav,cũng bị bom trọc rồi. Nhưng mà nhìn cái hòa tiết cũng khá là,@HUE
data\data_prepared\wavs\XavqlfDnS9I_0313.wav,tinh xảo đây. Rất chi là tinh xảo. Nhìn như sau kia thì cũng có một cái,@HUE
data\data_prepared\wavs\XavqlfDnS9I_0314.wav,đường đi ra. À nhưng mà quý vị thấy là nhìn cái các,@HUE
data\data_prepared\wavs\XavqlfDnS9I_0315.wav,cái bờ quyết đầu hồi đây. Các cái bờ quyết và cái đầu hồi thì như quý vị thấy,@HUE
data\data_prepared\wavs\XavqlfDnS9I_0316.wav,là bên này con rồng bên này cũng phượng. Đấy rồng và phượng hoàng. Con rồng đây,@HUE
data\data_prepared\wavs\XavqlfDnS9I_0317.wav,quý vị này. Con phường hoàng đây này. Nhưng mà nó bị bay đầu hết rồi. Thực sự,@HUE
data\data_prepared\wavs\XavqlfDnS9I_0318.wav,mà nói là nó bị bể rồi. Rất là uổng luôn. Nhìn cái trang trí rất là đẹp. Đấy,@HUE
data\data_prepared\wavs\XavqlfDnS9I_0319.wav,như quý vị thấy là cái mặt bên này là cái bình phong à không phải là bình,@HUE
data\data_prepared\wavs\XavqlfDnS9I_0320.wav,phong mà cái mặt trước á. Đây cũng được trang trí hòa tiết rất là,@HUE
data\data_prepared\wavs\XavqlfDnS9I_0321.wav,rất là tinh xảo nhưng mà lại dường như là lại bị,@HUE
data\data_prepared\wavs\XavqlfDnS9I_0322.wav,"hủy hoại bởi thời gian rồi. Rất là tiếc, rất chi là đáng tiếc thô quý vị. Đây quá",@HUE
data\data_prepared\wavs\XavqlfDnS9I_0323.wav,đẹp luôn. Đây ở sau này có một cái công trình gì,@HUE
data\data_prepared\wavs\XavqlfDnS9I_0324.wav,đây? Chúng ta đi lui sau xem. Đây như có một cái chỗ thoạt nước này.,@HUE
data\data_prepared\wavs\XavqlfDnS9I_0325.wav,Wow. Đây trong này nhìn như là các cái nội,@HUE
data\data_prepared\wavs\XavqlfDnS9I_0326.wav,thất bên trong là như là bị dọn dẹp hết rồi. Không còn cái gì trong kìa.,@HUE
data\data_prepared\wavs\XavqlfDnS9I_0327.wav,Ồ sau này như là có một cái hầm gì đây rồi quý vị này. Một cái công trình phụ,@HUE
data\data_prepared\wavs\XavqlfDnS9I_0328.wav,gì đây. Đây có mô mạ đây quý vị.,@HUE
data\data_prepared\wavs\XavqlfDnS9I_0329.wav,W rất là lạnh người luôn quý vị ơi. Như,@HUE
data\data_prepared\wavs\XavqlfDnS9I_0330.wav,đây có mộ hay sao hay là cái dễm nước đó?,@HUE
data\data_prepared\wavs\XQRcF9k1pjg_0001.wav,Đường vô sử Huế quanh quanh non xanh nước biết như tranh họa đồ. Thương em,@HUE
data\data_prepared\wavs\XQRcF9k1pjg_0003.wav,À vâng mến chào quý vị đã quay lại với Huế Review.,@HUE
data\data_prepared\wavs\XQRcF9k1pjg_0004.wav,À quý vị và các bạn thân mến à như câu thơ lúc nãy Huế Review đã đọc,@HUE
data\data_prepared\wavs\XQRcF9k1pjg_0005.wav,thì chắc quý vị cũng đã biết được Huế Review đang ở ở khu vực nào. Và hôm nay,@HUE
data\data_prepared\wavs\XQRcF9k1pjg_0006.wav,thì Huế Review không phải giới thiệu cho quý vị về cái phá tam gian.,@HUE
data\data_prepared\wavs\XQRcF9k1pjg_0007.wav,Tuy nhiên thì những cái con đường mà Huế Review hôm nay đi ngang thì nó cũng liên,@HUE
data\data_prepared\wavs\XQRcF9k1pjg_0008.wav,quan tới cái đầm phá này. Và hiện tại thì Huế Review đang ở khu vực xã Vân An,@HUE
data\data_prepared\wavs\XQRcF9k1pjg_0009.wav,"đây quý vị. Xã Vân An thì thuộc huyện Phú Vang, tỉnh Thừ Thiên Huế. Và đây là",@HUE
data\data_prepared\wavs\XQRcF9k1pjg_0010.wav,những cái con đường có lẽ nó sộc với một số quý vị khán giả trên kênh Huế,@HUE
data\data_prepared\wavs\XQRcF9k1pjg_0011.wav,Review. Và hôm nay thì Huế Review sẽ dẫn quý vị,@HUE
data\data_prepared\wavs\XQRcF9k1pjg_0012.wav,à đi từ Vinh An Vinh Thanh và ngược dòng Tam Giang chúng ta vượt qua cầu Trường,@HUE
data\data_prepared\wavs\XQRcF9k1pjg_0013.wav,Hà. Sau đó chúng ta sẽ qua thị trấn Phú Đa để cho quý vị có một cái nhìn à,@HUE
data\data_prepared\wavs\XQRcF9k1pjg_0014.wav,tổng quát về cái cầu Trường Hà là một cái chiếc cầu mà bắt ngang qua đầm Thủy,@HUE
data\data_prepared\wavs\XQRcF9k1pjg_0015.wav,Tú. Và đầm Thủy Tú thì như quý vị đã biết thì nó thuộc hệ thống đầm phá Tam,@HUE
data\data_prepared\wavs\XQRcF9k1pjg_0016.wav,Giang cầu hai. À nó bắt qua hai xã đó là xã,@HUE
data\data_prepared\wavs\XQRcF9k1pjg_0017.wav,Vinh Thanh và xã Vinh Phú. Thưa quý vị thì như quý vị đã biết thì Vinh An là,@HUE
data\data_prepared\wavs\XQRcF9k1pjg_0018.wav,nổi tiếng với cái thành phố Lăng tức là cái thành phố mà ở đó có những cái ngôi,@HUE
data\data_prepared\wavs\XQRcF9k1pjg_0019.wav,lăng mộ được xây dựng bằng tiền tỷ chứ không phải là bằng tiền triệu thôi quý,@HUE
data\data_prepared\wavs\XQRcF9k1pjg_0020.wav,vị. Bởi vì ở đây thì có rất nhiều,@HUE
data\data_prepared\wavs\XQRcF9k1pjg_0021.wav,kiều bào sống ở nước ngoài và họ gửi tiền về để xây dựng những cái ngôi lăng,@HUE
data\data_prepared\wavs\XQRcF9k1pjg_0022.wav,mộ à cho tổ tiên cũng như là cho mình sau này. Và như quý vị đã thấy thì đường,@HUE
data\data_prepared\wavs\XQRcF9k1pjg_0023.wav,xá ở cái khu vực này bây giờ nó cũng đã thay đổi hơn trước kia rất là nhiều.,@HUE
data\data_prepared\wavs\XQRcF9k1pjg_0024.wav,À đường xã thì được bê tông hóa và rẫy nhựa nhìn có vẻ rất là đẹp thôi quý vị.,@HUE
data\data_prepared\wavs\XQRcF9k1pjg_0025.wav,Ngày xưa thì ở đây chỉ là những vùng cát trắng và bây giờ thì nó đã thay đổi và,@HUE
data\data_prepared\wavs\XQRcF9k1pjg_0026.wav,được xây dựng rất rất là nhiều các cái công trình nhà ở cũng như là các cái,@HUE
data\data_prepared\wavs\XQRcF9k1pjg_0028.wav,rất chi là phát triển so với trước kia. Như quý vị đã biết thì phá Tam Giang là,@HUE
data\data_prepared\wavs\XQRcF9k1pjg_0029.wav,một cái phá nằm trong hệ đầm phá Tam Giang cầu 2 và diện tích của phá Tam,@HUE
data\data_prepared\wavs\XQRcF9k1pjg_0030.wav,Giang tới 52 km² và nó trải dài từ cửa sông Ô Lâu đến cửa,@HUE
data\data_prepared\wavs\XQRcF9k1pjg_0031.wav,sông Hương thuộc hai huyện Phòng Điện Quảng Điện tỉnh Thừ Thên Huế và nó kéo,@HUE
data\data_prepared\wavs\XQRcF9k1pjg_0032.wav,về tới xã Vân Hiền đến cửa Tư Hiền của huyện Phú Lộc,@HUE
data\data_prepared\wavs\XQRcF9k1pjg_0033.wav,và phá Tâm Giang được xem như là một [âm nhạc],@HUE
data\data_prepared\wavs\XQRcF9k1pjg_0034.wav,phá lớn của Việt Nam và nó chiếm khoảng 11% diện tích đầm phá à ven bờ của cả,@HUE
data\data_prepared\wavs\XQRcF9k1pjg_0035.wav,nước. Và đây chính là cái con đường ven phá Tâ,@HUE
data\data_prepared\wavs\XQRcF9k1pjg_0036.wav,Giang thôi quý vị. Và chúng ta chỉ có duy nhất một cái con đường này nằm ở,@HUE
data\data_prepared\wavs\XQRcF9k1pjg_0037.wav,phía bên này mà thôi. Chúng ta đi ven phá thì hiện tại Huế Review đang đi lại,@HUE
data\data_prepared\wavs\XQRcF9k1pjg_0039.wav,"huyện Phú Vàng. Sau đó thì chúng ta sẽ qua cầu Trường Hà. Thưa quý vị,",@HUE
data\data_prepared\wavs\XQRcF9k1pjg_0040.wav,ở đây quý vị cũng có thể thấy là cái khu vực này à nhà cửa của bà con thì cũng à,@HUE
data\data_prepared\wavs\XQRcF9k1pjg_0041.wav,nhiều dần rồi quý vị. Trước kia thì ở đây chỉ là những vùng đất cát trắng,@HUE
data\data_prepared\wavs\XQRcF9k1pjg_0042.wav,hoang vu nhưng mà bây giờ thì công trình nhà ở được xây dựng và mọc sang sát,@HUE
data\data_prepared\wavs\XQRcF9k1pjg_0043.wav,nhau. Đây cũng là một cái tín hiệu đáng mừng bởi vì cuộc sống của bà con thì bây,@HUE
data\data_prepared\wavs\XQRcF9k1pjg_0044.wav,giờ nó là khá khá xưa và nó khá hương nhân rất là nhiều rồi.,@HUE
data\data_prepared\wavs\XQRcF9k1pjg_0045.wav,Ở đây thì bà con cũng à có những cái nhà là trồng rau màu rồi,@HUE
data\data_prepared\wavs\XQRcF9k1pjg_0046.wav,[âm nhạc] cũng có à một số hộ bà con là trồng lúa. Tuy,@HUE
data\data_prepared\wavs\XQRcF9k1pjg_0047.wav,nhiên thì đây là những à xả ven biển và phen phá. Chính vì vậy thì cái,@HUE
data\data_prepared\wavs\XQRcF9k1pjg_0048.wav,ngành nghề chính đó chính [âm nhạc] là nghề biển và nghề đánh bắc thủy hải sản.,@HUE
data\data_prepared\wavs\XQRcF9k1pjg_0049.wav,Thưa quý vị có một số bà con thì nuôi trồng thủy hải,@HUE
data\data_prepared\wavs\XQRcF9k1pjg_0050.wav,sản đây ví dụ như tôm rồi cá mực vân vân thì ở đây à cũng có rất nhiều bà con,@HUE
data\data_prepared\wavs\XQRcF9k1pjg_0051.wav,sống bằng cái nghề sông nước và ắc hẳn thì quý vị cũng đã biết rằng là thường,@HUE
data\data_prepared\wavs\XQRcF9k1pjg_0052.wav,thì ở trên phá tâm giang thì bà con hoạt động chợ nổi rất là nhiều và chợ ở đây,@HUE
data\data_prepared\wavs\XQRcF9k1pjg_0053.wav,thì nó cũng không giống như các cái chợ miền Tây các cái chợ nội ở miền Tây rất,@HUE
data\data_prepared\wavs\XQRcF9k1pjg_0054.wav,là lớn mà chỉ là những cái chợ tự phát à khoảng 4 5:00 sáng thì bà con là buôn,@HUE
data\data_prepared\wavs\XQRcF9k1pjg_0055.wav,bán thủy hải sản mà thôi. Và như cái video trước mà Huế Review,@HUE
data\data_prepared\wavs\XQRcF9k1pjg_0056.wav,cũng đã quay cho quý vị xem ở cái chợ nội Ngư Mỹ Thành thì 4:00 [âm nhạc] sáng,@HUE
data\data_prepared\wavs\XQRcF9k1pjg_0057.wav,bà con đã bắt đầu hoạt động rồi buôn bán rồi trao đổi giao [âm nhạc] thương ở cái,@HUE
data\data_prepared\wavs\XQRcF9k1pjg_0058.wav,khu vực Đồng Phá. Đây thì nó thuộc địa phận của xã Vinh,@HUE
data\data_prepared\wavs\XQRcF9k1pjg_0059.wav,Thanh rồi quý vị. Và quý vị có thể thấy là ở đó chúng ta,@HUE
data\data_prepared\wavs\XQRcF9k1pjg_0060.wav,mới thấy cái trường trung học cơ sở Vinh Thanh thì à Huế Review biết rằng á là,@HUE
data\data_prepared\wavs\XQRcF9k1pjg_0061.wav,khán giả kênh Huế Review cũng có rất nhiều bà con ở cái khu vực xã Vinh Thanh,@HUE
data\data_prepared\wavs\XQRcF9k1pjg_0062.wav,này. Ở đây là trạm y tế của xã [âm nhạc] Vinh,@HUE
data\data_prepared\wavs\XQRcF9k1pjg_0063.wav,Thanh đây quý vị. chúng ta vừa đi qua thì ở đây cũng có một cái khu vui chơi,@HUE
data\data_prepared\wavs\XQRcF9k1pjg_0064.wav,vào buổi tối à cũng rất là thu hút những à trẻ em cũng như là các cái quý vị phụ,@HUE
data\data_prepared\wavs\XQRcF9k1pjg_0065.wav,huynh những em con em đến đây để chơi cưỡi ngựa vân vân.,@HUE
data\data_prepared\wavs\XQRcF9k1pjg_0066.wav,Và trong cái thời gian vừa rồi thì Huế,@HUE
data\data_prepared\wavs\XQRcF9k1pjg_0067.wav,Review cũng có quay cho quý vị xem cái chợ sáng cũng như chợ chiều ở Vinh Thanh,@HUE
data\data_prepared\wavs\XQRcF9k1pjg_0068.wav,và cũng thu hút rất là nhiều bà con để xem cái khu vực chợ Vinh Thanh này.,@HUE
data\data_prepared\wavs\XQRcF9k1pjg_0069.wav,Và chợ sáng chợ chiều được xem như là một cái những trong ngôi chợ lớn của,@HUE
data\data_prepared\wavs\XQRcF9k1pjg_0070.wav,huyện Phú Vang luôn quý vị. Và Huế Review thật sự ấn tượng với trời sáng,@HUE
data\data_prepared\wavs\XQRcF9k1pjg_0071.wav,của Vinh Thanh với rất nhiều các cái mặt hàng rau củ quả thủy hải sản tất tầng,@HUE
data\data_prepared\wavs\XQRcF9k1pjg_0072.wav,tậc mọi thứ đầy đủ và rất là lớn. Đây trước mặt [âm nhạc] quý vị đây chính,@HUE
data\data_prepared\wavs\XQRcF9k1pjg_0073.wav,là cái chợ chiều đây quý vị. Và chợ thường hoạt động vào lúc à 3 đến 4:00,@HUE
data\data_prepared\wavs\XQRcF9k1pjg_0074.wav,"chiều thì giờ đó rất là đông, rất là đông bà con đến để đi chợ.",@HUE
data\data_prepared\wavs\XQRcF9k1pjg_0075.wav,Và tại cái khu vực ngã tư này thì chúng ta sẽ quẹo trái để đi qua một cái cầu mà,@HUE
data\data_prepared\wavs\XQRcF9k1pjg_0076.wav,"hôm nay Huế Review cũng muốn giới thiệu cho quý vị. Đó chính là cầu Trường Hà,",@HUE
data\data_prepared\wavs\XQRcF9k1pjg_0077.wav,một cái cầu bắt qua đầm Thủy Tú thuộc hệ thống đầm phá tam gian cầu hai,@HUE
data\data_prepared\wavs\XQRcF9k1pjg_0078.wav,và đầm Thủy Tú thì quý vị cũng à đã được Huế review à quay trong một cái cuộc đua,@HUE
data\data_prepared\wavs\XQRcF9k1pjg_0079.wav,"ghe truyền thống, một cuộc đô thuyền truyền thống ở xã Vinh Hưng trên đầm",@HUE
data\data_prepared\wavs\XQRcF9k1pjg_0080.wav,Thủy Tú. À thì cái đầm Thủy Tú cũng là một trong,@HUE
data\data_prepared\wavs\XQRcF9k1pjg_0081.wav,những cái đầm lớn của hệ thống đầm phá Tâm Giang cầu hai này. Và cuộc sống của,@HUE
data\data_prepared\wavs\XQRcF9k1pjg_0082.wav,ba con thì cũng đánh bắc thủy hải sản trên đầm rất là nhiều.,@HUE
data\data_prepared\wavs\XQRcF9k1pjg_0083.wav,Và cái trước mặt quý vị chính là cái con đường dẫn đến cầu Trường Hà.,@HUE
data\data_prepared\wavs\XQRcF9k1pjg_0084.wav,Nếu như là quý vị ở cái khu vực ven đầm phá thì chắc hẳn là sẽ quen với những,@HUE
data\data_prepared\wavs\XQRcF9k1pjg_0086.wav,Review cũng quay cho quý vị xem là cầu Tư Hiền. Đó cũng là một trong những à,@HUE
data\data_prepared\wavs\XQRcF9k1pjg_0087.wav,chiếc cầu mà bắt qua cái phá Tam Giang. Và trong những cái thời gian gần đây thì,@HUE
data\data_prepared\wavs\XQRcF9k1pjg_0088.wav,việc bắt những cái cầu như thế này qua phá,@HUE
data\data_prepared\wavs\XQRcF9k1pjg_0089.wav,Tam Giang nó là một cái điều kiện hết sức thuận lợi cho bà con.,@HUE
data\data_prepared\wavs\XQRcF9k1pjg_0090.wav,Bởi vì trước kia khi mà chưa có những cái cầu Trường Hà hay là cầu Tư Hiền hay,@HUE
data\data_prepared\wavs\XQRcF9k1pjg_0091.wav,là những cái cầu Thuận An thì việc à qua lại trên Đậm Phá chủ yếu là bằng các cái,@HUE
data\data_prepared\wavs\XQRcF9k1pjg_0092.wav,con đò hay là những cái chuyến phà đi trên phá tam gian này để vận chuyển hàng,@HUE
data\data_prepared\wavs\XQRcF9k1pjg_0093.wav,hóa cũng như là con người đi qua Phát Tâm Giang.,@HUE
data\data_prepared\wavs\XQRcF9k1pjg_0094.wav,Nhưng kể từ khi có những cái cầu như thế này thì việc đi lại giao thông thông,@HUE
data\data_prepared\wavs\XQRcF9k1pjg_0095.wav,thường giữa các xã ấy à ven phá tâm giang thì nó lại rất chi là thuận lợi,@HUE
data\data_prepared\wavs\XQRcF9k1pjg_0097.wav,dưới thì chúng ta thấy đầm Thủy Tú của thuộc phá Tam Giang nhìn quả hết sức là,@HUE
data\data_prepared\wavs\XQRcF9k1pjg_0098.wav,đẹp thôi quý vị. Và có thể nói rằng là cái bề rộng của,@HUE
data\data_prepared\wavs\XQRcF9k1pjg_0099.wav,cái phá tâm giang rất chi là lớn. Chính vì vậy mà việc bắt những cái cầu như thế,@HUE
data\data_prepared\wavs\XQRcF9k1pjg_0100.wav,này qua phá tâm giang đó cũng là một trong những cái kỳ tích và những cái kỳ,@HUE
data\data_prepared\wavs\XQRcF9k1pjg_0101.wav,công của chính quyền đó. À giúp cho bà con có thể,@HUE
data\data_prepared\wavs\XQRcF9k1pjg_0102.wav,"là thoải mái hơn, thuận lợi hơn trong cái việc mà đi qua đi lại phà.",@HUE
data\data_prepared\wavs\XQRcF9k1pjg_0103.wav,Thay vì lúc trước di chuyển bằng các cái ghe đò phà à dẽ ghe đò và phà thì bây,@HUE
data\data_prepared\wavs\XQRcF9k1pjg_0104.wav,giờ đi xe máy hay là các cái phương tiện giao thông đường bộ vượt qua cái phá tâm,@HUE
data\data_prepared\wavs\XQRcF9k1pjg_0105.wav,giang rất chi là dễ dàng và đó cũng chính là một cái điều đáng mừng cho,@HUE
data\data_prepared\wavs\XQRcF9k1pjg_0106.wav,à cái cuộc sống của bà con. Như quý vị đã biết thì cầu Trường Hà,@HUE
data\data_prepared\wavs\XQRcF9k1pjg_0107.wav,được chính thức xây dựng vào năm 2001 thưa,@HUE
data\data_prepared\wavs\XQRcF9k1pjg_0108.wav,quý vị. Và việc cho xây dựng cái cầu Trường Hà nó là một cái,@HUE
data\data_prepared\wavs\XQRcF9k1pjg_0109.wav,việc làm hết sức là có ý nghĩa trong đời sống của bà con hai xã Vinh Thanh và,@HUE
data\data_prepared\wavs\XQRcF9k1pjg_0110.wav,Vinh Phú của huyện Phú Vang nói riêng và bà con của khu vực ven đầm phá nói,@HUE
data\data_prepared\wavs\XQRcF9k1pjg_0111.wav,chung. Thì đây được xem như là cái cầu dài nhất,@HUE
data\data_prepared\wavs\XQRcF9k1pjg_0112.wav,à vượt qua phá tham gian đây quý vị. Và như quý vị đã thấy thì đây chính là,@HUE
data\data_prepared\wavs\XQRcF9k1pjg_0113.wav,"cái địa bàn của xã Vinh Phú, huyện Phú Vang. Và xã Vinh Phú thì cũng được xem",@HUE
data\data_prepared\wavs\XQRcF9k1pjg_0114.wav,là một trong những cái xã mà khá là nghèo của huyện Phú Vang. Bởi vì ở đây,@HUE
data\data_prepared\wavs\XQRcF9k1pjg_0115.wav,là bà con là cũng tuy là hoạt động à bằng à các cái nghề thủy hải sản nhưng,@HUE
data\data_prepared\wavs\XQRcF9k1pjg_0116.wav,mà ngành nghề chính vẫn là trồng lúa và,@HUE
data\data_prepared\wavs\XQRcF9k1pjg_0117.wav,nông nghiệp đấy. Và bây giờ chúng ta sẽ không,@HUE
data\data_prepared\wavs\XQRcF9k1pjg_0118.wav,tham quan cái xã Vinh Phú mà Huế Review sẽ dành cho video sau. Mà bây giờ chúng,@HUE
data\data_prepared\wavs\XQRcF9k1pjg_0119.wav,ta sẽ quẹo phải để đi vào cái con đường tỉnh,@HUE
data\data_prepared\wavs\XQRcF9k1pjg_0121.wav,"Gọi là xã bởi vì trước kia thôi, còn bây giờ thì Phú Đa cũng được xem là một cái",@HUE
data\data_prepared\wavs\XQRcF9k1pjg_0122.wav,[âm nhạc] thị trấn. Đấy được được xem là thị trấn của huyện,@HUE
data\data_prepared\wavs\XQRcF9k1pjg_0123.wav,Phú Vang này gọi là thị trấn Phú Đa. Và chúng ta sẽ xem thử cái cuộc sống của,@HUE
data\data_prepared\wavs\XQRcF9k1pjg_0124.wav,bà con ở cái thị trấn Vũ Đa này như thế nào.,@HUE
data\data_prepared\wavs\XQRcF9k1pjg_0125.wav,Như bây giờ thì quý vị thấy việc xá thì quý vị cũng có thể nhận ra là trước kia,@HUE
data\data_prepared\wavs\XQRcF9k1pjg_0126.wav,ắc hẳn đây là những cái con đường đất đỏ.,@HUE
data\data_prepared\wavs\XQRcF9k1pjg_0127.wav,Bởi vì theo kỷ niệm của Huế Review mà trước kia mà khi đi cái con đường này á,@HUE
data\data_prepared\wavs\XQRcF9k1pjg_0128.wav,thì hồ lúc đó là Huế Review muốn đi về thành phố Lăng tức là cái là,@HUE
data\data_prepared\wavs\XQRcF9k1pjg_0129.wav,ăn bằng thì đi qua những cái con đường này thì toàn là được đỏ và Huế Review,@HUE
data\data_prepared\wavs\XQRcF9k1pjg_0130.wav,nhớ như in là được đó Huế Review cũng đã từng bị tai nạn ở cái khu vực này là bởi,@HUE
data\data_prepared\wavs\XQRcF9k1pjg_0131.wav,vì cái đường đất đỏ đó nó nó rất là trơn và nhất là sau những cái,@HUE
data\data_prepared\wavs\XQRcF9k1pjg_0132.wav,ngày mưa nữa và bụi thì rất là nhiều những cái ngày nắng và hôm đó thì có địa,@HUE
data\data_prepared\wavs\XQRcF9k1pjg_0133.wav,bàn của Huế Review chở Huế Review bằng xe ta do đó là cái bánh xe nó nhỏ và,@HUE
data\data_prepared\wavs\XQRcF9k1pjg_0134.wav,trơn quá gì đó tức là tự xìa và tự rớt luôn ấy. Và không có những cái ngôi nhà,@HUE
data\data_prepared\wavs\XQRcF9k1pjg_0135.wav,nó mọc lên như thế này đâu quý vị. Mà trước kia ở đây là những cái rừng những,@HUE
data\data_prepared\wavs\XQRcF9k1pjg_0136.wav,cái rừng cây cây keo cây keo tràm nhìn rất là hoang vắng,@HUE
data\data_prepared\wavs\XQRcF9k1pjg_0137.wav,giống như là đi vào một cái cái cái khu rừng vậy.,@HUE
data\data_prepared\wavs\XQRcF9k1pjg_0138.wav,Tuy nhiên thì bây giờ nó cũng đỡ hơn nhiều. Ngoài những cái keo tràm thì cũng,@HUE
data\data_prepared\wavs\XQRcF9k1pjg_0139.wav,có những cái à ngôi nhà của bà con được xây lên và đường xá thì nó lại êm ả hơn,@HUE
data\data_prepared\wavs\XQRcF9k1pjg_0140.wav,rất là nhiều. Việc xây dựng những cái con đường như,@HUE
data\data_prepared\wavs\XQRcF9k1pjg_0141.wav,thế này thì phải nói thật là nó giúp ích rất là nhiều cho bà con. Bởi vì,@HUE
data\data_prepared\wavs\XQRcF9k1pjg_0142.wav,đôi lúc cái việc mà giao thương buôn bán hay là giao thông à trên đường mà gặp,@HUE
data\data_prepared\wavs\XQRcF9k1pjg_0143.wav,những cái con đường đất đỏ thì quả thật là thực sự là rất là đáng sợ. Với là,@HUE
data\data_prepared\wavs\XQRcF9k1pjg_0144.wav,nhất là vào mùa mưa nữa thì bà con sẽ rất là cực.,@HUE
data\data_prepared\wavs\XQRcF9k1pjg_0145.wav,Tuy nhiên thì có những cái con đường được bê tông hóa như thế này thì nó sẽ,@HUE
data\data_prepared\wavs\XQRcF9k1pjg_0146.wav,có phần giúp cho bà con rất là nhiều. Đó là một cái điều mà chúng ta không thể,@HUE
data\data_prepared\wavs\XQRcF9k1pjg_0147.wav,bàn cải đúng [âm nhạc] không quý vị? Đó.,@HUE
data\data_prepared\wavs\XQRcF9k1pjg_0148.wav,Tuy nhiên thì quý vị cũng có thể thấy là cái đất trống ở cái khu vực à,@HUE
data\data_prepared\wavs\XQRcF9k1pjg_0149.wav,thị trấn Phú Đa thì cũng còn rất là nhiều,@HUE
data\data_prepared\wavs\XQRcF9k1pjg_0150.wav,và việc à mở rộng các cái công trình các đầu tư các cái công trình về thị trấn,@HUE
data\data_prepared\wavs\XQRcF9k1pjg_0151.wav,Phú Đa đó có nghĩ có lẽ là một trong những cái quy hoạch trong tương lai.,@HUE
data\data_prepared\wavs\XQRcF9k1pjg_0152.wav,Bởi vì hiện tại thì ở thị trấn Phú Đa nó à,@HUE
data\data_prepared\wavs\XQRcF9k1pjg_0154.wav,ty thuộc các cái khung c nghiệp và nó à giúp cho cái,@HUE
data\data_prepared\wavs\XQRcF9k1pjg_0155.wav,công an việc làm của bà con địa phương nói riêng và bà con Huế nói chung cũng à,@HUE
data\data_prepared\wavs\XQRcF9k1pjg_0156.wav,à đã phát triển đến lần nào rồi quý vị. Tuy nhiên chúng ta vẫn thấy những cái,@HUE
data\data_prepared\wavs\XQRcF9k1pjg_0157.wav,đất mô mạ ở đây còn rất là nhiều và đất chủ yếu là đất cắt trắng. Chính vì vậy,@HUE
data\data_prepared\wavs\XQRcF9k1pjg_0159.wav,sức gian nan trong [âm nhạc] tương lai. Tuy nhiên thì việc đô thị hóa ngày càng,@HUE
data\data_prepared\wavs\XQRcF9k1pjg_0160.wav,cao thì những cái mảnh đất như thế này à đưa vào để xây dựng nhà ở hay là đưa vào,@HUE
data\data_prepared\wavs\XQRcF9k1pjg_0161.wav,để canh tác nông nghiệp thì đó là một cái điều thiện yếu và Huế Review,@HUE
data\data_prepared\wavs\XQRcF9k1pjg_0162.wav,hy vọng rằng trong tương lai thì khu vực này nó còn nhiều đổi thay hơn nữa.,@HUE
data\data_prepared\wavs\XQRcF9k1pjg_0163.wav,Thì không biết khán giả của Kinh Huế Review có ai ở khu vực à thị trấn Phú Đa,@HUE
data\data_prepared\wavs\XQRcF9k1pjg_0164.wav,hay không? Ở đây thì Huế Review thấy là thuộc thôn,@HUE
data\data_prepared\wavs\XQRcF9k1pjg_0165.wav,Việt Trình thì phải. Đấy và viện Trình thì ở đây cũng có một cái ngôi chợ gọi,@HUE
data\data_prepared\wavs\XQRcF9k1pjg_0166.wav,là chợ Việt Trình cũng à à là ngôi chợ quê khá là đẹp. Và sắp tới thì có lẽ Huế,@HUE
data\data_prepared\wavs\XQRcF9k1pjg_0167.wav,Review cũng sẽ quay lại cái khu vực này để quay những cái ngôi chợ quê ở cái khu,@HUE
data\data_prepared\wavs\XQRcF9k1pjg_0168.wav,vực thị trấn Phú Đá này cho quý vị xem. Chợ Việt Trình rồi chợ Lương Viện đó rồi,@HUE
data\data_prepared\wavs\XQRcF9k1pjg_0169.wav,chợ Phú Đa. Những cái ngôi chợ mà có thể nói là,@HUE
data\data_prepared\wavs\XQRcF9k1pjg_0170.wav,"à những ngôi chợ quê đặc trưng ở cái khu vực Phú Vang, ở cái khu vực thị trấn Phú",@HUE
data\data_prepared\wavs\XQRcF9k1pjg_0171.wav,Đa này. Thì đi trên những cái con đường này thì,@HUE
data\data_prepared\wavs\XQRcF9k1pjg_0172.wav,quý vị cũng có thể thấy là lăng mộ ở cái khu vực này cũng khá là nhiều và lăng mộ,@HUE
data\data_prepared\wavs\XQRcF9k1pjg_0173.wav,xây cạnh cái những cái ngôi nhà luôn. Và các cái ngôi nhà bây giờ thì cũng đã,@HUE
data\data_prepared\wavs\XQRcF9k1pjg_0174.wav,được à xây dựng lên a rất là đẹp rồi quý vị.,@HUE
data\data_prepared\wavs\XQRcF9k1pjg_0175.wav,Không biết là quý vị có nhận ra được cái ngã ba này hay không. Đấy thì nếu như,@HUE
data\data_prepared\wavs\XQRcF9k1pjg_0176.wav,quý vị nhận ra thì có thể comment phía dưới video cho Huế Review. Bởi vì Huế,@HUE
data\data_prepared\wavs\XQRcF9k1pjg_0177.wav,Review chắc khác thì nhận ra cái ngã ba này rồi. Nhưng mà đôi lúc có một số quý,@HUE
data\data_prepared\wavs\XQRcF9k1pjg_0178.wav,[âm nhạc] vị khán giả đi xa chúng ta vẫn chưa nhận ra được cái sự đổi thay ở cái,@HUE
data\data_prepared\wavs\XQRcF9k1pjg_0180.wav,biết thì quý vị cứ comment phía dưới. Và như quý vị thấy thì [âm nhạc] cũng có,@HUE
data\data_prepared\wavs\XQRcF9k1pjg_0181.wav,một số nhà của bà con á là đã đến vụ gặt rồi. Và cái mùa này là chuẩn bị chúng ta,@HUE
data\data_prepared\wavs\XQRcF9k1pjg_0182.wav,đến mùa gạt lũa rồi quý vị. Và sắp tới thì Huy Review cũng sẽ quay cho quý vị,@HUE
data\data_prepared\wavs\XQRcF9k1pjg_0183.wav,xem à cái không khí mùa gặt cũng như là à cái cách thức gặt lúa bây giờ nó khác,@HUE
data\data_prepared\wavs\XQRcF9k1pjg_0184.wav,xưa như thế nào. Ngày xưa thì gạt lũa chúng ta,@HUE
data\data_prepared\wavs\XQRcF9k1pjg_0185.wav,nhớ là chúng ta gặt bằng liềm nhưng mà bây giờ chúng ta điều gặt lũa bằng máy,@HUE
data\data_prepared\wavs\XQRcF9k1pjg_0186.wav,cả. Và việc có sản xuất việc mà chế tạo ra những cái máy cắt nông nghiệp như,@HUE
data\data_prepared\wavs\XQRcF9k1pjg_0187.wav,"vậy, máy cắt lũa như vậy thì nó lại tiết kiệm sức lao động của rất nhiều bà con.",@HUE
data\data_prepared\wavs\XQRcF9k1pjg_0188.wav,Và đặc biệt thì ở những cái vùng như thế này là sản xuất nông nghiệp nó cũng là,@HUE
data\data_prepared\wavs\XQRcF9k1pjg_0189.wav,cái ngành nghề chính. Chính vì vậy mà việc có những cái [âm nhạc] máy cắt lúa,@HUE
data\data_prepared\wavs\XQRcF9k1pjg_0190.wav,hay là những cái máy tuộc lúa tự động như vậy thì nó lại giúp cho cái việc cải,@HUE
data\data_prepared\wavs\XQRcF9k1pjg_0191.wav,tạo năng suất lao động rất là nhiều và hơn nữa nó cũng cải tạo được cái năng,@HUE
data\data_prepared\wavs\XQRcF9k1pjg_0192.wav,suất gọi là thành phẩm luôn. Ở đây thì quý vị có thể thấy là đường,@HUE
data\data_prepared\wavs\XQRcF9k1pjg_0193.wav,được bê tông hóa hết rồi quý vị. Và đi trên những cái con đường này Huế Viw cảm,@HUE
data\data_prepared\wavs\XQRcF9k1pjg_0194.wav,"thấy rất là sướng. Và so với gần 10 năm về trước, hơn 10 năm về trước",@HUE
data\data_prepared\wavs\XQRcF9k1pjg_0196.wav,Đó và Huế Review cũng nhớ rõ ràng là những cái thời điểm mà Huế review trước,@HUE
data\data_prepared\wavs\XQRcF9k1pjg_0197.wav,kia khi mà Huế review còn học cấp ba thì phải đi xe đạp mà từ trên,@HUE
data\data_prepared\wavs\XQRcF9k1pjg_0198.wav,tỉnh lộ 10 đó đạp về thấu dưới chỗ Phú Đa này là coi như họp hơi luôn và đi,@HUE
data\data_prepared\wavs\XQRcF9k1pjg_0199.wav,trên con đường đất nữa thì thực sự là ổ gà ổ vịt rất là nhiều và tính và tính ra,@HUE
data\data_prepared\wavs\XQRcF9k1pjg_0200.wav,thì cũng gần 10 năm rồi Huế Review mới quay trở lại cái khu vực khu vực này. Do,@HUE
data\data_prepared\wavs\XQRcF9k1pjg_0201.wav,đó là Huế Đương Tiiện cũng muốn quay cho quý vị xem cái sự đổi thay của cái khu,@HUE
data\data_prepared\wavs\XQRcF9k1pjg_0202.wav,vực này luôn. Và đặc biệt thì quý vị cũng có thể thấy là,@HUE
data\data_prepared\wavs\XQRcF9k1pjg_0204.wav,dựng bằng bê tông cốt thép. đó nhìn nó khang trang hơn là nhiều so với ngày,@HUE
data\data_prepared\wavs\XQRcF9k1pjg_0205.wav,xưa. Ngày xưa thì ở đây những cái ngôi nhà tranh lụp sụp hay là những cái ngôi,@HUE
data\data_prepared\wavs\XQRcF9k1pjg_0207.wav,nữa. Nhưng mà qua cái thời gian thay đổi thì cũng đã xây dự những nhà cửa hơn rất,@HUE
data\data_prepared\wavs\XQRcF9k1pjg_0208.wav,là nhiều. Và quý vị có thể thấy ở đây là quán xá của bà con cũng mọc mọc lên cũng,@HUE
data\data_prepared\wavs\XQRcF9k1pjg_0209.wav,khá là đông. Đấy. Tuy nhiên thì chúng ta cũng có thể,@HUE
data\data_prepared\wavs\XQRcF9k1pjg_0210.wav,thấy là những cái ngôi nhà ở được gọi là những người nhôi nhà ở khu vực làng quê,@HUE
data\data_prepared\wavs\XQRcF9k1pjg_0211.wav,nó vẫn hiển hiện rõ nét ở cái khu vực này. Bởi vì đây chính cũng chính cũng,@HUE
data\data_prepared\wavs\XQRcF9k1pjg_0212.wav,chỉ là khu vực làng quê quý vị. Đây cũng là một trong những cái khu vực làng quê,@HUE
data\data_prepared\wavs\XQRcF9k1pjg_0213.wav,của Huế. và những cái ngôi nhà mà ừ cấp bốn đó là những cái ngôi nhà mà có vườn,@HUE
data\data_prepared\wavs\XQRcF9k1pjg_0214.wav,có tượng đó thì ở cái khu vực này là nó cũng đặc trưng cho cái khu vực làng quê,@HUE
data\data_prepared\wavs\XQRcF9k1pjg_0215.wav,của Huế. Tuy là nhà cửa nó được à nâng cấp hơn rất là nhiều nhưng mà đa phần,@HUE
data\data_prepared\wavs\XQRcF9k1pjg_0216.wav,thì bà con vẫn còn lưu giữ lại những cái ngôi nhà làng quê.,@HUE
data\data_prepared\wavs\XQRcF9k1pjg_0217.wav,Và rõ ràng thì đất ở đây cũng đã được sử dụng để làm,@HUE
data\data_prepared\wavs\XQRcF9k1pjg_0218.wav,nhà ở nhiều hơn so với trước kia rồi quý vị. Và việc à [âm nhạc] cây cối ở đây,@HUE
data\data_prepared\wavs\XQRcF9k1pjg_0219.wav,cũng được à quy hoạch cũng khá là hợp lý,@HUE
data\data_prepared\wavs\XQRcF9k1pjg_0221.wav,hơn nữa thì việc xây dựng các cái khu công nghiệp rồi các cái công ty à thuộc,@HUE
data\data_prepared\wavs\XQRcF9k1pjg_0222.wav,khu công nghiệp để giúp cho bà con có một cái à cuộc sống tốt hơn và lao động,@HUE
data\data_prepared\wavs\XQRcF9k1pjg_0223.wav,"nhiều hơn. Ở đây thì quý vị cũng có thể thấy là những cái trường học tiểu học,",@HUE
data\data_prepared\wavs\XQRcF9k1pjg_0224.wav,những trường mầm non của thị trấn Phú Đa cũng đã khác xưa hơn rất là nhiều và,@HUE
data\data_prepared\wavs\XQRcF9k1pjg_0225.wav,cũng đã được xây dựng nâng cấp à với cơ sở hạ tầng và kiến trúc thượng tầng nó,@HUE
data\data_prepared\wavs\XQRcF9k1pjg_0227.wav,chính là một cái vùng đất gọi là vùng vùng đất vàng cho các cái doanh nghiệp,@HUE
data\data_prepared\wavs\XQRcF9k1pjg_0228.wav,cũng như là vùng đất vàng để khai thác à cho cái công à cho cái khu vực nhà ở,@HUE
data\data_prepared\wavs\XQRcF9k1pjg_0229.wav,cũng như là đất canh tác. Bởi vì hiện tại bây giờ theo xu thế thì việc đô thị,@HUE
data\data_prepared\wavs\XQRcF9k1pjg_0230.wav,hóa nó càng ngày càng cao. Và vừa rồi thì à Huế cũng đã được thông,@HUE
data\data_prepared\wavs\XQRcF9k1pjg_0231.wav,qua cái dự án là mở rộng à cái thành phố gấp bốn lần và kéo,@HUE
data\data_prepared\wavs\XQRcF9k1pjg_0232.wav,"cái địa bàn thành phố, cái diện tích của thành phố đến thị trấn Thuận An.",@HUE
data\data_prepared\wavs\XQRcF9k1pjg_0233.wav,Thì thị trấn Thuận An là thuộc huyện Phú Vang nhưng mà bây giờ thì cũng chuẩn bị,@HUE
data\data_prepared\wavs\XQRcF9k1pjg_0234.wav,là sát nhập vào thành phố. Chính vì vậy mà cái diện tích của huyện,@HUE
data\data_prepared\wavs\XQRcF9k1pjg_0235.wav,Phú Vang có lẽ là cũng đã sẽ bị thu hẹp và điều đó thì dẫn đến một cái hệ quả là,@HUE
data\data_prepared\wavs\XQRcF9k1pjg_0236.wav,cái khu vực thị trấn Phú Đa này chắc chắn sau này sẽ được khai thác rất là,@HUE
data\data_prepared\wavs\XQRcF9k1pjg_0237.wav,nhiều và việc khai thác nó sẽ làm cho thị trấn Phú Đa ngày càng phát triển. Và,@HUE
data\data_prepared\wavs\XQRcF9k1pjg_0238.wav,Huế Review cũng mong rằng là cái sự phát triển của thị trấn Phú Đa nó cũng sẽ làm,@HUE
data\data_prepared\wavs\XQRcF9k1pjg_0239.wav,cho huyện Phú Vang nói chung là càng ngày càng đi lên.,@HUE
data\data_prepared\wavs\XQRcF9k1pjg_0240.wav,Và ắc hạng đó cũng là một cái điều thiện yếu thôi. Bởi vì trong tương lai khi mà,@HUE
data\data_prepared\wavs\XQRcF9k1pjg_0241.wav,việc mở rộng thành phố Huế thì Huế trở thành cái thành phố trực thuộc trung,@HUE
data\data_prepared\wavs\XQRcF9k1pjg_0242.wav,"ương thì các cái khu vực lân cận, các cái khu vực giáp thành phố, khu vực",@HUE
data\data_prepared\wavs\XQRcF9k1pjg_0243.wav,ngoại ô nó cũng phải được nâng cấp lên một cái tầm mới và điều đó nó sẽ làm cho,@HUE
data\data_prepared\wavs\XQRcF9k1pjg_0244.wav,thư thiên hủy nói chung là sẽ ngày càng phát triển.,@HUE
data\data_prepared\wavs\XQRcF9k1pjg_0245.wav,Phú đa thì qu phú đa thì như quý vị cũng đã thấy thì nó cũng [âm nhạc] à là một,@HUE
data\data_prepared\wavs\XQRcF9k1pjg_0247.wav,không còn là xã nữa mà nó là thị trấng rồi. Đấy là một cái thị trấn mà có thể,@HUE
data\data_prepared\wavs\XQRcF9k1pjg_0248.wav,nói là có sức phát triển cũng rất là nhanh.,@HUE
data\data_prepared\wavs\XQRcF9k1pjg_0249.wav,À so với trước kia thì nó chỉ là một cái vùng đất trongng nhưng mà bây giờ thì,@HUE
data\data_prepared\wavs\XQRcF9k1pjg_0250.wav,như quý vị thấy trước mặt chúng ta đang đến một cái khu vực thuộc khu công,@HUE
data\data_prepared\wavs\XQRcF9k1pjg_0251.wav,nghiệp của thị trấn Phú Đa. Và ở cái khu công nghiệp này thì Huế,@HUE
data\data_prepared\wavs\XQRcF9k1pjg_0253.wav,mọc lên nhiều. Ngoài ra còn có các cái công ty về sản xuất điện tử vân vân và,@HUE
data\data_prepared\wavs\XQRcF9k1pjg_0254.wav,vân vân. sản xuất các cái linh kiện điện tử đ và,@HUE
data\data_prepared\wavs\XQRcF9k1pjg_0255.wav,quý vị thấy là đất trống còn khá là nhiều. Chính vì vậy mà trong tương lai,@HUE
data\data_prepared\wavs\XQRcF9k1pjg_0256.wav,thì cũng sẽ có rất nhiều cái công ty à về đây để khai thác và [âm nhạc] xây,@HUE
data\data_prepared\wavs\XQRcF9k1pjg_0257.wav,dựng đầu tư vào đây đây những cái công ty dết may hiện tại thì các cái thông,@HUE
data\data_prepared\wavs\XQRcF9k1pjg_0258.wav,báo về tuyển dụng à công nhân cũng rất là nhiều.,@HUE
data\data_prepared\wavs\XQRcF9k1pjg_0259.wav,Ở đây cũng có một cái công ty diệt mây cũng rất chi là lớn ở khu vực thị trấn,@HUE
data\data_prepared\wavs\XQRcF9k1pjg_0260.wav,Phú Đa này là cái công ty Thiên An Phú và công ty này thậm chí thu hút à lao,@HUE
data\data_prepared\wavs\XQRcF9k1pjg_0261.wav,động ở thành phố và những cái khu vực lân cận về đây rất là nhiều bởi vì Huế,@HUE
data\data_prepared\wavs\XQRcF9k1pjg_0262.wav,Review cũng có một số người bạn ở khu vực thành phố Huế và cũng đã xin việc về,@HUE
data\data_prepared\wavs\XQRcF9k1pjg_0263.wav,xin việc ở tầng dưới này luôn quý vị và phải vượt qua một cái chặng đường cũng,@HUE
data\data_prepared\wavs\XQRcF9k1pjg_0264.wav,khá là dài máy chục một cây số mới về thảo giữ cái khu vực này để lên làm và,@HUE
data\data_prepared\wavs\XQRcF9k1pjg_0265.wav,buổi sáng thì họ phải đi rất là sớm từ 4 5:00 sáng đã phải thức dậy để làm cho,@HUE
data\data_prepared\wavs\XQRcF9k1pjg_0266.wav,đúng ca của mình thường thì sẽ làm 3 ca cá sáng ca chiều và c tối.,@HUE
data\data_prepared\wavs\XQRcF9k1pjg_0267.wav,Cá sáng thì thường bắt đầu vào lúc 6:00 và kết thúc vào lúc 2:00 chiều đó và ca,@HUE
data\data_prepared\wavs\XQRcF9k1pjg_0268.wav,chiều thì từ 2:00 chiều đến 10:00 đêm và ca tối thì từ 10:00 đêm đến 6:00 sáng,@HUE
data\data_prepared\wavs\XQRcF9k1pjg_0269.wav,ngày hôm sau. Nói chung thì,@HUE
data\data_prepared\wavs\XQRcF9k1pjg_0270.wav,các cái công việc mà liên quan tới các cái công ty ở khu công nghiệp thì rất,@HUE
data\data_prepared\wavs\XQRcF9k1pjg_0271.wav,chi là vất vả. Bởi vì việc phân bổ theo ca thì làm cho giờ giấc và nhịp sinh học,@HUE
data\data_prepared\wavs\XQRcF9k1pjg_0272.wav,của con người á nó càng trở nên càng ngày càng khác xa và nó phải bắt chúng,@HUE
data\data_prepared\wavs\XQRcF9k1pjg_0273.wav,ta là phải thích ứng. Ở đây có một cái ngã tư và chúng ta quẹo,@HUE
data\data_prepared\wavs\XQRcF9k1pjg_0274.wav,phải thì chúng ta sẽ đi lên cái khu vực con đường tỉnh lộ 10 đây.,@HUE
data\data_prepared\wavs\XQRcF9k1pjg_0275.wav,Và ngay cả cái khu vực này thì quý vị cũng,@HUE
data\data_prepared\wavs\XQRcF9k1pjg_0276.wav,có thể thấy là nó cũng có một cái sự đổi khác rất là nhiều. Như Huế Review cũng,@HUE
data\data_prepared\wavs\XQRcF9k1pjg_0277.wav,đã nói là trước kia mà đạp về đạp xe về cái khu vực Phú Đa này thì toàn là đường,@HUE
data\data_prepared\wavs\XQRcF9k1pjg_0278.wav,đất đỏ. Đấy quý vị còn thấy cái nền không là cũng thấy là có những cái màu,@HUE
data\data_prepared\wavs\XQRcF9k1pjg_0279.wav,đỏ và cái khu vực này trước kia cũng rất là hoang vắng. hoàng vu nhưng mà bây giờ,@HUE
data\data_prepared\wavs\XQRcF9k1pjg_0280.wav,thì nó được à chắc có lẽ là những cái mảnh đất này chuẩn bị có những cái công,@HUE
data\data_prepared\wavs\XQRcF9k1pjg_0281.wav,trình để xây dựng vào đây và đầu tư vào đây và ắc hãng thì khoảng cỡ 10 năm nữa,@HUE
data\data_prepared\wavs\XQRcF9k1pjg_0282.wav,theo như Huế review dự báo thì chắc có thể là [âm nhạc] 10 năm nữa thì thị trấn,@HUE
data\data_prepared\wavs\XQRcF9k1pjg_0283.wav,Phú Đa nó sẽ có một cái bộ mặt khác và lên đây thì chúng ta đã thấy những,@HUE
data\data_prepared\wavs\XQRcF9k1pjg_0284.wav,cái lụy tre làng rồi quý vị và trước kia thì Huế View cũng rất là ấn tượng. Ở cái,@HUE
data\data_prepared\wavs\XQRcF9k1pjg_0285.wav,khu vực này là khu vực thuộc à giáp với xã Phù Lương và đi lên nữa là xã Phú Hồ.,@HUE
data\data_prepared\wavs\XQRcF9k1pjg_0286.wav,Thì ở những cái con đường này là có những cái rằng tre rất là mát. Tuy nhiên,@HUE
data\data_prepared\wavs\XQRcF9k1pjg_0287.wav,thì bây giờ những cái rằng tre này thì quý vị có thể thấy là nó thưa dần rồi.,@HUE
data\data_prepared\wavs\XQRcF9k1pjg_0288.wav,Không biết thì quý vị của kênh Huế Review có ai đã đi xa cái khu vực này,@HUE
data\data_prepared\wavs\XQRcF9k1pjg_0289.wav,lâu chưa? Và ác hẳn thì một lần trong đời thì quý vị cũng đã biết là về thị,@HUE
data\data_prepared\wavs\XQRcF9k1pjg_0290.wav,trấn Phú Đa rồi đúng không? Lúc trước thì cũng hay về xã Phụ Đa bởi vì trung,@HUE
data\data_prepared\wavs\XQRcF9k1pjg_0291.wav,tâm của huyện Phù Vàng là được đặt ở à xã thị trậc Phụ Đa này và rất nhiều các,@HUE
data\data_prepared\wavs\XQRcF9k1pjg_0292.wav,cái thủ tục về hành chính là trước kia khi mà nó chưa được đưa về các cái xã,@HUE
data\data_prepared\wavs\XQRcF9k1pjg_0293.wav,thì mọi người bà con đều phải về thị trấn Phú Đa để giải quyết các cái thủ,@HUE
data\data_prepared\wavs\XQRcF9k1pjg_0294.wav,tục hành chính. Chính vì vậy mà đôi lúc cũng phải lặng lội từ trên thành phố hay,@HUE
data\data_prepared\wavs\XQRcF9k1pjg_0295.wav,là những cái khu vực như xã Phú Thường này kia.,@HUE
data\data_prepared\wavs\XQRcF9k1pjg_0296.wav,những cái khu vực ven biển cũng phải đi về tới tận thị tấn phụ đa để giải quyết,@HUE
data\data_prepared\wavs\XQRcF9k1pjg_0297.wav,các cái thủ tục hành chính mà đôi lục là không phải một ngày nữa mà có thể là vài,@HUE
data\data_prepared\wavs\XQRcF9k1pjg_0298.wav,ngày. Ở đây cũng khá có một cái ngã ba cũng,@HUE
data\data_prepared\wavs\XQRcF9k1pjg_0299.wav,khá là quen thuộc đấy. Và chúng ta sẽ đi lên,@HUE
data\data_prepared\wavs\XQRcF9k1pjg_0300.wav,cái khu vực này là thuộc giáp với xã [âm nhạc] Phù Lương đấy. Và,@HUE
data\data_prepared\wavs\XQRcF9k1pjg_0301.wav,chúng ta đang đi lên cái con đường tỉnh lộ 10.,@HUE
data\data_prepared\wavs\XQRcF9k1pjg_0302.wav,Thì cái con đường tỉnh lộ 10 này nó được kéo dài rất là là rất là dài và trong,@HUE
data\data_prepared\wavs\XQRcF9k1pjg_0303.wav,khuôn khổ video hôm nay thì Huế review cũng không thể review hết cái con đường,@HUE
data\data_prepared\wavs\XQRcF9k1pjg_0304.wav,tỉnh lộ 10 này cho quý vị xem. Tuy nhiên thì ở đây là một cái con con đường này,@HUE
data\data_prepared\wavs\XQRcF9k1pjg_0305.wav,cũng thuộc địa phận của xã Phù Lương. À và như quý vị thấy thì ở đây có rất,@HUE
data\data_prepared\wavs\XQRcF9k1pjg_0306.wav,nhiều cái nhà thờ họ cũng như những cái khu vực đình làng và cái lụy tre làng,@HUE
data\data_prepared\wavs\XQRcF9k1pjg_0307.wav,thì nó lại rất là nhiều đây quý vị. Và lên đây thì chúng ta lại thấy nó mát mẻ,@HUE
data\data_prepared\wavs\XQRcF9k1pjg_0308.wav,hơn nhiều rồi không? Đó quý vị có thể thấy là nó nó mát mẻ hơn nhiều rồi.,@HUE
data\data_prepared\wavs\XQRcF9k1pjg_0309.wav,"Đấy những cái nhà nhà thờ họ như thế này. Rồi những cái miếu, những cái miếu",@HUE
data\data_prepared\wavs\XQRcF9k1pjg_0310.wav,thờ những cái am thờ. Rồi à những cái nhà thờ tộc đây khu vực này là bây giờ,@HUE
data\data_prepared\wavs\XQRcF9k1pjg_0311.wav,nó lại đặc trưng cho cái khu vực làng quê rồi.,@HUE
data\data_prepared\wavs\XQRcF9k1pjg_0312.wav,Và đi trên những cái con đường như thế này dù trong những cái buổi trưa hè nóng,@HUE
data\data_prepared\wavs\XQRcF9k1pjg_0313.wav,bức thì chúng ta vẫn có thể cảm thấy nó rất là mát mẻ.,@HUE
data\data_prepared\wavs\XQRcF9k1pjg_0314.wav,Và thời tiết hôm nay thì Huế Viodi cũng rất là nóng thôi quý vị.,@HUE
data\data_prepared\wavs\XQRcF9k1pjg_0315.wav,Nóng nóng kinh khủng và Huế bây giờ nó đang chuyển dừng sang mùa hè.,@HUE
data\data_prepared\wavs\XQRcF9k1pjg_0316.wav,"và tới mùa gặt rồi, tới mùa gặt lũa rồi. Những cái lũy tre làng bây giờ thì Huế Đ",@HUE
data\data_prepared\wavs\XQRcF9k1pjg_0317.wav,Viêu vẫn nhìn thấy nó khá là quen thuộc. À duy nhất là chỉ có cái con đường được,@HUE
data\data_prepared\wavs\XQRcF9k1pjg_0318.wav,bê tông hóa và nó không còn là những cái con đường đất,@HUE
data\data_prepared\wavs\XQRcF9k1pjg_0319.wav,đỏ như ngày xưa nữa. Và cái việc mà di chuyển đi lại trên,@HUE
data\data_prepared\wavs\XQRcF9k1pjg_0320.wav,những cái con đường này nó càng ngày nó càng dễ dàng hơn. Và nó làm cho tiết,@HUE
data\data_prepared\wavs\XQRcF9k1pjg_0321.wav,kiệm thời gian chúng ta đi à về nó đi lên đi về thì nó nhanh hơn.,@HUE
data\data_prepared\wavs\XQRcF9k1pjg_0323.wav,không? Thì quý vị cũng có thể comment phía dưới video để có thể chia sẻ những,@HUE
data\data_prepared\wavs\XQRcF9k1pjg_0324.wav,cái kỷ niệm mà trước kia à khi mà quý vị ở cái khu vực này. Đấy và quý vị có thể,@HUE
data\data_prepared\wavs\XQRcF9k1pjg_0325.wav,thấy những cái à ngôi nhà đang chuẩn bị được xây dựng lên. đó những cái ngôi nhà,@HUE
data\data_prepared\wavs\XQRcF9k1pjg_0326.wav,lầu rồi những cái ngôi nhà được bê tông hóa.,@HUE
data\data_prepared\wavs\XQRcF9k1pjg_0327.wav,"Ở đây cũng có những cái thôn văn hóa, những cái làng văn hóa nó cũng càng ngày",@HUE
data\data_prepared\wavs\XQRcF9k1pjg_0328.wav,nó càng mọc lên càng nhiều. Và về cái khu vực này thì Huế review,@HUE
data\data_prepared\wavs\XQRcF9k1pjg_0329.wav,trước kia cũng khá là ấn tượng với cái nghề sản xuất là nằm rớp và mỗi nhà đều,@HUE
data\data_prepared\wavs\XQRcF9k1pjg_0330.wav,"có một cái động rơm. Bởi vì bà con ở đây chủ yếu làm lúa, làm ruộng và khi mà gặt",@HUE
data\data_prepared\wavs\XQRcF9k1pjg_0331.wav,xong thì bà con lấy tuộc lũa xong lấy rơm và à có nhà thì không làm nóng á thì,@HUE
data\data_prepared\wavs\XQRcF9k1pjg_0332.wav,đi bán để cho một số hộ là sản xuất nắm rơm. À thì bà con sẽ sản xuất các cái đó,@HUE
data\data_prepared\wavs\XQRcF9k1pjg_0333.wav,các cái hầm như thế này là các cái ngôi nhà rơm như thế này đ quý vị. Thì bên,@HUE
data\data_prepared\wavs\XQRcF9k1pjg_0334.wav,"trong sẽ sản xuất các cái loại nắm rơm để bán làm thực phẩm,",@HUE
data\data_prepared\wavs\XQRcF9k1pjg_0335.wav,"những cái kiến trúc được đình làng đặc trưng, những cái ngôi nhà thờ họ đặc",@HUE
data\data_prepared\wavs\XQRcF9k1pjg_0336.wav,trưng và có thể nói là cái khu vực này cũng là một trong những cái khu vực là,@HUE
data\data_prepared\wavs\XQRcF9k1pjg_0337.wav,làng quê đẹp của Huế thôi quý vị. à những cái,@HUE
data\data_prepared\wavs\XQRcF9k1pjg_0338.wav,ngôi nhà lụp sụp nó vẫn còn tồn tại. Tuy nhiên thì à đa phần là những cái ngôi,@HUE
data\data_prepared\wavs\XQRcF9k1pjg_0339.wav,nhà đã được nâng cấp lên rất là nhiều và nhà bây giờ của bà con thì cũng có những,@HUE
data\data_prepared\wavs\XQRcF9k1pjg_0340.wav,cái ngôi nhà có những cái mảnh đất rất là rộng đây. Và những cái mảnh đất rộng,@HUE
data\data_prepared\wavs\XQRcF9k1pjg_0341.wav,như thế này sau này đó là một cái giá trị lớn đây quý vị. Bởi vì đất thì càng,@HUE
data\data_prepared\wavs\XQRcF9k1pjg_0342.wav,ngày càng hiếm và việc mà mở rộng à các cái khu quy hoạch nhà ở cũng như là các,@HUE
data\data_prepared\wavs\XQRcF9k1pjg_0343.wav,cái khu vực à đất à gọi là đất đất ở á thì nó càng ngày càng mở rộng về phía,@HUE
data\data_prepared\wavs\XQRcF9k1pjg_0344.wav,sau này. Đây là một cái điều tất yếu hiển nhiên và chắc chắn cái khu vực sau,@HUE
data\data_prepared\wavs\XQRcF9k1pjg_0345.wav,này thì nó sẽ khác và cái con những cái con đường như thế này chắc chắn sau này,@HUE
data\data_prepared\wavs\XQRcF9k1pjg_0346.wav,sẽ được mở rộng. Nó không phải là những cái con đường hẹp như thế này đâu quý,@HUE
data\data_prepared\wavs\XQRcF9k1pjg_0347.wav,vị. Đấy và nếu như nhìn xa xa thì quý vị có,@HUE
data\data_prepared\wavs\XQRcF9k1pjg_0348.wav,thể thấy là những cái cánh đồng lúa chín đã ngã màu vàng rồi đấy. Và đất cũng còn,@HUE
data\data_prepared\wavs\XQRcF9k1pjg_0349.wav,rất còn khá là nhiều ở cái khu vực này. Bởi vì có thể thấy những cái ngôi nhà,@HUE
data\data_prepared\wavs\XQRcF9k1pjg_0351.wav,trị rất là lớn. Sao nếu như mà khoảng cỡ 10 năm nữa thì cái giá trị ở đây nó sẽ,@HUE
data\data_prepared\wavs\XQRcF9k1pjg_0352.wav,rất là là là lớn. Đây quý vị. Ở đây là trường tiểu học Phú Lương 2.,@HUE
data\data_prepared\wavs\XQRcF9k1pjg_0353.wav,Đây thì Phủ Lương cũng là một trong những,@HUE
data\data_prepared\wavs\XQRcF9k1pjg_0354.wav,cái xã mà cũng à phát triển khá là nhanh so với trước kia.,@HUE
data\data_prepared\wavs\XQRcF9k1pjg_0355.wav,Tuy nhiên thì quý vị cũng có thể thấy những cái đường điện như thế này nó cũng,@HUE
data\data_prepared\wavs\XQRcF9k1pjg_0356.wav,khá là thấp và đôi lúc thì những cái ngày mưa ngày gió thì nó cũng rất là,@HUE
data\data_prepared\wavs\XQRcF9k1pjg_0357.wav,nguy hiểm. Nếu như mà có cái dây điện nào đứt xuống thì nó cũng rất là là là,@HUE
data\data_prepared\wavs\XQRcF9k1pjg_0358.wav,nguy hiểm cho bà con khi mà bà con di chuyển qua lại trên cái khu vực đường,@HUE
data\data_prepared\wavs\XQRcF9k1pjg_0359.wav,này. Chính vì vậy mà càng ngày thì cần phải,@HUE
data\data_prepared\wavs\XQRcF9k1pjg_0360.wav,"có những cái cái sự cải tiến, có những cái sự thay đổi, nâng cấp.",@HUE
data\data_prepared\wavs\XQRcF9k1pjg_0361.wav,Đấy thì chắc có lẽ thì Huế Review dừng video ở đây và những cái video sau thì,@HUE
data\data_prepared\wavs\XQRcF9k1pjg_0362.wav,Huy Review cũng sẽ review cái con đường tỉnh lộ 10 lên đến khu vực xã Phổ Thượng,@HUE
data\data_prepared\wavs\XQRcF9k1pjg_0363.wav,cho quý vị xem. Thì những quý vị nào thấy video hay với ý nghĩa thì mong quý,@HUE
data\data_prepared\wavs\XQRcF9k1pjg_0364.wav,vị like và chia sẻ cũng như đăng ký kênh Huế Review. Kính chúc quý vị sức khỏe và,@HUE
data\data_prepared\wavs\XQRcF9k1pjg_0365.wav,gặp nhiều may mắn. À xin chào và hẹn gặp lại quý vị ở những video tiếp theo.,@HUE
